platform,review_id,rating,review_date_utc,review_year,review_text,review_title,thumbs_up,app_version,source_url
Google Play,49a4cac8-6f9d-4a49-80e4-ece27e05540e,1,2026-07-09T08:44:45+00:00,2026,프리미엄 모임권 2개가 동시에 결제 되었습니다 이유를 알고 싶은데,,0,5.7.1,https://play.google.com/store/apps/details?hl=ko&id=com.friendscube.somoim
Google Play,fc1a78c2-4cfe-41f3-b686-75c14f8321a9,2,2026-06-16T06:42:56+00:00,2026,pc와 연동이 안되어 너무 불편해요. 게시글에 동영상도 올릴수 있음 좋겠어요.. 라고 악귀가 말했어요,,0,5.6.8,https://play.google.com/store/apps/details?hl=ko&id=com.friendscube.somoim
Google Play,a69dd3c4-e5d2-4596-862c-2d342e3bed3b,1,2026-06-15T11:54:16+00:00,2026,최악의 어플 이따위거를 결제하라고 하네ㅉㅉ조작인듯,,1,,https://play.google.com/store/apps/details?hl=ko&id=com.friendscube.somoim
Google Play,6a82019e-0ee0-49d9-804f-9ea46ab06eea,3,2026-06-12T14:07:04+00:00,2026,내가 선택한 지역만 보여주면 좋을텐데 자꾸 인근지역이랑 서울까지 보여줘서 찾기 힘들어요 ㅠㅠ,,1,5.6.8,https://play.google.com/store/apps/details?hl=ko&id=com.friendscube.somoim
Google Play,3f3ad609-d3ef-4923-a91b-0e47e25ac9c8,1,2026-06-12T11:39:52+00:00,2026,프리미엄 결제 했는데 모임노출이 안돼서 문의했더니 답변도 없고 쌩깜ㅋㅋㅋㅋ 이 앱 운영자들 배가 불러가나보네ㅋㅋㅋ 나,,1,5.6.8,https://play.google.com/store/apps/details?hl=ko&id=com.friendscube.somoim
Google Play,c6a24210-018b-4743-9c71-d781742c5acb,1,2026-06-11T12:19:26+00:00,2026,모임장이나 프리미엄스폰서에게 이웃을 모임에 초대할수있는 권한을 주었으면 좋겠습니다,,1,5.6.8,https://play.google.com/store/apps/details?hl=ko&id=com.friendscube.somoim
Google Play,df4ee569-d215-4718-beca-a54fbc6f3f88,3,2026-06-02T06:15:10+00:00,2026,"모임마다 낙네임을 별도로 설정할수 있게 해주세요. 모임마다 요구하는 닉넴 양식이 있는데, 일괄로만 적용되어서 너무 불편합니다.",,0,5.6.6,https://play.google.com/store/apps/details?hl=ko&id=com.friendscube.somoim
Google Play,484c2550-3e50-4937-b8fb-fde43fe99636,1,2026-06-01T07:35:39+00:00,2026,에러가 나서 재설치하니 인증문자 보냈다고 뜨고 문자 안와서 로그인조차 못하고 있습니다 ㅜㅜ 이게 뭐에요!,,1,5.6.6,https://play.google.com/store/apps/details?hl=ko&id=com.friendscube.somoim
Google Play,3e58e3e0-be73-4292-b849-13c9c42cfa74,1,2026-06-01T00:47:50+00:00,2026,지인 방만들어서 송파구 모임인데 강동구에서는 죽어도 검색이 안되네요 개선이 많이 필요합니다,,0,5.6.6,https://play.google.com/store/apps/details?hl=ko&id=com.friendscube.somoim
Google Play,56301e34-2e2a-4244-b54b-55183b587dbd,1,2026-05-25T23:32:45+00:00,2026,잘못햐서 벙기뎔제가되엇어요 스폰서결제가되엿는데바롳결제취소는햇는데정기결제만츼소가되고 5월25일결제는취소가안되엇네요취소해주세요,,1,5.6.4,https://play.google.com/store/apps/details?hl=ko&id=com.friendscube.somoim
Google Play,0157e314-a809-4af7-80df-fb9b19cc6923,1,2026-05-24T02:36:45+00:00,2026,미사용앱,,1,,https://play.google.com/store/apps/details?hl=ko&id=com.friendscube.somoim
Google Play,bf6cfbf5-e828-4c4e-94a6-b8350790b95e,1,2026-05-20T06:56:26+00:00,2026,별1개도 아까운 쓰레기어플^^,,0,,https://play.google.com/store/apps/details?hl=ko&id=com.friendscube.somoim
Google Play,3850e3eb-a4fe-40bd-a562-50b418eb6485,1,2026-05-18T10:32:15+00:00,2026,아니 갑자기 쓰잘데기없는 알람이 왜이렇게 많이오나요 테스트는 해보고 출시하나요? 뭔 스팸앱이 되버렸어,,0,5.6.2,https://play.google.com/store/apps/details?hl=ko&id=com.friendscube.somoim
Google Play,9200d03b-f61c-4aa4-a896-bfe6e0bd340c,2,2026-04-28T13:16:54+00:00,2026,"소모임의 ‘작가영화·예술영화 상영회’를 운영하고 있습니다. 최근 ‘정모’를 생성하면 게시판에 자동으로 ‘정모 정보’ 게시글이 생성되는데, 이로 인해 일주일에 최소 2개 이상의 불필요한 게시글이 쌓이고 있습니다. 그 결과 회원들의 일반 게시글이 묻히고, 게시판 가독성이 크게 떨어져 운영에 상당한 지장이 발생하고 있습니다. 특히 이 자동 생성 게시글은 삭제할 수 없어, 운영자 입장에서는 사실상 스팸 게시물과 다름없는 상태입니다. 저희는 2주에 한 번 ‘정모 공지’ 게시글을 통해 4~8개의 모임 정보를 한 번에 안내하고 있습니다. 그러나 현재 구조에서는 공지 게시글에 단 하나의 정모만 연동할 수 있어, 운영 방식과 맞지 않습니다. 정모 생성 시 ‘게시글을 생성하지 않기’와 같은 옵션이 추가되지 않는다면, 운영 지속이 어려워 다른 플랫폼으로 이동을 고려할 수밖에 없습니다.",,3,5.5.6,https://play.google.com/store/apps/details?hl=ko&id=com.friendscube.somoim
Google Play,a81aea97-e259-4ae5-830d-353d99754b64,1,2026-04-27T12:51:01+00:00,2026,정모 게시글 삭제 되게 해주세요,,2,5.5.2,https://play.google.com/store/apps/details?hl=ko&id=com.friendscube.somoim
Google Play,bfa33ba3-56cf-4df3-bfd6-a08b0dc1440d,1,2026-04-25T03:07:13+00:00,2026,모임에서 방 만드는걸 왜 이상한 댓글을 만들었는지 이해 안가요,,2,5.5.5,https://play.google.com/store/apps/details?hl=ko&id=com.friendscube.somoim
Google Play,f461e7ca-534b-41cf-add6-cffab2f5c19a,1,2026-04-23T01:23:02+00:00,2026,"정모와 연결된 게시글 이 그지같은 기능 좀 어떻게 해주세요...; 대충 이러면되겠지 가설세우지말고 사용자 표본집단 모아서 제대로 유저리서치하시고 기능출시전에 UT도 좀 하세요..진짜 불편해서 못쓰겠어요. 정모삭제되면 연계된 게시글 삭제가 안돼서 게시판에 계속 남아있어요. 게시판은 공지나 기간을두고 신청받아야하는 행사모집글, 가입인사등을 올리는데 저딴 정모연결글때문에 내려가요 밑으로. 삭제햇더니 정모 연계라 삭제도 안된대요 그럼삭제버튼은왜둠니까 비활성화하던지 정모삭제시 같이 삭제되게하던지...정모 생성할때 게시글 연계는 납득 가능합니다만 라디오버튼이 아니라 체크박스로 해서 선택옵션으로 두면 더좋았을거같아요 저딴 게시글 연계안하고싶으니까요. 그리고 연계된 게시글이 베너로 뜨면서 공유하거나 회원들이 게시글 찾기도 더어려워합니다. 개선해주세요 기획자님🙏🏻 필요하시면 제가 UT할게요",,9,5.5.4,https://play.google.com/store/apps/details?hl=ko&id=com.friendscube.somoim
Google Play,ff37a702-556b-44a7-8951-de61a5cdab3b,2,2026-04-22T22:08:04+00:00,2026,아니.. 이번 업데이트 이후에 정모용 채팅방 기능이 사라졌네요?? 정모 참가자들만 볼 수 있는 비공개 채팅방 기능이 있어서 좋았는데 없애면 어떡해요. 그리고 왜 정모 생성하면 게시글도 생기는거에요?? 정모 게시글 삭제도 안되고.. 이게뭐에요.. 원래 별점 4점이였다가 이번 업데이트 실망해서 2점 드립니다. --- 아전 리뷰 --- 모임 개수도 많고 모임 검색과 참여 방법도 쉬워서 좋습니다. 다만 불편한점이 있습니다. 1. 내 모임으로 바로 가는 버튼이 홈이 아닌 채팅으로 연결되어서 불편합니다. 홈으로 할지 채팅으로 할지 고를 수 있으면 좋겠습니다. 2. 원본 화질로 이미지를 올릴 수 없어서 불편합니다. 프리미엄을 이용중인 모임인 경우 원본화질 업로드를 제공 해주면 좋을 것 같습니다. 3. 초대거부 기능이 없어서 계속 초대가 옵니다.,,8,5.5.4,https://play.google.com/store/apps/details?hl=ko&id=com.friendscube.somoim
Google Play,9ec5ad73-f9ef-4c3c-89d0-c2113f431113,1,2026-04-22T11:43:48+00:00,2026,고객센터 연락하기 힘듬 의도적임,,2,,https://play.google.com/store/apps/details?hl=ko&id=com.friendscube.somoim
Google Play,c1d41a19-eab3-4809-8ebe-21b5d5c84e09,1,2026-04-21T13:28:34+00:00,2026,왜 핸드폰을 바꾸면 계정 복구가 안되나요? 이럴거면 전화번호 인증은 왜 받는거죠? 이전에도 몇번 그런적 있는데 계정 복구해주세요;; 앱 내 고객센터에 문의하는 기능조차 없고 그게 무슨 고객센터입니까? 핸드폰 바꿀 때 마다 사용자가 신경써야 하는게 말이나 되는건지,,3,5.5.4,https://play.google.com/store/apps/details?hl=ko&id=com.friendscube.somoim
Google Play,e55dc272-dfe5-42e8-a9d6-0de80866ea17,2,2026-04-21T01:49:01+00:00,2026,솔직히 구글이나 특정 이메일로 계정 연동해서 사용할 수 있게 하면 안되나요? 전에 쓰던 핸드폰으로 소모일 들어갈 수 없어서 새로운 폰으로 어플을 깔았는데 번호도 새로운데 전에 활덩하던 모임을 다시 찾아서 가입하고 이게 얼마나 번거로운 행동인지 아십니까?,,0,5.5.4,https://play.google.com/store/apps/details?hl=ko&id=com.friendscube.somoim
Google Play,fd7d0f31-cfa0-48c0-b351-be637279fbf2,1,2026-04-20T12:27:50+00:00,2026,어느순간부터 제가 채팅창에 올렸던글들이 나갔다가 들어오면 사라집니다. 다른사람은 괜찮다던데 제것이 그렇습니다.,,0,5.5.4,https://play.google.com/store/apps/details?hl=ko&id=com.friendscube.somoim
Google Play,dd87a593-9c3a-42c5-aaa0-e98b5cf90dc6,1,2026-04-18T12:17:19+00:00,2026,서버 증축 좀 하세요. 사용자 편의를 우선해야지 운영하는 사람들 마음대로 뭡니까. 진짜 못쓰겠어요.,,0,5.5.3,https://play.google.com/store/apps/details?hl=ko&id=com.friendscube.somoim
Google Play,a066067d-f1d5-4129-8437-cfc7a8cf339c,1,2026-04-18T03:13:50+00:00,2026,"업데이트가 실험인가요 모임을 위한 앱인 만큼 목적에 맞게 기능을 개발해 주세요 앱을 이용해서 모임 정보, 자료, 의견을 나누고자 사용하려 가입했는데, 왜 다른 어플의 필요성을 느끼게 하나요? 정모 채빙방에서 자유로운 파일(사진,동영상) 공유를 원합니다 업데이트 전 기능이 더 좋았습니다! 꼭 반영해주세요!",,2,5.5.3,https://play.google.com/store/apps/details?hl=ko&id=com.friendscube.somoim
Google Play,3659f3ea-537f-4678-955f-2c6210da405e,1,2026-04-18T01:47:11+00:00,2026,다운로드 하고 가입하려는데 휴대폰번호로 인증하기에서 인증번호가 안와요 차단이나 스팸 메시지함에도 없구요 이용하려면 인증해야하는것 같은데 인증이 안되면 어떡하나요,,0,5.5.3,https://play.google.com/store/apps/details?hl=ko&id=com.friendscube.somoim
Google Play,064e7673-3bd7-4137-83e8-83de304588cf,1,2026-04-14T19:32:05+00:00,2026,사진 보기 좀. 개방 좀 해라 모임 1년 운영비 15만 원씩 내는데 최소한 소속 모임회원 사진은 크게 보게 해 줘야지 양아치 상팔악덕기업도 아니고 기본적인것도 매정하게구냐 초창기 모임에는 그런 거 없었잖아,,0,5.5.2,https://play.google.com/store/apps/details?hl=ko&id=com.friendscube.somoim
Google Play,e353adbf-0d1d-4738-ac8c-fa0b698cf4d4,2,2026-04-14T11:28:15+00:00,2026,정모 오픈시 채팅방이 활성화 되었던게 좋았는데 지금은 게시글로 바뀌어서 좀 불편하네요ㅜㅜ 따로 공지하기가 힘듭니다!,,1,5.5.2,https://play.google.com/store/apps/details?hl=ko&id=com.friendscube.somoim
Google Play,e06ad7f7-bd61-417d-8c44-dec253172d1c,2,2026-04-12T01:36:57+00:00,2026,모임 만들때마다 자동으로 게시물 생기는 업데이트 너무 불편합니다,,4,5.5.2,https://play.google.com/store/apps/details?hl=ko&id=com.friendscube.somoim
Google Play,df731b70-be32-46bf-b80d-4f528350932c,3,2026-04-11T06:20:15+00:00,2026,"안녕하세요, 소모임 애플리케이션 통해 다양한 곳 가보고 알게 됐습니다. 이용하다 느낀 점 적어봤습니다. 1. 개인적으로 본인인증 통해 실제 나이가 고정됐으면 좋겠습니다. 출생년도 다른 경우 상당히 신뢰가 떨어집니다. 특히나 온라인 공간 특성상 제일 개선돼야할 부분이라 생각합니다. 2. 일정 검색시 시간대도 범주화해 보여지면 좋을 거 같습니다. 3. 모임에서 오픈카카오톡 꼭 참석해야한다면 미리 표시돼 보여지면 좋을 거 같습니다. 4. 예전엔 개인별 메시지가 가능한 거 같았는데 요샌 모임 운영진에게만 연락 가능해진 거 같더라고요. 따로 유료 요금제는 가능한지 모르겠지만 개별 메신저 최소 모임원끼리 이용 가능하면 어떨까 싶습니다. 아마 나름 생각하고 바뀐 부분 같긴 합니다.",,2,5.5.2,https://play.google.com/store/apps/details?hl=ko&id=com.friendscube.somoim
Google Play,5a008f79-954f-491e-922d-b0dadfd22977,1,2026-04-09T13:42:55+00:00,2026,알림 끄는게 없다 세부적으로,,0,5.5.2,https://play.google.com/store/apps/details?hl=ko&id=com.friendscube.somoim
Google Play,ab77594f-57c0-4e68-ade8-b02ff5fc61e5,1,2026-04-07T06:19:30+00:00,2026,이번 업데이트로 정모별 채팅창이 사라져서 너무 불편하고요 저희 모임은 외부 메신저 사용을 안해서 지금 큰일났습니다.... 그리고 번개도 당일 번개말고 3일 전에 개설 가능하도록 개선해주시면 좋겠습니다,,4,5.5.2,https://play.google.com/store/apps/details?hl=ko&id=com.friendscube.somoim
Google Play,418768be-db1b-44f5-b56c-11545b8d183d,1,2026-04-06T04:22:46+00:00,2026,"정모게시글 쓸 데 없음, 삭제 할 수도 없음 최소 연동 된 정모 일정이 끝나면 삭제할 수 있게끔이라도 해놔야하는데 그냥 삭제가 아예 안 됨 게시판 목록이 상당히 더러워짐 문의해도 소용없음 그냥 그 기능이 없다는 답변만 오고 해결을 하려는 노력도 안 함 유료결제 돈 값 못해서 다른 어플로 갈아탑니다.",,8,,https://play.google.com/store/apps/details?hl=ko&id=com.friendscube.somoim
Google Play,21299f75-d06a-4f61-8eb7-64914c4f6cd4,3,2026-04-05T07:45:17+00:00,2026,정모정보게시글이 자동으로 모임후기 게시판에 올라오고 삭제도 안됩니다. 모임후기 게시판에는 모임이 있고나서 모임후기를 올리는데 모임정모글때문에 글에 혼선이 일어납니다. 모임정보글을 삭제할수 있게 해주거나 모임정보글이 아예다른 게시판으로 올라갈수 있게 해주세요. 매우매우매우매우 불편합니다.,,3,5.5.2,https://play.google.com/store/apps/details?hl=ko&id=com.friendscube.somoim
Google Play,485bf612-3392-486b-8c30-61043b8a503d,1,2026-04-04T13:40:29+00:00,2026,정모 채팅창 돌려주세요...,,1,5.5.2,https://play.google.com/store/apps/details?hl=ko&id=com.friendscube.somoim
Google Play,37c474ba-ae83-4719-9bc5-af15ea26aef8,2,2026-04-04T12:44:45+00:00,2026,당일 모임 배너 채팅방 어디로 갔나요 이거때메 불편하고 짜증이ㅡㅡ 빨리 돌려놔주세요 카카오 따라하는거야 뭐야,,2,5.5.2,https://play.google.com/store/apps/details?hl=ko&id=com.friendscube.somoim
Google Play,d1bb063a-69a9-4d82-8197-4c51dd1e3793,3,2026-04-04T11:23:40+00:00,2026,벙 채팅방 기능 살려주세요. 벙때마다 따로 얘기해야하는게 생기는데 없어져서 너무 불편하네요.,,2,,https://play.google.com/store/apps/details?hl=ko&id=com.friendscube.somoim
Google Play,7e3a75bb-13bc-49b0-a6ee-ae4243fa863d,3,2026-04-04T00:03:10+00:00,2026,일정별 채팅방 돌려주세요 너무 불편합니다 개선 요청사항입니다 1. 모임별 채팅방 롤백 2. 모임 개설 총량 증가(현재 4개) 3. 사진첩 좋아요 알람 끄기 4. 주 강퇴인원 제한 삭제 5. 모임 개설후 사진과 시간수정 불가 > 가능으로 수정 6. 사진 업로드 시 한번에 여러장 업로드 가능하게 7. UI 직관적으로 업데이트,,3,5.5.2,https://play.google.com/store/apps/details?hl=ko&id=com.friendscube.somoim
Google Play,fa78f461-fba5-45ef-bc47-d0f924ff57f0,1,2026-04-03T13:24:58+00:00,2026,예전에는 정모 만들면 정모 톡방이 따로 있어서 좋았는데 지금은 게시판 씩으로 바뀌어서 개불편함,,1,5.5.1,https://play.google.com/store/apps/details?hl=ko&id=com.friendscube.somoim
Google Play,12bd5b4c-4b02-4ccf-85fe-59d26c522ab5,3,2026-04-03T10:03:42+00:00,2026,단톡 돌려줘여,,1,5.5.1,https://play.google.com/store/apps/details?hl=ko&id=com.friendscube.somoim
Google Play,46ece9fa-1656-4729-9bb8-0e3689ea18ab,1,2026-04-03T00:55:33+00:00,2026,새 일정에 있던 채팅방 어디 갔나요 너무 너무 불편합니다 원래대로 돌려주세요😭😭😭,,2,5.5.1,https://play.google.com/store/apps/details?hl=ko&id=com.friendscube.somoim
Google Play,aa0748f0-4bb2-480e-99bb-b62ceafacf1d,1,2026-04-01T22:22:55+00:00,2026,왜 서비스 이용이 제한됐다고 나오는거죠?,,0,5.5.1,https://play.google.com/store/apps/details?hl=ko&id=com.friendscube.somoim
Google Play,5fa3d40b-1902-4669-8150-4ec324a9869b,2,2026-03-31T12:00:05+00:00,2026,왜 거꾸로 가는지 모르겠네요,,2,5.5.1,https://play.google.com/store/apps/details?hl=ko&id=com.friendscube.somoim
Google Play,3771b534-fea6-4de8-bcb8-360233984b5e,1,2026-03-30T11:49:41+00:00,2026,매월 프리미엄 돈주고 쓰는데 기능이 그에 못미침. 이번에 업데이트를 했는데 굳이 필요없는 기능같았음. 여러가지 불편한점들은 밑에 다른분들이 말해놔서 패스하고 알림 기능이 조금 더 세분화되면 좋겠음. 모임행사가 있어서 사진첩에 좀 많이 올려놨는데 좋아요 하나 누를 때 마다 알림이 와서 자다가 깸.,,4,5.5.1,https://play.google.com/store/apps/details?hl=ko&id=com.friendscube.somoim
Google Play,49379fbb-b278-484e-bc34-795511c8be0a,3,2026-03-29T02:53:06+00:00,2026,내모임란에서 해당 모임일정을 쉽게 볼 수 있도록 업데이트 된 점은 좋지만 1. 해당 일정 채팅방이 사라져 의사소통이 원할하지 않게 되었습니다. 다시 돌려주세요 ㅠㅠㅠ 너무 불편해요,,6,5.5.1,https://play.google.com/store/apps/details?hl=ko&id=com.friendscube.somoim
Google Play,5b5c85b6-be31-4b7a-bc76-1b7ce9e80e55,1,2026-03-29T01:40:58+00:00,2026,잘 사용하고 있던 정모채팅방이 왜 없어진건가요? 참 돈받고 운영하면서 여러모로 불편하게 어플을 만드시네..,,3,5.5.1,https://play.google.com/store/apps/details?hl=ko&id=com.friendscube.somoim
Google Play,9a75f8eb-a95f-4014-a91b-b06082d59a77,1,2026-03-20T08:11:40+00:00,2026,"기본 기능도 잘 안 돌아가는 고여버린 앱, 아마 1인 개발로 운영하는게 아닌가 싶음",,3,5.5.0,https://play.google.com/store/apps/details?hl=ko&id=com.friendscube.somoim
Google Play,f675b741-788d-48e9-b281-d52131cbf7db,3,2026-03-16T04:12:15+00:00,2026,1. 소모임 4개 이상 오픈 가능하면 좋겠음. 2. 휴대폰번호로 가입이아니라 본인인증으로 1개의 아이디만 가입 가능 했으면 좋겠음. - 투폰으로 두개의 번호를 쓰는 같은 사람이 다른 사람인 척 모임 가입 가능한 게 이상함. - 나이도 그래서 속이기 가능한 듯. - 앱 삭제하고 다시 깔면 기존 이력이 없어지는 것도 이상함. 3. 사진첩에 사진 올리면 화질이 낮아짐 4. 공지 시간이나 날짜 수정 안 되는 것도 불편.,,5,5.5.0,https://play.google.com/store/apps/details?hl=ko&id=com.friendscube.somoim
Google Play,3988a833-fbe1-4b49-9fac-755e0be692df,1,2026-03-14T05:03:42+00:00,2026,현시점 이미지 안올라가고 메세지 전송도 안됨.. 유료인데 서비스를 이렇게 관리하나? 피드백도 없고 공지 1도 없네. 운영 진짜 돈 받고 이상하게 하네.,,3,5.5.0,https://play.google.com/store/apps/details?hl=ko&id=com.friendscube.somoim
Google Play,4738feac-7c56-4473-8f6e-d8b6fc24dfa8,1,2026-03-12T05:03:56+00:00,2026,.....가입절차부터 오류가발생했다는데. .가입자체가 안되요;;;;;;;;;,,0,5.5.0,https://play.google.com/store/apps/details?hl=ko&id=com.friendscube.somoim
Google Play,1f4eb980-af9d-4ae6-98a9-41f9dc50f609,1,2026-03-12T04:16:18+00:00,2026,이용하려하는데 초반에 관심사누르고 다음화면으로 전환안되면서 오류팝업떠서 원하는모임있는데 현재 참여불가한 상황입니다.. 빠르게소통및 해결부탁합니다 내일이 모임시작이던데 .. 오류코드 smi209,,0,5.5.0,https://play.google.com/store/apps/details?hl=ko&id=com.friendscube.somoim
Google Play,6a8dc53b-59ea-40d4-be00-db56e6d6bded,1,2026-03-12T03:15:10+00:00,2026,계속 서버 문제로 오류,,1,5.5.0,https://play.google.com/store/apps/details?hl=ko&id=com.friendscube.somoim
Google Play,fa403856-f105-40ca-8573-9eacb4c80a72,1,2026-03-12T02:32:21+00:00,2026,어플이안되요,,0,5.5.0,https://play.google.com/store/apps/details?hl=ko&id=com.friendscube.somoim
Google Play,09d2048d-3328-4b7c-806f-a13fa313369b,2,2026-03-12T02:19:06+00:00,2026,어플 연결안되어서 다시 설치했는데 서버연결문제가 자꾸 나오고 연결이안되네요,,0,,https://play.google.com/store/apps/details?hl=ko&id=com.friendscube.somoim
Google Play,93c6645e-c9e8-4473-8780-151dc2c145bc,1,2026-03-12T02:15:23+00:00,2026,서버연결 안된다면서 가입부터 안됨,,0,5.5.0,https://play.google.com/store/apps/details?hl=ko&id=com.friendscube.somoim
Google Play,5a762002-9cf7-4e51-9696-7ad97fb94e3d,2,2026-03-12T01:31:38+00:00,2026,지금 소모임 안되요 서버 오류뜹니다. 개선이.필요합니다,,0,5.5.0,https://play.google.com/store/apps/details?hl=ko&id=com.friendscube.somoim
Google Play,4f57c5e5-71e7-4ca5-ac94-e061f246b145,1,2026-03-12T01:12:20+00:00,2026,재가입이안되요 오류나서 먹통이라서 잠시지웠는데요,,0,5.5.0,https://play.google.com/store/apps/details?hl=ko&id=com.friendscube.somoim
Google Play,d89107a0-1380-40bc-afad-f052e3c43bfb,1,2026-03-12T01:04:32+00:00,2026,지금 접속 안되는데 저만그런가요?,,0,5.5.0,https://play.google.com/store/apps/details?hl=ko&id=com.friendscube.somoim
Google Play,ba0b9cff-5583-4ebf-9f5d-283d0ccb9491,1,2026-03-12T00:50:31+00:00,2026,버그 투성,,0,,https://play.google.com/store/apps/details?hl=ko&id=com.friendscube.somoim
Google Play,12bba2bd-016c-4d6a-99d6-a6ff0e2aac02,3,2026-03-12T00:48:52+00:00,2026,아침에 서버 연결에 문제가 있다해서 채팅이 마비되서 재설치 후 다시 가입하려는데 서버 연결에 문제가 있다하고 안들어가집니다 전체적인 문젠가요?,,1,5.5.0,https://play.google.com/store/apps/details?hl=ko&id=com.friendscube.somoim
Google Play,03a0ff88-29e8-4533-b35e-6bddb65de902,3,2026-03-12T00:48:20+00:00,2026,"오늘 렉, 오류 왜 이렇게 심하죠? 매달 돈 내고 쓰는 어플인데... 서버 관리 좀 해주세요",,0,5.5.0,https://play.google.com/store/apps/details?hl=ko&id=com.friendscube.somoim
Google Play,8ec56b29-e4ac-4366-9ad2-c221904295d0,1,2026-03-12T00:01:50+00:00,2026,지금 소모임 접속안되는거 맞나요??? 저는 서버에연결에 실패했다고 게속 나옵니다.,,0,5.5.0,https://play.google.com/store/apps/details?hl=ko&id=com.friendscube.somoim
Google Play,587c0349-8e24-4be4-987d-d6eedc8a9ca8,1,2026-03-11T22:08:26+00:00,2026,잘 쓰고 있던 어플이 갑자기 서버 연결해야 된다하면서 어플 다시 깔았더니 휴대폰 번호로 로그인 하려 했더니 연결도 안됩니다.계속 쓰고 있던 사람인데 로그인 조차 안되니 답답하네요.빠른 조치 좀 해주세요. 꼭 좀 빠른 조치 부탁드려요.아예 횔동 자체를 못하고 있습니다.,,4,5.5.0,https://play.google.com/store/apps/details?hl=ko&id=com.friendscube.somoim
Google Play,8d9eccec-e1ea-4974-a8e6-e001985cddc8,3,2026-03-11T21:35:23+00:00,2026,"지금 어플 오류가 있어서 그런지 모임 확인창이 들어가지지 않습니다, 즉시 확인 부탁드립니다",,0,5.5.0,https://play.google.com/store/apps/details?hl=ko&id=com.friendscube.somoim
Google Play,d9d63b1b-d58e-4344-97fb-fdc7cf79d27b,3,2026-02-26T13:59:03+00:00,2026,모임초대 받지 않게 설정에 옵션 추가 해주세요. 지속적인 초대때문에 스트레스 받아요.,,0,,https://play.google.com/store/apps/details?hl=ko&id=com.friendscube.somoim
Google Play,af6423a7-4b05-43b2-8b56-fdd20615faef,3,2026-02-20T12:22:33+00:00,2026,ux/ui가 넘별로에요... 뭔가 직관적이지않음. 참여중인정모채팅 찾는데 한참걸림,,0,5.4.9,https://play.google.com/store/apps/details?hl=ko&id=com.friendscube.somoim
Google Play,96e42aea-95ee-447d-bf44-89ee79ecd13e,1,2026-02-09T21:05:46+00:00,2026,렉이.많음,,0,5.4.8,https://play.google.com/store/apps/details?hl=ko&id=com.friendscube.somoim
Google Play,247a6194-3fba-421f-a320-177932972af6,1,2026-02-05T12:13:28+00:00,2026,결이 다르다는 이유로 걍 회비 먹튀하고 강퇴하는 모임이 많구나. 강퇴 이의 신청도 없고 강퇴 한번 당하면 못 들어가고...이 앱에 대한 불편함이 있으신 분들은 왠만하면 이 앱 보이콧 하시는 게 답입니다.,,0,5.4.7,https://play.google.com/store/apps/details?hl=ko&id=com.friendscube.somoim
Google Play,083aebf2-a730-4f75-9a24-4c1da123ec2e,1,2026-02-02T05:11:41+00:00,2026,초대 수락/거절 기능 추가 부탁드립니다,,2,5.4.5,https://play.google.com/store/apps/details?hl=ko&id=com.friendscube.somoim
Google Play,be475818-3013-43e4-9583-6ae40a19f53c,2,2026-01-25T17:25:10+00:00,2026,어플이 많이 죽음 유저가 급격히 둘어드는중,,4,5.4.2,https://play.google.com/store/apps/details?hl=ko&id=com.friendscube.somoim
Google Play,0e966572-586e-4a4b-9b46-66142adad52d,1,2026-01-23T07:31:15+00:00,2026,파워유저 탈퇴가 안됩니다,,0,5.4.4,https://play.google.com/store/apps/details?hl=ko&id=com.friendscube.somoim
Google Play,2ddcabc4-555c-4614-b099-f3ce9bd6210b,3,2026-01-07T22:57:59+00:00,2026,소모임 활동 중인데 강퇴 탈퇴가 공개 채팅창에 나오면 좋겠어요. 안보이니 방장과 운영진이 독재적으로 운영하는 경우가 많아 모임의 투명성이 탁해지고 있어요.,,1,5.4.2,https://play.google.com/store/apps/details?hl=ko&id=com.friendscube.somoim
Google Play,a172a400-7814-43f1-84df-d0e19e302a13,1,2025-12-27T16:14:52+00:00,2025,해당 모임 들아가기전에 자기소개 적고 사진 붙이는데 사진들보고 강퇴 처리하면 뭐 어쩌라는거죠? 취미활동 아니에요? 뭐 연예하는 앱인가요? 겁나 까다롭게 보네요. 얼탱이가 없어서,,1,5.4.2,https://play.google.com/store/apps/details?hl=ko&id=com.friendscube.somoim
Google Play,7041564e-f01c-4cca-a71e-08bac94e4380,2,2025-12-19T03:16:21+00:00,2025,채팅에 검색 기능이랑 스크롤 좀 넣어주세요ㅠㅠㅠㅠㅠㅠㅠ 카톡처럼 지정 키워드 알림도 있으면 좋으련만 ㅠㅠㅠ,,0,5.4.2,https://play.google.com/store/apps/details?hl=ko&id=com.friendscube.somoim
Google Play,f24a7023-acf6-45a4-ac52-06ea5a9440db,1,2025-11-28T21:57:35+00:00,2025,모임 초대 거절 or 아예 안 받을 수 있게 해주세요. 알람도 끌수있게 해주세요. 관심 없는 모임에서 자꾸 초대오는데 거부도 못하고 알림도 못 꺼서 스트레스입니다,,2,5.4.0,https://play.google.com/store/apps/details?hl=ko&id=com.friendscube.somoim
Google Play,fc67bc1e-149a-4800-85fa-a0d10ffc4138,2,2025-11-13T00:28:37+00:00,2025,"UI만 미세하게 자꾸 바꾸지마시고, 개발할거 없으시면 모임개설갯수나 늘려주세요, 4개는 너무작네요 ㅠㅠ",,2,5.4.0,https://play.google.com/store/apps/details?hl=ko&id=com.friendscube.somoim
Google Play,d0c5aae6-6d6e-4eab-bd28-e1337bbe8165,1,2025-11-11T03:19:23+00:00,2025,pc버전 지원조차 안되는 시대에 뒤떨어진 앱,,0,5.3.9,https://play.google.com/store/apps/details?hl=ko&id=com.friendscube.somoim
Google Play,a197d1c9-246b-4d4a-a9e4-4abf7be71a9f,1,2025-11-05T10:44:20+00:00,2025,"모임을 이용하는건 크게 문제되는건 없는데 주제, 관심사와 전혀 상관없는 모임초대,불편한 모임들의 가입제한이 일주일주기로 한번씩 알림으로 오는데 막을수 있는 기능도 없어서 (알림을 끄더라도 계속 왔습니다) 너무 불편하고 스트레스 받았어요 모임 가입은 유저가 스스로 해야 한다고 생각합니다",,6,,https://play.google.com/store/apps/details?hl=ko&id=com.friendscube.somoim
Google Play,8de56e62-8a6b-4b19-ab41-3514386fb1ce,2,2025-11-03T01:25:03+00:00,2025,"프로필 사진 변경해도 적용이 잘 안되거나 이전사진, 바꾼사진 랜덤으로 나오고, 프로필 누르면 보이는 가입된 모임도 탈퇴해도 가입되있는거로 보이거나 있는데도 안보이는 등 자잘한 오류가 많아요. 왜 이런게 개선이 안되는건지 이해가 안가는;;; 3년넘게 써오면서 어려운 기능 추가는 바라지도 않아요. 기본적인 기능은 개선 좀 해주세요ㅠㅠ",,5,5.3.8,https://play.google.com/store/apps/details?hl=ko&id=com.friendscube.somoim
Google Play,6f9acf64-e1d3-4204-b232-952d2831b684,1,2025-10-21T08:34:15+00:00,2025,전화기를 바꾸면서 모임장계정인데 접속이 안돼서 메일을 보내도 답장도 없고 돈은 꼬박꼬박 빼가면서 심지어 고객센터 전화번호도 없다 .... 이거 어디다 민원 넣어야하나,,0,5.3.7,https://play.google.com/store/apps/details?hl=ko&id=com.friendscube.somoim
Google Play,8eb711ac-64c7-4c8a-a988-0f67918bc40c,3,2025-10-14T06:12:02+00:00,2025,좋아요. 그런데 지역 설정으로 해도 인근지역으로 검색 결과가 안나오네요. 솔직히 경북 북부에서 조회하는데 부산이 어떻게 인근지역인가요?,,0,5.3.5,https://play.google.com/store/apps/details?hl=ko&id=com.friendscube.somoim
Google Play,cff5911f-3068-4829-9b4d-437a57ff65ca,1,2025-10-09T11:31:24+00:00,2025,여성전용 소모임을 운영하는데 누가봐도 여성전용 모임이라고 모임명 앞에도 적어놨는데 남자가 가입하고 사진이나 글을 뒤져보는 경우가 있습니다. 가입하자마자 알면 바로 강퇴시킬텐데 몇분만 지나도 다 클릭해서 볼텐데 이러한 부분 수정할수있으면 좋겠습니다. 개인적으로 남여모임도 많이 활동하고 있지만 여성전용으로 모임활동하는 부분도 큰 장점이 있습니다. 성별을 지정가능한 기능을 추가해주세요,,8,5.3.4,https://play.google.com/store/apps/details?hl=ko&id=com.friendscube.somoim
Google Play,78cc8de8-accc-4e24-9b34-f1da582f1a03,1,2025-10-01T11:10:35+00:00,2025,파워유저이용권이 자동으로 결제되어있네요 저는동의한적도없는데요 이거 결제 취소어떻게하나요??고객센터번호좀 갈켜주세요,,0,5.2.1,https://play.google.com/store/apps/details?hl=ko&id=com.friendscube.somoim
Google Play,6930b1c7-006a-4380-befb-7dc2072cde1e,1,2025-09-30T10:17:44+00:00,2025,가입하기 싫고 관심없는 분야 소모임에서 계속 초대가 와서 신고하는데 몇달째 달라지는게 없네요 신고하면 뭐하나요 계속 초대하는데ㅡㅡ 신고하면 해당 모임에 패널티가게 조치 좀 하세요ㅡㅡ,,0,5.3.0,https://play.google.com/store/apps/details?hl=ko&id=com.friendscube.somoim
Google Play,2561db9e-09bb-41e9-9c3b-c2b2e506f4b0,2,2025-09-09T23:16:36+00:00,2025,1대1 최대메세지제한때문에 대화가 안됩니다. 모임장인데,,0,5.2.4,https://play.google.com/store/apps/details?hl=ko&id=com.friendscube.somoim
Google Play,858cdd13-31e6-4c7e-9f4e-8bd413d2928e,1,2025-09-04T07:08:38+00:00,2025,취미생활 혼자하기 적적해서 소모임 가입해봄. 근데 가입할곳이 없음. 죄다 빌런들뿐. 모임장과 지인 여러명서 운영진하면서 시작. 지들은 정상인척하지만 여미새들만 넘쳐서 여자어떻게 해볼라는 세끼들 뿐임. 특히나 기혼자 절대안받음. 취미생활 같이하는건데 기혼이고 미혼이고 뭔상관... 운영진들 지들 여자꼬시는데 방해될까봐 탈퇴시킴. 내생각으론 범죄자도 많을듯. 여튼 개인적인 생각이니 하고싶은사람들은 해보세요,,4,5.2.4,https://play.google.com/store/apps/details?hl=ko&id=com.friendscube.somoim
Google Play,dc049670-b4bb-4b94-ac1d-aa46f0404d53,1,2025-09-03T11:01:21+00:00,2025,얼굴보는곳,,1,5.2.4,https://play.google.com/store/apps/details?hl=ko&id=com.friendscube.somoim
Google Play,777bfebc-349a-4feb-ba7c-954c51d82a9b,1,2025-08-26T16:07:55+00:00,2025,모임을 만들려면 돈을 내야하는것도 그렇고 처음부터 50명을 강제로 초대하게 하는것도 그렇고 이건 영 아니네요.,,2,5.2.3,https://play.google.com/store/apps/details?hl=ko&id=com.friendscube.somoim
Google Play,92e9340d-dcc6-4202-a2ec-4e1b1a06755f,3,2025-08-26T02:40:59+00:00,2025,여타 모임에 비해 사용이 너무 불편 합니다.,,0,5.2.3,https://play.google.com/store/apps/details?hl=ko&id=com.friendscube.somoim
Google Play,1d9ff658-0cd2-44a8-8d66-f3a166b1c0de,3,2025-08-24T17:31:51+00:00,2025,잠시만 기다려주세요만 마냥 뜹니다..,,0,,https://play.google.com/store/apps/details?hl=ko&id=com.friendscube.somoim
Google Play,93ae4add-d236-400a-ad36-1b15d379b2e6,1,2025-08-19T08:00:26+00:00,2025,다시는 안 쓰고 싶네요,,0,,https://play.google.com/store/apps/details?hl=ko&id=com.friendscube.somoim
Google Play,af40ba83-b045-4628-ba9e-a388fb6722d7,1,2025-08-12T10:09:46+00:00,2025,2009년생(2025년 고등학교 1학년)은 만 14세 이상인데도 가입이 안 됩니다.,,0,,https://play.google.com/store/apps/details?hl=ko&id=com.friendscube.somoim
Google Play,f97bb905-c499-47fc-bf5c-d18b8610faf5,1,2025-08-12T09:57:21+00:00,2025,고객센터가 메일도 안받고 연락도 두절이네요??,,0,5.2.2,https://play.google.com/store/apps/details?hl=ko&id=com.friendscube.somoim
Google Play,835bb8c5-c7f8-460f-8b1a-c0c2607f2823,1,2025-08-12T05:52:23+00:00,2025,"모르는 모임에서 자꾸 초대 알림이 와서 짜증나요. 초대 알림 거부하고 싶은데 설정에 그런 기능도 없고, 가입한 모임이 있어서 소모임 자체 어플 알림을 끌 수는 없거든요. 왜 이런 기능이 구비되어 있지 않은 건가요? 가입할 의사도 전혀 없는 모임에서 5일 간격으로 자꾸 초대가 와서 짜증나고요. 쓸데없는 알림 없애고 싶습니다.",,7,,https://play.google.com/store/apps/details?hl=ko&id=com.friendscube.somoim
Google Play,1c568ffc-ea19-4e33-85b2-40cdaef3f7c4,1,2025-08-11T05:05:33+00:00,2025,인증횟수 초과했다고 23시간 이후부터 모임 가입할 수 있다는건 뭔가요 와 이런 앱 처음보네,,0,5.2.2,https://play.google.com/store/apps/details?hl=ko&id=com.friendscube.somoim
Google Play,540daf88-e679-48d5-8173-dd83aba7a132,1,2025-08-04T16:50:57+00:00,2025,전화번호 입력했는데도 인증번호 안옴.. ㅡ.ㅡ,,0,5.2.1,https://play.google.com/store/apps/details?hl=ko&id=com.friendscube.somoim
Google Play,4c5bf6ad-d497-497a-9642-b3a6ecc7d0ae,1,2025-08-02T07:22:30+00:00,2025,유료구독을 결제했지만 노출과 인원초대가 되지 않고있습니다. 문의도 6번 인스타 dm까지 요청했지만 문의 확인을 해주시지 않아 답답한 심정입니다 환불 부탁드립니다 이중 결제까지 된것 같습니다 프리미엄 기능을 사용하였음에도 불구하고 기능에 오류가 생겨 유료구독이 무용지물인 상태입니다.,,6,5.2.1,https://play.google.com/store/apps/details?hl=ko&id=com.friendscube.somoim
Google Play,1086208a-cd1b-42fa-96ea-f8bded97d7b9,1,2025-07-14T05:09:36+00:00,2025,프리미엄 해지를 했는데 돈이 계속 빠져나갑니다 메일을 보냈는데 답도 없어요 연락주세요,,1,5.2.0,https://play.google.com/store/apps/details?hl=ko&id=com.friendscube.somoim
Google Play,9ac76925-577c-4c35-b450-919549a4d1ae,2,2025-07-11T04:21:32+00:00,2025,"모임운영자입니다. 소모임 동시에 4개밖에 못열고 대문글자갯수 한정, 모임방한번파면 시간날짜수정, 사진수정도 안되고 답답하네요. 쫌 수정좀 해줘요",,1,,https://play.google.com/store/apps/details?hl=ko&id=com.friendscube.somoim
Google Play,390b0a53-c0ee-4ca1-9ad6-71cfe7fba4ca,3,2025-07-10T07:12:05+00:00,2025,일반 회원에게 신규가입 회원 알림 좀 끌수있는 기능 좀 만들어 주세요. 누가 가입할때마다 알림이 계속떠서 불편합니다.,,1,5.1.9,https://play.google.com/store/apps/details?hl=ko&id=com.friendscube.somoim
Google Play,030a8cca-f9ca-4447-abc1-2d5e156d80e3,2,2025-06-19T22:19:34+00:00,2025,"이거해라, 저거해라, 친구한테 공유해라 등등 쓸모없는 알람 개 많이 뜸 지역도 설정 지역 외 너무 멀리 있는 곳 뜸",,1,5.1.8,https://play.google.com/store/apps/details?hl=ko&id=com.friendscube.somoim
Google Play,b8d4b163-4c58-4a49-93e4-155abe66d20d,2,2025-06-11T03:37:46+00:00,2025,노션 게시용 링크 앱 내부 브라우저에서 로딩이 안돼서 흰화면으로 나와요,,1,5.1.7,https://play.google.com/store/apps/details?hl=ko&id=com.friendscube.somoim
Google Play,2a1ef2ad-6119-4392-a272-9010d9871875,1,2025-06-02T07:03:45+00:00,2025,네이버 밴드는 무료인데 소모임방 하나 만들어서 하는데 월 약2만원은 너무 비싼거 같아요 기능이 많은것도 아니고,,1,5.1.7,https://play.google.com/store/apps/details?hl=ko&id=com.friendscube.somoim
Google Play,1bfee2dd-321a-4fc6-84c6-c7badceebf70,2,2025-05-26T11:01:14+00:00,2025,모임 등록 사진 필수인것도 불편해졌는데 폴더에서 사진 가져오기는 왜 뺐는지 의문임. 왜 매번 스크롤 내리면서 사진 올려야하는지?,,1,5.1.4,https://play.google.com/store/apps/details?hl=ko&id=com.friendscube.somoim
Google Play,dead6b2f-196a-47f7-b3ee-e66010450925,1,2025-05-23T18:30:20+00:00,2025,조회 조건에 생년월일이 왜 조건이 되는지 모르겠는데 60년대 생은 조회 기능이 인됨. 생일을 70년대로 수정하면 조회가 됨.,,1,,https://play.google.com/store/apps/details?hl=ko&id=com.friendscube.somoim
Google Play,e7fb68fe-5801-44a7-9d16-657429bcd68b,1,2025-05-15T04:31:30+00:00,2025,전화번호적고 인증번호요청했는데 안날라오네요,,1,5.1.3,https://play.google.com/store/apps/details?hl=ko&id=com.friendscube.somoim
Google Play,ca73da9e-9580-416c-8558-4811538a1513,1,2025-05-15T02:49:19+00:00,2025,"본 모임은 30일간 무료 운영 후 프리미엄 가입이 필요합니다. 수익 창출 목적은 이해하나, 운영 승계 시점에 이를 명확히 고지해야 합니다. 승계 후 2일 만에 프리미엄 가입 안내는 모임 운영 의지를 저하시키는 요소입니다. 사전 공지를 통해 충분한 정보 제공이 필요하며, 갑작스러운 프리미엄 가입 요구는 회원 이탈을 야기할 수 있습니다.",,1,5.1.3,https://play.google.com/store/apps/details?hl=ko&id=com.friendscube.somoim
Google Play,9b16508a-a6b5-4778-a6e7-9995b75cc4b5,1,2025-05-10T12:37:52+00:00,2025,개인 프라이버시 올노출임 가릴려면 돈내야함ㅋ,,2,5.1.3,https://play.google.com/store/apps/details?hl=ko&id=com.friendscube.somoim
Google Play,d1a03ed0-b422-42eb-8df6-ddf243bc25f7,1,2025-05-07T08:51:06+00:00,2025,"앱으로 모임원들과 소통하기가 너무 불편하고 힘드네요 ㅠㅠ 개인 DM 알람도 확인이 잘 안되고 url도 지도링크만 하이퍼링크가 되고 pc에서도 사용할 수 없고, 회원가입 형식이 아니라서 기기 1개로만 사용해야되는거 너무 불편해요. 프리미엄 모임 이용권 혜택도 별거 없는데 가격대비 앱이 좀 폐쇄적인 것 같고 기능이 좀 더 유연해졌으면 좋겠어요.. 쓸 때마다 답답해요 ㅠㅠ",,10,5.1.3,https://play.google.com/store/apps/details?hl=ko&id=com.friendscube.somoim
Google Play,24318740-6af9-4ac5-85c0-ffaaa837d07a,3,2025-05-06T02:28:30+00:00,2025,"가입한 소모임 탈퇴는 안한 상태에서 소모임 어플을 삭제 했었는데, 제가 가입했던 소모임 목록이 전부 사라졌어요. 알수없는 사용자 상태인가 보더라구요. 어떻게 해결하면 되나요??",,8,5.1.3,https://play.google.com/store/apps/details?hl=ko&id=com.friendscube.somoim
Google Play,6acce1d4-5a2b-43ae-9ec0-14d3c302db6f,3,2025-04-30T11:45:50+00:00,2025,제가 가입한 모임들을 상대방이 못 보게 할 수는 없나요? 친구랑 같이 가입했는데 불편해서요..,,0,5.1.3,https://play.google.com/store/apps/details?hl=ko&id=com.friendscube.somoim
Google Play,36ae79a4-9731-4372-b015-05f7a140dc84,1,2025-04-19T18:16:48+00:00,2025,핸드폰 바꾸고 앱을 새로 깔았는데 기존 사용하던 파워유저권이 사용이 안됩니다 중지시켜주시던지 사용할수있게 해결해주세요!,,1,5.1.3,https://play.google.com/store/apps/details?hl=ko&id=com.friendscube.somoim
Google Play,abf440ae-d51d-49da-a667-7f1a49af3b3a,1,2025-04-18T13:58:21+00:00,2025,돈을 받았으면 제대로 좀 해라,,1,5.1.2,https://play.google.com/store/apps/details?hl=ko&id=com.friendscube.somoim
Google Play,b6dc4854-6510-4b8c-a11f-e73b8547ca22,3,2025-04-13T10:16:37+00:00,2025,가입후에 카카오톡 링크를 소모임 채팅으로 받았는데 클릭도 복사도 불가합니다. 원래 그런건가요?,,0,5.1.2,https://play.google.com/store/apps/details?hl=ko&id=com.friendscube.somoim
Google Play,ad32799f-e21a-4071-983c-e951cc9ac932,2,2025-04-10T11:18:50+00:00,2025,모임이 현실과 동떨어져 있고 목적이 다른 경우가 많아서 모니터링을 좀 강화해야 할 필요성이 있는 것 같습니다 초대 거부 기능을 넣어주실 생각은 아직 없으신건가요? 관심사가 어느 정도 비슷하게 매칭이 되어야 교류를 하든지 할 것 아닙니까? 본인 의사에 모임에 참석하는 방향으로 개선해주세요..!! 부탁드립니다,,20,5.1.2,https://play.google.com/store/apps/details?hl=ko&id=com.friendscube.somoim
Google Play,723fdb74-affd-4847-bea9-d02a659f844b,1,2025-04-01T14:33:56+00:00,2025,까다로운 가입 기준,,1,5.1.2,https://play.google.com/store/apps/details?hl=ko&id=com.friendscube.somoim
Google Play,07d30311-8a2f-453b-84ec-95d4e231aea1,1,2025-03-28T05:48:31+00:00,2025,자동결제 취소 따윈 못하게 만들어놓음,,1,,https://play.google.com/store/apps/details?hl=ko&id=com.friendscube.somoim
Google Play,38fbd101-71b0-4f67-abe0-beb3950f448a,3,2025-03-24T03:56:10+00:00,2025,마구잡이 초대보내는 모임들 차단하는 기능 없나요?,,4,5.1.1,https://play.google.com/store/apps/details?hl=ko&id=com.friendscube.somoim
Google Play,8c053f1b-5507-472b-95e8-a6390056f40c,1,2025-03-20T02:53:57+00:00,2025,과금후에도 과금이 정한 서비스가 안됨,,1,5.1.1,https://play.google.com/store/apps/details?hl=ko&id=com.friendscube.somoim
Google Play,1bc0a984-8175-404f-8572-ac51577899c8,2,2025-03-15T10:21:19+00:00,2025,"안녕하세요. 소모임이라는 어플 알게되어 가입해서 잘 쓰고 있습니다. 한가지 불편한 것이 있습니다. 하루에 한번씩 꼭 받게되는 ""모임에 가입해 보세요"" 알림은 어떻게 끄나요? 좀 안보내면 안되나요? 모임 잘 가입해서 활동하고 있습니다. 저 짜증나는 알림 때문에 아예 폰 설정에서 알림을 껐습니다. 그랬더니 어플 들어갈때 마다 알림을 켜라고 팝업이 또 뜨네요. 너무 불편하고 짜증나요. 개선 좀 해주세요. 모임 가입은 유저가 알아서 하게 좀 냅두시면 감사하겠습니다.",,12,5.1.1,https://play.google.com/store/apps/details?hl=ko&id=com.friendscube.somoim
Google Play,dc22b934-d22c-4199-8d95-b94f1cb27ca2,1,2025-02-28T13:29:57+00:00,2025,가입하는데 게속 안된다 아짜증나네,,1,5.1.0,https://play.google.com/store/apps/details?hl=ko&id=com.friendscube.somoim
Google Play,7a4c23e9-ec8e-4f75-97ea-45b9e6597d99,3,2025-02-16T11:05:32+00:00,2025,채팅창이 너무 느려서... 거의 편지수준. 다른사람 글쓴건 가끔 껏다켜야 보이기도함. 별거 아닌데 매달 돈나감,,0,5.1.0,https://play.google.com/store/apps/details?hl=ko&id=com.friendscube.somoim
Google Play,5f1cb29c-419e-4773-be36-227d6eee80c3,3,2025-02-15T02:14:36+00:00,2025,요즘 오류가 너무 많아요 ㅜㅜ 데이타가 느리게 한번에 올라옵니다. 개선해주셨으면 합니다.,,1,5.1.0,https://play.google.com/store/apps/details?hl=ko&id=com.friendscube.somoim
Google Play,3e1054b7-4288-4e6e-868d-ad6bcf050ad5,2,2025-02-11T23:34:37+00:00,2025,왜 유료로 매달 결재해서 쓰는데... DB가 매칭이 느리거나 바뀝니까? 실시간으로 안오더라도 어쩔때는 한참 새로고침해야 글이 보이기도 하고 .. 어떻게 설계를 했길래. 무료 채팅어플보다 실시간 채팅이 떨어지는지 모르겠네요. 기능이 많은것도 아닌데? 제대로 테스트 좀 하고 업데이트 하세요,,2,5.1.0,https://play.google.com/store/apps/details?hl=ko&id=com.friendscube.somoim
Google Play,acb7523a-9a91-448d-b070-cd86f650fa5f,1,2025-02-05T02:56:53+00:00,2025,가입시 인증문자 010으로오며 약관보면 가입 탈퇴 정보 회사가 필요하지 않다 느낄시 제공하지않는다고 써있어서 정보유출 우려되는 앱 같아서 안씀.,,3,5.0.9,https://play.google.com/store/apps/details?hl=ko&id=com.friendscube.somoim
Google Play,5b731039-bc63-41ce-826c-3a28b5a82d00,2,2025-02-01T16:49:19+00:00,2025,집 근처 소모임만 알고싶은데 직장이랑 관심있는 디역 입력하라고 계속 떠서 너무 불편해요,,1,5.0.9,https://play.google.com/store/apps/details?hl=ko&id=com.friendscube.somoim
Google Play,f0fff879-c863-4471-92a7-67684f8d2d1a,1,2025-01-27T15:19:20+00:00,2025,별다른 이유같지도 않은 이유로 강퇴를 남발하는 더러운 앱. 회원을 모집하는게 어렵지 않다고 강퇴도 쉽사리 남발하는 이상한 변질된 모임앱,,1,5.0.9,https://play.google.com/store/apps/details?hl=ko&id=com.friendscube.somoim
Google Play,4dfad298-89e5-4c68-a502-cd3770502388,1,2025-01-26T20:55:26+00:00,2025,당근마켓 모임 운영 시스템보다 구림,,3,5.0.9,https://play.google.com/store/apps/details?hl=ko&id=com.friendscube.somoim
Google Play,96d4d63a-d11e-453f-9a24-bd24e3f1b0ba,1,2025-01-25T18:12:50+00:00,2025,본인인증 개인폰번호로 오는거 찜찜. 보통 법인이나 인증회사인데.,,2,5.0.9,https://play.google.com/store/apps/details?hl=ko&id=com.friendscube.somoim
Google Play,5f5a09b1-c745-429d-bb8a-23aec9de4bcb,3,2025-01-24T10:54:52+00:00,2025,모임 검색시 가입 인원 수 순이나 최신 개설순으로 모임을 볼 수 있는 기능이 없음. 모임 일정 또한 시간순으로 나오는게 아니라 완전 뒤죽박죽으로 나옴,,1,5.0.9,https://play.google.com/store/apps/details?hl=ko&id=com.friendscube.somoim
Google Play,36b5cb1d-fc60-40fa-9a5c-365727ed03f3,1,2025-01-19T04:01:15+00:00,2025,인증번호 010 으로 오길래 찜찜해서 지움,,2,5.0.9,https://play.google.com/store/apps/details?hl=ko&id=com.friendscube.somoim
Google Play,52f0d49a-6592-46e1-a7c3-f943048f94d6,1,2025-01-12T13:51:30+00:00,2025,"소모임 이용하는데요, 정모를 만든 후 지웠다 다시 정모 열면 이미지가 전 이미지에서 바뀌지가 않네요, 가끔 종정 이러는데, 우료 어플인데 이런 문제는 바로 해결 해주시길 바랍니다;; 이런 사소한 불편은 바로 해결 부탁해요",,0,5.0.8,https://play.google.com/store/apps/details?hl=ko&id=com.friendscube.somoim
Google Play,8a49b6df-0f7c-4e6e-9057-71ce1549501d,1,2025-01-06T10:46:49+00:00,2025,초대 차단기능 있었으면좋겠습니다. 초대받기싫은데 계속 초대알림 옵니다.,,1,5.0.8,https://play.google.com/store/apps/details?hl=ko&id=com.friendscube.somoim
Google Play,d04ec83d-4121-44bd-a978-4b86ee2975de,1,2025-01-02T22:59:24+00:00,2025,모임인데 너무 고인물이 많은듯,,1,5.0.8,https://play.google.com/store/apps/details?hl=ko&id=com.friendscube.somoim
Google Play,8242e6fc-2c60-41f9-83e8-2654e7e066c4,1,2024-12-19T23:44:47+00:00,2024,망포동은 왜 없음? 처음 설정하는데 우리집 없네 ㅋㅋㅋㅋㅋ 갑자기 노숙자됐네 ㅎㅎ,,1,5.0.6,https://play.google.com/store/apps/details?hl=ko&id=com.friendscube.somoim
Google Play,c1d85616-fe3c-4363-abc0-d0c828564ced,2,2024-12-02T04:11:51+00:00,2024,소모임 유료결제를 했는데도 기능활성화가안되네요 고객센터 전화번호를 찾을수도 없네요,,0,5.0.2,https://play.google.com/store/apps/details?hl=ko&id=com.friendscube.somoim
Google Play,fedffadb-6e79-45a2-a742-5d389927f583,2,2024-11-28T13:43:47+00:00,2024,왜 모임이 어느날엔 있고 어느날엔 없고한건지 저번에 봤던 모임 들어가려고 찾으면 사라져있음 그러곤 한참 뒤에 다시 생겨있어서 고민하고 다시 가입하려하니 또 사라짐,,0,5.0.2,https://play.google.com/store/apps/details?hl=ko&id=com.friendscube.somoim
Google Play,8c5b0c62-9aa8-4f79-8414-e7b2620263ec,3,2024-11-28T02:22:07+00:00,2024,"ㅠㅠㅠㅜ 정모만들기 갯수좀 늘려주세요 너무 한정적입니다ㅠㅜ!! 10개 이렇게 해주시면 안되나요 빠듯해,,,,,",,0,5.0.2,https://play.google.com/store/apps/details?hl=ko&id=com.friendscube.somoim
Google Play,f41f01bf-ea44-4897-969f-17e9769c7163,1,2024-11-24T14:11:45+00:00,2024,적어도 받고싶지 않은 모임은 거절할수있게 만들어야하는거 아닌가요? 계속 초대옴 만든사람 의도가 불순해요,,2,5.0.2,https://play.google.com/store/apps/details?hl=ko&id=com.friendscube.somoim
Google Play,f35fc2d9-e9eb-4a88-9f94-650419d855fd,3,2024-11-14T22:59:39+00:00,2024,알림 비활성화 해놨는데 밤 12시 다 되어 모임 채팅공지 진동 알림 뜨는건 뭔가요?,,0,5.0.2,https://play.google.com/store/apps/details?hl=ko&id=com.friendscube.somoim
Google Play,fb3341e8-bf6e-4222-b9f4-9633454bef64,1,2024-11-06T22:22:30+00:00,2024,소모임은 동아리 어플인데 왜 리엔케이 같은 이윤을 추구하는 기업이 피부 관리 동아리를 만들어서 말로는 피부 관리 팁 상담비로 돈 5만원 현금으로 내라고 얘기하고 그래서 시간내서 가서 5만원 냈더니 화징품 강매를 하지 않나 그래서 이 동아리 문제 있다고 신고했는데 계속 활동하게 두고 신고를 무시할거면 신고 기능은 왜 넣은겁니까? 장식용입니까!,,2,5.0.0,https://play.google.com/store/apps/details?hl=ko&id=com.friendscube.somoim
Google Play,ab64ba41-2670-4f16-8e82-9bf6ce651bfc,3,2024-11-02T00:25:32+00:00,2024,오픈톡 주소를 올리면 다른사람이 누르고 못들어오네요? 어떻게해야 누를수있죠?,,1,5.0.0,https://play.google.com/store/apps/details?hl=ko&id=com.friendscube.somoim
Google Play,d26b07fc-9654-43de-995f-07c3b3e09617,2,2024-10-23T05:55:41+00:00,2024,채팅 알람 꺼놔도 계속 옵니다,,0,5.0.0,https://play.google.com/store/apps/details?hl=ko&id=com.friendscube.somoim
Google Play,dbb88c58-4301-4c90-b032-f7a8c0380259,1,2024-10-21T06:21:39+00:00,2024,나무위키에 광고하는 앱이 있는줄도 몰랐습니다.,,1,,https://play.google.com/store/apps/details?hl=ko&id=com.friendscube.somoim
Google Play,3c652039-f488-4bbe-bacf-7c0b01aa607d,3,2024-10-18T12:40:10+00:00,2024,제발 나이대별로 볼 수 있게해주세요 ㅠㅠ 가장 중요히 우선적으로 보는 게 나이대인데 눌러보면 20대 중반 나이대는 없고 30대... 또래 모임 나가고싶습니다ㅠ,,0,5.0.0,https://play.google.com/store/apps/details?hl=ko&id=com.friendscube.somoim
Google Play,044f2798-8b69-4fdd-8d4b-b32ffae7e2b1,1,2024-10-16T22:56:26+00:00,2024,신천지 위장포교하는 그룹들 관리좀 해주세요,,5,,https://play.google.com/store/apps/details?hl=ko&id=com.friendscube.somoim
Google Play,4866d37c-d5e6-47a0-9563-f40489565548,3,2024-10-14T02:57:55+00:00,2024,왜 고객센터 문의했는데ᆢ한달째 답변이 없을까요?,,1,5.0.0,https://play.google.com/store/apps/details?hl=ko&id=com.friendscube.somoim
Google Play,715a580e-6305-45f7-90c4-635151aa4013,1,2024-10-07T19:41:18+00:00,2024,"현질유도하는 모임장 때문에 소모임 이미지가 부정적으로 바뀜 댄스소모임은 오프라인참여비를 너무 과하게 받으며 먹지도 않은 음식을 비용 내라고 유도함 앱 자체에서 모니터링 해서 신고하는 시스템이 있었으면 함 소모임장의 자신의 가입비를 회원에게 나누도록 하는 시스템은 사라져야 함 그러면서 딱히 자신의 리더,부리더로서 역할을 잘하지도 않음",,0,,https://play.google.com/store/apps/details?hl=ko&id=com.friendscube.somoim
Google Play,9ae7652a-cee5-4fb7-9db8-cb68e0f2ddcd,2,2024-10-05T15:04:33+00:00,2024,"예전에 아래 내용으로 건의 넣었는데 이직 바뀐게 없네요 상식적으로...근처 사람들과 모임을 갖고싶은거지 지역 한참 떨어진 타지 사람을 만나러 매번 갈순 없는건데 제발 지역을 제대로 나눠주세요 ))))))))예전문의: ‼️건의사항 1. 모임들 지역별로 나눠보는 기능이 없네요 새로 생긴 모임이든, 카테고리별이든 지역이 따로따로 나뉘어 보여야 편한데 예시로 경북 쪽을 보고있는데 갑자기 인근지역인 부산, 포항, 거제 지역이 나온다던가... 너무 기본적인것부터 왜 안돼있나 싶습니다. 지역 제외 기능은 필수인데... 다른 앱 보시면서 참고를 좀 해주세요 2. 가입한 모임 정도는 숨길 수 있게 해주세요. 어딜 가입하든 개인 사정인데 다른 모임 가입해있다고 음침하게 사이버스토킹 하는 경우도 있네요 이런 기본적인것까지 결제해야되나 싶어서 잘 안쓰게 됩니다",,9,5.0.0,https://play.google.com/store/apps/details?hl=ko&id=com.friendscube.somoim
Google Play,d4593880-fc3c-468c-b7ea-68bceb93a3c6,2,2024-10-02T05:34:35+00:00,2024,전에 초대받은 모임에 가입하자마자 강퇴된 경우가 있어서 어플 탈퇴후 다시 만들었는데 그 모임에서 계속 초대가 오네요. 초대를 거부하는 기능 만들어주세요,,2,4.9.9,https://play.google.com/store/apps/details?hl=ko&id=com.friendscube.somoim
Google Play,1e060d2b-9d32-4700-84ca-95e6799291a1,1,2024-09-29T00:06:49+00:00,2024,2년 넘게 잘 쓰다 어느날 서비스이용제한이라고 하는데 고객센터 전번도없고 메일보내도 답도 없고 업무방해같은 형사고소해도 되는지요?,,1,4.9.9,https://play.google.com/store/apps/details?hl=ko&id=com.friendscube.somoim
Google Play,6ad13def-21b4-411c-95ef-81cc66f49196,1,2024-09-19T10:18:25+00:00,2024,프리미엄 구독권을 구매했지만 적용이 안되고 이용제한 걸려서 완전 양아치 앱 같음,,0,4.9.9,https://play.google.com/store/apps/details?hl=ko&id=com.friendscube.somoim
Google Play,00528849-f64e-4c69-a6d9-754b3fe23473,1,2024-09-10T05:27:48+00:00,2024,채팅창 글쓰고 나와서 재진입 하면 창이 위로 올라가있고 채팅 내용이 느리게 나오는 버그가 있네요.,,1,4.9.9,https://play.google.com/store/apps/details?hl=ko&id=com.friendscube.somoim
Google Play,fcbaaf58-74ac-4b23-b6da-afee65b62075,1,2024-09-09T12:34:43+00:00,2024,이거 왜 처음에 인증번호 요청 시 번호가 오질 않는건가요,,0,4.9.9,https://play.google.com/store/apps/details?hl=ko&id=com.friendscube.somoim
Google Play,b396fd2c-317c-4848-8a73-6f90d620068a,1,2024-09-03T08:14:18+00:00,2024,무직인데 직업을 선택해야하는건 좀,,0,,https://play.google.com/store/apps/details?hl=ko&id=com.friendscube.somoim
Google Play,651db451-29b7-4a5f-8c75-28c5edf07436,1,2024-08-25T18:33:44+00:00,2024,결제시스템이 이상하네요,,1,,https://play.google.com/store/apps/details?hl=ko&id=com.friendscube.somoim
Google Play,14bc8d8a-7442-45c7-a19f-34c496f7adec,3,2024-08-21T14:24:00+00:00,2024,동영상 공유가 안돼요 공유되게 해주세요,,0,4.9.7,https://play.google.com/store/apps/details?hl=ko&id=com.friendscube.somoim
Google Play,eed3890d-47de-4261-b9f1-19c96908d0f2,3,2024-08-21T14:20:15+00:00,2024,동영상 좀 올릴수 있게 좀 부탁 드립니다...그래서 별 세개...,,0,4.9.7,https://play.google.com/store/apps/details?hl=ko&id=com.friendscube.somoim
Google Play,66bdfcac-1acd-4d94-b7c3-7f00ac03ff22,3,2024-08-08T02:33:35+00:00,2024,어플 자체에는 만족하는데 검색할 때 인원제한 검색기능이 있었으면 좋겠어요 서울지역은 말이 소모임이지 100~200명 되는 소모임들이 많아서 50명 이하 소모임만 찾다가 피로해서 자꾸 끄게되네요,,0,4.9.7,https://play.google.com/store/apps/details?hl=ko&id=com.friendscube.somoim
Google Play,aaea2ef5-7b8b-44ce-af8a-94bf3020c672,1,2024-08-07T10:12:08+00:00,2024,"아무리 허접 공짜앱이라해도 기본기능은 있어야되는거아닌가? 자꾸 원치도 않는데서 초대 계속알림오는데, 초대거절기능은 기본으로 있어야하는거 아닌가? 진짜 짜증나네..",,2,,https://play.google.com/store/apps/details?hl=ko&id=com.friendscube.somoim
Google Play,b574f43c-ca59-487b-a18c-d8c2587ab512,1,2024-07-31T12:58:53+00:00,2024,"처음 회원가입할 때 업종/직무를 물어보는데, 무직이나 대학생, 군인이 선택할 수 있는 게 없네요... 꼭 직업이 있어야만 소모임 가입이 가능한 건가용...?ㅠㅠㅠ",,2,4.9.7,https://play.google.com/store/apps/details?hl=ko&id=com.friendscube.somoim
Google Play,95526349-e334-46fd-92ba-2f25bc3adfdf,1,2024-07-28T14:04:13+00:00,2024,성차별이 심한 소모임들이 많네요 남성 회원들이 많다는건 알겠는데 대놓고 여자는 오케이 남자는 꺼져 이런식이네요,,2,4.9.7,https://play.google.com/store/apps/details?hl=ko&id=com.friendscube.somoim
Google Play,c7366e09-4228-42c5-997a-223aa9105c0d,1,2024-07-26T01:22:23+00:00,2024,아니 갑자기 서비스 제한됬다면서 모임가입도 못하게하고 메일 암만 보내봐야 문의 답장도 안하고 유령앱도 아니면서 돈은 돈대로 먹고 머하자는거지?,,1,4.9.7,https://play.google.com/store/apps/details?hl=ko&id=com.friendscube.somoim
Google Play,087ad613-d781-461b-b199-82bc5271c508,1,2024-07-23T14:31:04+00:00,2024,운영에 아무 기준이 없다. 완전 지들 멋대로 주먹구구식 운영,,3,4.9.7,https://play.google.com/store/apps/details?hl=ko&id=com.friendscube.somoim
Google Play,1b9551b5-0a84-4946-ae3f-5486ff5172a5,1,2024-07-23T03:24:59+00:00,2024,궁금한게있어서 메일 보내는데 회신은 없네요?,,2,4.9.7,https://play.google.com/store/apps/details?hl=ko&id=com.friendscube.somoim
Google Play,f1195871-e8a8-41a7-ad9e-466b7e679623,1,2024-07-20T19:14:57+00:00,2024,유료 결제해도 기능 작동 안되고 고객센터 연락해도 연락이 안닿아서 환장한다,,2,4.9.7,https://play.google.com/store/apps/details?hl=ko&id=com.friendscube.somoim
Google Play,0b7fe5c1-32f6-4f1c-ac57-97a22f922081,1,2024-07-13T12:28:45+00:00,2024,악질회원및 악성모임으로부터 피해입어도 미퇴출함. 악성회원/모임 방치해 회원 2차피해유발하는 곳. 다른데 알아보셔~~,,2,,https://play.google.com/store/apps/details?hl=ko&id=com.friendscube.somoim
Google Play,45f1fd16-1f40-4426-b281-e1d4c8ee7259,1,2024-07-07T12:36:18+00:00,2024,강퇴 당하면 올렸던 게시글을 삭제할 수 있는 방법이 전혀없네요. 이러면 개인정보는 어떻게 관리하죠?,,0,,https://play.google.com/store/apps/details?hl=ko&id=com.friendscube.somoim
Google Play,0f1f82e2-a10a-4346-8321-f59f52f63d70,1,2024-07-05T06:07:04+00:00,2024,모임만들어 운영하는데 검색이 안되서 유료결제했습니다. 그제야 제 폰에서 '스피치' 검색하면 뜨기 시작했어요ㅡ 근데 제 친구들폰에서는 똑같이 검색했을 때 안뜹니다. 검색서비스도 제대로 안 되면 모임을 어떻게 운영해야 하나요?,,0,4.9.3,https://play.google.com/store/apps/details?hl=ko&id=com.friendscube.somoim
Google Play,a8d8acb8-447c-4ac6-8962-fde382519276,2,2024-06-30T04:03:02+00:00,2024,벙 참여 누르면 사생활보호가 안되요,,0,4.9.2,https://play.google.com/store/apps/details?hl=ko&id=com.friendscube.somoim
Google Play,557ee742-43bf-45db-8ea3-368c8f128c83,1,2024-06-22T01:25:55+00:00,2024,원래도 별로였지만 오늘 업데이트된것도 별로네요 1.글씨체 못생기고 자간 넓어짐 2. 복붙 있는 그대로 안됨 (덩어리로 복붙되서 띄어쓰기 줄 바꾸기 해야함) 3.클립보드 사용불가 4. 첫행 줄바꾸기 해도 노출됨,,5,4.9.1,https://play.google.com/store/apps/details?hl=ko&id=com.friendscube.somoim
Google Play,bf24378a-8196-48a2-829b-69777a4d0aa4,2,2024-06-20T08:00:14+00:00,2024,"모임 검색할때 한정된 지역만 나오게 해주세요. 옆동네, 다른 지역 모임도 다 뜨니까 정신없고 찾고 싶은 모임 찾기도 쉽지않아요",,1,4.9.1,https://play.google.com/store/apps/details?hl=ko&id=com.friendscube.somoim
Google Play,7f74e99c-9351-4e7a-8b65-0a650bc9dc0b,1,2024-06-17T09:14:53+00:00,2024,"어플 1대1 문의기능 없음, 벙개설후 벙 채팅방 끊김(누락)현상발생, 해결책이나 기타 사항등을 안내받을수없음.",,1,4.9.0,https://play.google.com/store/apps/details?hl=ko&id=com.friendscube.somoim
Google Play,286bd495-f7a5-4a44-998d-e6a7b1f6cf52,1,2024-06-17T02:23:21+00:00,2024,서비스 이용이 제한된 회원입니다. 이 팝업 왜 뜨나요? 상당히 불편하네요 사유도 없이 마음대로 제한하나요?,,1,4.9.0,https://play.google.com/store/apps/details?hl=ko&id=com.friendscube.somoim
Google Play,fb2ca9c0-03b1-4284-9a9d-d78b6bd67da7,2,2024-06-14T06:23:31+00:00,2024,지역을 설정해도 서울이나 사람이 많은 추천 모임부터 보여줘서 내가 관심이 있는 모임을 찾기가 너무 어렵네요,,0,4.9.0,https://play.google.com/store/apps/details?hl=ko&id=com.friendscube.somoim
Google Play,8abeb253-f010-4b08-862d-bc5a7aa7a593,2,2024-06-09T10:48:24+00:00,2024,모임 선택 시 게시판으로 넘어가는 문제 해결해주세요 내모임 선택 시 홈으로 갈 수 있게끔 변경 부탁이요!!!,,0,4.9.0,https://play.google.com/store/apps/details?hl=ko&id=com.friendscube.somoim
Google Play,dcb36878-4861-4d31-86f9-ae90fc748e74,1,2024-06-06T02:33:02+00:00,2024,"요청한 사항들은 개선이 안되고 불필요한것들만업데이트되어 더 혼란스럽습니다. 정모참누르고 자동 방개설 입장방법이 홈화면 이동했다가 가는게 너무번거롭습니다. 정모 참서과, 취소시 알람이 모임장을 제외한 운영진에게만 가는것도 개선이 필요합니다 모임장도 운영진에 일원이니까요",,25,4.9.0,https://play.google.com/store/apps/details?hl=ko&id=com.friendscube.somoim
Google Play,418df687-c567-4ada-8c1c-240ba111c191,1,2024-06-03T22:54:51+00:00,2024,번호 인증이 안되어 앱 사용 안됨,,0,4.9.0,https://play.google.com/store/apps/details?hl=ko&id=com.friendscube.somoim
Google Play,355aa631-f3cd-4473-9e21-81c1c0ad7bc0,1,2024-06-01T01:32:18+00:00,2024,소모임에 가입 되 있는데 언제부턴가 채팅이 늦게.올라오고 또한 다른 기기는 되는데 핸드폰은 안되고 다시 깔았더니 인증번호도 안오고 답변 부탁해요,,0,4.9.0,https://play.google.com/store/apps/details?hl=ko&id=com.friendscube.somoim
Google Play,c3e5222a-8f63-480f-8666-131ec2ac53b8,1,2024-05-29T01:37:41+00:00,2024,채팅방 이모티콘 구림. 답장기능 없어서 바로 대화않고 시간지나 댓글하려면 다른사람글 중간에 끼면 무슨말에 대답하는지 알수없음. 한마디로 챗팅도 어려움. 데탑용 앱 없음. 여러디바이스 다중로그인 안됨. 동영상 업로드불가. 방개설하려면 월사용료 내야하는데 앱 수준은 너무 바닥이지 말입니다. 너무한거 아닌가 싶네요.,,5,4.9.0,https://play.google.com/store/apps/details?hl=ko&id=com.friendscube.somoim
Google Play,6722661d-ebd9-4332-b68d-a4de970c52e9,2,2024-05-24T22:47:12+00:00,2024,알림이 뜬건 보이는데 정작 들어가면 대화나 사진이 볼 수가 없어 해결책 좀 알려줘요,,0,4.9.0,https://play.google.com/store/apps/details?hl=ko&id=com.friendscube.somoim
Google Play,b026ca7f-d150-4a05-8dbe-490ae58d7523,3,2024-05-24T00:26:47+00:00,2024,시간 수정은 왜 안되나요? 또 벙마다 채팅방 만들수있는 기능이 있었으면 좋겠습니다. 하나하나 태그해서 전달해야하는거 불편해요...,,0,4.9.0,https://play.google.com/store/apps/details?hl=ko&id=com.friendscube.somoim
Google Play,1f7480bf-afd0-4aaf-bcd5-293c3821f6f4,1,2024-05-23T06:33:56+00:00,2024,업데이트 이후 채팅방이 계속 재입장되네요 수정부탁드려요,,0,4.9.0,https://play.google.com/store/apps/details?hl=ko&id=com.friendscube.somoim
Google Play,db46ca7f-f8d9-456b-a3ab-95026344d925,2,2024-05-16T11:06:00+00:00,2024,다 좋은데 전화기능이 없어서 아쉬워요,,0,4.9.0,https://play.google.com/store/apps/details?hl=ko&id=com.friendscube.somoim
Google Play,9b5b6728-90e2-4499-9e39-f40a0c770e6b,1,2024-05-10T08:00:15+00:00,2024,번호인증 문자 안 오네요,,0,4.8.9,https://play.google.com/store/apps/details?hl=ko&id=com.friendscube.somoim
Google Play,76f11713-b4f8-455c-a2af-0d8f75f391f4,3,2024-05-10T07:59:24+00:00,2024,알림을 다 껐는데 왜 자꾸 소리가 나는 겁니까,,0,4.8.9,https://play.google.com/store/apps/details?hl=ko&id=com.friendscube.somoim
Google Play,80b4c234-be93-4dd5-a31b-bc751a8b315a,1,2024-05-09T12:44:42+00:00,2024,"초대 거부 불가능, 초대받은 모임 거절 못함, 어처구니 없는 과금 유도",,0,4.8.9,https://play.google.com/store/apps/details?hl=ko&id=com.friendscube.somoim
Google Play,e9c14835-9105-4231-8d27-b23315f4bfe2,3,2024-05-07T12:03:57+00:00,2024,커뮤니티 게시판같은게 부실,,0,4.8.9,https://play.google.com/store/apps/details?hl=ko&id=com.friendscube.somoim
Google Play,100f70dc-5baf-4483-a993-30c571e778e3,3,2024-05-02T00:48:07+00:00,2024,"모바일로 소모임 어플에 들어가니까, 서버연결에 오류가 있다면서 참여인원과 그룹멤버리스트가 안뜹니다. 오류 수정해주시면 감사하겠습니다",,0,4.8.9,https://play.google.com/store/apps/details?hl=ko&id=com.friendscube.somoim
Google Play,1fceb322-882f-44f4-917c-0aa744aa0600,2,2024-04-29T10:49:33+00:00,2024,아직 모르겠습니다,,0,4.8.8,https://play.google.com/store/apps/details?hl=ko&id=com.friendscube.somoim
Google Play,cb20fd47-9a0c-4310-ab74-3368dae41c50,1,2024-04-29T09:54:05+00:00,2024,모임 결제 했는데 프리미엄 이용권이 적용이 안됩니다 얼른 조치 바랍니다.,,0,,https://play.google.com/store/apps/details?hl=ko&id=com.friendscube.somoim
Google Play,26603061-6e73-4791-849c-01894c6a9ad2,1,2024-04-23T03:39:39+00:00,2024,모임운영자입니다 몇년동안 잘운영했으나 올초개편되면서 노출이 전혀안되고 있어 모임이 사라질려고 합니다 첫째 클래스노출이 전혀 안됩니다 일반모임보다 더많이 과금되는데도 맨마지막으로 카테고리가 간이유가 무엇입니까? 이정도면 클래스운영자들에게 사과하고 전체환불해주셔야하는거 아닙니까? 돈더내고 혜택은 없고 도무지 이해하기 힘듭니다 둘째 활동많이한 모임이 첫메뉴로 뜨는데 대화나 글이 올라오면 모임노출이 위로 올라가긴하지만 빛의 속도로 내려갑니다 얼마나 활발히 활동해야 메인노출이 계속될지 모르겠으나 거의 초단위 분단위로 바뀌는데 노출의 이득을 볼 모임이 과연있기나 할런지... 차라리 당일정모 모임이나 노출하는게 나을거 같습니다 당일정모 카테고리가 있긴하나 요즘 누가 귀찮게 수많은메뉴를 눌러가며 찾는 사람이 있을까요? 셋째 소모임 이용자들이 현저히 줄어드는것이 느껴집니다 이제는 일괄초대도 관심분야말고 랜덤으로 초대하도록하면 좋을것 같습니다 일년내내 관심분야 초대해봐야 똑같은 사람뿐입니다,,2,4.8.7,https://play.google.com/store/apps/details?hl=ko&id=com.friendscube.somoim
Google Play,df7a16db-3932-4de7-84ad-38aa58028969,3,2024-04-13T06:45:48+00:00,2024,환불해주세요 14일결제되야하는데 13일에나갔고 오늘 결제됐으니 취소요청,,0,,https://play.google.com/store/apps/details?hl=ko&id=com.friendscube.somoim
Google Play,059ee37b-bbaf-4b7c-9a6a-11e5f0fd9b66,2,2024-04-13T00:22:27+00:00,2024,"신고 버튼 추가해주세요, 해당 모임에서 단톡을 만들어 저에게 잘못을 만들고 여지도 없이 기준 상하는 말을 계속 하고 회비를 냈는데 경고도 없이 강퇴시켰습니다 돈도 날리고 기분도 상하네요!",,0,4.8.7,https://play.google.com/store/apps/details?hl=ko&id=com.friendscube.somoim
Google Play,c1caaf72-e35a-4477-b855-39defe5a3e2b,1,2024-04-07T11:12:23+00:00,2024,별로에요.,,0,4.8.2,https://play.google.com/store/apps/details?hl=ko&id=com.friendscube.somoim
Google Play,a702c676-d8c2-4869-8072-463f3e7e568f,2,2024-04-04T03:39:11+00:00,2024,게시글 알람을 꺼도 게시글 알람이 계속 옵니다,,1,4.8.4,https://play.google.com/store/apps/details?hl=ko&id=com.friendscube.somoim
Google Play,1f81485c-c82a-49c9-85de-8fabb8d5abea,1,2024-04-03T03:01:04+00:00,2024,프리미엄 유저인데 자꾸 무료만되고 프리미엄 모임 개설이 안돼요 고객센터도없고 메일 답변도 없으면 고객 응대는 어떻게 하시나요? 월 정기권 끊고 프리미엄 모임 개설이 안돼서 어플도 지웠다 설치해보고 모임 지웠다 다시 개설해도 안됩니다. 답변 주시던지 끊은 그정기권을 환불해주시던지 해결해주세요,,0,4.8.6,https://play.google.com/store/apps/details?hl=ko&id=com.friendscube.somoim
Google Play,b7a2a510-8431-4355-8765-5b9cf8b22c30,3,2024-03-27T10:46:57+00:00,2024,다른 모임 초대 안 오게 설정버튼 좀..ㅎ,,0,4.8.6,https://play.google.com/store/apps/details?hl=ko&id=com.friendscube.somoim
Google Play,8739f13e-7fb8-4a50-b5bd-fc947bddeaff,1,2024-03-25T08:49:00+00:00,2024,운영진 개싸가지 없어서 지웠습니다.,,1,,https://play.google.com/store/apps/details?hl=ko&id=com.friendscube.somoim
Google Play,bbcb2680-e7fb-4e4e-b465-07243c6afa1e,1,2024-03-21T15:40:44+00:00,2024,어플 삭제했다가 다시 설치할 때마다 휴대폰인증과 회원가입을 다시 해야하는 점이 매우 불편합니다. 회원제로 운영할 거면 로그인기능이라도 있어야하지 않을까요?,,2,4.8.6,https://play.google.com/store/apps/details?hl=ko&id=com.friendscube.somoim
Google Play,4a4bb042-a7bf-499e-9410-3bbc9fa61c61,1,2024-03-16T03:01:29+00:00,2024,인증번호 안와서 사용 못함,,0,,https://play.google.com/store/apps/details?hl=ko&id=com.friendscube.somoim
Google Play,9005d3df-57f6-46f4-b316-769fcd344136,2,2024-03-14T01:51:34+00:00,2024,"앱 자체는 유용한데.. ux가 별로예요ㅠㅠㅠ 내 모임으로 들어가면 바로 채팅으로 들어가지는 것도 불편하고 검색 엔진도 검색어를 포함하고 있는 모임 이름도 검색 결과에 안나오는게 좀 이상해요. 검색 결과가 터무니 없이 적어서 찾아보면 제가 찾던 모임이 있더라구요. 내가 사는 곳, 직장 근처 지역 모임도 모아서 보고싶은데 어디서 볼 수 있는지 모르겠어요. 이런 것들이 직관적이지 않아서 전반적으로 어플 사용 경험은 별로입니다.",,24,4.8.4,https://play.google.com/store/apps/details?hl=ko&id=com.friendscube.somoim
Google Play,9861278f-53ae-4509-889e-3ca2be9da0fa,3,2024-03-12T05:51:58+00:00,2024,사진첩 사진들 한번에 좀 삭제할수 없나요? 일일히 하나씩 삭제하는거 너무 불편하네요,,5,4.8.4,https://play.google.com/store/apps/details?hl=ko&id=com.friendscube.somoim
Google Play,911181a7-f0cf-4424-885d-641aa7de47aa,1,2024-03-11T14:28:19+00:00,2024,"사용하기 불편, 개인정보 가리기가 안되어 유출 가능성 있음.",,2,4.8.4,https://play.google.com/store/apps/details?hl=ko&id=com.friendscube.somoim
Google Play,b11a5cc3-7385-4660-9f05-b8309465a30f,1,2024-03-11T05:49:34+00:00,2024,"소모임에 잘 나갔고, 열심히 활동하고 있는데 방장이 저희 모임과 안어울린다고 이유도 없이 강퇴했네요. 강퇴할 때 사유를 조금 더 자세히 적도록 해주시길 바랍니다. 강퇴할 때 방장 맘대로 말고 투표시스템이라도 만들어주시면 좋겠네요.",,3,4.8.4,https://play.google.com/store/apps/details?hl=ko&id=com.friendscube.somoim
Google Play,ef758c6d-aeae-48e1-aaa3-2396127dc4f1,3,2024-03-10T10:22:15+00:00,2024,소모임 운영하고있는 사람 입니다 탈퇴자가 탈퇴하면 다시 못들어 오게 할수 있나요??신입들도 모임장 허락하에 가입할수 있는 기능도 만들어주세요^^,,1,4.8.4,https://play.google.com/store/apps/details?hl=ko&id=com.friendscube.somoim
Google Play,acbc45a7-56e9-425f-9f87-dc6ca8989bdd,2,2024-03-09T00:06:27+00:00,2024,알람 꺼도 체팅이나 게시글 작성할 때마다 푸시알림이 강제로 뜸 딥빡,,1,,https://play.google.com/store/apps/details?hl=ko&id=com.friendscube.somoim
Google Play,2a77a714-3318-418c-8d9a-12eb3d491d41,1,2024-03-08T13:43:32+00:00,2024,"1. 운영진 마음 상하게 했다고 강퇴당하고 어이가 없네요. 만약 너무 마음이 상해서 함께 할 수 없다면 적어도 사전 통보라도 해주고 강퇴하는 게 매너 아닌가요? 이런 부당한 운영진의 권력 남용의 강퇴 부분에 있어 앱 이용자들이 모임이나 모임 운영진을 신고할 수 있고 모임에 패널티가 부가되는 제도가 필요할 것 같습니다. 하루 종일 찜찜하고 나만 겪는 일인가 인터넷 검색해보니, 소모임 앱이 강퇴가 유독 많다는 게시글 보이고, 그래서 리뷰에 남깁니다. 2. 고객센터가 왜 있는지 모르겠습니다. 연락을 해도 답변이 없습니다. 이 부분도 개선이 되었으면 좋겠습니다.",,3,4.8.4,https://play.google.com/store/apps/details?hl=ko&id=com.friendscube.somoim
Google Play,f739b3cd-9a3c-4310-ad7e-21815ff4cbce,1,2024-03-07T03:19:30+00:00,2024,"거주지가 서울과 경기도에 걸쳐잇어서 (사는곳,직장,관심지역) 거주지를 서울로하고 직장위치나 관심지역에 바로옆 경기도로 설정을 해도 서울모임만 검색이 됩니다. 반대로 거주지를 경기도로 하면 경기쪽만 검색이되요 3군데 설정지역 경기서울 가릴거없이 노출되도록 시정해주세요!",,6,4.8.4,https://play.google.com/store/apps/details?hl=ko&id=com.friendscube.somoim
Google Play,a3b4c663-14cc-4694-8c5e-f1dfbb85a533,3,2024-03-06T17:17:11+00:00,2024,서울 전지역 검색도 됐으면 좋겠어요 아님 구별이라도ᆢ너무 동네에 한정지으니까 검색에 한계가 생기네요,,1,4.8.4,https://play.google.com/store/apps/details?hl=ko&id=com.friendscube.somoim
Google Play,ec17832a-3471-420a-bc7a-790eb378b717,3,2024-03-05T12:52:33+00:00,2024,축구,,0,4.8.4,https://play.google.com/store/apps/details?hl=ko&id=com.friendscube.somoim
Google Play,b594f39a-fc3d-48f9-bfc4-d8d7110c874a,3,2024-03-01T23:15:34+00:00,2024,채팅 내 투표 기능 있으면 좋을 거 같아요 또한 정모 채팅방 바로 없어지지 않았으면 좋겠습니다,,0,4.8.3,https://play.google.com/store/apps/details?hl=ko&id=com.friendscube.somoim
Google Play,ad71457b-dd91-4d9d-8f61-dbed8a1c4a6c,3,2024-02-28T02:43:26+00:00,2024,모임 일정을 올리는데 이미지를 선택해서 올린 후에 취소를 하고 같은 날 일덩을 올리면 이미지가 변경이 안되네요 수정 부탁드립니다.,,0,4.8.2,https://play.google.com/store/apps/details?hl=ko&id=com.friendscube.somoim
Google Play,2fd7ccaf-57c0-4e17-b39e-e4f6dec971a1,1,2024-02-16T18:21:37+00:00,2024,제발 업데이트 좀 그만해요..한번 일할거 두 세번씩 하지마요 ㅜ,,1,4.8.2,https://play.google.com/store/apps/details?hl=ko&id=com.friendscube.somoim
Google Play,9366a5aa-cb3b-41d9-a45c-5dc38649b434,3,2024-02-14T04:02:51+00:00,2024,소모임 어플 이용자 입니다 업데이트 하면서 먼가 좋아지는것도 같은데 불편한점들도 있네요~ 모임 개설하고 운영진으로 활동중인데 요즘들어서 탈퇴하는 회윈들 운영진한테 안떠서 불편합니다 1대1 대화창에서 그 회원 클릭하면 가입인사나 게시글이 보였는데 지금은 모임회원에게만 공개된다는 문구가 떠요. 회원인데 왜 안되는거죠? 가끔은 불필요한 업데이트도 있고 잘 이용하던 기능 사라지기도하고 안정적으로 가면 안될까요? 모임마다 나이 제한 있는데 나이제한 설정도 있으면 가입할때 좀더 편할거 같아요 개선 부탁드립니다 이모티콘도 다양했으면 합니다,,18,4.8.0,https://play.google.com/store/apps/details?hl=ko&id=com.friendscube.somoim
Google Play,d81aa90b-4099-464e-ae9c-abe3859b3b51,1,2024-02-13T23:57:02+00:00,2024,DM이 왔는데 어딨는지 찾아갈수가 없음 유료 결제중인데 별 기능도 없고 돈아깝 유저가 많다는게 유일한 장점이고 uiux는 매우 구림,,2,4.8.0,https://play.google.com/store/apps/details?hl=ko&id=com.friendscube.somoim
Google Play,5cc35c31-6812-43d5-aa49-97db4bbedfd1,1,2024-02-07T04:42:47+00:00,2024,"권력남용 하는 모임들 관련 패널티 기능이 필요하다봅니다. 추방전 제대로 된 소통없이 내보내는 모임이 다수인데 간혹 보면 이런 모임이 hot 표기가 붙거나 추천 모임에 올라오는게 진짜 어이가 없네요. 잦은 추방, 추방전 제대로 된 소통없이 내보내는 모임에 대한 패널티 기능 추가 부탁드립니다. 모임장 분들이 다 그런건 아닌데 무책임한 모임장이 다수라 이런 기능 있어야 한다 봅니다!!",,24,4.8.0,https://play.google.com/store/apps/details?hl=ko&id=com.friendscube.somoim
Google Play,52791bea-4491-465c-9bff-1dc97aefaafd,1,2024-02-02T09:09:40+00:00,2024,어플 진짜 초딩이 만드는지 허구헌날 장난질,,2,4.7.8,https://play.google.com/store/apps/details?hl=ko&id=com.friendscube.somoim
Google Play,c6df5d99-0d15-4da9-9c02-6a6fb44c0782,3,2024-01-26T02:07:04+00:00,2024,채팅방 알림이 뜨다 안뜨다 하네요 푸쉬나 무음알림해도 알림이 안떠요 휴대폰 설정의 문제인가요?,,0,3.9.2,https://play.google.com/store/apps/details?hl=ko&id=com.friendscube.somoim
Google Play,9a02c00e-15d1-48a5-84ee-67fe18aac576,3,2024-01-25T04:57:02+00:00,2024,제발 정모 일정 구별로 검색해서 볼 수 있게 해주세요. 용산구 모임 정모 참석하려는데 구별로 검색이 안되니 다 읽어야 하자나요ㅜ 문토 어플 보고 배워서 편의성 좀 높여주세요ㅜㅜ,,2,4.7.8,https://play.google.com/store/apps/details?hl=ko&id=com.friendscube.somoim
Google Play,9947fa67-bead-44e4-a86d-d131fec9c31f,3,2024-01-20T00:33:52+00:00,2024,잘 사용했는데 갑자기 최근에 모든 모임에서 채팅이 안되기 시작했습니다. 다시 깔아도 봤는데.. 다른 분들은 다 되는 것 같던데 저만 채팅이 안되네요..,,1,4.7.7,https://play.google.com/store/apps/details?hl=ko&id=com.friendscube.somoim
Google Play,688142f1-7b56-4821-a65e-b80164b53f5e,3,2024-01-16T14:29:16+00:00,2024,귓속말택 할때 이모티나 사진이 노출되어 버립니다. 자소서 사진수정이 불가한거 또한 불편합니다. 인터페이스는 왜 자꾸 바꿔서 엉망진창 헤매게 만들고 엉성하게 자꾸자꾸 바꿔대는데 이걸 익숙해지기전에 또바뀌고 프로필사진 바꿔도 채팅창 사진댓글 모임사진 프사가 제멋대로 입니다. 제발 모임 탈퇴하면 내정보도 같이 없어지게 해주세요. 계속남아 있는거 영 찝찝해요.,,12,4.7.7,https://play.google.com/store/apps/details?hl=ko&id=com.friendscube.somoim
Google Play,9c874583-4fbd-4e4a-88cf-3eb1b0b76e46,3,2024-01-15T09:50:15+00:00,2024,"사진 업로드 시, 90도 자동회전되어서 세로로 등록되는 오류. 조치 부탁드립니다.",,1,4.7.7,https://play.google.com/store/apps/details?hl=ko&id=com.friendscube.somoim
Google Play,35f079a1-6c6a-4467-8af6-a90fefd51878,1,2024-01-10T11:45:41+00:00,2024,모임 노출도 안되고 고객센터 문의해도 처리도 안해주고 환불도 안해주고 모르쇠로 일관하고 돈 버니까 배불렀나보네요 최악의앱입니다!!!,,4,4.7.7,https://play.google.com/store/apps/details?hl=ko&id=com.friendscube.somoim
Google Play,46811095-f357-4dbc-8f27-20816a59e1b8,1,2024-01-10T05:57:10+00:00,2024,그만 좀 UI변경하세요 어지러울 지경 좀 한번에 최대한 연구하고 정리하고 가다듬어서 업데이트를 해야지 UI는 신중을 기해서 변경했으면 좋겠어요 어떻게 한달에 한번 꼴로 변경이 됩니까...,,5,4.7.5,https://play.google.com/store/apps/details?hl=ko&id=com.friendscube.somoim
Google Play,e74a5526-ab3b-4cc6-b04a-816c0bb3fa09,3,2024-01-10T04:19:25+00:00,2024,이용자가 많은듯해 좋긴한데 알람을 꺼놔두 자꾸 알람이 오네요 수정좀 채팅창에 내용이 쌓엿을때 젤 아래로 갈수잇게도요. 마지막까지 계속 스크롤 내려야대요 너무 불편 ㅠ,,2,4.6.9,https://play.google.com/store/apps/details?hl=ko&id=com.friendscube.somoim
Google Play,bc01586b-f66a-447e-9f65-48dc3ecd8614,2,2024-01-06T04:04:33+00:00,2024,제발 초대할 때 남 녀 구분 좀 !!!!!,,2,4.7.5,https://play.google.com/store/apps/details?hl=ko&id=com.friendscube.somoim
Google Play,438ba504-831e-4a6d-ae32-acaf2e2b2568,1,2024-01-05T15:06:07+00:00,2024,뭔가 바뀔려고 드디어 업데이트를 자주하네요. 근데 바뀔때 마다 불편하네요. 아래 하단 검색 탭 누루면 키보드가 보이네요. 에휴 그 이후 다른 버튼 누루기 불편하네요.,,34,4.7.6,https://play.google.com/store/apps/details?hl=ko&id=com.friendscube.somoim
Google Play,9bcc0420-db2c-40b7-a022-427ebfae33f1,3,2024-01-04T02:16:45+00:00,2024,모임장 강퇴자 제한수좀 확 풀어주세요 유령회원들 관리가 힘들어요,,0,4.7.5,https://play.google.com/store/apps/details?hl=ko&id=com.friendscube.somoim
Google Play,3cfd2f5a-4f46-444e-8acc-831fb27d217e,1,2023-12-28T13:22:02+00:00,2023,전에 프리미엄 결재 했던게 어플 안써서 까먹고 있었는데 자동으로 그냥 되버려서 결재 되자마자 바로 취소하고 환불 요청했는데도 환불도 안해주네 양아치들인가 그날 하루 쓴거로 치더라도 날짜에 따라 차등 환불이라도 해주던지,,2,4.7.4,https://play.google.com/store/apps/details?hl=ko&id=com.friendscube.somoim
Google Play,f0337a72-1e5d-4c57-aa0f-d47c1ed5668d,1,2023-12-28T00:48:29+00:00,2023,프리미엄 유저 입니다. 소모임으로 소모임 기능 하기에는 너무 부족해서 별도 카페느 카톡등을 또 사용해야 합니다. 여기는 모집이나 가입용으로만 사용되니 다소 기능이 아쉽습니다. 현실적으로 필요한 메뉴들이 있어야 할듯 합니다.,,4,,https://play.google.com/store/apps/details?hl=ko&id=com.friendscube.somoim
Google Play,2336a455-9d46-4c2a-9e57-5c9003d1ee9e,2,2023-12-25T18:49:21+00:00,2023,글씨에 색깔 넣을수 없나요?,,0,4.7.4,https://play.google.com/store/apps/details?hl=ko&id=com.friendscube.somoim
Google Play,d666712e-d5c9-45a6-b147-bf84275d6423,3,2023-12-23T10:37:38+00:00,2023,구미지역에는 매듭만드는게 넘 없네요ㅜ 그래서 별점을3개줬네요,,0,4.7.4,https://play.google.com/store/apps/details?hl=ko&id=com.friendscube.somoim
Google Play,5881ef57-02dd-4b0c-b530-c5c3a788349c,1,2023-12-22T03:32:52+00:00,2023,정모를 만들때 원하는 사진이 업로드가 안됩니다. 계속 특정사진만 계속적으로 보이는데 관리 똑바로 해주세요,,0,4.7.4,https://play.google.com/store/apps/details?hl=ko&id=com.friendscube.somoim
Google Play,e7447013-cf35-4ec5-be6c-f461378b1344,1,2023-12-19T17:52:59+00:00,2023,운영진입니다 전혀 소모임이 검색도 안되고 노출도안되는데 환불조치도 않고 살려두는건 돈때문일까요? 사용못하게 해놓고 왜 환불안해주시고 그냥 두실까요? 그리고 미리 어떤사유로 이렇게 되었다라는 공지도 없이 그냥 갑자기 처리해버리는건 이런상황에 누가 결재를 했을까요?,,2,4.7.4,https://play.google.com/store/apps/details?hl=ko&id=com.friendscube.somoim
Google Play,7d444010-8f20-4a36-86a9-6875c355bccb,2,2023-12-17T06:16:33+00:00,2023,정모 올리면 시간 수정 가능하게해주세요. 잘못올리면 다시 삭제 후 올리는게 번거롭네요.,,1,4.7.4,https://play.google.com/store/apps/details?hl=ko&id=com.friendscube.somoim
Google Play,c898a410-11a7-48ef-8881-64ef9d8d975f,3,2023-12-14T07:59:12+00:00,2023,이모티콘 자주 업데이트 되면 좋겠습니다 제가 어플을 몇년사용한 유저인데요 동영상도 채팅창이나 사진첩이나 공유되면 좋겠어여 게시글에 수정할때 사진도 수정가능했으면 좋겠어요,,0,4.7.3,https://play.google.com/store/apps/details?hl=ko&id=com.friendscube.somoim
Google Play,b5f1c692-955b-4251-8909-e830aa1d0495,3,2023-12-13T01:24:33+00:00,2023,알림이 늦고 모임개설이 4개밖에 안돼서 불편합니다. 이메일로 건의드렸는데 혹시 확인해주셨을까요?,,0,4.7.4,https://play.google.com/store/apps/details?hl=ko&id=com.friendscube.somoim
Google Play,3da7451c-ac0f-476e-b5fa-b5d023569423,1,2023-12-12T10:38:00+00:00,2023,초대거부해놓는 기능좀 만들자 !!!!내가 가입한모임알람만 받고싶은데 시도때도없이 원치않는 초대알람이울려서 스트레스받는다진짜,,6,4.7.4,https://play.google.com/store/apps/details?hl=ko&id=com.friendscube.somoim
Google Play,6c172176-28a9-4162-863a-9f63fbbfc117,3,2023-12-09T23:36:12+00:00,2023,소모임 뒤로가기 종료가 안되네요,,0,4.7.3,https://play.google.com/store/apps/details?hl=ko&id=com.friendscube.somoim
Google Play,95496cc2-9f5f-4660-b044-f2c05bd7ec2d,1,2023-12-08T23:20:51+00:00,2023,글에 사진 첨부하면 화질 실화?,,0,4.7.3,https://play.google.com/store/apps/details?hl=ko&id=com.friendscube.somoim
Google Play,477709b7-decd-4621-9d97-c529de114f18,2,2023-12-08T12:10:03+00:00,2023,메세지 팝업 무음인데 계속 화면 켜지는거 너무 짜증나요,,0,4.7.3,https://play.google.com/store/apps/details?hl=ko&id=com.friendscube.somoim
Google Play,5914ffd2-78ff-4b7b-84b1-3f84a50bbfa6,1,2023-11-20T02:43:50+00:00,2023,자동결제 취소 해주세요...메일을 보내도 답장도 안해주시고,,1,4.7.2,https://play.google.com/store/apps/details?hl=ko&id=com.friendscube.somoim
Google Play,ade3fb3e-3757-42db-95e5-1507022c8bea,1,2023-11-19T06:25:16+00:00,2023,소모임 초대 거부 기능좀 해주세요 무분별한 초대 때문에 스트레스 받네요 그리고 운동.취미.기타 배움이나 이런모임 아니면 정신병자 소굴이니 참고하세요 정상인 찾기 매우 힘듭니다,,2,4.7.2,https://play.google.com/store/apps/details?hl=ko&id=com.friendscube.somoim
Google Play,893c16ed-c70a-4c92-a590-b93267a5fe41,3,2023-11-18T13:21:43+00:00,2023,"프리미엄 유저입니다. 앱 자체가 불안정한 점이 몇개 있어요. 1. 당장 신규회원이 들어와서 채팅창에 인사를 하신 게 알람으로 떴는데, 제가 다른 화면을 보고 있어서 모바일 알람은 끄고 다시 들어갔는데 채팅이 안 떠 있습니다.. 2. 그리고 모임장이 게시글을 쓰면 공지가 아니더라도 모든 게시판 상단에 떴다가 새로고침하면 시간 순으로 다시 내려갑니다.. 3. 홈화면 게시글 노출은 최신글 1개가 노출되어야 하는데 모임장글만 노출이 됩니다.. 개선부탁드려요",,19,4.7.2,https://play.google.com/store/apps/details?hl=ko&id=com.friendscube.somoim
Google Play,99b5ba6b-7d62-4880-8a8c-266731d6d85d,2,2023-11-17T05:00:32+00:00,2023,"이 어플 사용에 회의적입니다. 모임마다 다르긴 하죠. 서울에서 운영중인 독서모임 중에 ㄴㅅ라는 모임은 모임장이 8개월 넘게 봐왔으면서 트집 하나 잡아서 강퇴시키더군요. 강퇴 권한이 모임장에게 있으니 본인 마음에 안 들면 강퇴하는데, 한번 강퇴당하면 다시 가입을 못하니 혼자 속만 앓습니다. 대화도 없이요. 인간관계도 8개월 동안 쌓았던 거 다 자르구요. 모임 어플 측에선 이러한 부분에 대해 고치려는 생각이 없어 보입니다. 인터넷 블로그 보면 이 문제로 상처 받고 소모임 어플 탈퇴하는 분들이 많은데요. 물론 그 모임장 성격이 이상하고 독단적이라 생각할 수 있지만, 이러한 시스템을 개선해주지 않는 소모임 측 문제도 있다고 생각합니다. 어플 운영을 통해 이윤을 취하면 그러려니 합니다. 프리미엄 회원 등으로 얻는 이익이 있을 테니까요. 그런데요. 인간적으로 대우 받지 못하는 데서 사람에 대한 실망감을 준다는 것. 그것을 방조하는 데서 오는 사회적인 불이익은 고려치 않는 것 같아, 실망이네요.",,0,4.7.2,https://play.google.com/store/apps/details?hl=ko&id=com.friendscube.somoim
Google Play,324fffdc-84aa-4877-911a-7405119d32d8,1,2023-11-13T23:35:12+00:00,2023,PC버전 안 만드는 이유가 뭘까요? 앱 재설치가 안됩니다! 조잡하고 불편해서 개인정보 설정하는 곳도 찾기 힘들 정도 지인 때문에 재설치,,0,3.9.6,https://play.google.com/store/apps/details?hl=ko&id=com.friendscube.somoim
Google Play,a7ed3ea4-ebc1-43eb-b4d4-a18992132edf,3,2023-11-03T03:06:59+00:00,2023,소모임 잘쓰고있는데요.. 1가지 수정좀 해주셨음 좋겠어요ㅜㅜ 게시글올리고 사진추가나 사진삭제후 수정할수있었음 좋겠어여ㅜㅜㅜㅜㅜ사진때문에 게시글 삭제후 다시올려야하는게 너무너무너무너무너무 불편해요😭😭😭😭😭,,0,4.7.0,https://play.google.com/store/apps/details?hl=ko&id=com.friendscube.somoim
Google Play,0065201d-dfdf-43df-a2b1-39ecfefc5596,1,2023-11-02T04:47:52+00:00,2023,최신 업데이트가 왜 이렇게 되었을까요... 홈에서 내 모임 일정 모아보기가 되어서 좋았었는데요... 지금은 관심없는 모임들 모아보기가 나오네요...,,1,,https://play.google.com/store/apps/details?hl=ko&id=com.friendscube.somoim
Google Play,db989a59-4fb3-42d3-b878-e9d0b913b99d,3,2023-11-01T00:23:46+00:00,2023,"모임 개설시 사진 필수 첨부, 모임 입장시 인사말 필수 입력은 이해가 안되네요 ㅎㅎ",,2,4.7.0,https://play.google.com/store/apps/details?hl=ko&id=com.friendscube.somoim
Google Play,18a5d8bd-307a-40b3-8f8c-4a7496313545,3,2023-10-31T10:47:54+00:00,2023,다 필요없고 게시글 내에서 사진 수정 기능 정말 시급합니다! 이건 기본 기능 아닌가요..? 꼭 반영부탁드려요!,,0,4.7.0,https://play.google.com/store/apps/details?hl=ko&id=com.friendscube.somoim
Google Play,4b42e70c-e21e-407a-9b69-5902f9c72304,1,2023-10-31T10:45:25+00:00,2023,새 버젼 불편해요 내 모임을 찾아야하는데 왜 아래 있는지 모르겠네요,,1,4.7.0,https://play.google.com/store/apps/details?hl=ko&id=com.friendscube.somoim
Google Play,3210a178-9533-4097-b09a-362953614703,3,2023-10-30T06:22:20+00:00,2023,"7년간 프리미엄스폰서로 사용한 유저입니다. 전반적으로 잘 사용하고있었으나 최근들어 개선필요한건 개선이안되고 불필요한 기능만 추가되는 것 같습니다. 예전에 나이 제한때문에 개선관련하여 문의드렸을때는 친절히 답변도 주고 수정할부분은 수정해줘서 소통이되는 느낌이었는데, 최근에는 그런것 같지 않아 아쉽습니다. 일례로 최근에 업데이트된 것들 중 아래 항목에 대해 개선 문의를 드렸으나 피드백이 없었습니다. 1. 모임 개설시 사진첨부가 필수인 것 - 선택으로 변경 필요 2. 모임 참가시 채팅방 개설이 자동으로되는데 참가 누를 경우 채팅을 반드시 해야하는 것 - 선택으로 변경 필요 그뿐만아니라 아래 다른 유저분들도 쓰신 내용 상당히 공감되고 개선되어야한다고 생각됩니다. 오늘 업데이트 했는데 개선된건없고 비공개모임 기능(뭔지는 모르겠음) 추가된거보고 안타까워 평가 남깁니다.",,60,4.7.0,https://play.google.com/store/apps/details?hl=ko&id=com.friendscube.somoim
Google Play,705bf858-bb6b-4073-899a-1ada0e17b1fe,3,2023-10-24T02:54:08+00:00,2023,잘 사용하는데 최소한 생년은 실명확인에서 확인된 정보로 표시되었으면 합니다 너무 많은 사람이 거짓으로 설정하는데 문제 있다고 생각합니다,,4,4.6.9,https://play.google.com/store/apps/details?hl=ko&id=com.friendscube.somoim
Google Play,1cfe898a-8187-4f50-8d4a-7e832efe4423,1,2023-10-20T02:14:34+00:00,2023,벙참때 인사말안해도되베해주세요 벙생성때 사진필수아니게해주세요,,1,4.6.9,https://play.google.com/store/apps/details?hl=ko&id=com.friendscube.somoim
Google Play,f86b22e2-f0af-4a50-97f2-e6eb3d5adff8,1,2023-10-16T01:22:21+00:00,2023,모임 검색이안되는데 답장도 없고 해결도 안해주네요 담당자 연락처도 없고 메일회신도 없습니다,,2,4.6.4,https://play.google.com/store/apps/details?hl=ko&id=com.friendscube.somoim
Google Play,7023b50f-6a01-4305-94fc-ba54c6b31294,3,2023-10-15T04:59:40+00:00,2023,도대체 모임참석인사를 왜 하라는거야ㅡㅡ업데이트할때마다 쓸데없는 기능만 계속생기고 경쟁어플나오면 바로 갈아탈사람 많을듯,,3,4.6.8,https://play.google.com/store/apps/details?hl=ko&id=com.friendscube.somoim
Google Play,71164749-1bbc-4e62-bf8b-9bbdf5a729e9,1,2023-10-12T08:53:08+00:00,2023,대체 어떤 놈이 정모 버튼에다 사진 강제로 쳐올리는거랑 참석인사 어거지로 써야 참석되는 기능 만들었습니까?? 인터페이스도 거지발싸개같이 만들어놓더니 점점 더 이상해지네요.,,5,4.6.9,https://play.google.com/store/apps/details?hl=ko&id=com.friendscube.somoim
Google Play,1e4bafa4-8766-46b2-a2f1-1d12def60381,1,2023-10-10T13:06:59+00:00,2023,모임초대 거부기능 만들어주세요ㅠ,,2,4.6.8,https://play.google.com/store/apps/details?hl=ko&id=com.friendscube.somoim
Google Play,60d64661-adb0-4fad-9e38-09246488700c,1,2023-10-10T08:35:03+00:00,2023,여자만나는게 목적이면 깔지마세요. 그냥 고추밭임 ㅋㅋㅋㅋㅋㅋ 여자만 공주대접받고 남자는 푸대접받는 소모임들이 대부분임,,0,4.6.8,https://play.google.com/store/apps/details?hl=ko&id=com.friendscube.somoim
Google Play,7fe37128-8aa1-45da-b016-1b1e5415db66,1,2023-10-08T12:37:57+00:00,2023,뭔 모임에 가입해보세요 하고 계속 알람 날아오는데 이거 끄려면 앱 전체 알람 꺼야함,,0,4.6.8,https://play.google.com/store/apps/details?hl=ko&id=com.friendscube.somoim
Google Play,93d499e3-ad8f-4a19-9fa9-977031a5961b,1,2023-10-06T22:51:16+00:00,2023,돈안지르면 모임노출안됌,,0,4.6.7,https://play.google.com/store/apps/details?hl=ko&id=com.friendscube.somoim
Google Play,b6d1dacf-255a-422c-bfb5-a808069b3b6e,2,2023-10-06T03:58:12+00:00,2023,업데이트하고나서 복잡해짐ㅜㅜ업데이트안하면 사용불가하고....채팅창에 사진은 올릴수있는데 동영상은 아직 못올리네요.돈 안받는 밴드는 되는데ㅜㅜ,,2,4.6.8,https://play.google.com/store/apps/details?hl=ko&id=com.friendscube.somoim
Google Play,c6b5294f-5c29-46a4-b1f1-dd0375f23615,3,2023-10-06T03:07:43+00:00,2023,나쁘지 않음,,0,4.6.6,https://play.google.com/store/apps/details?hl=ko&id=com.friendscube.somoim
Google Play,cb9e60d3-28e7-46f3-900d-9240c0a3d9bb,3,2023-10-06T03:00:07+00:00,2023,업데이트나 변경 좀 신중하게해요 쓸데없는 변경이 왜이렇게 잦습니까 보는것도 쓰는것도 불편한 변경들..,,2,4.6.8,https://play.google.com/store/apps/details?hl=ko&id=com.friendscube.somoim
Google Play,e917340a-609d-4c29-8861-91912424bc72,1,2023-10-05T23:39:33+00:00,2023,4.6.5 업데이트 후 반짝일정 없어지고 채팅방 이상해짐. 이상하게 소모임어플은 날이 길수록 퇴보하네 이제 반짝일정도 돈내야 할수 있으려나?? ㅋㅋㅋ -------------------- 위 내용 올리자마자 4.6.6 으로 바로 업뎃했던데... 뭐가달라졌는지 제발 설명좀?????? 최소한 반짝일정 어떻게 된건지라도 설명 좀???? ---------------------------- 반짝일정 어디있는지 찾았음. 다시 반짝일정에서 투데이번개로 이름 바뀜. 굳이 몇번의 과정을 거쳐야 볼 수 있게 만들어 놔서 완전 불편함. 일부러 찾아서 보지 않는 이상 채팅방에서는 투벙 떠있는지 알 수도 없음. ------------------------------------------- 결국 예전이랑 비슷하게 돌려놨네? ㅋㅋㅋ 근데 채팅창 오류 엄청남. 태그 알림 한참 뒤에 옴. 만약 지금의 사단이 새로 영입한 사람이 앱 디자인 한 것 때문이면 그냥 그사람이 손대기 전 버전으로 롤백 하기를 바람.,,10,,https://play.google.com/store/apps/details?hl=ko&id=com.friendscube.somoim
Google Play,c8291829-8bcd-42f5-a078-67028fa9c7ce,3,2023-10-05T06:28:21+00:00,2023,기존모임장한테 뜨는 회원탈퇴및강퇴메시지가 안뜨네요?,,1,4.6.7,https://play.google.com/store/apps/details?hl=ko&id=com.friendscube.somoim
Google Play,800da9b8-2d9f-49a6-b995-027511ddf094,3,2023-10-04T07:44:14+00:00,2023,아니 업데이트 할때마다 왜이렇게 불편하게 만드나요? 채팅창 분리를 도대체 왜이렇게 해놓은건가요? 너무 불편 합니다 예전처럼 같이 붙어 있을때가 좋은것 같습니다,,1,4.6.6,https://play.google.com/store/apps/details?hl=ko&id=com.friendscube.somoim
Google Play,9c78c138-f8f7-4b30-8930-9757875fec3c,1,2023-10-03T22:45:21+00:00,2023,재가입시요 전번을 적고 인증을 눌러도 인증번호가 안오구요 아무리 기다려도요 ㅜ 지금은 인증번호요구 횟수가 초과되엇다고 23시간후에 가입가능하다 뜨는데요 ㅜ 왜이리 인증번호 받기가 안되고 힘든걸까요? ㅜ,,1,4.6.7,https://play.google.com/store/apps/details?hl=ko&id=com.friendscube.somoim
Google Play,3215eaad-4894-4f0f-812b-5e68fd25c755,1,2023-10-02T10:38:51+00:00,2023,아니 이번 업데이트..멉니까 투벙창도 겁나 불편하게 해놓고 한번에 클릭할꺼 두세번 클릭하게 하고 직관적이지도 못하고 진짜 이번패치 디자인누가한겁니까 회사 안티인가 직원이,,6,4.6.6,https://play.google.com/store/apps/details?hl=ko&id=com.friendscube.somoim
Google Play,128064cf-70a5-4247-8232-e6a459629380,1,2023-10-02T06:21:00+00:00,2023,이틀째 앱이 안깔립니다..,,0,3.6.9,https://play.google.com/store/apps/details?hl=ko&id=com.friendscube.somoim
Google Play,99345ad6-59e6-4b41-961b-2d1ef2802505,1,2023-10-02T05:44:25+00:00,2023,"업데이트 되면서 너무 불편해졌습니다. 모임 내 게시판, 사진첩, 투데이 벙이 직관적이지 않고 채팅은 뒤늦게 보이기도 합니다. 개선해주세요~~!!!",,1,4.6.6,https://play.google.com/store/apps/details?hl=ko&id=com.friendscube.somoim
Google Play,2ea95389-5300-4c77-b7a9-8c80c712f829,1,2023-10-02T05:22:44+00:00,2023,업데이트를 했는데 왜 더 불편하게 만드신건지 이해가 안됩니다 원레대로 돌려놔주세요,,1,4.6.6,https://play.google.com/store/apps/details?hl=ko&id=com.friendscube.somoim
Google Play,00a15034-5d93-4cc6-9b67-a4122915694a,1,2023-10-02T04:40:18+00:00,2023,진짜 어플 기획 개발 디자인 다 드럽게 못함 못하겠으면 그냥 냅두셈,,1,4.6.6,https://play.google.com/store/apps/details?hl=ko&id=com.friendscube.somoim
Google Play,e364ef31-c9af-4b94-a5c8-d67a01d7deeb,3,2023-10-01T12:52:17+00:00,2023,업데이트 될때마다 더 불편해지는 소모임...굳이,,2,4.6.6,https://play.google.com/store/apps/details?hl=ko&id=com.friendscube.somoim
Google Play,3048fb6e-83cb-477b-9d9b-1906bce807fb,1,2023-10-01T10:55:50+00:00,2023,여기 후불제소개팅 플러팅이라고 있습니다. 김현욱이라는분 조심하세요. 사기당하지마시고요,,1,4.6.6,https://play.google.com/store/apps/details?hl=ko&id=com.friendscube.somoim
Google Play,eb0092f1-03ba-4893-9b66-57ab0b42ef01,3,2023-10-01T02:42:02+00:00,2023,업뎃했더니 이상해졌네요 투벙창도 안뜨고 더 불편해졌어요,,2,4.6.6,https://play.google.com/store/apps/details?hl=ko&id=com.friendscube.somoim
Google Play,28ef7542-47bf-48bb-83c6-32c78410e1d6,1,2023-09-30T12:37:05+00:00,2023,리뉴얼을 뭐 이리 자주하는건질. 개판이네요 개판,,1,4.6.6,https://play.google.com/store/apps/details?hl=ko&id=com.friendscube.somoim
Google Play,15808e8a-2c78-4195-b832-f08bf7a102d3,1,2023-09-30T08:52:46+00:00,2023,아 술마시고 업데이트 했나;;;전체태그나 해달라구여!!,,2,4.6.6,https://play.google.com/store/apps/details?hl=ko&id=com.friendscube.somoim
Google Play,7c406711-2511-4734-8506-61a35558d290,1,2023-09-30T07:08:45+00:00,2023,업데이트 진짜 뭐같이 해놨네,,2,4.6.6,https://play.google.com/store/apps/details?hl=ko&id=com.friendscube.somoim
Google Play,17d11054-99c0-4539-9dc2-38838da076cd,3,2023-09-30T05:32:38+00:00,2023,왜켈 점점 업데이트가 구림? 임티나 업데좀...ㅡㅡ,,1,4.6.5,https://play.google.com/store/apps/details?hl=ko&id=com.friendscube.somoim
Google Play,e1394d32-6c72-4a33-ab27-7d3939ffe377,1,2023-09-30T02:08:57+00:00,2023,반짝일정 다시 살려주세요.,,2,4.6.6,https://play.google.com/store/apps/details?hl=ko&id=com.friendscube.somoim
Google Play,f67ea1fe-2f5d-4215-a170-93ef7d054449,3,2023-09-30T01:53:56+00:00,2023,업데이트 하고 이상해졌어요..투데이번개창도 사라지고..,,2,4.6.6,https://play.google.com/store/apps/details?hl=ko&id=com.friendscube.somoim
Google Play,4178a18c-89bd-4f60-82d6-9067a7b11daf,1,2023-09-29T12:40:16+00:00,2023,갑자기 업뎃을 거지같이 만들어놨나요..ㅡㅡ,,2,4.6.6,https://play.google.com/store/apps/details?hl=ko&id=com.friendscube.somoim
Google Play,f64095d9-5ed1-4043-8af1-227bd40d180f,1,2023-09-29T08:28:03+00:00,2023,이번 업뎃 채팅방 따로 있는거 개불편하네,,2,4.6.5,https://play.google.com/store/apps/details?hl=ko&id=com.friendscube.somoim
Google Play,5b85d7f1-0285-4121-bf93-c5adf45bc21a,3,2023-09-29T07:01:57+00:00,2023,업데이트 후 채팅방에서 반짝일정 사라짐 정모 만들어놓은거 좀 있음 사라짐. 비상이에요 관계자분들..,,0,4.6.5,https://play.google.com/store/apps/details?hl=ko&id=com.friendscube.somoim
Google Play,d831d702-7bbf-4ce4-9a6c-bfd99e974c0c,1,2023-09-29T06:56:51+00:00,2023,업데이트하고 벙을 못올리네요,,2,4.6.3,https://play.google.com/store/apps/details?hl=ko&id=com.friendscube.somoim
Google Play,57d6d3bd-62e3-4dcb-84c4-71d1f1765183,1,2023-09-29T01:44:22+00:00,2023,업데이트 이후 투데이벙이 사라졌습니다 의도적으로 없애신건지 오류인건지 확인부탁드립니다,,3,4.6.5,https://play.google.com/store/apps/details?hl=ko&id=com.friendscube.somoim
Google Play,4ee66d28-009b-4394-b239-2510510198df,2,2023-09-27T03:59:16+00:00,2023,처음엔 흥미로웠으나 남자의경우 모임장이 여미새인지 자신의 생각이랑 틀린지 판단잘하고 어울릴필요는 있다 꾸준히 잘 모이다가 의견불일치하면 그 조직은 모임장 아래로 네트워킹 되기때문에(강퇴권한) 인관관계가 터무니없이 끝나게됨 결국 시간낭비,,1,4.1.5,https://play.google.com/store/apps/details?hl=ko&id=com.friendscube.somoim
Google Play,301926fd-2f14-4391-bc4e-17e844e5d4cc,1,2023-09-25T06:56:08+00:00,2023,폰 바꿨는데 기존 계정으로 로그인을 못 하네,,0,4.6.4,https://play.google.com/store/apps/details?hl=ko&id=com.friendscube.somoim
Google Play,76abacd0-3877-4377-a021-6529be93c8f2,2,2023-09-22T17:02:16+00:00,2023,어떤모임을 신고하고있는데 조치는 되고 있나요?,,0,4.6.3,https://play.google.com/store/apps/details?hl=ko&id=com.friendscube.somoim
Google Play,877ec57a-4531-4637-b5ff-bb833401c0ee,1,2023-09-17T15:38:59+00:00,2023,지금껏 업데이트중 어플내 채팅시 사진 업로드기능이 최악임 데이터와 베터리 소모가 어마한데 별로네요,,1,4.6.3,https://play.google.com/store/apps/details?hl=ko&id=com.friendscube.somoim
Google Play,1eab9b14-6dc9-42e4-b35a-b4dc1d3c9843,1,2023-09-17T04:55:08+00:00,2023,소모임 어플 결제하지마세요 이 어플은 운영자 전화해도 전화안받아요 영자가 제재가 심해요,,1,,https://play.google.com/store/apps/details?hl=ko&id=com.friendscube.somoim
Google Play,639fd6b3-1044-440c-a532-c8d384b0f91b,1,2023-09-14T08:54:59+00:00,2023,폰을 바꿨는데 계정이 사라졌네요 어떻게 해야하죠?,,0,4.6.3,https://play.google.com/store/apps/details?hl=ko&id=com.friendscube.somoim
Google Play,87bec676-8a8b-4e4a-8c0b-ffffd3067757,1,2023-09-12T11:33:39+00:00,2023,돈내는 모임에서 이유없이 강퇴 당해서 신고해도 무의미...운영진은 돈만 받아 먹으면 된다는 생각뿐. 그냥 운영진은 노답인 어플!! 모임장이 기분따라 강퇴 하면 그냥 끝. 소소하게 돈 버실분 모임장 하시고 강퇴하세요,,0,4.5.7,https://play.google.com/store/apps/details?hl=ko&id=com.friendscube.somoim
Google Play,eb767e07-f68f-4100-b0e8-d82ef6f52f28,1,2023-09-10T20:12:04+00:00,2023,진심 보험팔이들 천지인데 관리좀해라 영업어플 그이상 그이하도 아닌수준,,2,4.6.3,https://play.google.com/store/apps/details?hl=ko&id=com.friendscube.somoim
Google Play,98fc19b9-15a9-4565-a499-712cd3e12310,1,2023-09-10T02:28:17+00:00,2023,소모임 결제 하지마세요 운영자가 서버관리도 안하구요 돈 돌려받지 못합니다 그리고 자주탈퇴하면 운영자가 개입해서 접속안되게 막습니다,,1,4.6.3,https://play.google.com/store/apps/details?hl=ko&id=com.friendscube.somoim
Google Play,cba7cc3b-62f7-4a10-8d66-5e53a8347e6e,1,2023-09-08T16:15:10+00:00,2023,첫 화면 인증이 안돼요 여러번 했는데 아무 것도 날라오지 않아서 인증횟스 초과로 결국 회원가입이 막혔네요 ㅜㅜ,,0,4.6.3,https://play.google.com/store/apps/details?hl=ko&id=com.friendscube.somoim
Google Play,ca956262-1c58-4372-94fe-35173330ea6c,1,2023-09-08T02:07:11+00:00,2023,돈떼먹는 인간들있음! 신고해도 조치도없음!,,0,4.5.9,https://play.google.com/store/apps/details?hl=ko&id=com.friendscube.somoim
Google Play,a2e77da8-b1a4-404d-b979-a0797f021553,3,2023-09-06T09:54:30+00:00,2023,채팅방에서 사진 삭제하려 누르면 위탭화면에 삭제버튼이 가려져 삭제불가합니다,,0,4.6.2,https://play.google.com/store/apps/details?hl=ko&id=com.friendscube.somoim
Google Play,b7479c99-e3f9-499d-a5ec-c75c9c400ae1,3,2023-09-05T10:18:50+00:00,2023,출석체크 기능을 좀 만들어주세요. 한달에 몇번 나왔는지 정모참석이력을 보는 기능을 주세요. 제발 몇년째 얘기중입니다.,,5,4.5.7,https://play.google.com/store/apps/details?hl=ko&id=com.friendscube.somoim
Google Play,19349e2c-614c-4658-b23b-6874b97acae4,1,2023-09-03T23:50:54+00:00,2023,강퇴 횟수 제한좀 풀어주세요 비활동 회원들 정리하려고 하는데 주간 강퇴제한 15명 왠말입니까? 170 명 강퇴하는데 반년 걸리겠네. 이게 제한 왜 만든건가요? 잠시라도 제한좀 풀어주세요 ㅡㅡ,,1,4.6.2,https://play.google.com/store/apps/details?hl=ko&id=com.friendscube.somoim
Google Play,150ec6eb-c7cc-4857-9d5e-dd2376494a07,1,2023-09-03T15:51:34+00:00,2023,"유료모임도 활성도 떨어진다고, 모임리스트에서 없애는 개떡같은 어플. 최소한 유료로 구입한 기간에는 활성도 상관없이 띄워줘야하는거 아닌가?",,0,4.6.2,https://play.google.com/store/apps/details?hl=ko&id=com.friendscube.somoim
Google Play,bf77fa7e-3438-4cc3-9c5b-1249c33f8547,2,2023-08-31T11:57:25+00:00,2023,"쓸데없는 업데이트에,돈독오른 없뎃까지 가지가지해라 진짜 왜 프로필보는데,없뎃을 왜 해야하지?",,1,4.5.7,https://play.google.com/store/apps/details?hl=ko&id=com.friendscube.somoim
Google Play,c21d6ca2-6852-49a6-b67c-e2a3813b0d7c,3,2023-08-30T15:06:52+00:00,2023,구별로 소모임 검색 기능 좀 넣어주세요,,0,4.6.1,https://play.google.com/store/apps/details?hl=ko&id=com.friendscube.somoim
Google Play,5f10479a-edea-4708-ad11-d081eb00ed52,1,2023-08-30T12:23:29+00:00,2023,특정 모임에서 초대가 지속적으로 오는데 초대거부 기능하나 없는데 어려운것도 아닌데 8년째 쓰고있어도 업데이트 되는걸 못보네요. 이게 어려운 요청입니까,,0,,https://play.google.com/store/apps/details?hl=ko&id=com.friendscube.somoim
Google Play,340f9f7e-37d4-46f5-8d8f-e8e347914e69,2,2023-08-29T03:45:41+00:00,2023,어플이 사용하기 불편하게 구성되어 있음 어수선함,,1,4.6.0,https://play.google.com/store/apps/details?hl=ko&id=com.friendscube.somoim
Google Play,a6183fc9-0c93-4009-80ba-5e7fda230d5a,1,2023-08-29T01:14:21+00:00,2023,업데이트 너무 자주 있고. 소모임 활용해서 돈벌이하는 사람 넘 많음,,1,4.5.7,https://play.google.com/store/apps/details?hl=ko&id=com.friendscube.somoim
Google Play,7868aadd-3138-49a5-bba5-3e0a9aae6c68,1,2023-08-27T08:01:49+00:00,2023,사진이나 영상 업로드 기능이 없어서 아쉬워요!,,1,4.3.9,https://play.google.com/store/apps/details?hl=ko&id=com.friendscube.somoim
Google Play,bca5a21e-8679-4521-9f1b-dd89432873f9,2,2023-08-25T08:37:24+00:00,2023,알림설정등을 거의강제하다싶이 귀찮게뜸,,0,4.5.9,https://play.google.com/store/apps/details?hl=ko&id=com.friendscube.somoim
Google Play,ef8dd7c1-0441-4be7-845d-82ee8629b305,3,2023-08-24T21:12:04+00:00,2023,소모임 상단 배너 피셀 가로 세로 크기 좀 알려주세요 .,,0,4.5.9,https://play.google.com/store/apps/details?hl=ko&id=com.friendscube.somoim
Google Play,d4b87d62-a39a-42dd-aaac-20066595255e,3,2023-08-23T10:39:51+00:00,2023,아직 잘 모르겠습미다,,0,4.5.9,https://play.google.com/store/apps/details?hl=ko&id=com.friendscube.somoim
Google Play,6d533c72-4f70-4dda-a78a-5331b1cf3d5d,1,2023-08-23T10:01:38+00:00,2023,앱 설치 이후. 인증번호 전송 버튼을 누르면. 아무런 반응이 없습니다. 아예 진입 조차 못하고 있는 상황입니다. 이거 어떻게 해결해야 할지 방안 좀 알려주세요.,,0,4.5.9,https://play.google.com/store/apps/details?hl=ko&id=com.friendscube.somoim
Google Play,5fe1ad91-e4d7-415f-a9b1-5f2abc68bcb8,2,2023-08-17T03:38:05+00:00,2023,채팅창에 사진 첨부기능이요. 사진을 올리면 좌우가 다 짤려요.. 클릭해야 정상 비율로 보입다. 개선 바랍니다.,,0,4.5.8,https://play.google.com/store/apps/details?hl=ko&id=com.friendscube.somoim
Google Play,fd69ef10-fce8-455e-8b6d-c5e406dc62e2,3,2023-08-16T14:48:49+00:00,2023,이 어플보면 정말 인생은 운이라는게 느껴짐. 이정도 수준의 어플이 이렇게 흥할 수 있다는걸 보면.,,0,4.5.8,https://play.google.com/store/apps/details?hl=ko&id=com.friendscube.somoim
Google Play,29a30cdd-c4bb-4642-9698-dd0819b0033b,3,2023-08-15T03:13:36+00:00,2023,기능개선 원합니다! 1️⃣ 모임일정의 참석여부만 있는데 일정에 댓글을 달수있게 해주세요. 2️⃣ 모임멤버를 오름차순정렬로도 볼수있도록 해주세요. 3️⃣ 모임일정 참석 누른순서대로 참석자를 볼수있게 해주세요.,,0,4.5.8,https://play.google.com/store/apps/details?hl=ko&id=com.friendscube.somoim
Google Play,7153a76e-98fb-4263-b815-2b7b8524de9a,3,2023-08-13T15:07:40+00:00,2023,흠 일단 태블릿에서는 정상작동하는데 모바일로는 소모임 채팅이 업데이트가 안되는 오류가 있네요. 안드로이드는 휴대폰/태블릿 동시 사용이 가능한지 확인부탁드립니다~!,,0,4.5.8,https://play.google.com/store/apps/details?hl=ko&id=com.friendscube.somoim
Google Play,6c7c9aa3-b1ba-46b8-8030-ec7de068d695,1,2023-08-08T03:21:46+00:00,2023,업데이트 후 피드 기능 어디갔습니까,,0,,https://play.google.com/store/apps/details?hl=ko&id=com.friendscube.somoim
Google Play,c5392dea-5b57-4259-aa76-9c960468b5b3,1,2023-08-07T13:51:32+00:00,2023,강제로 업데이트 하게 만들고 업뎃 하니 모임 참여 인원만 보이고 참여하는 사람들 프로필은 왜 가린건지..,,0,4.5.7,https://play.google.com/store/apps/details?hl=ko&id=com.friendscube.somoim
Google Play,59c38786-5cc0-4341-b196-11299f2bd714,3,2023-08-06T09:20:13+00:00,2023,"여기도 오래되서 문제가 대부분이 40대다.. 예전에 대부분 20대라서 참여가 활발했었는데, 소모임 하는 이유가 사람만나러가는데건데 유부남 유부녀 또는 돌싱들이 섞여있으니 현타오니까 그만둔다 모임장 하는 사람에게 돈을 주고, 부탁해야하는데 모임장이 오히려 돈내고 희생하니까 희생을 싫어하는 2030 MZ에 대한 이해가 부족한듯 싶다. 그래도 소모임이 아이템은 좋으니, 모임장 희생이 아닌, 혜택으로 변경하지않으면, 2030들은 더이상 오지않을듯 하다.",,0,4.5.7,https://play.google.com/store/apps/details?hl=ko&id=com.friendscube.somoim
Google Play,daa5f794-5c2c-483a-907a-4ebfc8751aeb,1,2023-08-06T06:45:35+00:00,2023,업뎃하니깐 정모 참여자 숫자만 보이던데 명단은 왜 가리신거에요??,,3,4.5.7,https://play.google.com/store/apps/details?hl=ko&id=com.friendscube.somoim
Google Play,cb35fe88-e65e-40ea-b49d-7cff5b85ac19,1,2023-07-28T13:21:29+00:00,2023,최악의 경험. 지들끼리끼리 만나는 집단. 아무짓도 안했는데 남자 꽊꽊 찼다고 지들 멋대로 추방함,,2,,https://play.google.com/store/apps/details?hl=ko&id=com.friendscube.somoim
Google Play,f837a00c-bbe1-4535-964c-ddade0350bd3,1,2023-07-26T12:09:02+00:00,2023,와 2015년 가입해서 나름 쏠쏠히 모였었는데..어플이 완전쓰레기가 되어버렷네 ㄷㄷㄷ 돈도 벌만큼 벌었을텐데..어쩜 이리 투자를 안하나 . 그래도 다들 낚여서 어뜨케든 남친여친 만들어보겠다고 돈 꼴아박겠지? 대한민국 만세다. 진짜.,,1,4.5.6,https://play.google.com/store/apps/details?hl=ko&id=com.friendscube.somoim
Google Play,5c10f12c-5ff8-44d8-857b-131fd8ec467e,3,2023-07-25T05:25:10+00:00,2023,"모임 딱30일 운영후 바로 올스톱. 채팅창, 게시판, 정모글 전면 사용금지. 더쓸려면 돈내고 해라.",,5,3.8.6,https://play.google.com/store/apps/details?hl=ko&id=com.friendscube.somoim
Google Play,80458aae-e5d2-4351-b2ba-1effd67841d4,2,2023-07-19T12:56:25+00:00,2023,신천지 개많음,,0,4.5.6,https://play.google.com/store/apps/details?hl=ko&id=com.friendscube.somoim
Google Play,d42042bc-86f0-4682-b1ca-0d614a77424f,1,2023-07-19T12:56:15+00:00,2023,주소가 없어서 아예 들어가지 못하고있네요,,0,4.5.6,https://play.google.com/store/apps/details?hl=ko&id=com.friendscube.somoim
Google Play,94d34ebc-6bbd-41bf-baf4-9bef030c89d6,1,2023-07-19T07:09:29+00:00,2023,"업데이트 도대체 왜한건지 화가납니다 모임두개를 하나는 클래스쪽, 하나는 일반모임쪽에 운영중인데 업데이트후 클래스챕터가 없어지고 배너로 들어갔네요 누가 두세번 클릭해서 들어가나요~~ 거의다 추천모임만 보는데.... 추천모임엔 클래스모임 노출도가 없거나 차별화가없으니 돈더내고 빰맞는격 아닌가요? 클래스모임은 비용을 더 지불하고 운영중인데 그럴이유를 모르겠습니다 클래스운영자들에게 추천에 더 잘 뜨게한다던지 비용을 동일하게 하던지 이렇게 할거면 클래스구독권 환불해 주고 일반모임과 동일하게 적용하던지 해야하는거 아닌지 모르겠네요~",,4,,https://play.google.com/store/apps/details?hl=ko&id=com.friendscube.somoim
Google Play,ba95a623-81e0-4150-88ae-8b9bbd216006,1,2023-07-16T11:53:23+00:00,2023,왜자꾸업데이트안하면 못쓴다고 거짓말함??,,0,4.3.9,https://play.google.com/store/apps/details?hl=ko&id=com.friendscube.somoim
Google Play,da0f8bb5-abc6-4305-b786-7de31c5c72a0,3,2023-07-16T04:39:33+00:00,2023,클래스모임 비용에 비해 광고효과가없음. 그외는 괜찮아요,,2,4.5.6,https://play.google.com/store/apps/details?hl=ko&id=com.friendscube.somoim
Google Play,b8aee2ac-2ee0-401b-975f-d8ed0678111a,1,2023-07-14T16:45:46+00:00,2023,개나 소나 잡모임에서 초대 오는데 거부 하는 방법은 아무리 찾아도 없어,,0,4.5.3,https://play.google.com/store/apps/details?hl=ko&id=com.friendscube.somoim
Google Play,e3ccc030-b123-451d-b107-69a4ca2e5b52,2,2023-07-14T09:26:59+00:00,2023,"소모임은 컨텐츠는 좋으나 유저와의 소통부재와 더불어 직관적이지 않은 어플 구성등 뭔가 깔끔한듯 하면서도 아마추어같은 어플임. 패치를 했으면 어플 내에서 패치를 어떻게 했는지, 사용을 하려면 어떻게 해야하는지 등 뭔가 친절한 안내가 있어야 하는데 내가 못찾는건지 도통 찾아 볼수가 없다. 사진첩에 올리는 사진도 순서를 정할 수도 없고 귓속말 기능은 유료인 것에 매우 놀랍다... 이익 창출 해야 하는 것 이해 되나 이익창출 구조에 대해서는 다시 한번 생각해보시길;; 현대차 옵션질과 비견될 정도로 어이없는 이익구조임",,43,4.5.6,https://play.google.com/store/apps/details?hl=ko&id=com.friendscube.somoim
Google Play,660b2f47-a698-4697-8c63-62d0449efa21,1,2023-07-14T09:02:09+00:00,2023,업데이트 너무자주하네요,,0,4.5.6,https://play.google.com/store/apps/details?hl=ko&id=com.friendscube.somoim
Google Play,79570fe6-88b4-4234-a22e-5f3f4fd6d93a,1,2023-07-13T07:39:56+00:00,2023,"왜 탐색창에서 새로운 소모임 검색이 하나도 안되죠....? 검색도 안되고, 카테고리를 눌러도 아무것도 안뜨고 모임만들기 버튼만 뜹니다.",,0,4.5.6,https://play.google.com/store/apps/details?hl=ko&id=com.friendscube.somoim
Google Play,b4541ac2-db5d-43b1-ad88-4d389d70f05a,3,2023-07-12T04:08:47+00:00,2023,"개인적으로 소모임 이용하면서, 전체적으로 정리가 안되어있고 완성도가 떨어진다고 생각했는데 요즘에는 대대적으로 정리가 된 모습이 보여서 올바른 개발방향이라고 보입니다. 그러나 여전히 트렌디하지 못하고 뒤떨어져있습니다. 실 사용자 입장에서 반드시 추가되어야 하는 기능을 말씀드리겠습니다.(제안) 1. 각 멤버의 활동내역이 리워드처럼 히스토리로 남겨져야 합니다. 아 이 사람은 자주 참여하는 사람이구나, 오! 내가 벌써 100번째 참여했구나 스스로 동기부여가 되게요. 또 운영진은 참석횟수를 통해서 상품이벤트도 진행해볼 수 있고요. // 2. 채팅방에 반드시 메시지 삭제 기능(실수로 남긴 메시지)이 있어야하고, ""투표""기능이 있어야 합니다. 모임을 만들기전에 모임장소나 일정에 대해서 논의할 수 있게요. // 3. 본인이 참석눌렀던 모임이 당일이 됐거나, D-1 됐을때, 어플자체가 REMIND 겸 알림을 자동발송하는 기능이 있어야 합니다. (노쇼예방 효과)",,33,4.5.6,https://play.google.com/store/apps/details?hl=ko&id=com.friendscube.somoim
Google Play,f9ebc933-f3ce-4490-8fbd-6747f863a63e,3,2023-07-11T10:38:31+00:00,2023,"소모임 앱 오랫동안 비교적 잘 쓰고 있는데, 제발 모임 평가 기능 좀 넣어주세요. 가끔 가다 보면 정말 모임 운영할 자격도 없는 개념 없는 양반들이 운영을 하는데, 이런 모임은 자연스럽게 소멸되도록 해야 사용자들도 편하고 모임에서도 최소한의 매너는 지키지 않을까 생각합니다.",,1,4.5.6,https://play.google.com/store/apps/details?hl=ko&id=com.friendscube.somoim
Google Play,2d30ba7b-8800-422d-a047-a07a439fce21,1,2023-07-10T21:03:12+00:00,2023,프리미엄 스폰서하기 디게 힘드네요 구독권 취소해달라해도 답도없고 새로 모임만들기도 불가능하고 답답하네여,,0,,https://play.google.com/store/apps/details?hl=ko&id=com.friendscube.somoim
Google Play,3e94a167-cd3a-44d7-bbba-e2b27af6467d,3,2023-07-10T16:43:02+00:00,2023,"최귿 변화를위한 노력 좋은데요 아쉬운점 건의합니다. 팔로워,팔로잉기능이 왜 있어야되는지모르겠어요. 인스타처럼 팔로우하는 사람의 소식이나 정보를 얻을수있는것도아닌데 구지필요할까요? 요즘 문제가되는 '좋아요'에 집착하게될수도있고... 새로운 변화도 좋지만 가장기본이되는 기능인 알림기능 오류부터 잡아주시죠. 게시글이나 모임소식 알림이 안울리는 오류가 많아서 불편합니다.",,1,4.5.6,https://play.google.com/store/apps/details?hl=ko&id=com.friendscube.somoim
Google Play,ad00d40a-80ad-4e01-96d5-443e8f64a549,2,2023-07-07T02:28:54+00:00,2023,UI가 별로네요... 카톡처럼 만들꺼면 좀 제대로 만들어주세요. 채팅창에 올리는 사진들도 크기가 다 안맞고...뭔가 업데이트 될때마다 2% 부족한 느낌입니다.,,0,4.5.5,https://play.google.com/store/apps/details?hl=ko&id=com.friendscube.somoim
Google Play,54249372-87f4-428b-9301-283a73938d92,1,2023-07-04T01:58:15+00:00,2023,매번 어플이 바뀝니다. 멤버들 보기가 언제는 세로였다 언제는 가로 뭐 어플에 안정성이 하나도없네요,,0,4.5.3,https://play.google.com/store/apps/details?hl=ko&id=com.friendscube.somoim
Google Play,f4c9b015-fb94-43d3-9b52-1ea4e563633c,3,2023-07-03T04:44:17+00:00,2023,"일정마다 참여하는 인원 비공개로 변경할 수 있도록 하고, 가입하자마자 볼 수 있도록 오픈채팅봇 있으면 좋을듯...",,1,4.5.2,https://play.google.com/store/apps/details?hl=ko&id=com.friendscube.somoim
Google Play,63dcf9df-5279-456b-9b9a-f4e1b0287cd4,3,2023-06-28T04:43:08+00:00,2023,"- 강퇴도 운영진이 가능하게끔해주세요!모임 회원이 많은데 자리만 차지하고있는 회원들이 있어서 회원정리를 해야하는데 강퇴도 모임장만가능하고, 강퇴할수있는 인원도 하루 5명으로 제한되어있어 모임순환이 안됩니다. 무자비한 강퇴를 막기위함이라면 운영진도 강퇴권한을 주시고 모임장이 컨펌하고 최종 강퇴될 수 있도록 하는 방안도 생각해주세요. - 회원목록을 가입순서로 볼지, 가나다 순서로 볼지 그런 여부도 옵션으로 넣어주시면 좋을 것 같아요. 부디 이 2개만이라도 고쳐진다면 너무 좋을 것 같아요",,1,4.4.4,https://play.google.com/store/apps/details?hl=ko&id=com.friendscube.somoim
Google Play,7d89afdb-9b5d-42fe-abca-ecf4d1ff0f9c,1,2023-06-26T17:48:04+00:00,2023,결제한 적이 없는데 왜 몇달이나 결제가 된거죠? 신고하기 전에 정기결제 내역 및 사용 내역 삭제해주세요,,1,4.3.9,https://play.google.com/store/apps/details?hl=ko&id=com.friendscube.somoim
Google Play,8e1c960c-b7ed-4647-8abf-0e7f77a327b1,1,2023-06-25T06:25:59+00:00,2023,쓰면쓸수록 업뎃하면 할수록 구려지는 앱 사용자 편의는 밥말아 먹은 앱 제발..업뎃 하지말아주세요,,3,,https://play.google.com/store/apps/details?hl=ko&id=com.friendscube.somoim
Google Play,61cddf25-92e6-4822-b292-daba8a8eeba5,2,2023-06-25T00:47:01+00:00,2023,모임은 좋으나 앱 자체 기능이 너무 부실함. 그러니 간판만 걸고 카카오로 가지요.,,0,4.5.1,https://play.google.com/store/apps/details?hl=ko&id=com.friendscube.somoim
Google Play,38d80ad5-c8a8-4fcd-a33c-60685fb9e846,1,2023-06-19T13:05:50+00:00,2023,"불합리적인 강퇴, 현질 유도..... 이러면 소모임은 왜 있는 겁니까? 이딴 양아치 어플은 삭제가 답.",,1,3.7.9,https://play.google.com/store/apps/details?hl=ko&id=com.friendscube.somoim
Google Play,e07b4e33-bb76-4a42-8c42-02db8c8da5e4,3,2023-06-17T18:29:04+00:00,2023,동영상도 사진도 쳇에 올라가지 않는 불편함이 잇어.. 그리 조아하지 않아요,,1,4.2.6,https://play.google.com/store/apps/details?hl=ko&id=com.friendscube.somoim
Google Play,2a49e5f8-434d-45d6-8afd-35ae19893578,2,2023-06-16T09:18:17+00:00,2023,휴대폰인증이 왜 안됄까요..?,,0,4.4.7,https://play.google.com/store/apps/details?hl=ko&id=com.friendscube.somoim
Google Play,9175285b-c090-4be0-bc61-d04547170178,3,2023-06-15T04:23:37+00:00,2023,알림꺼도 알림와서 싫음..,,1,4.4.7,https://play.google.com/store/apps/details?hl=ko&id=com.friendscube.somoim
Google Play,6b7a76f4-2395-45ed-90f7-83ba8447c85a,1,2023-06-15T03:09:47+00:00,2023,고객문의 답변남겨도 읽씹에 답장조차없네요. 환불 처리해주세요. 채용공고 올려서 100평 단독건물사용한다? 소통한다? 고객과 소통 좀 하세요. 업데이트는 괴상하게하고 지들 마음에 안들면 댓글 삭제하고 아주 가관입니다,,2,4.1.6,https://play.google.com/store/apps/details?hl=ko&id=com.friendscube.somoim
Google Play,3fc18d48-5cec-406e-b750-4dff310c3a46,1,2023-06-14T04:09:14+00:00,2023,최신업데이트 후 대문 홍보글도 가려지고 기존보다 불편해졌어여,,1,4.4.7,https://play.google.com/store/apps/details?hl=ko&id=com.friendscube.somoim
Google Play,0e962b17-2686-4393-aa64-ed00402d5ec9,3,2023-06-13T21:41:13+00:00,2023,강퇴 인원제한 풀어주세요!!,,0,4.4.7,https://play.google.com/store/apps/details?hl=ko&id=com.friendscube.somoim
Google Play,340706ed-8d33-4348-ad7d-6d8ef657dcfe,1,2023-06-13T03:04:57+00:00,2023,카톡 공유하기 기능이 없어져서 너무 불편해요.. 예전버전 돌려주세요.,,1,4.4.6,https://play.google.com/store/apps/details?hl=ko&id=com.friendscube.somoim
Google Play,72ad7c20-3a4d-449a-939b-9221796a0df5,1,2023-06-12T14:20:16+00:00,2023,"방장이 지 맘대로 강퇴시키는거, 여자 받는다고 남자 강퇴시키는거 이런건 막아야함",,1,4.4.6,https://play.google.com/store/apps/details?hl=ko&id=com.friendscube.somoim
Google Play,8657dd4d-8b55-42b9-8804-24f4881e5238,1,2023-06-11T07:38:54+00:00,2023,이번 업데이트로 가독성은 더 떨어지고 지난글은 못보고....,,1,4.4.5,https://play.google.com/store/apps/details?hl=ko&id=com.friendscube.somoim
Google Play,dab05ffe-7062-4310-b503-ff91927f379d,1,2023-06-11T01:37:57+00:00,2023,제발 강퇴인원좀 늘려줘요.. 유령회원들 강퇴하려해도 하루5명에 일주일에 10명.. 다른 신입 회원들을 못받아요... 제발좀 몇년째 건의하는데도 안바뀌네요..,,3,4.4.6,https://play.google.com/store/apps/details?hl=ko&id=com.friendscube.somoim
Google Play,62bb8279-3b32-4d1d-ae56-2d068751a7a1,1,2023-06-11T01:04:38+00:00,2023,업데이트 되고나서 쓰기 더 안좋아진 예네요.더욱 폐쇄적이고 쓰기 불편해졌네요.,,1,4.4.5,https://play.google.com/store/apps/details?hl=ko&id=com.friendscube.somoim
Google Play,056fbbc3-9e41-491c-a8d8-4f909a0fed41,1,2023-06-10T10:28:28+00:00,2023,이번 업데이트를 어떻게 해놨길래 기존에 알던 정보를 모르게 요상하게 바꿔놨냐 프로필 누르면 그사람 게시글이나 덧글 볼수있었는데 아예 안봐지네 아오 짜증나,,1,4.4.5,https://play.google.com/store/apps/details?hl=ko&id=com.friendscube.somoim
Google Play,22b0d630-fc35-4944-99cf-b182113b45fb,1,2023-06-10T10:13:47+00:00,2023,계좌복사도 안되고 오픈채팅방 주소도 복사가 안되고 글 복사관련해서 불편을 강요하는 어플,,0,4.4.4,https://play.google.com/store/apps/details?hl=ko&id=com.friendscube.somoim
Google Play,2efa8857-76a4-4756-a530-52416efd3fbc,1,2023-06-10T07:02:12+00:00,2023,"디자인 바뀐 이후로 편의성,직관성이 너무 떨어지네요..",,0,4.4.5,https://play.google.com/store/apps/details?hl=ko&id=com.friendscube.somoim
Google Play,74c184b2-078a-4da8-ac78-1320521fbc3c,1,2023-06-10T02:47:29+00:00,2023,폰이새로 바뀌고 연락처가 변경되었는데 도대체 이전 가입한걸로 어떻게 들어가야되져??,,0,4.4.5,https://play.google.com/store/apps/details?hl=ko&id=com.friendscube.somoim
Google Play,46ca6659-952c-4e4f-8212-dccd6b8de6e4,1,2023-06-07T11:55:19+00:00,2023,비추,,1,4.3.9,https://play.google.com/store/apps/details?hl=ko&id=com.friendscube.somoim
Google Play,8d35fb13-d09f-4f07-8e60-0edaa1c261db,1,2023-06-05T16:11:01+00:00,2023,⑨모임장과 운영진은 무분별한 강퇴나 부당한 권력행사로 위 권한을 남용할 수 없고 회사 측에 악용과 관련된 신고가 접수될 시 모임 활동이 제한되거나 제재 조치가 취해질 수 있습니다. - 힘내 운영진 기분 잘 마쳐보세요.-,,1,4.4.4,https://play.google.com/store/apps/details?hl=ko&id=com.friendscube.somoim
Google Play,7d78d3de-f713-4b25-880a-2d885f849be3,2,2023-06-03T15:39:52+00:00,2023,좋은 소모임은 찾기 힘들고 대부분의 소모임 운영은 아마츄어보다 못하면서 돈받는 경우도 있습니다 앱자체의 취지는 좋으나 모임자체는 다른.방법을 찾는것을 선호합니다,,1,4.4.4,https://play.google.com/store/apps/details?hl=ko&id=com.friendscube.somoim
Google Play,5f70e554-3e07-4360-b872-8cf8944a3a63,1,2023-06-01T03:00:15+00:00,2023,인증번호가 왜 안오는건지...,,0,4.4.4,https://play.google.com/store/apps/details?hl=ko&id=com.friendscube.somoim
Google Play,57a804f2-26fc-405a-80fa-b4c9cceb643f,1,2023-05-30T16:01:10+00:00,2023,모임 검색시 가까운 지역 순으로 뜨도록 기능을 좀 추가해주세요 그리고 나이별로 가입제한 두는것도 해당 년도 안되는 모임은 검색에서 바로 거를수있도록 기능을 좀 만들어요,,7,4.4.4,https://play.google.com/store/apps/details?hl=ko&id=com.friendscube.somoim
Google Play,9599beca-2f0f-4abf-b6c8-ddec08fc6a68,1,2023-05-30T09:36:55+00:00,2023,아니 며칠째 내 모임내 모든 게시글도 안뜨고 모임 참석 버튼도 못 누르게 아무것도 안 뜨고 서버 연결 오류라는 말만 주구장창 뜨는데 좀 고쳐줘요. 폰 두개로 하는데 두개 다 이러고 다른 번호로 재가입도안됨,,0,4.4.4,https://play.google.com/store/apps/details?hl=ko&id=com.friendscube.somoim
Google Play,daf90bfa-f02f-4831-994c-56970331bfe6,1,2023-05-26T06:51:10+00:00,2023,아무리 서울민국이라지만 지역설정이라든가 검색 기능을 보면 지방에 대한 배려가 없는 듯...,,1,4.4.4,https://play.google.com/store/apps/details?hl=ko&id=com.friendscube.somoim
Google Play,667afa65-6454-4c3f-86c1-e4980c6e0965,3,2023-05-24T12:07:42+00:00,2023,앱의 의도는 좋으나 검색등 기능이 너무 구림 모임검색할때 어떤지역의 나이대는 어떤 모임을 찾고싶을때 복합조건이 설정가능해야하나 각 모임도 한개의 조건으로만 설정되어있어 검색이 불가함,,0,4.4.4,https://play.google.com/store/apps/details?hl=ko&id=com.friendscube.somoim
Google Play,a0f14c26-fd20-4177-92ac-ef060a405394,1,2023-05-22T15:02:06+00:00,2023,"아니 정기결제 해제하니까 모임장이 글도 못쓰고 채팅도 못함 이게 뭐임...? 분명 귓속말,말풍선,정원 기능만 없다 하지 않았나요??",,1,4.4.4,https://play.google.com/store/apps/details?hl=ko&id=com.friendscube.somoim
Google Play,b883f474-de49-4079-8f3e-acf21df35f3a,1,2023-05-22T01:23:58+00:00,2023,모임장이 한번에 열 수 있는 모임 갯수 무제한으로 해주세요... 한번에 3개밖에 못열어서 너무 불편합니다ㅠ 패치되면 별점 5점으로 수정할게요ㅜ,,0,4.4.4,https://play.google.com/store/apps/details?hl=ko&id=com.friendscube.somoim
Google Play,1a6103bd-92b4-4d79-8a16-62d2d1ae43ff,1,2023-05-20T14:48:25+00:00,2023,07년생에 생일도 지났는데 나이 회원가입 할때 06년까지 밖에 없어서 가입도 못하고있네요.. 07년은 언제 생기죠,,0,,https://play.google.com/store/apps/details?hl=ko&id=com.friendscube.somoim
Google Play,881d5d36-fe21-4736-8257-6df35089608d,2,2023-05-17T15:43:55+00:00,2023,"어플의 디폴트는 이용요금이 무료이고 프리미엄 가입의 경우 상단노출이나 이용에 편리한 기록 기능들이 추가되는데 소모임 어플은 일단 무조건 유료라는 사실에 일차 놀랐고요. 보통 일반인이 가입하는 커뮤니티, 모임 목적의 서비스제공은 대부분 무료이고 영어나 경제 등 특정 컨텐츠를 제공하는 서비스의 경우에도 월 이용요금이 이렇게 쎈 경우는 드문데 어떤 컨텐츠 제공도 없이 월 만오천원 이라는 사실에 두번 놀랐습니다. 월 만오천원 적혀있지만 에이 아니겠지 이건 뭔가 프리미엄한 다른 서비스겠지 해서 여기저기 검색해보고 무조건 개설에는 만오천원인 것을 확인하고는 닫았습니다ㅎㅎ 월 삼천구백원이어도 고민할 마당에 만오천원이라니 이래서 유입이 적은 것이구나 알게되었습니다. 절이 아쉬우면 중이 떠나는 것이 맞는 것이니 전 떠납니다~",,18,4.4.4,https://play.google.com/store/apps/details?hl=ko&id=com.friendscube.somoim
Google Play,b58b5fbf-a584-4c0a-9b1c-7c75e4f98421,1,2023-05-16T09:10:41+00:00,2023,운동 관련 오픈카톡 돌아다니면서 광고하고 튀지 좀 마세요. 뭐하는 겁니까. 광고비 낼 돈 없어요? 작작 하세요. 찾아보니까 남자들은 얼굴/나이보고 뽑고 여자방에는 신천지 소굴이라던데 고객들 수질 관리 좀 하세요. 오픈카톡 돌아다니면서 광고만 싸지르시지 말구요. 이건 진짜 운동 모임 좋아하는 사람으로써 부탁드리는겁니다.,,2,4.4.4,https://play.google.com/store/apps/details?hl=ko&id=com.friendscube.somoim
Google Play,6e7b8138-a931-4623-a584-18f61fba0971,1,2023-05-13T14:57:58+00:00,2023,지역 선택란에 의정부 금오동이 없고 앱 지웠었는데 소모임 프리미엄 매달 계속 나갔네 ㅡㅡ,,0,4.4.4,https://play.google.com/store/apps/details?hl=ko&id=com.friendscube.somoim
Google Play,2d87a970-9141-4b18-bdcf-1d25bfd6878d,3,2023-05-12T10:39:32+00:00,2023,지역 설정은 왜 하라는 걸까요. 정한 지역부터 정렬되어서 나오질 않는데 말이죠. 경기도 평택에 사는데 왜 강남 모임이 나오나요. 게다가 제가 사는 동은 검색조차 되지 않아서 근처 동으로 설정했습니다. 소모임 추천 범위를 개인적으로 선택할 수 있는 기능을 넣어주셨으면 하네요.,,56,4.4.4,https://play.google.com/store/apps/details?hl=ko&id=com.friendscube.somoim
Google Play,61577654-9f1d-4ed1-9dcd-013337af8180,1,2023-04-28T11:21:20+00:00,2023,가입한모임에 강퇴당한 모임이 왜 계속 떠있는거임? 일안함?,,2,4.4.3,https://play.google.com/store/apps/details?hl=ko&id=com.friendscube.somoim
Google Play,c1daa278-adb9-45d3-820f-afefb0121364,1,2023-04-24T13:22:10+00:00,2023,발정난 개들이 너무 많음 여자는 다 좋아욥~ 남자는 마감입니다~ 역함,,2,,https://play.google.com/store/apps/details?hl=ko&id=com.friendscube.somoim
Google Play,527b1750-9cdf-4234-ac45-30a3df0874d6,3,2023-04-21T05:21:14+00:00,2023,소모임운영중에있는데 저희는 중복모임불가인데 가입모임숨기기가 생겼네요;; 왜 이런 기능이 생겼을까요? 중복모임 보기로 또 결제하는 시스템 만드려고 하는걸까요? 흠...,,1,4.4.3,https://play.google.com/store/apps/details?hl=ko&id=com.friendscube.somoim
Google Play,be3c70ce-e65f-4ef5-90c6-463ee45f5d05,1,2023-04-19T14:21:04+00:00,2023,사용자 기만하는 돈 독 오른 어플 ㅉㅉ,,2,4.4.3,https://play.google.com/store/apps/details?hl=ko&id=com.friendscube.somoim
Google Play,ad8b3fc1-b427-49a9-84af-7fc99520047f,3,2023-04-19T10:46:59+00:00,2023,알람을 꺼놔도 알람이 오는데 심각한 버그임 수정요망 개발자가 발로 코딩했냐 본인 태그 아닌데도 알람온다,,2,4.4.3,https://play.google.com/store/apps/details?hl=ko&id=com.friendscube.somoim
Google Play,9a0883eb-aaec-4ed8-b3cf-1bb7477de4b1,1,2023-04-17T06:07:04+00:00,2023,"진짜 개어이없어서 한마디하겠습니다. 채용공고 올려시ㅣ 100평단독건물사용하시고 회사는 소통을 중요하게 생각한다면서 도대체 이렇게 사람들이 불만이 많은데 왜 소통한번 안하시는지 모르겠네요. 몇년째 사람들이 불만을 여러개남기고있는데 댓글답변은 커녕 제자리걸음, 참 대단하다 생각합니다.",,2,4.4.3,https://play.google.com/store/apps/details?hl=ko&id=com.friendscube.somoim
Google Play,4b26e676-9b27-4944-8b69-fbc6aef3c45a,1,2023-04-17T00:54:03+00:00,2023,나이가 왜 06까지밖에 없나요,,0,4.4.3,https://play.google.com/store/apps/details?hl=ko&id=com.friendscube.somoim
Google Play,dcc14494-2a81-46ef-95ae-c4e0ee08acd2,3,2023-04-14T09:10:34+00:00,2023,소모임 배너 사이즈좀 알려주세요,,0,4.4.3,https://play.google.com/store/apps/details?hl=ko&id=com.friendscube.somoim
Google Play,05e0cc03-eb67-46ba-9ba6-c3a89d9ed661,1,2023-04-11T11:08:37+00:00,2023,보기싫은 모임 차단 기능좀 만들어줘요,,1,4.4.2,https://play.google.com/store/apps/details?hl=ko&id=com.friendscube.somoim
Google Play,cbdd8354-603f-43ac-b7b4-0bc5094f4196,1,2023-04-10T21:03:09+00:00,2023,필수 선택사항이라면서 나 사는 곳은 안뜸,,0,4.4.3,https://play.google.com/store/apps/details?hl=ko&id=com.friendscube.somoim
Google Play,7c979226-0090-4157-b91b-45a7890d9f8c,3,2023-04-10T05:48:51+00:00,2023,제가 생각하는 소모임은 그야 말로 10명 이내를원하는데 막상 들어가보니 100명 이상인곳도 있네요 인원수 제한을 좀 둘 필요성을 느낍니다,,0,4.4.3,https://play.google.com/store/apps/details?hl=ko&id=com.friendscube.somoim
Google Play,1bda5bae-b456-4d77-a611-64a7fcad75ca,3,2023-04-10T02:23:00+00:00,2023,우리집 동선택에 없는지역 때문에 선택을 못해 시작못함,,0,4.4.3,https://play.google.com/store/apps/details?hl=ko&id=com.friendscube.somoim
Google Play,7694d03e-98e0-4441-ab2f-e7f0e47cdd1b,3,2023-04-09T12:55:34+00:00,2023,권장이라길래 마곡동 검색 했더니 없음 없는 이렇게 없는 지역 간간히 있는건 좀...,,0,4.4.3,https://play.google.com/store/apps/details?hl=ko&id=com.friendscube.somoim
Google Play,5a8bc88c-f5ff-4ab2-b449-a326eb680c85,3,2023-04-09T12:09:06+00:00,2023,인증번호가 핸드폰 번호로 오는게 맞는건가요???,,0,4.4.3,https://play.google.com/store/apps/details?hl=ko&id=com.friendscube.somoim
Google Play,cbf1320f-acef-477f-8994-423ed369efc4,1,2023-04-08T14:34:56+00:00,2023,초대 좀 그만 받고 싶어요 비용 크고 관심 없는 곳 자꾸 같은 곳에서 와요 허위 신고 경고글 말고 초대 거부 만들어줘요 앱 삭제하고 싶어져요,,1,4.4.2,https://play.google.com/store/apps/details?hl=ko&id=com.friendscube.somoim
Google Play,9df38c05-296c-452a-bf2c-368b1b62885b,1,2023-04-08T10:43:35+00:00,2023,알아서쓸게요.. 자꾸 왜 가입하라고 알림을..,,0,4.4.2,https://play.google.com/store/apps/details?hl=ko&id=com.friendscube.somoim
Google Play,d03152cf-b199-4b62-99f4-390be3370f7e,3,2023-04-05T06:36:16+00:00,2023,세종시 가입할때 소담동이 없어요.,,0,4.4.2,https://play.google.com/store/apps/details?hl=ko&id=com.friendscube.somoim
Google Play,8bb8a74e-0544-466a-8160-bfb3b9916448,1,2023-04-03T10:04:36+00:00,2023,갑자기 모임이 노출이 안되는데 이거 어디물어봐요?? 고객센터 이메일은 2달이 다되가는데 응답이 없고,,0,4.4.2,https://play.google.com/store/apps/details?hl=ko&id=com.friendscube.somoim
Google Play,9decbd61-e177-4a5d-9248-0bb56bb9cadd,1,2023-03-29T15:45:07+00:00,2023,너무 비싸고 모임도 별로 없음 매달 13천원? ㅋ 그만한 가치 없는 앱,,0,4.4.1,https://play.google.com/store/apps/details?hl=ko&id=com.friendscube.somoim
Google Play,1be8dac4-4313-4901-833b-d524bf78eaad,1,2023-03-27T16:28:51+00:00,2023,"아주 피곤한 앱임 소모임만 하면 좋은데 전국에서 초대 쪽지를 날리는 통에 수시로 알람이 옴 그렇다고 가입한 모임이 있어 알람을 꺼놓을수도 없음 초대는 기본적으로 막을수 없게 해놓음 예를 들어 난 수도권인데 광주 북구 모임인 ""투게더 걷기""라는 모임에서 매주 초대가 옴 취지는 좋아 보이나 앱이 활성화되지 않는 이유가 있음 써보면 암",,0,4.4.0,https://play.google.com/store/apps/details?hl=ko&id=com.friendscube.somoim
Google Play,f174fd46-608a-4925-898b-ef01e2019085,1,2023-03-23T10:35:06+00:00,2023,"1. 게시글 사진만 삭제,수정 안되는 문제 2. 일정에 시간 변경 안되서 삭제해야되는 문제 3. 사진 확대후 다시 축소하면 제대로 안되고 옆으로도 안움직이고 멍청해지는 문제 고쳐주세요",,0,4.4.0,https://play.google.com/store/apps/details?hl=ko&id=com.friendscube.somoim
Google Play,cff37dce-563d-42eb-b352-bd6919a5a890,1,2023-03-23T06:50:25+00:00,2023,각 모임별 아이콘 UI UX가 너무 번잡해요ㅡ 깔끔하지 못하고. 유료결제는 또 무엇!!!,,0,4.4.0,https://play.google.com/store/apps/details?hl=ko&id=com.friendscube.somoim
Google Play,41d741f2-10df-427f-bd79-757173c06065,3,2023-03-13T04:39:34+00:00,2023,게시글 작성 시 사진을 글의 중간에 넣을 수 있으면 좋겠다.,,0,4.3.9,https://play.google.com/store/apps/details?hl=ko&id=com.friendscube.somoim
Google Play,8463fd68-2451-4237-9733-baa50465b9ec,1,2023-03-09T00:47:59+00:00,2023,가입한적도 없는데 서비스이용이 제한된 번호라고 나오네요.,,1,4.3.9,https://play.google.com/store/apps/details?hl=ko&id=com.friendscube.somoim
Google Play,b9819462-9966-4902-a71f-a1b4bef96dd7,3,2023-03-07T15:22:50+00:00,2023,기존 월결제방식에서 연결제로 변경하려면어떻게해야하나요?,,7,4.3.9,https://play.google.com/store/apps/details?hl=ko&id=com.friendscube.somoim
Google Play,6910c4b6-e940-430b-8674-3fbebe3fe26e,1,2023-03-04T04:04:11+00:00,2023,전화번호 인증번호 안옴 전송안됨,,0,4.3.9,https://play.google.com/store/apps/details?hl=ko&id=com.friendscube.somoim
Google Play,84f4658e-53de-4ec2-b60f-27d4ab61281f,2,2023-03-01T01:43:18+00:00,2023,ca(클럽액티비티)같은 이상한 영어 쓰기 전인 소모임 앱으로 돌아왔으면 좋겠다,,0,4.3.9,https://play.google.com/store/apps/details?hl=ko&id=com.friendscube.somoim
Google Play,0aba0352-e0aa-4efb-963d-2a5eed54799e,1,2023-02-27T18:00:01+00:00,2023,광주지역 우리들의난리부르스 독서동아리 신천지입니다. 괜히 시간 에너지 투자한뒤에 뒤통수맞지않도록 조심하세요. 친해졌다 싶으니 성경얘기 꺼냅니다. 요즘에 교회밖에서 성경얘기하는 모임은 다 신천지라고 알고 조심하는데 아직도 신천지 본인들만 모르는듯 ; 어플자체는 좋은취지인데 이런일 겪으니 기분나빠서 바로 탈퇴하고 삭제하게 됩니다. 앞으로 특정모임 신천지 신고기능 넣어주시면 좋겠어요. 최소 3번 이상 신고받으면 폐쇄하게 하거나 또는 주의라고 표시되도록하면 좋겠습니다.,,4,,https://play.google.com/store/apps/details?hl=ko&id=com.friendscube.somoim
Google Play,d7ed02ee-8303-433b-a917-9a6cf38506cb,1,2023-02-25T14:05:44+00:00,2023,"일단 별 하나 주기도 아깝다(아래 내용 필독) 현재 어플 사용하는 유저로써 , 프리미엄 결제를 하는데 공짜앱도 아니고 무엇보다 어플 이용하는 소비자들에게는 질의응답이나 오류 해결에 힘을 써줘야 하는데 개선의 여지가 없다. 두번째로 실제로 어플 개발자에게 전화를 해보면 없는 전화 번호로 나오며 , 주소지로 찾아간 이용자 분도 계셨지만 묵묵부답이다. 필자는 구글 플레이스토어에 문의를 했는데 구글에서도 묵묵부답이라 앞으로 이 어플을 진심으로 이용해야할지 말아야할지 고민이다. 개발자는 이글을 보면 답변좀 주라..",,0,4.3.9,https://play.google.com/store/apps/details?hl=ko&id=com.friendscube.somoim
Google Play,abcf44a9-65ac-4279-aaed-71f97e803db3,1,2023-02-23T21:17:57+00:00,2023,너무 비싸요,,0,4.3.9,https://play.google.com/store/apps/details?hl=ko&id=com.friendscube.somoim
Google Play,801e9c93-ad14-495b-8cbe-0724e315db2b,1,2023-02-22T23:24:39+00:00,2023,"1. 게시글 상단메뉴 5개로 추가 요청 2. 모임장, 운영진 권한 회원별 프로필 메모하기 기능 요청",,0,4.3.9,https://play.google.com/store/apps/details?hl=ko&id=com.friendscube.somoim
Google Play,ffb7d131-0e13-4b5b-b3f7-87c80ca663b5,1,2023-02-22T18:12:24+00:00,2023,소모임 초창기부터 이용한 사용자입니다 지금업뎃 뭐하자는거죠 소모임은 특성상 건너건너 다알수밖에없는구조입니다 근데 참석자의 프라이버시를 회원도아닌 타모임이 볼수가있다고요? 이럴꺼면 이거안하죠 왜밴드랑카페로 넘어가는데 내가 몇시 몇분에 어디에서 뭐할지가 소모임에 회원도 아니고 타인에게보여주면 익명성보장 누가하나요? 이거 수정안하면 전 탈퇴합니다,,0,4.3.9,https://play.google.com/store/apps/details?hl=ko&id=com.friendscube.somoim
Google Play,eb04cd0d-8d38-45b3-a528-d711ee2ac3d1,1,2023-02-18T17:38:00+00:00,2023,쓰렉,,0,4.3.9,https://play.google.com/store/apps/details?hl=ko&id=com.friendscube.somoim
Google Play,646e92b7-9936-4047-a30e-9878a9df4869,2,2023-02-18T05:47:50+00:00,2023,알람을 꺼놨는데 왜자꾸 알람창이 뜨나요?,,0,4.3.9,https://play.google.com/store/apps/details?hl=ko&id=com.friendscube.somoim
Google Play,2cb7ce09-6e1e-4c1e-8679-3a3726f4c26b,3,2023-02-16T12:59:20+00:00,2023,가입인사 사진 수정되게 해주세요,,0,4.3.9,https://play.google.com/store/apps/details?hl=ko&id=com.friendscube.somoim
Google Play,0df5c6ff-e26c-4463-8207-4412f2ee4247,3,2023-02-12T13:27:43+00:00,2023,남자는 들어갈 곳이 없었음,,0,,https://play.google.com/store/apps/details?hl=ko&id=com.friendscube.somoim
Google Play,c6cd722a-cc4b-4c9a-888b-1921dedcee6b,3,2023-02-11T03:52:01+00:00,2023,더이상 보고싶지 않은 모임을 안보이게 하는 숨김 기능이 있었으면 좋겠습니다!,,0,4.3.9,https://play.google.com/store/apps/details?hl=ko&id=com.friendscube.somoim
Google Play,7b21f2d4-b1d5-4295-b6fd-e12649dd1c4f,1,2023-02-10T19:48:21+00:00,2023,여미새들이 너무 많음 자리 비어 있는데마다 말걸어보면 남자는 마감했습니다 라는 말만 돌아옴 발정난 인간들만 모인건지 소개팅을 하고 싶은건지 여자만 받을라는 심보를 보면 이 어플 쓰기엔 역겨운듯,,1,,https://play.google.com/store/apps/details?hl=ko&id=com.friendscube.somoim
Google Play,95db0525-fd91-458c-adde-bbfb823d6ecd,1,2023-02-09T14:05:58+00:00,2023,소모임에서 왜 클럽으로 바꿨는지 모르겠습니다.. 쓸데없는 메뉴도 많아져서 귀찮아 졌구요..,,0,4.3.9,https://play.google.com/store/apps/details?hl=ko&id=com.friendscube.somoim
Google Play,d0dcded9-c3ca-4f75-b290-6dc41dd301ea,1,2023-02-09T11:54:19+00:00,2023,프리이엄 모임을 개설했는데 모임이 목록에 없습니다 무슨일인가요,,0,4.3.9,https://play.google.com/store/apps/details?hl=ko&id=com.friendscube.somoim
Google Play,158381b8-182e-4c65-b3d2-98841ee96c7e,3,2023-02-05T09:54:30+00:00,2023,폰과 태블릿에 모두 설치하고싶은데 한 기기에만 되나보네요 이유가 있나요?,,0,,https://play.google.com/store/apps/details?hl=ko&id=com.friendscube.somoim
Google Play,4052da32-92d7-4984-9f8c-af3442e9d680,2,2023-02-04T03:02:33+00:00,2023,UI!!!!!!,,0,4.3.8,https://play.google.com/store/apps/details?hl=ko&id=com.friendscube.somoim
Google Play,469f5243-e43e-4743-9c92-ed163ca5f43f,3,2023-02-03T02:21:04+00:00,2023,클럽액티비티? 정모 모임등 원래 대로 해주시던가 쉬운 우리말로 해주세요 업뎃후 더불편 하네요,,0,4.3.9,https://play.google.com/store/apps/details?hl=ko&id=com.friendscube.somoim
Google Play,88513ad7-060c-48df-b85e-55c762f5226d,3,2023-02-01T13:00:33+00:00,2023,알림 설정에서 진동 온오프 기능좀 추가해주세요 진동 끄고싶어요 넘 시끄러움,,0,4.3.8,https://play.google.com/store/apps/details?hl=ko&id=com.friendscube.somoim
Google Play,7d3e85a5-11cf-4519-b129-1afbf1ee40d2,3,2023-01-31T09:34:36+00:00,2023,서비스 이용정지번호라고그러네요 푼ㅅㅇ니주세요,,0,4.3.8,https://play.google.com/store/apps/details?hl=ko&id=com.friendscube.somoim
Google Play,afe9f70d-720d-45a1-ab4b-6bbd1c72d2bb,1,2023-01-28T09:25:16+00:00,2023,소모임이면 어플이름답게 원하는모임에 가입을 할수있게 확대해서 할수있게 해주셔야죠 무슨 지역도 같은구만 여러군데로 찾게하면서 소모임어플을 왜 만드셨는지 이해가되질않네요~환불도안되 고개센테번호도없어 정말 답답하고 원하는 모임에도 가입도힘들고 차라리 이 어플을 없애시는게 한번 고려해주세요,,4,4.3.7,https://play.google.com/store/apps/details?hl=ko&id=com.friendscube.somoim
Google Play,eb20b032-60c8-4316-afaa-92dc6ac97d7b,1,2023-01-26T08:32:06+00:00,2023,sns인증 오류로 앱을 삭제해달라고 계속 오류 메세지가 떠서 사용이 불가능하네요.. 어떻게 해결하나요?,,0,4.3.6,https://play.google.com/store/apps/details?hl=ko&id=com.friendscube.somoim
Google Play,99a81e7f-c67a-40aa-9bb5-df60e1f51938,3,2023-01-25T22:23:06+00:00,2023,댓글에 좋아요가 안눌릴때가 있어요,,0,4.3.6,https://play.google.com/store/apps/details?hl=ko&id=com.friendscube.somoim
Google Play,dc1235f4-16fe-4946-bfde-b4b003ab8e7c,2,2023-01-25T09:21:17+00:00,2023,전체적으로 저는 긍적적이긴한데 초대 거부기능좀 넣어달라고 3년전 부터 문의넣고 대기중인데 개선되질않네요,,0,,https://play.google.com/store/apps/details?hl=ko&id=com.friendscube.somoim
Google Play,14efb94b-011c-4332-bd27-91bb38272150,1,2023-01-24T12:04:20+00:00,2023,유료 결재하여 모임개설 한지 2개월이 넘었지만 모임 목록에 리스트업도 되지 않고 공개도 되지 않는것 같아 회원수가 늘지 않습니다. 별도 문의드리면 이상 없다고만 하고 무책임한 것 같습니다.,,3,4.3.6,https://play.google.com/store/apps/details?hl=ko&id=com.friendscube.somoim
Google Play,7613b0bb-aa3b-4968-93e9-9be3cc69ab2f,1,2023-01-23T01:45:31+00:00,2023,결제 취소해주세요. 잘못눌러졌습니다.,,0,4.3.6,https://play.google.com/store/apps/details?hl=ko&id=com.friendscube.somoim
Google Play,8da086dd-356c-4dfd-b516-c85dd727ed3a,2,2023-01-21T16:25:21+00:00,2023,"업데이트하고 UI/UX 퇴보함. 글자/아이콘 등 전반적으로 가독성이 떨어짐. UX 담당자가 퇴사했나? 밉보여서 좌천당했나? 싶다. CA라는 단어는 15년 전에 학교 시간표에서나 보던 단어 같은데, 너무 올드하다. 앱 이름이랑 아이콘은 한글로 이쁘게 잘 써놓고, 왜 직관적이지도 않으며 어린 세대에게는 생소하고 장년층은 까먹었을 법한 영어 축약어를 우겨넣었을까... 나이 지긋지긋한 임원 머리에서 나온 생각일까? 아니면 영어뽕으로 가득 찬 임원 머리에서 나온 걸까? 앞으로 더 이상의 퇴보는 없었으면 한다.",,28,4.3.6,https://play.google.com/store/apps/details?hl=ko&id=com.friendscube.somoim
Google Play,02b2fbd1-2275-4703-97c9-c12b35996b68,1,2023-01-11T12:00:56+00:00,2023,잘몰겠음.. 그냥 복잡함,,0,4.3.3,https://play.google.com/store/apps/details?hl=ko&id=com.friendscube.somoim
Google Play,2c207bae-510c-4553-95d3-735152e9777e,1,2023-01-03T06:17:59+00:00,2023,프리미엄 서비스 사용하고 있었는데!! 같은 모임회원이 실수로 결제 했을때 왜 기존 회원 프리미엄 서비스 효과가 안나오죠. 중복결제한 회원이 탈퇴 하면 살려줘야 하는거 아닙니까? 돈 벌면서 고객센터는 전화도 안되고 이게 무슨 올해의 앱인지 납득이 안됩니다.,,1,4.3.2,https://play.google.com/store/apps/details?hl=ko&id=com.friendscube.somoim
Google Play,5132ae2a-9e2b-4c8f-93e6-5ce33f24db93,1,2023-01-02T13:10:36+00:00,2023,인터페이스부터 구림 쓰기 불편함,,0,4.3.1,https://play.google.com/store/apps/details?hl=ko&id=com.friendscube.somoim
Google Play,5ef7bb97-f0e7-4c07-9211-21899942d36e,1,2022-12-30T03:10:35+00:00,2022,보팔이 앱 심각,,0,4.3.0,https://play.google.com/store/apps/details?hl=ko&id=com.friendscube.somoim
Google Play,3eba519b-d937-40ec-9c7f-f32851e834e9,1,2022-12-27T01:35:24+00:00,2022,모임가입하고 채팅조차 프리미엄 모임 구독해야 하네요; 가입인사조차 못하다니 갑자기 변경되었는데 부가적 요소도아니고 모임 활동자체에 에로사항있는건 너무한거 아닌가요,,0,4.2.7,https://play.google.com/store/apps/details?hl=ko&id=com.friendscube.somoim
Google Play,1b8a12a0-9822-4457-ba39-1c758670a48d,1,2022-12-24T06:58:37+00:00,2022,갑자기 튕기더니 재설치 하래서 번호 인증 받을려 했는데 이번호는 가입할수 없다고 뜹니다 잘못한것도 없는데ㅡㅡ,,1,3.9.1,https://play.google.com/store/apps/details?hl=ko&id=com.friendscube.somoim
Google Play,18e0d4d4-aa53-4cae-b081-da50d9f217b0,3,2022-12-21T13:18:40+00:00,2022,주제로 챗방 구조(안맞아 지움),,0,4.3.0,https://play.google.com/store/apps/details?hl=ko&id=com.friendscube.somoim
Google Play,b1872d01-2896-4ae1-8a0e-d5a6c86f24f9,3,2022-12-19T03:08:26+00:00,2022,아직 잘 모르겠어요,,0,4.3.0,https://play.google.com/store/apps/details?hl=ko&id=com.friendscube.somoim
Google Play,4ccb47fd-c71d-4857-b970-8d8bedfcb755,1,2022-12-14T05:10:49+00:00,2022,제가 사는 동네가 검색도 되지 않습니다. 해당건 문의하려고 하니 이메일로만 접수 받는데 문의메일 확인하고도 답장도 없이 무시해버리네요 형편없습니다.,,0,4.2.9,https://play.google.com/store/apps/details?hl=ko&id=com.friendscube.somoim
Google Play,99f2c7e4-3aae-41e9-b476-665ab34341df,3,2022-12-12T23:10:52+00:00,2022,모임 스케줄 수 좀 늘려주세요 3개는 너무 작아요~~,,1,4.2.8,https://play.google.com/store/apps/details?hl=ko&id=com.friendscube.somoim
Google Play,3f1fb2e7-bf82-47e7-a424-a78e7f4aaa3a,2,2022-12-09T09:21:14+00:00,2022,모임 미가입자가 참석자를 볼 수 있게 만든 것은 합당해보이지 않습니다. 가입자들끼리만 보는 건 괜찮습니다.,,1,4.2.9,https://play.google.com/store/apps/details?hl=ko&id=com.friendscube.somoim
Google Play,21d9e2fe-6075-4873-ba56-012f2ae8bbca,3,2022-12-08T01:15:36+00:00,2022,콜센타 전번 찾을수가 없네요 아무리 찾아도 없네요 저 같은 사람 많은것 같은데 콜센터 전화번호 올려주세요~~~,,0,4.2.8,https://play.google.com/store/apps/details?hl=ko&id=com.friendscube.somoim
Google Play,826d4005-7fde-40d0-b503-e64011aea533,1,2022-12-03T02:16:18+00:00,2022,돈만밝히는앱,,0,4.2.8,https://play.google.com/store/apps/details?hl=ko&id=com.friendscube.somoim
Google Play,a6420ad0-8d71-4ce3-9ad4-178650887483,1,2022-12-02T07:26:59+00:00,2022,초대 거절 좀 만들어주세요... 거절한 모임은 초대모임 리스트에서 삭제하는 것도 좀 만들어주세요... 별로 들어가고 싶지도 않은 모임이 초대 리스트에 떠 있는 거 진짜 보기 싫어서 모임 탈퇴 및 어플 삭제도 고려 중입니다,,0,4.2.8,https://play.google.com/store/apps/details?hl=ko&id=com.friendscube.somoim
Google Play,fbe6a187-3a8c-438d-b437-0becd681cac7,3,2022-12-01T11:58:56+00:00,2022,파워유저 1년했다가 바로취소하고 한달로 바꿀라는데.아직도 파워유저라고 나오네요 풀어주세요,,0,4.2.3,https://play.google.com/store/apps/details?hl=ko&id=com.friendscube.somoim
Google Play,9650efb1-7021-4ec7-9ab3-d7b63c663029,2,2022-12-01T07:57:26+00:00,2022,가나다순 회원은 아닌것같습니다 가입순으로 나와야 관리가 편합니다 Ux도 개선되었다고 하는데 추천모임에 섬네일이 커져서 화질만 저하되고 참석인원 강제적으로 메인창에 보이는거 공간만 차지하고 별로같습니다,,1,4.2.8,https://play.google.com/store/apps/details?hl=ko&id=com.friendscube.somoim
Google Play,2d0a0103-6200-433c-8614-01a7e0c8ccf3,1,2022-12-01T04:49:41+00:00,2022,결제 취소가 너무 어렵습니다. 고객센터 연락처도 없고 이메일로 문의를 해도 답이 없어서 2달치가 결제 되었습니다. 겨우겨우 찾아서 취소를 했는데 결제만 쉽게 하고 취소를 하기가 어렵도록 만들어놓으니 너무 불편하고 사용하지 않을 금액이 2달치가 빠져나가게 되었습니다. 문의메일에 답을 빨리 해주시던지 고객센터 전화번호가 있던지 하세요.,,46,4.2.8,https://play.google.com/store/apps/details?hl=ko&id=com.friendscube.somoim
Google Play,b628d975-f72d-4668-b4e1-505b3724bbb3,1,2022-11-29T16:12:13+00:00,2022,1. 정모참석자를 가입안한 사람도 볼 수가 있음 / 다른 모임 돌아가는걸 외부인이 볼수있음.. 2. 리스트순서 ㄱㄴㄷ순 / 신입들어올시 어떤사람이 신립인지 구분하기 힘듬.. 2가지가 너무 심각하게 바꼇네요....,,1,4.2.7,https://play.google.com/store/apps/details?hl=ko&id=com.friendscube.somoim
Google Play,4626d501-ae2d-4223-81d3-0c80d79ba877,1,2022-11-28T14:00:12+00:00,2022,초대 알림 좀 처 꺼주세요.. 내가 가입된 소모임 안에서의 알림만 받고 싶지 다른 소모임에서 날 초대하고 할고는 전혀 관심 1도 없으니따,,0,4.2.7,https://play.google.com/store/apps/details?hl=ko&id=com.friendscube.somoim
Google Play,219203f8-91c6-4b05-9be8-b8db8158d3e9,1,2022-11-28T09:49:53+00:00,2022,할매 할배들 나이 다속임ㅋㅋ나이는 못속이게 해주셔야죠 ..,,0,,https://play.google.com/store/apps/details?hl=ko&id=com.friendscube.somoim
Google Play,133ba77a-802f-4db0-a207-2b9c51d50885,1,2022-11-27T04:28:12+00:00,2022,안해,,0,4.2.4,https://play.google.com/store/apps/details?hl=ko&id=com.friendscube.somoim
Google Play,c870d264-1245-4c7a-83fc-377fa75ce2ba,1,2022-11-26T23:58:22+00:00,2022,이번 업데이트 왜이래요? 정모참석자를 가입안한 사람도 볼수가 있다니..프라이버시 침해아닌가요? 리스트순서는 뜬금없이 ㄱㄴㄷ순.. 관리하는 입장에서는 가입순서대로 보이는게 좋습니다. 제발 엉뚱같은거 건드리지 마시고 사람들이 원하는 기능이나 추가해주세요! 채팅방 사진올리기는 못하시는 겁니까,,43,4.2.7,https://play.google.com/store/apps/details?hl=ko&id=com.friendscube.somoim
Google Play,3ff47380-9ef4-463c-abff-eba28a805019,1,2022-11-25T09:27:00+00:00,2022,최악의 과금.. 사진확대도 돈 달라고하는 앱,,0,4.2.7,https://play.google.com/store/apps/details?hl=ko&id=com.friendscube.somoim
Google Play,62183c2e-9724-406d-aa53-e7bf1e2e8448,1,2022-11-17T12:50:57+00:00,2022,인터페이스가 너무 최악임,,1,4.2.6,https://play.google.com/store/apps/details?hl=ko&id=com.friendscube.somoim
Google Play,d0753db4-bc80-4309-b2ca-4581357f88c6,3,2022-11-15T09:37:32+00:00,2022,채팅창에 사진 올리기 기능만 있어도 정말 좋을텐데 그부분이 아쉬워요,,0,4.2.6,https://play.google.com/store/apps/details?hl=ko&id=com.friendscube.somoim
Google Play,39a826a3-e3ce-4eda-ad7b-d14179ac63cb,1,2022-11-11T09:14:38+00:00,2022,"다른 기기로 로그인하면 앱 로그인에 문제가 생기는데, 이걸 재설치로 해결하라고 안내하는 비상식",,1,4.2.6,https://play.google.com/store/apps/details?hl=ko&id=com.friendscube.somoim
Google Play,21f41800-6017-4ed7-9009-588de8f881f7,3,2022-11-10T01:32:57+00:00,2022,프로필 사진확대해서 보는게 뭐대단한 기능이라고 유료인가.. 대단하다 ㅋㅋㅋ 많은 어플써왔지만 이런건 처음이네 ㅋㅋ 돈독 이라는게 이런건가.. ㅋ,,9,4.2.6,https://play.google.com/store/apps/details?hl=ko&id=com.friendscube.somoim
Google Play,1e3fc913-304e-4b0d-9c8f-63d36da1d523,1,2022-11-07T08:52:12+00:00,2022,그저그래요,,1,4.2.6,https://play.google.com/store/apps/details?hl=ko&id=com.friendscube.somoim
Google Play,cb12dd7e-e4dd-4b7d-89e9-e426c3e79cf9,1,2022-11-05T10:34:06+00:00,2022,알림 꺼도 계속 옴,,1,4.2.6,https://play.google.com/store/apps/details?hl=ko&id=com.friendscube.somoim
Google Play,d07b3de8-3bb5-48d0-a5ff-f853dc7a085f,3,2022-11-03T04:00:20+00:00,2022,채팅방기능에 사진도 넣을수있게 해주셨으면 좋겠습니다 ...지금 잘사용하고있습니다,,0,4.2.6,https://play.google.com/store/apps/details?hl=ko&id=com.friendscube.somoim
Google Play,d2aa2d05-0cbc-4592-b970-48a1deabcb43,3,2022-11-02T21:35:23+00:00,2022,특정 모임을 추천목록에서 안보이게 하는 차단기능도 있었으면 좋겠습니다 해당 모임의 규칙에 따라 가입을 못하는 모임이 종종 있는데 그런 모임이 자꾸 추천 위에쪽에 뜨다보니 막상 원하는 모임을 찾아보러 둘러보기가 힘들어요,,2,4.2.6,https://play.google.com/store/apps/details?hl=ko&id=com.friendscube.somoim
Google Play,fd1daf49-918d-4a16-9365-5b9d43d1470b,1,2022-11-02T12:48:55+00:00,2022,쓰래기임,,1,4.2.6,https://play.google.com/store/apps/details?hl=ko&id=com.friendscube.somoim
Google Play,6062ea1f-9cbe-4b8a-9460-cb8b1526e9dc,1,2022-11-01T07:25:57+00:00,2022,여미새 남미새 가입 안받는다고들 하면서 기혼자는 가입금지한 곳이 대부분..결국 이런 모임들의 목적은 뭐겠음? 겉으론 점잖은척 속으론 일반 만남앱이랑 똑같음..프로필 사진 보려면 돈내는것도 일반 데이팅앱이랑 뭐가 다름?ㅋㅋㅋ,,1,4.2.6,https://play.google.com/store/apps/details?hl=ko&id=com.friendscube.somoim
Google Play,3c7fcb06-2bff-475c-9c7f-9479f527ed47,3,2022-10-31T12:33:28+00:00,2022,"욕설이나 사진도용, 사기 등등 이런일로 어플에 신고하려고 했는데 신고하기 메뉴 자체가 없더라고요. 신고하기 기능이 생겼으면 좋겠어요",,0,4.2.3,https://play.google.com/store/apps/details?hl=ko&id=com.friendscube.somoim
Google Play,c0e67911-9dee-4f17-bf1c-3b21db3e239e,3,2022-10-25T05:31:27+00:00,2022,모임 참석도 안눌렀는데 참석하고 바로 취소되는 버그 있는거 같아요 확인해주세요,,1,4.2.6,https://play.google.com/store/apps/details?hl=ko&id=com.friendscube.somoim
Google Play,db7d4176-6f0a-4bdf-8624-ae25ad836beb,1,2022-10-24T13:38:21+00:00,2022,운영진은 프리미엄을 구매해야만 하는 것처럼 해놓고 환불은 나몰라라네요.,,0,4.2.6,https://play.google.com/store/apps/details?hl=ko&id=com.friendscube.somoim
Google Play,7ff8f60a-2520-4768-9057-b9c3e1d7b886,1,2022-10-24T09:50:30+00:00,2022,클래스 알림창 안없어져서 거슬림 회사지역을 짜증날정도로 자주 물어봄 삭제하고 싶을 정도임,,1,4.2.6,https://play.google.com/store/apps/details?hl=ko&id=com.friendscube.somoim
Google Play,aa9dfc07-cab0-45aa-ae25-915419239713,3,2022-10-13T11:40:12+00:00,2022,다좋운대요 소모임초대메시지 안오는 설정이있었으면 좋겠어요,,0,,https://play.google.com/store/apps/details?hl=ko&id=com.friendscube.somoim
Google Play,baf39c16-9d90-4ba9-9aae-b880c5bafc6d,1,2022-10-13T08:27:28+00:00,2022,"무조건 월 1.5만 결제해서 이용하게끔 만들어놨는데, 그정도 값어치를 할 퀄리티는 아님. 진짜 솔직히 말해서 게시판 기능이 초보 개발자가 만든 기본 crud 수준. 그동안 돈벌이가 꽤 되었을텐데 눈에 띄는 업데이트도 피드백도 없음. 그저 모임 관련 커뮤니티앱 중에서 가장 활성화되어 있기에 사용할 뿐이지, 다른 앱으로 얼른 갈아타고 싶다.",,15,4.2.4,https://play.google.com/store/apps/details?hl=ko&id=com.friendscube.somoim
Google Play,a4669926-cc24-4dd5-bb0a-87839056c319,3,2022-10-11T23:26:51+00:00,2022,무난합니다,,0,4.2.4,https://play.google.com/store/apps/details?hl=ko&id=com.friendscube.somoim
Google Play,d6ff72c1-f268-45b9-8bea-4dd1395bdb32,1,2022-10-10T10:40:19+00:00,2022,오프라인 모임 찾아보라는 알림 좀 끌 수 있게 해주세요. 이건 뭐 광고도 아니고..,,1,4.2.4,https://play.google.com/store/apps/details?hl=ko&id=com.friendscube.somoim
Google Play,aa958a42-27bb-40a5-a8b7-83e3967dc4e9,3,2022-10-10T01:42:06+00:00,2022,모임 게시글 알림을 껐는데도 계속 뜨네요 결국 강제로 모든 알림 꺼버림... 이걸로 버는게 적지 않을텐데 앱은 늘 제자리네요. 대체앱 나오길 기다리는 중,,1,4.2.4,https://play.google.com/store/apps/details?hl=ko&id=com.friendscube.somoim
Google Play,1899d784-3605-458d-8203-945019dac3f6,2,2022-10-06T22:11:33+00:00,2022,"지역, 인원수별로 필터링 기능이 없어서 원하는 모임을 빠르게 찾지 못하고 스크롤을 엄청해야 함. 키워드, 종류별 검색 기능은 있지만",,2,4.2.4,https://play.google.com/store/apps/details?hl=ko&id=com.friendscube.somoim
Google Play,74720e5d-2577-442b-8308-2f975bb869a7,2,2022-10-05T06:38:59+00:00,2022,좋아요,,0,,https://play.google.com/store/apps/details?hl=ko&id=com.friendscube.somoim
Google Play,f07f6ae0-18e6-4345-a842-166cfded89df,1,2022-10-04T14:31:04+00:00,2022,"알람 다 꺼놨는데, 게시글 알림은 왜 울리는 건지... 이렇게 불편한 앱 처음써봄",,1,4.2.3,https://play.google.com/store/apps/details?hl=ko&id=com.friendscube.somoim
Google Play,950a8333-548f-4208-bb07-1eee3ae1da77,1,2022-10-04T01:39:44+00:00,2022,고객센터 전화번호 없음 졸라불편하네,,1,,https://play.google.com/store/apps/details?hl=ko&id=com.friendscube.somoim
Google Play,958255b8-b625-40b9-ae98-d13851ae13e4,3,2022-09-26T00:54:08+00:00,2022,다 좋은데 운영진 임명을 하는데가 보이질 않네요 제가 못찾아서 그런지 없네요 관리자모드에서 찾기쉽게 해 놓으면 좋을거 같네요,,0,4.2.3,https://play.google.com/store/apps/details?hl=ko&id=com.friendscube.somoim
Google Play,d28152e2-c75b-44d0-af14-088eba03a3aa,3,2022-09-21T08:38:04+00:00,2022,이거...무음 설정은 안되나요? 끌수는 없는 상황이고...너무 울려대어서;;;;,,0,4.2.3,https://play.google.com/store/apps/details?hl=ko&id=com.friendscube.somoim
Google Play,e07931d0-b153-4c7c-a451-979af176b46e,3,2022-09-18T15:56:12+00:00,2022,다 좋은데 제발 지역별로 검색할수 있는 기능 좀 넣어줬으면 좋겠네요,,1,4.2.3,https://play.google.com/store/apps/details?hl=ko&id=com.friendscube.somoim
Google Play,e3ae28d0-0698-49f2-9b61-7c08284ec5c6,1,2022-09-16T04:35:31+00:00,2022,정기결제 되어서 1년넘게동안 헛돈 내고있었는데 환불안됩니까?,,1,,https://play.google.com/store/apps/details?hl=ko&id=com.friendscube.somoim
Google Play,395e86b6-a24e-4d20-89de-a3e65d9995d9,1,2022-09-16T02:26:19+00:00,2022,돈내는 모임 한둘도 아닐텐데 어플 수정좀 하세요 새로고침도 수동으로 눌러야되고 탈퇴한모임 갤럭시에선 탈퇴안한걸로 보이고 아이폰에선 탈퇴한걸로 보이고 사진도 서버용량을 늘리던지 사진저용량으로 올라가서 다깨지고 이상한 등급 주옥같은거 만들어놔서 제대로 쓰지도 못허게하고 1~2년도 아니고 거의 7~8년 쓰면서 사용자들한테 돈 ㅊ받으면서 달라지는게 없는 어플은 처음임,,8,4.2.3,https://play.google.com/store/apps/details?hl=ko&id=com.friendscube.somoim
Google Play,a28b1885-760f-43c6-9950-930df0aebcc8,1,2022-09-16T01:50:07+00:00,2022,기능 자체는 매우 단순하면서 과금 유도가많음. 사진확대 따위에 파워유저 과금유도. 카톡 수준정도면 과금해도 안아깝지만 이건 거의 데모버전의 수준이라 과금은 돈아까움. 사진첩의 사진은 한 카테고리에 한장만 업로드 가능하고 동영상 움짤등은 업로드할수없음. 채팅창의 기능엔 사진첨부 기능도 없음. 이외 기타등등 ~,,69,4.2.3,https://play.google.com/store/apps/details?hl=ko&id=com.friendscube.somoim
Google Play,96f47bb9-7c21-4510-8df9-ca9264b6731d,1,2022-09-06T14:53:29+00:00,2022,핸드폰 초기화하고 다시 깔았는데 신규가입으로 되서 전에 가입해있던 모임들이 다 사라졌습니다. 황당하군요,,1,,https://play.google.com/store/apps/details?hl=ko&id=com.friendscube.somoim
Google Play,baf58acb-96bb-4882-8807-39c96b7d081a,1,2022-09-04T03:34:09+00:00,2022,"모임이 안떠요. 우리동네 모임이 무슨 지방 촌구석도아닌데 분명히 모임이 많은데 1,2개밖에 검색이안돼요.",,2,4.2.3,https://play.google.com/store/apps/details?hl=ko&id=com.friendscube.somoim
Google Play,fd63ecb8-0068-437a-ab31-f9cb61f3d28d,1,2022-09-02T00:09:12+00:00,2022,주소도 제대로 등록이 안되어 있어서 동이름도 검색이 안되고 엉뚱한 동네로 등록하고 소모임 검색하려니 이상한 위치의 모임만 나오고 찾는 모임은 검색 자체도 안되고 이 앱을 사용한다는게 신기할정도네요,,13,3.7.8,https://play.google.com/store/apps/details?hl=ko&id=com.friendscube.somoim
Google Play,6b430b85-792e-4ab6-9262-374729f8e2ff,1,2022-08-31T01:19:47+00:00,2022,"첫 이용하려는데 모임 정원이 초과됐다고 나오는 건 뭔지? 도움말을 봤는데 관련해서 언급된 내용이 없어서 불친절하다고 느꼈고, 문의(고객센터)도 타 동종서비스 앱 대비 접근성이 낮아서 불편함. 그리고 프리미엄(유료서비스) 돈장사하려는 게 너무 보임... 이용자 많다고 들어서 깔아본 건데 기대 이하였음.",,2,4.2.3,https://play.google.com/store/apps/details?hl=ko&id=com.friendscube.somoim
Google Play,42514526-13ba-46cf-966c-35fdf825eb9a,1,2022-08-29T05:11:24+00:00,2022,첫 소모임 가입했는데 강퇴한다는 문구 하나도 없었고 절차 다 지켰고 내용도 엄청 평범했는데 강퇴당한 이유도 못 듣고 지맘대로 이유도 없이 강퇴함ㅋㅋㅋㅋ 어처구니가 없네 ㅅㅁㅋㅋㅋ 지맘대로 운영하게 놔둘꺼면 관리자가 필요가없지,,2,4.2.3,https://play.google.com/store/apps/details?hl=ko&id=com.friendscube.somoim
Google Play,ac95a5b2-e1f1-4a7f-9570-fba4420facf5,2,2022-08-29T03:35:22+00:00,2022,"프리미엄 구독까지 하면 뭐해요. 채팅 글, 알람 다 늦게뜨는데. 이러니 사람들이 다 밴드나 카카오오픈채팅으로 넘어가지",,2,4.2.3,https://play.google.com/store/apps/details?hl=ko&id=com.friendscube.somoim
Google Play,bbb3085d-fd31-4680-8b6e-79112fd0d96d,1,2022-08-28T08:57:27+00:00,2022,"개선이 많이 필요하고,개발자 투자 좀 하셔야될듯",,2,4.2.3,https://play.google.com/store/apps/details?hl=ko&id=com.friendscube.somoim
Google Play,c1470c21-26a4-4a6d-8245-0a08c8abfcef,1,2022-08-27T14:45:19+00:00,2022,갑자기 계정이 확인되지 않았습니다 뜨너니 초기화 됬네요 모든모임도 탈퇴 됬네요,,2,4.2.3,https://play.google.com/store/apps/details?hl=ko&id=com.friendscube.somoim
Google Play,e208956e-5a42-4b9b-b989-da9c24b088ea,1,2022-08-27T14:37:41+00:00,2022,특정 지역별로 어떤 모임이 있는지 볼 수 없나요? 매우 불편합니다,,2,4.2.3,https://play.google.com/store/apps/details?hl=ko&id=com.friendscube.somoim
Google Play,4bf4681e-d778-4391-824a-572c0692abc0,1,2022-08-26T01:36:07+00:00,2022,소모임 만든거 모임장이 삭제 하는곳이 없고 회사연락처도 없는건 왜인가요 사업정직하게 합시다 연락주세요,,0,4.2.3,https://play.google.com/store/apps/details?hl=ko&id=com.friendscube.somoim
Google Play,41d0b96a-c5b2-43f3-9aec-054ea8eafd35,1,2022-08-22T07:03:29+00:00,2022,월결제 취소가안됩니다 이거뭔가요?,,1,,https://play.google.com/store/apps/details?hl=ko&id=com.friendscube.somoim
Google Play,3327f148-7857-4d71-99a8-4c64a56fcffc,1,2022-08-21T15:14:03+00:00,2022,쓰레기같은 앱 망했으면,,1,4.1.7,https://play.google.com/store/apps/details?hl=ko&id=com.friendscube.somoim
Google Play,eeb7ea84-e796-4408-9066-370c1d1b4847,3,2022-08-20T13:46:16+00:00,2022,정모일정 한개라도 더 늘려주시면 안될까요 제발요,,0,4.2.3,https://play.google.com/store/apps/details?hl=ko&id=com.friendscube.somoim
Google Play,42fa37fa-159d-41c3-9e6b-3e485f949c4f,1,2022-08-19T07:28:42+00:00,2022,남자는 들어갈수가엄는모임,,1,4.2.2,https://play.google.com/store/apps/details?hl=ko&id=com.friendscube.somoim
Google Play,e2a0e12d-6a96-4fdb-9bed-a056aa1a7bfa,1,2022-08-15T09:57:39+00:00,2022,이 정도로 유명해졌으면 최소한의 기능들 좀 업데이트 하세요 돈은 받아먹으면서 뭐하는건지,,1,4.2.2,https://play.google.com/store/apps/details?hl=ko&id=com.friendscube.somoim
Google Play,b77903ab-34ef-4ea5-8e57-51133a340458,2,2022-08-15T05:17:55+00:00,2022,친목 모임이 많아서 좋지만 정말 말도 안돼는 이유로 모임장이 강퇴시키는 경우가 있는데 그럴때마다 기분 엄청 더러워요 강퇴 한달뒤에 풀어지고 할 수 있는 과정 만들어주실수 있나요,,0,4.2.2,https://play.google.com/store/apps/details?hl=ko&id=com.friendscube.somoim
Google Play,7ce97466-33b9-4ae5-98c7-3bac92f72eaa,1,2022-08-13T10:01:51+00:00,2022,첫 다운로드 받자마자 입력해야하는 사항이 좀 너무 많네요.,,1,4.2.2,https://play.google.com/store/apps/details?hl=ko&id=com.friendscube.somoim
Google Play,0335bd44-5622-4599-b3e3-f874bac69947,1,2022-08-13T02:05:14+00:00,2022,이거 확실함?,,1,4.2.2,https://play.google.com/store/apps/details?hl=ko&id=com.friendscube.somoim
Google Play,248cd15a-09a3-412e-acdf-54d4b707ca32,1,2022-08-13T00:43:01+00:00,2022,클래스 날짜별 검색 가능하게 해주세요 이 앱 회사는 일을 안합니까?? 불편함 해소에 관심이 없네 건의할 수 있는 방법도 없고,,1,4.2.1,https://play.google.com/store/apps/details?hl=ko&id=com.friendscube.somoim
Google Play,e7f603d5-3096-4b58-bb8c-a5d65652f653,3,2022-08-12T02:01:31+00:00,2022,소모임탈퇴가 안되네요 활동하지않는 일정소모임 탈퇴기능은 없나요?,,0,4.2.1,https://play.google.com/store/apps/details?hl=ko&id=com.friendscube.somoim
Google Play,ac61ce76-34ff-4d27-a44c-5d854de8bc09,1,2022-08-08T05:31:29+00:00,2022,소모임에서 특정이상한 사람으로인해 일방적 신고를 먹어서 번호가 이용정지를 당했는데 개발자 이메일로 이에대한 부당함을 제기하고 풀어줄것을 요청하였으나 답도없고 해결하고자 하는 움직임도 없었음. 양쪽의입장도 들어보지않고 잘 활동하는 사람 한쪽의 일방적신고로 무단정지시키는 유도리없는 앱임.,,5,4.2.1,https://play.google.com/store/apps/details?hl=ko&id=com.friendscube.somoim
Google Play,ba8d5438-561c-4618-9e3f-94b064bc56a9,1,2022-08-04T15:22:17+00:00,2022,결제취소 빠른 환불바람,,0,4.2.1,https://play.google.com/store/apps/details?hl=ko&id=com.friendscube.somoim
Google Play,a51df5b1-e702-4fb7-a1b5-a7afadee5e58,3,2022-07-28T08:01:48+00:00,2022,자기지역만 모임추천됐었는데 갑자기 주변지역까지 경상도 전라도 나눠서 다 추천되네요 불편해요 오류도 심하네요,,0,4.2.1,https://play.google.com/store/apps/details?hl=ko&id=com.friendscube.somoim
Google Play,8e1980c9-d181-40d3-ae4a-f85b162c5eff,1,2022-07-27T10:41:57+00:00,2022,뭐자꾸 계정이 확인되지않는 다는는거요? 백업 뮈 하라는데 그것도못하겠고,,0,4.2.1,https://play.google.com/store/apps/details?hl=ko&id=com.friendscube.somoim
Google Play,f138fde1-90bd-4869-ad9c-2325840ae3f0,2,2022-07-23T00:11:06+00:00,2022,결제를 통해 본인이 가입한 모임을 비공개 설정하는게 각 모임운영진의 몇개 이상의 모임 금지에 대한 규정에 모순되는 행위인것 같습니다,,0,4.2.1,https://play.google.com/store/apps/details?hl=ko&id=com.friendscube.somoim
Google Play,66b2dbc4-f4a9-4d25-829d-cd9728616ebf,3,2022-07-17T03:47:24+00:00,2022,게시물 알림 껐는데 푸시 계속와서 삭제함,,0,4.2.1,https://play.google.com/store/apps/details?hl=ko&id=com.friendscube.somoim
Google Play,a8abf500-a10b-47aa-913d-6fa9fa46b5bb,2,2022-07-16T07:39:15+00:00,2022,핸드폰 번호 바꾸고 기계도 바꾸면 다날라감 ㅡㅡ,,0,4.2.1,https://play.google.com/store/apps/details?hl=ko&id=com.friendscube.somoim
Google Play,f4ad4053-ab48-468d-a409-9c9bd74ca322,1,2022-07-11T13:43:44+00:00,2022,소모임 가입요청와서 가입했더니 남자 마감이라고 왜 가입했냐 글도 안읽었냐 하시더군요 아니 무슨 자기네들이 가입요청와서 가입했더니 말을 그렇게 하나요? 그래서 모임 신고했지만 아무런 제재 조차 없습니다 다둘 조심하세요,,0,4.2.1,https://play.google.com/store/apps/details?hl=ko&id=com.friendscube.somoim
Google Play,ebb8ebcf-d87e-41fa-9fb5-bc39a645c245,3,2022-07-09T10:00:11+00:00,2022,좋아요,,0,4.1.8,https://play.google.com/store/apps/details?hl=ko&id=com.friendscube.somoim
Google Play,e0e4a561-50ca-4741-8bd7-5a4fc0e5f286,1,2022-07-08T04:32:08+00:00,2022,무료30일후 자동결제된다고 써져있어서 탈퇴했습니다. 결제안되죠?오늘탈퇴한 회원입니다. 회신부탁드립니다.,,0,4.2.1,https://play.google.com/store/apps/details?hl=ko&id=com.friendscube.somoim
Google Play,6d129bba-26a8-4eb2-a1c6-d0a90baf6c55,2,2022-07-06T10:24:20+00:00,2022,업데이트가 안되여..,,0,4.1.9,https://play.google.com/store/apps/details?hl=ko&id=com.friendscube.somoim
Google Play,08785514-50bc-432c-a439-4c482af5f1c9,3,2022-07-04T01:26:52+00:00,2022,구독 취소했는데 어제 결제가 됐습니다 구독취소 해주시고 환불 신청 도와주세요,,0,4.2.1,https://play.google.com/store/apps/details?hl=ko&id=com.friendscube.somoim
Google Play,61df806a-61d6-47cd-b1c9-039ba1b88812,3,2022-07-03T18:24:10+00:00,2022,기능이 너무 후달림... 검색도 안 되고...,,0,4.1.9,https://play.google.com/store/apps/details?hl=ko&id=com.friendscube.somoim
Google Play,f2d3ee46-7ac1-41fa-816d-693944a08dc4,3,2022-07-01T12:36:48+00:00,2022,잘쓰고있긴한데 불편한점이 많음,,0,4.1.9,https://play.google.com/store/apps/details?hl=ko&id=com.friendscube.somoim
Google Play,b7c6e424-94bd-4417-9982-13e22771a377,3,2022-06-29T23:18:55+00:00,2022,"어플 개설 목적이나, 어플이 있음으로 모임을 활발히 할 수 있어요! 근데 기능적으로 안되는게 넘 많습니다..이것들만 개선 부탁드려요 ㅠㅠ 1. 채팅창, 게시글 등에 하이퍼링크 적용 2. 게시글에 사진 첨부 후 등록했을 때, 수정하려면 사진 추가나 삭제가 안됨. 3. 정모 복사하시 기능 (매번 똑같은 내용 날짜만 바꿔서 등록하기 매우 귀찮...) 4. 회원목록 정렬 기준(이름순 등) 적용 5. 영상 업로드 기능 6. 게시글에 사진 첨부 후 등록한 글을 보게될 때, 스크롤(?)이 제일 마지막 이미지부터 보여져서 글을 위로 올라가서 봐야 함.",,86,4.2.1,https://play.google.com/store/apps/details?hl=ko&id=com.friendscube.somoim
Google Play,653e1d5e-2ad4-44b9-ac6e-a0f6dfd1d6cc,1,2022-06-27T04:01:57+00:00,2022,프리미엄 결제가 안됩니다 빨리 처리 부탁드립니다,,0,,https://play.google.com/store/apps/details?hl=ko&id=com.friendscube.somoim
Google Play,2c27f30a-bc88-4834-931c-fe73588b3f48,1,2022-06-27T01:42:10+00:00,2022,외모 보고 판단하고 사람들 차별하는건 진짜 아닌거 같습니다. 모이긴 커녕 시간이랑 감정만 낭비한거 같습니다.,,1,4.1.9,https://play.google.com/store/apps/details?hl=ko&id=com.friendscube.somoim
Google Play,130a5f68-0619-4ff3-95a8-c34937a21747,3,2022-06-26T06:55:59+00:00,2022,"결제해야 사진, 메시지, 정보 수정등이 가능한점이 아쉽네요",,0,4.1.9,https://play.google.com/store/apps/details?hl=ko&id=com.friendscube.somoim
Google Play,5ca4f156-4d9b-4747-962c-649c003c8f22,1,2022-06-23T11:04:59+00:00,2022,모임어플이 아니고 광고어플임,,1,,https://play.google.com/store/apps/details?hl=ko&id=com.friendscube.somoim
Google Play,7ec03a9a-17e5-415d-bdea-c34933b72e55,3,2022-06-21T15:09:55+00:00,2022,업데이트 너무 자주함,,0,4.1.8,https://play.google.com/store/apps/details?hl=ko&id=com.friendscube.somoim
Google Play,1e5afd0c-ca4b-45c9-a117-ccfbfc5b1de4,1,2022-06-18T04:44:45+00:00,2022,와.. 앱 삭제하고 시간지났다고 1년 가까이 써온 정보가 다 사라졌다네요 ㅋㅋㅋ 그전에 최소 6개월은 결제하고 모임 운영하던것도 있벘는데 ㄱ3 ㅋ 정말 어처구니가 없어서.. 관리도 제대로안되고 망 어플인거 같은데,,2,4.1.9,https://play.google.com/store/apps/details?hl=ko&id=com.friendscube.somoim
Google Play,d785aa54-4734-4af9-962e-7568daa2821d,3,2022-06-17T15:18:45+00:00,2022,기능이나 앱의 용도에비해 월결제가 너무비쌈 개인적으로 5천원이 적당해보임,,0,4.1.9,https://play.google.com/store/apps/details?hl=ko&id=com.friendscube.somoim
Google Play,5dbb38f0-d1c7-49a3-8e93-8fc1d916b499,2,2022-06-16T12:41:40+00:00,2022,1개월 무료체험 혜택은 방 개설만되고 초대도안돼고 이게 무슨혜택잉고?,,2,4.1.9,https://play.google.com/store/apps/details?hl=ko&id=com.friendscube.somoim
Google Play,d911b044-996c-45f5-9b6d-e3e9d0759b97,2,2022-06-16T10:03:57+00:00,2022,지금 프리미엄 결제 세번째하고 있는데 취소도 안되고 왜 적용이 안되나요? 모임 어플 왜 이런식으로 관리하는지,,0,4.1.9,https://play.google.com/store/apps/details?hl=ko&id=com.friendscube.somoim
Google Play,bf8f3984-51c1-43cc-aabf-0aeec9ca96c9,1,2022-06-15T08:27:49+00:00,2022,"모임 어플을 5년이상째 쓰고 있긴 하지만 비용에 비해 없어도 되는 부분에 운영자들이 돈 투자를 많이 하셔서 부족한게 많음!! 톡도 사진, 동영상 안올라가고 무조건 사진첩에 올려야하는 단점! 그러니까 톡을 전부 카톡으로 하는모임이 대부분!! 톡도 렉걸려서 안뜸!! 투데이번개도 한번나가면 들어갈수없다는 단점! 이번에 모임어플가리기는 왜 만든지 이해 할수가 없음 ㅡ ㅡ!! 제발 렉 좀 안걸리게나 해주세요!!!!!! 운영자님들~~",,17,4.1.9,https://play.google.com/store/apps/details?hl=ko&id=com.friendscube.somoim
Google Play,8fc4973c-34d2-4caa-8b1b-ac12f00f90e8,1,2022-06-14T18:08:35+00:00,2022,분별없는 모임추천,,0,4.1.8,https://play.google.com/store/apps/details?hl=ko&id=com.friendscube.somoim
Google Play,af1289f0-7cbc-4a28-add1-f8d3fd1e416a,1,2022-06-14T11:47:20+00:00,2022,소모임 만들었는데 암만 검색해도 안보이는건 유료회원이 아니라서인가요?,,1,4.1.9,https://play.google.com/store/apps/details?hl=ko&id=com.friendscube.somoim
Google Play,31197ad2-06bb-4591-9cfa-0821119e748e,1,2022-06-14T06:18:03+00:00,2022,이상한 사람들 집합소,,1,4.1.8,https://play.google.com/store/apps/details?hl=ko&id=com.friendscube.somoim
Google Play,08160060-f275-4226-a728-26376f86d1ba,1,2022-06-12T02:04:38+00:00,2022,카톡 오픈채팅이 더 많지않나요?,,0,4.1.9,https://play.google.com/store/apps/details?hl=ko&id=com.friendscube.somoim
Google Play,2bc72266-0662-4a33-91f9-1e14d6e07168,1,2022-06-11T10:00:19+00:00,2022,정모 만들기 갯수 좀 늘려주세요...세개는 너무 모자람,,0,4.1.9,https://play.google.com/store/apps/details?hl=ko&id=com.friendscube.somoim
Google Play,505d424e-553e-4912-8893-a25209a11b21,1,2022-06-10T03:13:40+00:00,2022,모임을 만들었는데 저한테만 보이고 지역모임에도 안뜨고 검색해도 안뜨네요 설마 돈 안내면 안뜨는 시스템인가요?,,0,,https://play.google.com/store/apps/details?hl=ko&id=com.friendscube.somoim
Google Play,328a5aca-c06e-4cd4-b55d-330fa0ee0ece,2,2022-06-09T14:05:44+00:00,2022,모임은 없고 죄다 클래스 어쩌고 뿐이네..,,0,4.1.9,https://play.google.com/store/apps/details?hl=ko&id=com.friendscube.somoim
Google Play,2072d7ff-f5ab-4279-b2ed-6491015e4455,1,2022-06-09T09:26:52+00:00,2022,유료 어플인데 어플에 투자좀,,0,4.1.9,https://play.google.com/store/apps/details?hl=ko&id=com.friendscube.somoim
Google Play,c9c8accf-e3a1-4a4a-9315-fb59a34bd54f,1,2022-06-09T08:01:36+00:00,2022,개불편함,,0,4.1.9,https://play.google.com/store/apps/details?hl=ko&id=com.friendscube.somoim
Google Play,b83ab05f-eaa1-413e-b7f6-d35e858ee9cf,3,2022-06-09T03:31:49+00:00,2022,인연을 만들어주는 역할엔 별 다섯 개 박고 도저히 봐 줄 수 없는 자질구레한 디자인에 별 하나를 뜯어냅니다. + 뭔 프사 보는데 돈을 뜯어.... 이런 수익구조가 옳은 건가요?,,2,4.1.8,https://play.google.com/store/apps/details?hl=ko&id=com.friendscube.somoim
Google Play,cff2f188-68a9-4648-aeaf-286150222a98,1,2022-06-08T22:55:53+00:00,2022,강퇴가 심함 모임장 절대갑 왕놀이 함,,2,4.1.9,https://play.google.com/store/apps/details?hl=ko&id=com.friendscube.somoim
Google Play,bc781a91-460a-4bc9-ad63-dcff15929d6f,1,2022-06-08T11:04:40+00:00,2022,개 찐따들 모여서 노는곳 남자 10명 여자2ㅡ3명 ㅋㅋ 피터지는 혈투 ㅋㅋ,,16,4.1.9,https://play.google.com/store/apps/details?hl=ko&id=com.friendscube.somoim
Google Play,d1de52f8-4924-43a2-bb81-21c31136fe8b,2,2022-06-06T08:23:51+00:00,2022,파워유저보고 어이가 없네요 ㅋㅋ,,2,4.1.8,https://play.google.com/store/apps/details?hl=ko&id=com.friendscube.somoim
Google Play,0ca77017-d147-4647-9cff-b2356d990cb1,1,2022-06-04T11:23:11+00:00,2022,초대거부도 안되고 프로필사진도 딴사람이랑 섞이고.. 앱 자체에 문제가 많음,,1,4.1.7,https://play.google.com/store/apps/details?hl=ko&id=com.friendscube.somoim
Google Play,490f2fb8-d72e-4f6f-81b7-78603beb6197,1,2022-06-02T17:56:38+00:00,2022,기기이전이 안됩니다. 기기를 변경했는데 현재 사용중인 휴대폰에서는 앱을 사용하지 못하고 있어요.,,1,4.1.8,https://play.google.com/store/apps/details?hl=ko&id=com.friendscube.somoim
Google Play,fdf50c5c-987a-4bf9-923b-cc1d579779a0,1,2022-06-01T04:55:37+00:00,2022,1 유령회원 심각함 2 파워유저기능? 상술이 너무 심함 3 월결제를 하는데 지원해주는게 너무 없음ㅡ모임갯수 회원관리 강퇴제한 지도 불편하게 바뀜,,4,4.1.8,https://play.google.com/store/apps/details?hl=ko&id=com.friendscube.somoim
Google Play,643edb41-685b-4a07-8602-8601c08ec991,2,2022-06-01T00:18:56+00:00,2022,"동네선택과 주제선택과 무관하게 필터링조차 되지 않는 모임리스트에 적잖이 당황했습니다. 사는동네, 직장위치를 적게 했으면 최소한 근거리 위주로 리스트가 보여야한다고 생각합니다.",,6,,https://play.google.com/store/apps/details?hl=ko&id=com.friendscube.somoim
Google Play,62b3d704-43f8-4b55-aa24-d9251e36ac62,3,2022-05-31T20:47:29+00:00,2022,버그가 너무 많아요,,0,4.1.8,https://play.google.com/store/apps/details?hl=ko&id=com.friendscube.somoim
Google Play,937fd1a7-c56e-4ee7-9a81-5f1b6715d2af,1,2022-05-30T12:49:38+00:00,2022,모임 검색이 누구는 나오고 누구는 안나옴 ㅋㅋ,,1,4.1.8,https://play.google.com/store/apps/details?hl=ko&id=com.friendscube.somoim
Google Play,fa620286-2281-4966-80e8-eb798216f681,1,2022-05-30T07:42:06+00:00,2022,쓰레기,,1,4.1.8,https://play.google.com/store/apps/details?hl=ko&id=com.friendscube.somoim
Google Play,49df037b-80b3-4a26-8045-e1eb4c0a4330,1,2022-05-30T04:04:07+00:00,2022,불편합니다. 정모 외 벙 개설이나 채팅창 이미지업로드 기능이 필요합니다. 신생 모임 어플 나오면 밀립니다. 4년째 개선되는 부분이 안보입니다.,,0,4.1.8,https://play.google.com/store/apps/details?hl=ko&id=com.friendscube.somoim
Google Play,8087aa01-c387-4ae7-9f7d-7b33511665f3,2,2022-05-30T03:31:47+00:00,2022,검색도 안될 때가 많고 가입된 모임도 안나타나고 관리 참 후지게 안함.. 기능도 별 없음,,1,4.1.8,https://play.google.com/store/apps/details?hl=ko&id=com.friendscube.somoim
Google Play,f4e21131-3ba9-4122-afe6-48600ee21642,1,2022-05-29T03:54:42+00:00,2022,사용자 개인 정보를 너무 많이 요구함. 그것도 선택이 아닌 필수로. 삭제함.,,3,4.1.8,https://play.google.com/store/apps/details?hl=ko&id=com.friendscube.somoim
Google Play,24fa1351-7715-4ece-8f70-4d322cf03d3c,3,2022-05-29T01:15:32+00:00,2022,제발 이상한 파워유저권 만들지말고 투표갯수좀 늘려주세요^^,,2,4.1.8,https://play.google.com/store/apps/details?hl=ko&id=com.friendscube.somoim
Google Play,81331541-68c5-4fa9-bd27-5f6f23dcd43e,3,2022-05-27T09:35:31+00:00,2022,"소모임을 5년째 쓰는 사람이고 한 모임의 운영진인대요. 업데이트를 너무 쓸때없는거만 하는거 아닌가요? 회원들 다른모임 가입한거부터 아얘 안보이게 다 막아버리네요 소모임에서 도대체 어떤 생각으로 이런식으로 하는건지 전혀 이해가 안됩니다. 타모임의 운영진이나 모임장이 가입하면 모임에 어떤일이 발생할지 조차 생각은 안하고 막아버린건가요? 한달, 1년치 프리미엄 스폰서로 결제하는 모임장부터 그리고 운영진들 입장은 하나도 생각안하고 허수아비로 만들려고 하는건가요? 이렇게 되면 모임의 회원이 모임개설을 해도 알수조차 없어지는데 모임자체를 개판소판으로 만들고 사람들끼리 정치질 갈등조장 모임파괴시키는거 밖에 안됩니다. 다른 업데이트 바라지도 않습니다. 신분증 집주소 노출되는거도 아니고 회원들의 모임 가입갯수나 이런 정보는 제일 중요한거중에 하나인데 아얘 안보이게 막아버리는 이건 정말 아니죠. 운영하는 분들 입장에서 좀 더 생각해주시고 원상태로 복구해주시길 바랍니다. 답변도 보시는대로 부탁드리구요.",,6,4.1.8,https://play.google.com/store/apps/details?hl=ko&id=com.friendscube.somoim
Google Play,d2cf9d49-24e2-42f9-bbad-58ef296b2263,2,2022-05-27T00:33:38+00:00,2022,밴드에도 소모임 많이 밀고 있던데 이렇게 서비스 기능이 제한적이면 갈아탈수도 있을것 같네요,,0,4.1.8,https://play.google.com/store/apps/details?hl=ko&id=com.friendscube.somoim
Google Play,73708792-2925-4391-a2c8-78a98ad8bd88,2,2022-05-26T08:38:09+00:00,2022,업데이트 좀자주,,0,4.1.7,https://play.google.com/store/apps/details?hl=ko&id=com.friendscube.somoim
Google Play,5d27e2ee-be9f-4a9e-9de4-a2b38d204dbf,3,2022-05-26T08:25:08+00:00,2022,개발자로서 ui는 개선 하는게 좋아보입니다.,,0,4.1.8,https://play.google.com/store/apps/details?hl=ko&id=com.friendscube.somoim
Google Play,814b7e34-25c5-4cfe-a544-07db65fd1cbb,1,2022-05-26T06:12:35+00:00,2022,왜... 왜 핸드폰 바꾸니까 기존 계정에서 가입한 모임을 탈퇴시키는 건가요 ㅠㅠ 어찌저찌 새로 가입해서 해결은 했는데 신경써주세요 정보 옮기는 기능이 있다던가 계정을 만들거나...,,1,4.1.8,https://play.google.com/store/apps/details?hl=ko&id=com.friendscube.somoim
Google Play,7e048f27-420a-495b-a890-da2544585a59,1,2022-05-26T00:44:46+00:00,2022,요즘 n사 k사 앱들에 비해 현저히 떨어지는 시대 반영이 안된 어플이네요!!,,0,4.1.7,https://play.google.com/store/apps/details?hl=ko&id=com.friendscube.somoim
Google Play,cf936eea-a086-453a-a68c-3d49ff80b3ab,1,2022-05-23T09:28:55+00:00,2022,소모임말고클래스로전환하고픕니다,,0,4.1.7,https://play.google.com/store/apps/details?hl=ko&id=com.friendscube.somoim
Google Play,94156669-7f96-4bcd-9728-1c1800901af4,1,2022-05-18T12:51:07+00:00,2022,일주일전부터 버그발생 고칠의향이없는지 감감무소식 메일보내도 읽지도 않음 돈 15000원받아먹으면서 개선할 생각도 안함 썩렬어플 등극할 예정 배째라인가?,,1,4.1.7,https://play.google.com/store/apps/details?hl=ko&id=com.friendscube.somoim
Google Play,4dbc72b8-7a3d-4ff0-af60-9e40ed07d059,3,2022-05-17T16:54:24+00:00,2022,정모사진 수정도 안되고 기타 기능들이 너무 미흡합니다.,,2,4.1.7,https://play.google.com/store/apps/details?hl=ko&id=com.friendscube.somoim
Google Play,2eaeed7b-cd2c-47eb-a2c8-96d3509c7c39,1,2022-05-17T10:37:58+00:00,2022,자꾸 가입하라고 푸시알림와서 짜증나서 지웠습니다. 설정에서 이거에 대한 알림만 따로 끌수도 없고 이부분만 해결되면 다시 사용할 의향 있음,,0,3.7.7,https://play.google.com/store/apps/details?hl=ko&id=com.friendscube.somoim
Google Play,1c516a44-c46c-4999-84ea-3017f595b650,1,2022-05-12T02:26:19+00:00,2022,마곡동을 선택할수없네요 개선해주세여,,0,4.1.7,https://play.google.com/store/apps/details?hl=ko&id=com.friendscube.somoim
Google Play,1d1bb63a-f9c5-40ff-8aab-1d267fac927b,3,2022-05-11T12:52:38+00:00,2022,다 좋은데요 사람들이 언제언제 참여를 했나 그런 시스템이 있었으면 좋겠습니다^^,,0,4.1.7,https://play.google.com/store/apps/details?hl=ko&id=com.friendscube.somoim
Google Play,d24d24ad-6630-4939-814f-ec366945ac46,3,2022-05-10T00:28:53+00:00,2022,나름 쓸만!,,0,4.1.7,https://play.google.com/store/apps/details?hl=ko&id=com.friendscube.somoim
Google Play,901f14de-9834-45c3-a761-3ce03bd35c4a,1,2022-05-04T09:50:19+00:00,2022,질떨어지는 사람들이 모인 곳,,0,,https://play.google.com/store/apps/details?hl=ko&id=com.friendscube.somoim
Google Play,eb4de279-6081-4b9d-b102-360072990096,2,2022-05-04T05:06:04+00:00,2022,원하는 위치만 나올 수 있게 설정할 수 있으면 좋겠어요 기껏 위치 다 정해놨는데 다른지역 모임만 우루루 나오고 답답해요,,1,4.1.7,https://play.google.com/store/apps/details?hl=ko&id=com.friendscube.somoim
Google Play,8c1c4ff8-0b93-4d78-b900-ec6b924a9bb9,1,2022-05-03T14:14:56+00:00,2022,가입한 모임 자진탈퇴는 안되네요?,,0,,https://play.google.com/store/apps/details?hl=ko&id=com.friendscube.somoim
Google Play,40d5e2d1-eb09-489c-bf48-bb8bbd1b508a,3,2022-05-03T10:45:50+00:00,2022,모임 개설후에 다른사람이 모임명 검색시에 안나와요,,0,4.1.7,https://play.google.com/store/apps/details?hl=ko&id=com.friendscube.somoim
Google Play,6b3162d1-30be-4289-82d5-e74823376565,1,2022-05-01T05:55:35+00:00,2022,검색 알고리즘좀 고쳐주세요 같은 모임에 들어가 있어도 검색에 똑같은 조건으로 검색해도 나오는 사람이 있고 안나오는 사람이 있는거죠...그리고 여러가지 불편한 점이 많은데 돈까지 냈는데도 기능도 제한적인게 너무 많음 다른 사람들 피드백좀 받고 개선 합시다 돈 어느정도 벌었다고 관리 안하는건가요?m,,1,4.1.7,https://play.google.com/store/apps/details?hl=ko&id=com.friendscube.somoim
Google Play,c1aad2ff-0412-489d-8c81-419f9e61dc60,1,2022-04-30T02:43:06+00:00,2022,플랫폼 잘만드신건 좋은데 개선할생각이 전혀없으신가요? 5년째쓰고있는데 검색기능없는거나 탈퇴시키는것도 주 10명 제한이나 . Ui가 최악이에요. 그렇게 길게운영하고 업데이트를 왜 안하십니까? 게시판도 카테고리순으로 좀 나누시구요. 네이버 카페앱 반만 따라가세요. 앱 사용성은 최악입다 진짜,,0,4.1.7,https://play.google.com/store/apps/details?hl=ko&id=com.friendscube.somoim
Google Play,e636f97c-d77a-4ca2-8fbe-bbb81d088be4,1,2022-04-28T14:58:56+00:00,2022,사이비 종교있으니 조심하세요.,,2,3.8.5,https://play.google.com/store/apps/details?hl=ko&id=com.friendscube.somoim
Google Play,a9f42b78-6c60-4e92-be93-f59adb87fdba,3,2022-04-28T05:08:43+00:00,2022,회원 다른사람 모임 가입목록이 보이지를 않아요,,1,4.1.7,https://play.google.com/store/apps/details?hl=ko&id=com.friendscube.somoim
Google Play,24ae403d-ef7f-49f5-9561-b00f2cdd672c,2,2022-04-27T11:02:48+00:00,2022,"모임검색이안되요 아예, 클래스만보이고 모임이 보이지않습니다 도대체 버그나 ui는 언제 개선하는지.. 회원탈퇴하고나니 기존보였던 모임이 안보이고 검색의 질이 확낮아졌어요 무슨 유료모임만 위에뜨게해놨는지, 현재 활동하고있는 소모임이 검색이안되는건 뭐죠? 소모임 이름도알고있는데 뜨질않아요",,7,4.1.7,https://play.google.com/store/apps/details?hl=ko&id=com.friendscube.somoim
Google Play,f85f4f14-c670-4e9a-98a8-3b084ed507c6,1,2022-04-26T12:26:18+00:00,2022,모임 참석버튼 누르면 운영진 알람오는 기능 없애주시던가 설정할수있게 변경해주세요. 알람 너무와요 앱 삭제하고싶습니다,,1,4.1.7,https://play.google.com/store/apps/details?hl=ko&id=com.friendscube.somoim
Google Play,f1aab425-80c3-40ed-aa4f-f98bdb5feaf0,1,2022-04-26T02:30:53+00:00,2022,오래도록 썼지만 발전이 없어도 너무 없는것 같네요.. 초대거절기능이라던지 불편한게 한두개개 아닌데... 사용자들에 말에 귀좀 기울이세요,,4,4.1.7,https://play.google.com/store/apps/details?hl=ko&id=com.friendscube.somoim
Google Play,ad26a9f2-4b86-4824-8e80-85e990665e0d,3,2022-04-25T18:30:16+00:00,2022,모임결성하고 회원유치하기 나쁘지 않았어요. 그런데 기능이 너무 제한적이네요. 영상 업로드 기능도 없고 링크공유기능도 없고요. 정모개설시 참여회원 수도 왔다갔다 합니다. 모임장의 경우 소모임개설하려면 매달 일정금액 지불하고 이용해야하는데 그에 비해 너무 기능이 없네요. 정모 참여 이후에도 지난 정모 때 누가 참석을 눌렀는지 지속적으로 볼 수 있었으면 합니다.,,196,4.1.7,https://play.google.com/store/apps/details?hl=ko&id=com.friendscube.somoim
Google Play,9c4513cd-8a44-47a1-9479-5088325db88f,1,2022-04-25T05:07:45+00:00,2022,기혼자 동성친구 만나고싶은데 그런모임이 드문것같어서 탈퇴합니다,,1,,https://play.google.com/store/apps/details?hl=ko&id=com.friendscube.somoim
Google Play,7290e358-ec2e-4376-990b-14b97941b04d,1,2022-04-20T23:50:37+00:00,2022,아 진짜 이상한거 업뎃했네? 운영진한테 회원들 모임참석&취소 할때마다 채팅창에 귓말 알람오게 왜 한거에요?? 앱채팅창이 저걸로 도배됨ㅋㅋ어이없는거 업뎃좀 하지말고 돈 그렇게 받았으면 게시글 쓸때 이미지첨부기능좀 향상시키셈;; 22년도 어플맞음? 기능개선좀 하라고요~,,3,4.1.7,https://play.google.com/store/apps/details?hl=ko&id=com.friendscube.somoim
Google Play,dffe9f85-f290-4c0b-b23d-d3b97b29fe66,3,2022-04-18T22:24:02+00:00,2022,앱좋네요,,0,4.1.7,https://play.google.com/store/apps/details?hl=ko&id=com.friendscube.somoim
Google Play,cd24d29d-e3b8-4136-8d5d-2ac5d3e95ece,1,2022-04-18T10:06:50+00:00,2022,촤대 정모 개설좀 늘려줘...3개가 뭐냐 3개가..,,1,4.1.7,https://play.google.com/store/apps/details?hl=ko&id=com.friendscube.somoim
Google Play,22c80651-6d2e-4a4d-9c4c-e87138ec4034,3,2022-04-17T22:50:09+00:00,2022,Ui ux가 뭔가 이질감이 있네요,,0,4.1.7,https://play.google.com/store/apps/details?hl=ko&id=com.friendscube.somoim
Google Play,cd652b8d-9e4a-402f-98c0-f9a6ce712177,3,2022-04-17T13:03:31+00:00,2022,모바일데이터는 잘되는데 와이파이 접속시 인터넷연결문제 오류가 계속뜨네요 와이파이문제 아니냐할까봐 말씀드리면 다른건 다잘됨,,14,4.1.7,https://play.google.com/store/apps/details?hl=ko&id=com.friendscube.somoim
Google Play,6b83daa2-c1d0-4af3-ace5-cf538f930897,1,2022-04-16T10:36:10+00:00,2022,여자에 환장한 소모임장들 남자회원들은 갖은 핑계를 대서 쫓아내고 여자들은 어떻게든 해보려고 발정난것마냥 꼬셔댐 ㅋㅋ 그에 따른 소모임 대처는 아무것도 없음,,5,4.1.7,https://play.google.com/store/apps/details?hl=ko&id=com.friendscube.somoim
Google Play,b3201c76-1f5f-4b7d-9f7d-38712c9d2cc7,3,2022-04-16T02:31:22+00:00,2022,아직은 잘모르겠음 ㄷㄷ,,0,4.1.7,https://play.google.com/store/apps/details?hl=ko&id=com.friendscube.somoim
Google Play,154732f7-9a89-44c8-b67c-ccad2534e26d,1,2022-04-15T07:11:09+00:00,2022,몇칠째 자꼬 로딩만되고 연결이안되네요. 폰을 꺼다가 다시켜봤지만 몇칠째 같은현상만일어나네요...,,0,,https://play.google.com/store/apps/details?hl=ko&id=com.friendscube.somoim
Google Play,bf5cdc0b-328e-4008-84ab-e2f34e5977e3,1,2022-04-13T06:06:47+00:00,2022,문의사항 메일로 보내면 답변 따윈 없더군요,,1,4.1.3,https://play.google.com/store/apps/details?hl=ko&id=com.friendscube.somoim
Google Play,4150274d-9ed8-4605-9190-21276151a4c8,1,2022-04-09T11:03:32+00:00,2022,모임 차단 기능이 있었으면 좋겠네요 초대 안 받고 싶어요,,2,,https://play.google.com/store/apps/details?hl=ko&id=com.friendscube.somoim
Google Play,c57917c1-b181-4d99-8ceb-5cd71dba71d2,3,2022-04-08T02:54:50+00:00,2022,괜찮네요,,0,,https://play.google.com/store/apps/details?hl=ko&id=com.friendscube.somoim
Google Play,20a3be66-fb72-464a-830e-2b08d026004c,1,2022-04-07T14:30:15+00:00,2022,한 모임에서 계속 반복적으로 초대가 오는데 초대거부기능 있었으면 좋겠어요,,2,4.1.6,https://play.google.com/store/apps/details?hl=ko&id=com.friendscube.somoim
Google Play,7077affb-48f8-4e18-97c6-10fbe0744335,1,2022-04-06T10:40:18+00:00,2022,사람이 별로없어요,,0,4.1.6,https://play.google.com/store/apps/details?hl=ko&id=com.friendscube.somoim
Google Play,b59d2c2f-5411-4516-98fa-38e3759d9c6c,2,2022-04-04T01:16:18+00:00,2022,핸드폰 변경시 마이그레이션이 제대로 되지 않고 이력 추적이 용이하지 않습니다. 계속 앱을 이용하더라도 기기는 변경될 수 있는 점을 고려한 서비스를 원합니다. (계정연동 클라우드화 같이요....),,111,4.1.6,https://play.google.com/store/apps/details?hl=ko&id=com.friendscube.somoim
Google Play,acb9d253-2115-448c-b153-0f150bae0eec,1,2022-04-04T00:50:01+00:00,2022,사용하고 있는데 전체 태크 기능이 안됨,,1,4.1.6,https://play.google.com/store/apps/details?hl=ko&id=com.friendscube.somoim
Google Play,62c3d96c-9764-48c8-9a09-c4cef406c1dc,1,2022-04-03T02:33:48+00:00,2022,회원가입하는데 집주소가 안뜨네여 촌에 살면 말도 안하는데 개빡치게 하네여??? 님들이 그래 만들어 놨으면 우야라는건지??,,1,4.1.6,https://play.google.com/store/apps/details?hl=ko&id=com.friendscube.somoim
Google Play,9c614ec3-f1f7-48c1-84fc-ba5f7546d11e,3,2022-03-30T11:13:10+00:00,2022,"모임을 찾는데, 전부 서울 밖에 없네요. 게다가 지역 설정을 하려고 해도 제 지역이 안떠요. '인천광역시 서구 원당동' 좀 추가 부탁드립니다.",,1,4.1.6,https://play.google.com/store/apps/details?hl=ko&id=com.friendscube.somoim
Google Play,1aa3398e-44a6-458c-9788-ab4b8cb9951f,1,2022-03-30T08:32:02+00:00,2022,친구가 삭제했다가 재설치하려고하는데 대기중..... 메시지 만 뜨고 설치가안된다고하네요.,,0,4.1.3,https://play.google.com/store/apps/details?hl=ko&id=com.friendscube.somoim
Google Play,9f8213a2-afc2-4761-9894-2f50e2714725,1,2022-03-29T21:08:24+00:00,2022,이거 왜 어플 삭제후 재가입하니 원래 가입했었던 정보가 없나요.,,2,4.1.6,https://play.google.com/store/apps/details?hl=ko&id=com.friendscube.somoim
Google Play,bb147eb9-188e-4dcf-a72a-bfebfafa716b,1,2022-03-29T00:53:46+00:00,2022,구독취소버튼좀...,,1,4.1.6,https://play.google.com/store/apps/details?hl=ko&id=com.friendscube.somoim
Google Play,77235710-4b96-4432-b10e-2747cb311b97,1,2022-03-28T00:15:50+00:00,2022,주소검색이 안되네요 주소데이터가 옛날꺼인듯합니다,,0,,https://play.google.com/store/apps/details?hl=ko&id=com.friendscube.somoim
Google Play,5e0f537d-409b-4263-b04e-70c79c35e574,2,2022-03-27T14:49:20+00:00,2022,플립3 에서는 이 앱에서는 알림을 보내지 않습니다라고 하는데 문제가 뭠가요,,0,4.1.5,https://play.google.com/store/apps/details?hl=ko&id=com.friendscube.somoim
Google Play,403cf1df-254f-43b3-9abf-a57ff5ee185b,1,2022-03-27T06:18:27+00:00,2022,스토킹 신고하는데 3개월째 답변이 없음,,0,4.0.7,https://play.google.com/store/apps/details?hl=ko&id=com.friendscube.somoim
Google Play,ba19422f-8a83-4965-b13c-4e818a82f7cf,2,2022-03-23T01:53:09+00:00,2022,활성화된 모임이 없음,,0,4.1.5,https://play.google.com/store/apps/details?hl=ko&id=com.friendscube.somoim
Google Play,35e5c1a5-7857-4ac7-8b11-8e15990e7942,1,2022-03-20T23:17:14+00:00,2022,거지,,1,4.1.5,https://play.google.com/store/apps/details?hl=ko&id=com.friendscube.somoim
Google Play,dfba4022-2e5b-4c2a-aafe-e3cecee5ef78,1,2022-03-16T07:42:03+00:00,2022,22살이 없네요,,0,4.1.5,https://play.google.com/store/apps/details?hl=ko&id=com.friendscube.somoim
Google Play,1d985595-4c5b-443d-bcc5-b477b0ec33c7,1,2022-03-12T17:26:42+00:00,2022,안돼겟네 신고할게 기다려,,1,4.1.4,https://play.google.com/store/apps/details?hl=ko&id=com.friendscube.somoim
Google Play,506bfc4d-d798-44e1-8539-d873bd639404,3,2022-03-10T12:44:54+00:00,2022,모임인원을 수정했는데도 계속 300명으로 뜨네요ㅠ,,0,4.1.5,https://play.google.com/store/apps/details?hl=ko&id=com.friendscube.somoim
Google Play,5c01ee5a-ebe4-4cb1-9ce0-cc534ac14ff6,1,2022-03-07T07:15:08+00:00,2022,기기변경 했는데 내 아이디로 접속 안되네요-_-,,0,4.1.5,https://play.google.com/store/apps/details?hl=ko&id=com.friendscube.somoim
Google Play,fa5d20e6-5828-451d-88b0-4fd7853d6e45,3,2022-03-05T03:00:10+00:00,2022,채팅창 오류가 심하고 매월 정기결제금액이 너무 큼,,1,4.1.5,https://play.google.com/store/apps/details?hl=ko&id=com.friendscube.somoim
Google Play,ecd20dc7-916d-462b-a145-238851f28920,1,2022-03-01T01:43:46+00:00,2022,클래스 삭제 어떻게 하나요,,0,4.1.4,https://play.google.com/store/apps/details?hl=ko&id=com.friendscube.somoim
Google Play,3b4c2805-3c34-452d-bf3f-0c5efdb483ef,1,2022-02-26T16:33:30+00:00,2022,전화는 항상 꺼져있고 메일 5통째 보내도 감감무소식...,,5,4.1.4,https://play.google.com/store/apps/details?hl=ko&id=com.friendscube.somoim
Google Play,7e26f759-35d5-41f0-bef9-1765b09eafbb,1,2022-02-26T12:25:42+00:00,2022,우리동네는 아예 뜨지도않네...,,0,,https://play.google.com/store/apps/details?hl=ko&id=com.friendscube.somoim
Google Play,8de42420-b1ec-43b4-9958-700bd1a2d662,1,2022-02-25T12:33:27+00:00,2022,"메일로 문의 드린지 벌써 몇주째입니다, 어플에 달린 댓글이나 메일로 보낸 문의글 읽으시기는 하나요? 좋은 어플이지만 피드백이 잘 되어있지 않아 불편합니다. 메일 답변 좀 해주세요.",,4,4.1.4,https://play.google.com/store/apps/details?hl=ko&id=com.friendscube.somoim
Google Play,7a7e863a-e3e7-48ae-905c-485386ae527f,1,2022-02-21T13:23:26+00:00,2022,자동결제 취소 방법 아시는분~ 좀 알려주세요 ㅜㅜ 코로나 때문에 벙도 못하고 있는데 계속 돈은 결제되고있어요~ 자동결제 취소하는 방법 좀 알려주세요 왜이렇게 어렵게 해놓은건지 정말 짜증납니다,,7,4.1.4,https://play.google.com/store/apps/details?hl=ko&id=com.friendscube.somoim
Google Play,d92f8d17-3c53-431a-b63e-806ef5c97779,3,2022-02-19T23:35:40+00:00,2022,취지는 좋긴한데... 남녀미새가 너무 많아...,,0,4.1.4,https://play.google.com/store/apps/details?hl=ko&id=com.friendscube.somoim
Google Play,54cce89a-3e6e-482c-8853-98b014b5ab29,2,2022-02-17T22:59:34+00:00,2022,초대 거절 기능이 있었음 좋겠어요. 아님 알림 끄기나요.... 제가 필요한 건 제 소모임의 알림인데 자꾸 원하지 않는 초대 알림이 와서 너무 불편해요. 다른 분들도 원하시는 것 같은데 왜 그 기능 개선이 안되는건가요? 그리고 추천기능이 있는거 보면 초대는 어디선가 절 보고 초대하는 것 같은데 그럼 모르는 타인이 초대를 못하게 초대를 안받는 기능도 있어야할 것 같습니다. 더불어 소모임 첫화면 기능이 개선되었으면 좋겠어요. 제가 가입한 소모임이 보이도록 첫 화면으로 두고싶은데 그렇지 않아서 접근이 다소 불편해요. 가입 소모임목록을 보는 창도 제 소모임과 다른 소모임들이 보여지는게 차이가 없어서 너무 헷갈리고요. 강조가 되어있으면 보기가 훨씬 편할 것 같습니다.,,160,4.1.4,https://play.google.com/store/apps/details?hl=ko&id=com.friendscube.somoim
Google Play,43d0d8d9-0c2f-4583-a628-b129ad7c88a8,3,2022-02-17T13:47:45+00:00,2022,"내지역모임만 보고싶은데 왤케 다른지역모임이 더 많이 뜨는지? 소도시도 아니고 대전인데 천안,세종,아산이굉장히 많이 뜨는데 타지역모임 안뜨게 어떻게하나요?",,10,4.1.4,https://play.google.com/store/apps/details?hl=ko&id=com.friendscube.somoim
Google Play,d5678700-9206-4a26-a158-51333cf195e7,3,2022-02-14T03:53:33+00:00,2022,서비스 업데이트좀 해주세요 사진첩 기능도 개선..... ㅠㅠ,,0,4.1.4,https://play.google.com/store/apps/details?hl=ko&id=com.friendscube.somoim
Google Play,6793e104-f907-4520-b533-46e9aae22687,1,2022-02-13T03:02:51+00:00,2022,제발 전주사람한테 광주 소모임 추천 안뜨게좀 해주세요 ㅎㅎ 전주에서 광주까지 가는데 차량으로만 100킬로미터 가까운 거리인데 거기까지 가서 모임 가입할까요?ㅎㅎ 같은 호남권이라는 이유만으로 추천뜨는것같은데 정작 거주 당사자에게는 전혀 의미없는 추천입니다 ㅠ 차라리 반경 몇킬로 내 추천이면 몰라...,,4,4.1.4,https://play.google.com/store/apps/details?hl=ko&id=com.friendscube.somoim
Google Play,5bcb2ea8-d616-4086-b70f-f35f60314d8d,1,2022-02-11T15:54:18+00:00,2022,한개도아깝다,,0,,https://play.google.com/store/apps/details?hl=ko&id=com.friendscube.somoim
Google Play,414e5201-003c-4d60-a74f-af3c5a768350,1,2022-02-11T08:30:54+00:00,2022,아니 탈퇴했는데...돈은 계속 나가고 있었나요? 환불해주세요. 왜 메일로 답변도 없으신가요?,,0,,https://play.google.com/store/apps/details?hl=ko&id=com.friendscube.somoim
Google Play,1a936d8b-59a2-4593-b28e-335107603cfa,1,2022-02-11T03:51:57+00:00,2022,지역별로 잘 나오다 언제부터인지 수도권 지역 다 섞여서 나와요ㅡㅡ,,0,4.1.4,https://play.google.com/store/apps/details?hl=ko&id=com.friendscube.somoim
Google Play,6f503ac1-359d-4169-869d-d2ad8a31b5a9,1,2022-02-09T02:10:29+00:00,2022,프리미엄가입하는게 홍보등 전혀도움이안됌 제한만겁나많음 오픈카톡채팅방이훨나을듯이게뭔지 ㅋㅋㅋ,,2,4.1.4,https://play.google.com/store/apps/details?hl=ko&id=com.friendscube.somoim
Google Play,18463127-a4ce-4c66-a61c-e678168701ef,1,2022-02-06T08:24:26+00:00,2022,다른건 다 좋은데 초대 거절이나 가장 기본적인 것들은 없나요 원치 않는 모임에서 초대장 오면 그냥 그냥 있어야 하는 건가요!?? 초대 목록에 계속 떠 있는데 그런거 없애는 방법좀 만들어보세요...설마 못 하는건 아니죠!???,,5,4.1.3,https://play.google.com/store/apps/details?hl=ko&id=com.friendscube.somoim
Google Play,08a84dd3-4866-4cbb-924a-20ef50d15c8e,1,2022-02-06T08:02:22+00:00,2022,몇개 모임이 안뜨네요ㅡㅡ,,1,,https://play.google.com/store/apps/details?hl=ko&id=com.friendscube.somoim
Google Play,d885a9f9-6dee-479c-aeca-ab269b9c675f,3,2022-02-06T05:46:02+00:00,2022,소모임할땐,,0,4.1.3,https://play.google.com/store/apps/details?hl=ko&id=com.friendscube.somoim
Google Play,2d869a1c-3a29-4c65-8d4a-146639f89fde,3,2022-02-02T23:47:02+00:00,2022,프리미엄 모임 취소좀 해주세요 취소가안돼요,,0,4.1.3,https://play.google.com/store/apps/details?hl=ko&id=com.friendscube.somoim
Google Play,54a1fa5b-a6a9-4544-af3b-329ad57c160e,1,2022-02-02T12:37:14+00:00,2022,신천지 포교용 어플 ㅋㅋㅋㅋㅋ 모임 3개 가입했는데 3개 다 신천지냨ㅋㅋㅋㅋ,,1,4.1.3,https://play.google.com/store/apps/details?hl=ko&id=com.friendscube.somoim
Google Play,bc085b18-d27a-4fb4-8573-d3c33ff8d412,3,2022-01-31T13:48:38+00:00,2022,소모임 잘쓰고있습니다^^,,0,3.5.9,https://play.google.com/store/apps/details?hl=ko&id=com.friendscube.somoim
Google Play,f676aa63-a338-4d1d-af63-5697696af767,1,2022-01-26T03:18:44+00:00,2022,"틀에박힌 분류, 불친절한 UX, 대부분 남녀만남으로 변질된 모임그룹",,1,,https://play.google.com/store/apps/details?hl=ko&id=com.friendscube.somoim
Google Play,559871eb-7cca-4c8c-90ee-5efb39395c24,1,2022-01-25T15:08:31+00:00,2022,외모지상주의/남탕,,0,4.1.3,https://play.google.com/store/apps/details?hl=ko&id=com.friendscube.somoim
Google Play,8861be1e-8488-467e-bffd-2d48586bc0b9,2,2022-01-25T14:50:04+00:00,2022,업데이트 될수록 사용하기 불편해짐 검색해도 원하는 소모임 찾기가 힘들음 핸드폰 변경하면 가입한 소모임 자동 탈퇴 되어서 매우 불편함,,6,4.1.3,https://play.google.com/store/apps/details?hl=ko&id=com.friendscube.somoim
Google Play,a36dfd37-8832-456a-8388-a37716eba8ef,1,2022-01-24T23:27:06+00:00,2022,앱에 대해서는 별점 5점 하지만 인간적으로 알람 안뜨게 설정하면 안뜨게 해주시죠? 주변 이용자들 다 알람 안뜨게 해도 뜬다고 옛날부터 얘기하고 상황에 따라서 알람 안올라와야 할 때가 있는데 알람떠서 앱 자체를 삭제해야하나 고민하게되네요,,0,4.1.3,https://play.google.com/store/apps/details?hl=ko&id=com.friendscube.somoim
Google Play,ca0e18ab-cd4e-406a-88a4-e21b1c56cff1,2,2022-01-23T14:50:30+00:00,2022,안예뻐요 앱 디자인이ㅋㅋ,,0,4.1.3,https://play.google.com/store/apps/details?hl=ko&id=com.friendscube.somoim
Google Play,520112a3-8289-47d0-8a26-36110f7c08de,1,2022-01-20T07:27:37+00:00,2022,....? 전라북도권에 딱 3개만 떠있네???,,0,,https://play.google.com/store/apps/details?hl=ko&id=com.friendscube.somoim
Google Play,98bf6800-f46e-4e31-82a4-3722d9b160ba,2,2022-01-15T14:00:38+00:00,2022,요새 넘 버벅거리네요 앱을 몇번째 지웠다 깔았다하는지,,0,4.0.7,https://play.google.com/store/apps/details?hl=ko&id=com.friendscube.somoim
Google Play,fa4eca70-4177-4976-84a8-ace575d3b166,1,2022-01-13T07:14:09+00:00,2022,모임장 하다 모임을 탈퇴하면 자동으로 결제를 취소해 줘야지 취소 방법도 참 어렵게 해놓고 3개월 45000원 환불 해주세요,,18,4.1.2,https://play.google.com/store/apps/details?hl=ko&id=com.friendscube.somoim
Google Play,d3c3b22a-8aaf-4577-a790-090aa6afb3bb,1,2022-01-08T10:49:49+00:00,2022,한번 신고당한뒤로 본사에서는 풀어주지도않고 몇년째 어플 사용을 못하고 있습니다 본사연락처도 없고 메일로만 주고 받아 답답한 어플이네요 본사에서 보고 계신다면 답장 주시고 신고당한거 풀어주시죠,,1,3.9.1,https://play.google.com/store/apps/details?hl=ko&id=com.friendscube.somoim
Google Play,422b6e65-bf54-475f-b1ca-10692b8cb120,1,2022-01-07T03:00:34+00:00,2022,프리미엄 결제 했는데 목록에 뜨지도않고 검색해도 검색안돼요;;;;; 돈 다시 돌려주세요;; 최악의 모임입니다,,6,4.0.7,https://play.google.com/store/apps/details?hl=ko&id=com.friendscube.somoim
Google Play,9429b442-7054-495c-9bf0-63968304d6b6,1,2022-01-01T14:30:50+00:00,2022,정기결제 취소하는법 너무 힘드네요,,1,4.0.7,https://play.google.com/store/apps/details?hl=ko&id=com.friendscube.somoim
Google Play,5f05b7f8-cb8a-4f81-8633-81ddc32f15fd,3,2022-01-01T02:48:25+00:00,2022,"월에 15000원 받는것 치고는 기능들이 너무 아쉽긴합니다 문의 할 수 있는 기능, 게시글 미흡 등 1년째 사용중인데 생각보다 변하는건 없더군요 여러 댓글들 보면 나름 좋은 개선점들이 눈에 띄는데 참고해보시면 좋을 것 같습니자",,13,4.0.7,https://play.google.com/store/apps/details?hl=ko&id=com.friendscube.somoim
Google Play,da62d222-75c7-4da5-bb06-4f88ef7a2f4c,1,2021-12-30T13:08:35+00:00,2021,초대거부 만들어주세요 최대거부 생기면 별다섯개 입니다,,0,4.0.7,https://play.google.com/store/apps/details?hl=ko&id=com.friendscube.somoim
Google Play,5f23cf0e-bbfe-4a97-9cd0-a3f8023fcfd6,1,2021-12-25T12:08:19+00:00,2021,오류마너,,0,3.9.3,https://play.google.com/store/apps/details?hl=ko&id=com.friendscube.somoim
Google Play,fdcc268b-0df7-4f7c-a200-3d87ecedc35a,2,2021-12-18T03:15:03+00:00,2021,구독취소가 어디있나요?찾기힘들기만드셨네요,,0,4.0.7,https://play.google.com/store/apps/details?hl=ko&id=com.friendscube.somoim
Google Play,e6800f67-0bfb-4c0e-aec1-f86d36d07633,2,2021-12-17T03:47:41+00:00,2021,게시판에 사진이 3장밖에 안올라가서 늘려달라 요청했는데 들어주지 않네요. 이제는 돈 안내면 채팅도 못하고 게시판 글도 못씁니다. 그럼 뭐하러 프리미엄이라고 합니까. 그냥 모든 모임을 유료로 하던지 하지.,,13,4.0.7,https://play.google.com/store/apps/details?hl=ko&id=com.friendscube.somoim
Google Play,2d4c139f-7a5c-45ed-a5b6-fafae8d8975c,3,2021-12-14T17:01:31+00:00,2021,다른거 다좋은데 자진탈퇴후 재가입 못하게 하는기능좀 추가부탁드립니다,,1,4.0.7,https://play.google.com/store/apps/details?hl=ko&id=com.friendscube.somoim
Google Play,a1e637df-faf1-4fb2-ad6f-6cc9e480d1cd,2,2021-12-11T03:29:02+00:00,2021,나이 따라~ 모임들이 안떠요.. 다른 지역에 모임은 뜨면서... 나이에 따라 같은 지역에 모임도 안뜬다니... 나이가 아닌 지역으로 모임을 해야 하는거 아닌가요~???,,3,4.0.7,https://play.google.com/store/apps/details?hl=ko&id=com.friendscube.somoim
Google Play,19246afc-3870-4078-951d-6f15d8ffc381,1,2021-12-06T15:34:29+00:00,2021,소모임 어플 자체를 회원탈퇴 하고 어플을 지웠다가 다시 깔면 탈퇴하기 전 상태로 로그인 되있음.,,2,4.0.3,https://play.google.com/store/apps/details?hl=ko&id=com.friendscube.somoim
Google Play,074cd3a2-59f0-48bf-b45d-c51d87266764,3,2021-12-04T02:58:35+00:00,2021,사진파일도 더 올릴수있게 ㆍ이모티콘도 다양하게 해주실의향은? 매번 결제만 해가지 마시고ᆢ,,0,4.0.0,https://play.google.com/store/apps/details?hl=ko&id=com.friendscube.somoim
Google Play,2ec01650-a80c-4e03-9006-ab68de1cb139,1,2021-12-03T18:39:38+00:00,2021,uxui를 우습게 아는 기획자가 만든 앱,,0,4.0.1,https://play.google.com/store/apps/details?hl=ko&id=com.friendscube.somoim
Google Play,418f7990-5f1d-4e10-8529-d45d6035ed5a,1,2021-12-03T05:21:15+00:00,2021,모임 탈퇴하는법을 조금 숩게만들었음좋겠어요,,0,4.0.1,https://play.google.com/store/apps/details?hl=ko&id=com.friendscube.somoim
Google Play,626c0898-588b-4382-9956-56a7687dfcfa,3,2021-11-29T07:07:54+00:00,2021,모임 탈퇴 버튼은 어디있나요..?,,0,4.0.0,https://play.google.com/store/apps/details?hl=ko&id=com.friendscube.somoim
Google Play,7751c532-cf41-4e36-ba57-a9636d145b89,1,2021-11-29T03:13:10+00:00,2021,채팅방에서 운영진의 채팅삭제 기능 추가해주세요,,1,4.0.0,https://play.google.com/store/apps/details?hl=ko&id=com.friendscube.somoim
Google Play,756066d6-cf7a-4919-9251-dc54f7550a99,3,2021-11-27T16:52:15+00:00,2021,어떤모임인지 사진이나 게시판보고싶은데 그러려면 무조건가입을 해야함.. 유령회원인지 단지 관심있는사람인지 모르는경우가많음. 고쳐주셨으면함,,0,4.0.0,https://play.google.com/store/apps/details?hl=ko&id=com.friendscube.somoim
Google Play,205fca71-70bc-42b2-8ee7-1862db9e61d2,3,2021-11-27T04:41:33+00:00,2021,오징어게임인가.....,,0,4.0.0,https://play.google.com/store/apps/details?hl=ko&id=com.friendscube.somoim
Google Play,76877423-0803-4163-862b-40d3e467661a,3,2021-11-25T05:43:52+00:00,2021,결제방법 바꾸고싶은데 어떻게해요,,0,4.0.0,https://play.google.com/store/apps/details?hl=ko&id=com.friendscube.somoim
Google Play,72524695-4b69-40ab-9690-d8efbfdd1094,1,2021-11-23T12:06:18+00:00,2021,오징어게임 아이콘 실화야??? 돈받고 하는게 뭐있니? 1년을 지켜봤는데 1년동안 바뀐게 오늘 아이콘 바뀌었네 ㅋㅋㅋㅋㅋㅋ 터무니없는 버그들도 엄청 많고 어떻게 1년전 버그가 아직도 있는건지... 이쯤되면 알면서도 귀찮아서 일안하는거로 밖에 안보인다. 언젠가 신흥세력에 밀리기전에 일 좀 잘해라. 소잃고 외양간고치기 전에.,,47,4.0.0,https://play.google.com/store/apps/details?hl=ko&id=com.friendscube.somoim
Google Play,b7a93b1e-b29e-4360-a063-1f5e9ec6cc01,1,2021-11-20T21:57:09+00:00,2021,서버용량 좀 늘리세요. 버벅거려서 엄청 불편합니다. 채팅창에 이모티 개발 좀 하시고 사진첨부 기능 좀 추가하시죠~ 유료앱인데 개선되는게 없다능~+++++!!!!!????,,3,3.9.7,https://play.google.com/store/apps/details?hl=ko&id=com.friendscube.somoim
Google Play,d49dfda7-1abd-4714-aeca-b0e9afae8ce4,1,2021-11-20T17:38:34+00:00,2021,진짜별로에야...,,0,3.9.7,https://play.google.com/store/apps/details?hl=ko&id=com.friendscube.somoim
Google Play,4ffa1fbb-4ff6-48c8-8d47-adff91d20af7,1,2021-11-19T10:23:15+00:00,2021,구독 취소 어디서 하나요,,0,3.9.7,https://play.google.com/store/apps/details?hl=ko&id=com.friendscube.somoim
Google Play,5bf253ae-e536-4ebe-81d8-681780ce682a,1,2021-11-18T05:33:03+00:00,2021,앱이 너무 불안정함. 유지 보수는 하는건지.,,0,3.9.7,https://play.google.com/store/apps/details?hl=ko&id=com.friendscube.somoim
Google Play,c13b45ca-d4a8-4f32-89bc-793e1f59fcc4,3,2021-11-17T10:50:42+00:00,2021,쏘쏘,,0,3.9.7,https://play.google.com/store/apps/details?hl=ko&id=com.friendscube.somoim
Google Play,014bd706-15f7-4cb4-b064-83d98f51d51e,1,2021-11-17T03:23:43+00:00,2021,"왜이리 로딩이 안되요???어플을 쓸 수가 없을 정도입니다. 거의 한달동안 지웠다 깔았다도 해보고 업데이트도 꼬박했는데 안되고 있고, 리뷰보니깐 다른 사람도 무한로딩 이런 문제 있는 것 같은데 언제쯤 개선될까요?",,0,,https://play.google.com/store/apps/details?hl=ko&id=com.friendscube.somoim
Google Play,d6ad3ffc-1fbd-492a-8596-a5e1646f1dac,2,2021-11-13T09:47:45+00:00,2021,보안 업데이트 때문인것 같은데 언제부턴가 프로필 사진 변경이 안됨. 모임의 사진첩에 사진은 올려지는데 프로필 사진은 변경이 안된다니... 허.. 답도 없고 화가 남...,,3,3.9.7,https://play.google.com/store/apps/details?hl=ko&id=com.friendscube.somoim
Google Play,f7961421-744c-4331-a932-d661ee5fb8b7,1,2021-11-12T07:22:00+00:00,2021,아니 고객센터 왜 전화가 안되여??,,0,3.9.7,https://play.google.com/store/apps/details?hl=ko&id=com.friendscube.somoim
Google Play,71af2038-7d07-4b04-adc9-fc779e60a172,1,2021-11-08T03:12:51+00:00,2021,"알람 설정 꺼놔도 계속 알람 울리고, 모임마다 따로 설정하기도 어렵고, 내가 속한 모임 바로 찾아가기도 복잡함. 모임에서 가입하라해서 설치는 했지만 쓰기 불편함",,1,3.9.7,https://play.google.com/store/apps/details?hl=ko&id=com.friendscube.somoim
Google Play,e7b8eb55-cd83-44ab-911f-3cee39efe05b,1,2021-11-07T22:56:02+00:00,2021,1년짜리 구독권 결제 후 9개월가량 남아있는 상태입니다 다른모임에 적용 못 시키나요?,,66,3.9.7,https://play.google.com/store/apps/details?hl=ko&id=com.friendscube.somoim
Google Play,25619930-a37e-4c44-b75d-b0d0f69232be,3,2021-11-04T06:08:11+00:00,2021,벙 개설이 한개 밖에 되지 않는데다 멤버표시에도 오류가 있음. 의외로 고칠점이 꽤 보이는데 개선 의지가 미약해보임,,2,3.9.7,https://play.google.com/store/apps/details?hl=ko&id=com.friendscube.somoim
Google Play,f6fb29ef-bbd1-4a87-b3e3-099b551ef67f,1,2021-10-31T14:04:52+00:00,2021,"하.내가진짜세상이랑 담쌓고살면서. 모임을 우연히 찾아봤다. 밴드를 첨해보고 지역밴드찾기힘드길래 소모임을 깔았는데 지역은 잘되있더라 . 용캐내나이또래잇길래 오~~하고 신기해서 가입해봤다 그 밴드 장이 채팅걸어와서 첨이냐그러고 가입인사하라그러더라. 얼굴사진그냥 증명사진올리고 전신올리라돼있길래 살쪄서 안찍었다하니옛날것도상관없다고올리래더라 . 죄송합니다글쓰고 옛날사진올렷다ㅋㅋ5분뒤 강퇴 ㅋㅋㅅ.,ㅂ저기요 이게뭡니까? 그사람한테쪽지를주는 그런시스템도없고 첨접해본사람 강퇴질받고 다음 모임 겁나서 들어나가보겠어요? 이유라도알면좋지. 죄송해요한마디에 강퇴당했더라. 니들모임에 친목도모인데 다른옵션이있니 ? 내가어이없어서 신고를3번했다 . 근데 접합하지않으면 신고한사람이 제한당한다고 안내문 있더라. 내가제한당하면 말다했지 . 이앱이 쓰레기고 얼굴개밝히는거ㅡㅡ내가살다살다ㅋㄲㄱ저기요 물갈이좀 하죠?",,4,,https://play.google.com/store/apps/details?hl=ko&id=com.friendscube.somoim
Google Play,17b21bcb-0f42-44d0-8815-23232e16d706,2,2021-10-29T13:12:39+00:00,2021,가끔씩 오류,,0,3.9.7,https://play.google.com/store/apps/details?hl=ko&id=com.friendscube.somoim
Google Play,c871c4f3-10cc-4bb6-a6ab-9f4a3ecf1afb,1,2021-10-29T04:26:30+00:00,2021,"핸드폰 번호가 바뀌어서, 그동안가입되어 있던 모임이 모두 날아갔습니다. 일일히 다시 가입해야 하는건지, 그 계정은 어찌되는건지 솔직히 짜증나네요",,6,3.9.7,https://play.google.com/store/apps/details?hl=ko&id=com.friendscube.somoim
Google Play,3ee3b61a-48b2-4cb8-9241-b6f8ace36fd0,1,2021-10-29T00:47:41+00:00,2021,"업데이트하고 부터 지웠다가 깔아도 버퍼가 걸리고 불러오는 중입니다만 계속 뜹니다. 평가 잘 안쓰는데, 너무 불편해요. 버그수정 부탁드려요..",,24,3.9.7,https://play.google.com/store/apps/details?hl=ko&id=com.friendscube.somoim
Google Play,fa186ece-2d5e-43ef-8cc0-7a43b14ce1f9,3,2021-10-28T22:01:14+00:00,2021,"이거 보니까, 안한지가언젠데, 왜자꾸 정기결제로 나가나여? 이거뭐져? 헐~이메일이랑 사진이랑보내겠습니다",,0,,https://play.google.com/store/apps/details?hl=ko&id=com.friendscube.somoim
Google Play,d842f76a-9b45-473e-90c9-fa31e0d54074,3,2021-10-26T22:55:34+00:00,2021,음처음시작이라 잘모름,,0,3.9.7,https://play.google.com/store/apps/details?hl=ko&id=com.friendscube.somoim
Google Play,b5e717b8-a0cd-4445-8740-f66e0bb7d7b6,3,2021-10-23T04:01:30+00:00,2021,다른앱은 잘 들어가지는데 소모임 어플만 들어가면 부팅이잘안되고 이상합니다.,,0,3.9.7,https://play.google.com/store/apps/details?hl=ko&id=com.friendscube.somoim
Google Play,6737f167-2fd8-419a-868d-a8545afa5134,3,2021-10-19T09:17:16+00:00,2021,모임초대가 의미가별로없는듯해요. 무분별하게 초대하는 지금의 방식보단 차라리 처음에 소모임에서 했던 초대인원이 하루 50명 안쪽으로 줄더라도 간단한 메세지 첨부와함께 보냈으면 좋겠습니다. 지금의 방식은 별 초대효과가 전혀없는듯합니다. 꼭 꼭 시정해주시면 좋겠어요,,8,3.9.6,https://play.google.com/store/apps/details?hl=ko&id=com.friendscube.somoim
Google Play,013f7ee9-82f8-4491-bf08-2d14e84733d0,1,2021-10-18T13:55:07+00:00,2021,아니왜 결재햇는데 내모임에 적용이안되요 ㅡㅡ 당장 환불해주세요 결재한거 모임선택하지도않았어요,,2,3.9.7,https://play.google.com/store/apps/details?hl=ko&id=com.friendscube.somoim
Google Play,f17dfbea-70c0-4270-8747-6a16e88c589e,2,2021-10-17T10:43:31+00:00,2021,UX 너무 불편함,,0,3.9.7,https://play.google.com/store/apps/details?hl=ko&id=com.friendscube.somoim
Google Play,2b139de6-3024-429b-8067-18e1a3627192,1,2021-10-13T11:55:18+00:00,2021,마포구 창전동 사는데 지역에 없어요,,0,3.9.7,https://play.google.com/store/apps/details?hl=ko&id=com.friendscube.somoim
Google Play,c5774b59-861e-46b8-9cbf-7b926eff9fc2,1,2021-10-12T07:05:34+00:00,2021,최악 진심 최악의 앱,,0,3.9.2,https://play.google.com/store/apps/details?hl=ko&id=com.friendscube.somoim
Google Play,902b07c9-d373-40f8-95c6-651a2f0c7bf1,1,2021-10-07T01:32:19+00:00,2021,누가 모임 마구잡이로 신고해도 진위여부와 관계없이 무조건 정지시켜버리는 쓰래기어플. 사람이랑 갈등 생겨서 신고당하면 아무 잘 못 안 했어도 억울한 사람 생겨도 신경 안 쓰는 쓰래기 운영방식 어플이니 이용하지 마세요,,14,3.9.7,https://play.google.com/store/apps/details?hl=ko&id=com.friendscube.somoim
Google Play,63d29a05-3e4c-45cf-a249-89264a6153b8,1,2021-10-06T05:02:22+00:00,2021,별로임,,1,3.9.7,https://play.google.com/store/apps/details?hl=ko&id=com.friendscube.somoim
Google Play,ce55f172-89df-4883-bad8-2614bc725e7e,3,2021-10-03T02:45:16+00:00,2021,몇몇 기능설명도 적고 가입된 모임부터 표시되지 않는 것도 같아 아쉽군요. 기술적인 문제는 아닐 것 같은데...,,2,3.9.6,https://play.google.com/store/apps/details?hl=ko&id=com.friendscube.somoim
Google Play,6e4ce9ca-4e22-44fa-831a-72877efafe57,2,2021-10-01T02:58:05+00:00,2021,초대 차단 기능 만들어주세요,,1,3.9.6,https://play.google.com/store/apps/details?hl=ko&id=com.friendscube.somoim
Google Play,21ee72f6-a8f0-45ba-af06-4ab728aaf31a,3,2021-09-30T09:57:53+00:00,2021,구글데이터 백업하라고 하고 계정인식이 안됀다는데 어떻게 하나요 탈퇴했다 다시 만들기도 안돼고 방법좀 알려주세요,,0,3.7.9,https://play.google.com/store/apps/details?hl=ko&id=com.friendscube.somoim
Google Play,0aec9b55-45c0-4dbf-8556-e3e9bc82c730,1,2021-09-30T09:44:34+00:00,2021,쉽게 구하는건좋은데 유료라서 별로고 뭐 이딴 개같은 쓰레기 앱입니다. 차라리 전부 무료로 해주세요.,,3,3.9.6,https://play.google.com/store/apps/details?hl=ko&id=com.friendscube.somoim
Google Play,e278c13b-246a-46da-a9f3-8b9171211847,1,2021-09-29T11:42:48+00:00,2021,진짜 불편하게 만들어놔서 소통 개어렵. 일정 수정은 왜안되나모르겟음,,0,,https://play.google.com/store/apps/details?hl=ko&id=com.friendscube.somoim
Google Play,ac87b895-a956-4639-85a2-e93e138b81cb,1,2021-09-27T06:49:44+00:00,2021,주소등록하는과정에서 내가사는 주소는 입력할수도 없고 뜨지도않아서 이용조차 할수없음;;;;;;,,1,,https://play.google.com/store/apps/details?hl=ko&id=com.friendscube.somoim
Google Play,9575d9a9-4ee8-4b63-8acc-07615ca3674c,3,2021-09-24T05:44:00+00:00,2021,좋아요,,0,3.9.6,https://play.google.com/store/apps/details?hl=ko&id=com.friendscube.somoim
Google Play,9f525daa-6b0f-4cb9-9be4-ded17004853b,1,2021-09-21T09:42:43+00:00,2021,프사가 죽어도 안박힘. 어느모임도 가입신청 할 수 없음. 버그미쳤다..,,2,3.9.6,https://play.google.com/store/apps/details?hl=ko&id=com.friendscube.somoim
Google Play,441454e9-16bf-4819-b201-d91b03569fc8,1,2021-09-20T16:18:02+00:00,2021,현 소모임 어플 상황이 아주 좋네요. 악 3년만에 복귀 했는데 아주 기가 찹니다. 다운 받아서 한번 써보세요. 아주 강추요. 가입자들은 필시 어디에 문제가 ...ㅋ,,1,3.9.6,https://play.google.com/store/apps/details?hl=ko&id=com.friendscube.somoim
Google Play,17ff0f8f-ade2-4dc9-889e-5e43cb939801,3,2021-09-20T04:10:54+00:00,2021,"회사사람들과 분리하고자 투폰모드를 사용하는데 소모임 앱을 깔면 회사용 번호로 자동셋팅되네요 번호를 수정할 수 있는 방법이나, 현재 접속하는 번호로 셋팅되게 할 수 없나요?",,1,3.9.6,https://play.google.com/store/apps/details?hl=ko&id=com.friendscube.somoim
Google Play,d947e32a-cebe-42de-a2a0-7444ceacdd23,2,2021-09-17T10:48:04+00:00,2021,핸드폰 용량 때문에 잠깐 삭제하고 다시 깔았더니 제가 가입했던 소모임들이 모두 사라지는 마법......,,0,,https://play.google.com/store/apps/details?hl=ko&id=com.friendscube.somoim
Google Play,807a2b69-981b-402e-ab50-faa2e85ab5fc,1,2021-09-16T23:26:01+00:00,2021,뭔 죄다 남자마감이래;; 순수하게 취미로 들어가려는것도 툭하면 다 남자마감이라그러고 지들이 초대해놓고 들어가도 남자마감이라그러고 죄다 여자 어찌해볼려고들 들어가는 더러운 놈들만 모인 쓰레기 어플. 다시는 안한다.,,68,3.9.6,https://play.google.com/store/apps/details?hl=ko&id=com.friendscube.somoim
Google Play,856cd244-5a0e-4a20-b56a-e0bb664f2070,1,2021-09-14T08:11:48+00:00,2021,휴대폰 바꾸고 다시 번호인증하니까 이전에 가입했던 모임들 연동안되고 그냥 새로 시작해버리네요 싹 다 날라갔습니다 뭐하는거죠?,,1,3.9.6,https://play.google.com/store/apps/details?hl=ko&id=com.friendscube.somoim
Google Play,a8544c39-5a26-4460-b634-a1a8e1a70be2,1,2021-09-11T16:38:35+00:00,2021,"그냥 마케팅 글 밖에 안보이네요 레슨, 만남 성사 업체 이딴 것 밖에 없네요",,0,3.5.9,https://play.google.com/store/apps/details?hl=ko&id=com.friendscube.somoim
Google Play,a479196a-2068-45a8-b4f7-66b6f1a951d1,2,2021-09-07T08:07:55+00:00,2021,"동네 친구 느낌으로 이용하고 싶은데, 저는 경기도 사는데 검색 결과는 서울/경기도로 나와서 검색범위가 엄청 넓다보니 원하는 모임 찾기가 너무 힘들어요. 해당 소모임의 최근 모임 장소, 모임 회원들의 주 거주지역에 따라 해당 소모임이 노출되는 지역 범위를 제한해서 검색할 수 있으면 좋겠습니다.",,51,3.9.6,https://play.google.com/store/apps/details?hl=ko&id=com.friendscube.somoim
Google Play,9f326ba3-5ca7-48b4-9770-af2a15ca1295,1,2021-08-28T10:26:32+00:00,2021,모임장이 되어서 클럽을 검색해도 안나옴 매월15000원읗 내는 프리미엄을 사야지 검색창에 띄어주는건가,,2,3.9.6,https://play.google.com/store/apps/details?hl=ko&id=com.friendscube.somoim
Google Play,afa6a58f-ffd4-4822-8b94-bc3757238ddf,1,2021-08-27T13:57:28+00:00,2021,진짜 초대거부 블랙리스트 안만들어주실껀가요??? 아니 초대 안받기 하나만 추가해주면 될것을 그거 하나 안해줘서 스팹에 시달리게 합니까,,8,3.9.6,https://play.google.com/store/apps/details?hl=ko&id=com.friendscube.somoim
Google Play,962e51a3-b66a-47a9-9e26-ba7eadab2204,1,2021-08-21T13:03:57+00:00,2021,모임초대거절 만들어달라고 건의한지 오랜데 아직도 변하는게 없음 앱만들고 걍 오류만 고치고 하는게 다는 아닐텐데.....,,5,3.9.6,https://play.google.com/store/apps/details?hl=ko&id=com.friendscube.somoim
Google Play,43c4ada2-04bb-43a6-92ca-2db438cec396,2,2021-08-21T06:19:39+00:00,2021,김태우사랑해요동생,,0,3.9.6,https://play.google.com/store/apps/details?hl=ko&id=com.friendscube.somoim
Google Play,0c08b745-3a1a-4559-bfbd-ad1edea2a145,2,2021-08-20T05:52:23+00:00,2021,잘 쓰고 있다가 어느날부턴가 갑자기 다른 소모임에 가입하려면 서비스 이용이 제한된 사용자래요. 그래서 탈퇴하고 다시 가입했더니 이번엔 서비스 이용이 제한된 번호라네요.. 왜 이러는 거죠??,,4,3.9.5,https://play.google.com/store/apps/details?hl=ko&id=com.friendscube.somoim
Google Play,7e423203-600a-4fff-b948-122f55bda4f2,1,2021-08-10T15:14:42+00:00,2021,초대 차단하는 방법이 없을까요? 알려주셔요~~!,,1,3.9.6,https://play.google.com/store/apps/details?hl=ko&id=com.friendscube.somoim
Google Play,a9ab9222-3f96-41ea-9133-73d3bc109c90,1,2021-08-07T01:29:33+00:00,2021,단점 1.채팅방에 개인사진짤을 못올리게 막아놓음 2.사진첩에 여러장의 사진을 올릴 수 없음 3.짧은 동영상이나 gif움짤을 못올림 올리려면 이상한거 가입하거나 연동해서 올리기 가능한데 유료 소모임 있으면서 이런 제한까지 BM모델이 너무 악랄함.,,28,3.9.6,https://play.google.com/store/apps/details?hl=ko&id=com.friendscube.somoim
Google Play,60f7c078-c45c-4ddd-847d-b4ee74417809,1,2021-08-05T16:42:55+00:00,2021,환불해주세여 하지도 않았던 소모임에 갑자기 정기결재로 돈이빠져나가네요,,1,3.9.6,https://play.google.com/store/apps/details?hl=ko&id=com.friendscube.somoim
Google Play,8b41b27b-9a08-4eab-be86-23024418741f,3,2021-08-04T12:55:52+00:00,2021,모임 이용중인데 전체태그는 어떻게하나요...,,0,3.9.6,https://play.google.com/store/apps/details?hl=ko&id=com.friendscube.somoim
Google Play,62369e3d-3a40-498d-a2e2-665d38b7ea09,1,2021-07-31T08:51:15+00:00,2021,"모임 찾기는 좋은데 알람이 계속 떠서 불편해요. 채팅알람은 끌 수 있지만, 누군가의 게시글 작성되거나 모임초대 등의 알람을 끌 수 없더라구요. 어떻게 할 수 있나요?",,14,3.9.5,https://play.google.com/store/apps/details?hl=ko&id=com.friendscube.somoim
Google Play,a5b896da-7993-4c60-96bb-049ce4b373da,3,2021-07-27T06:05:15+00:00,2021,밴드 보다 사용이 조금 불편해요,,1,3.9.5,https://play.google.com/store/apps/details?hl=ko&id=com.friendscube.somoim
Google Play,a201fc15-c684-45bd-9021-a5b2950d096c,1,2021-07-17T18:06:22+00:00,2021,핸드폰바꿨더니 회원가입밖에안뜨는데.... 다시가입해야하는건가요? 지긋ㅇ 활동하고있던 모임들도 다시가입하고해야하는건지.... 당황스럽네요...,,1,3.9.5,https://play.google.com/store/apps/details?hl=ko&id=com.friendscube.somoim
Google Play,2d83e51b-5088-4898-a27e-33582a029bda,2,2021-07-17T13:39:46+00:00,2021,소모임 프리미어 이용자입니다!!! 다름이 아니오라 차단기능 좀 강화시켜주세요 초대했다고 쌍욕하고 나가버리는 사람들이 있습니다 닉네임을 기억해도 강퇴하기 전에 먼저 나가버리니 차단도 안됩니다 이것만 완벽하게 되면 진짜 관심있는 사람들만 모이니 훨씬 더 활성화 될 겁니다 욕먹으니 기분이 나빠서 탈퇴해야하나 고민하다가 여기에 글 올립니다,,1,3.9.5,https://play.google.com/store/apps/details?hl=ko&id=com.friendscube.somoim
Google Play,c787e273-e807-4a7f-a2ed-b46cb1a28e14,1,2021-07-16T04:04:44+00:00,2021,남자 마감!!!!,,0,3.9.5,https://play.google.com/store/apps/details?hl=ko&id=com.friendscube.somoim
Google Play,df177f13-b249-4af0-a6dd-7d94c240615a,2,2021-07-12T14:05:45+00:00,2021,"1년 넘게 사용하던 중에 폰교체한다고 복원 했더니, 제대로 구동이 안됨. 안내 있는대로 설정 및 삭제 후 재설치도 수회 진행하였으나, 채팅방에 게시글 작성도 안되고 오죽하면 탈퇴도 안됨. 계정 관리 부분에 대한 개정 필요",,25,3.9.5,https://play.google.com/store/apps/details?hl=ko&id=com.friendscube.somoim
Google Play,86bbb9c8-8277-454d-86f0-c35f9d55d980,1,2021-07-11T14:11:43+00:00,2021,남자 키 하고 외모 너무 심하게 따지네요..,,0,,https://play.google.com/store/apps/details?hl=ko&id=com.friendscube.somoim
Google Play,dc5f7149-b960-4f02-b75c-e173a773f844,2,2021-07-09T03:57:28+00:00,2021,거지같아요 안좋은 기억만 남기고 갑니다 남자 마감 걸어놓고 여기가 친목이 목적인지 발정난 남녀들 놀이터를 하는곳인지 알수가 없음 돈 많이 버세요 아주 배터지게,,29,3.9.5,https://play.google.com/store/apps/details?hl=ko&id=com.friendscube.somoim
Google Play,152c4ff1-9f8e-4c31-aaf4-6c083082a1c4,3,2021-07-08T14:40:54+00:00,2021,아직 그렇다할 평이없음,,0,3.9.5,https://play.google.com/store/apps/details?hl=ko&id=com.friendscube.somoim
Google Play,62f395c4-c011-4a4d-bd50-4dc1d69fe79c,1,2021-07-02T13:09:26+00:00,2021,다른 모임에 대해서 초대 거부 할 권리가 없는 아주 KㅓK같은 앱 지역등록 안하고싶은데 그럴 권리도 없음 지속적으로 초대 오는 모임이 있는데 이 모임 초대 받지 않기 이딴것도 없음,,7,3.9.5,https://play.google.com/store/apps/details?hl=ko&id=com.friendscube.somoim
Google Play,6d3e7d80-b022-4874-88ab-03135e541e3b,1,2021-06-30T12:42:16+00:00,2021,구독취소 되지도않고 최근6개월동안 계속돈이빠저나가요ㅡㅡ,,1,,https://play.google.com/store/apps/details?hl=ko&id=com.friendscube.somoim
Google Play,3f96ed69-8748-45e3-ac6a-e7c3014bd499,1,2021-06-30T02:42:57+00:00,2021,전혀 리뷰를 안하시네요.,,2,3.9.5,https://play.google.com/store/apps/details?hl=ko&id=com.friendscube.somoim
Google Play,26d03288-640f-404f-a876-7c245dbb75f4,3,2021-06-26T14:14:45+00:00,2021,채팅기능이 넘 구림 채팅방에 똥싸고 나가면 모임장입장에선 너무 억울함,,1,3.9.4,https://play.google.com/store/apps/details?hl=ko&id=com.friendscube.somoim
Google Play,3fad5764-5769-48e6-8dd4-de25c6dc5505,1,2021-06-26T13:06:49+00:00,2021,채팅에서 모임원들 중 한사람이 악의적으로 도배메세지를 해도 모임장 권한으로 가리거나 삭제할 수 있는 기능이 없어서 답답합니다. 이런 부분 고려해서 업데이트 부탁드려요...ㅜㅜ,,11,3.9.4,https://play.google.com/store/apps/details?hl=ko&id=com.friendscube.somoim
Google Play,fbff6e85-0174-43ae-8b60-2c4be6f66c4b,1,2021-06-25T09:01:42+00:00,2021,안드로이드에서는 프리미엄 구독 취소에 대한 설명이 없고 창도 보이지않습니다. 프리미엄구독을 해지하기위해 모임을 탈퇴했고 구글플레이앱상에도 정기결제건이 없길래 취소가 된줄알았는데 오늘또 15500원이 결제되었네요 환불해주시고 구독취소 신속히 부탁드립니다 빠른답변기다립니다.,,38,3.9.4,https://play.google.com/store/apps/details?hl=ko&id=com.friendscube.somoim
Google Play,e2e6c241-d63f-442d-91dd-b3dd4de18276,1,2021-06-22T04:07:01+00:00,2021,계속하여 관심지역 설정창이 팝업되어 거슬림,,0,3.9.4,https://play.google.com/store/apps/details?hl=ko&id=com.friendscube.somoim
Google Play,caa6e483-23f5-41c5-b911-c5b8463440c3,3,2021-06-21T23:33:21+00:00,2021,UX가 아직은 많이 미흡하네요,,1,3.9.4,https://play.google.com/store/apps/details?hl=ko&id=com.friendscube.somoim
Google Play,16142237-923a-4aa6-a782-7ff5d0b4a929,1,2021-06-21T07:22:00+00:00,2021,초대 거부 기능 좀 만들어라,,1,3.9.4,https://play.google.com/store/apps/details?hl=ko&id=com.friendscube.somoim
Google Play,3ca971b2-5b06-49e2-8e5f-946013248f23,3,2021-06-20T07:11:43+00:00,2021,"안녕하세요~오래전부터 독서모임으로 이용하고 있는 유저입니다 .최근 전주의 한 독서모임에서 강퇴당한 경험이 있어서요 제 입장에서는 2번 참여했고 딱히 모임규칙에 위배한 내용은 없었다고 판단되는데 굉장히 당혹스러운 불쾌한 경험이었습니다 ""강퇴된 모임입니다 블라블라~"" 라는 메세지가 하나 뜨고 제가 할수 있는 건 고작 어떻게 반영되는지도 확인이 안되는 모임신고밖에 없었습니다 유저로써 개발사에게 요청하는 바는 강퇴에 강력한 권한이 있는 운영진에게 책임도 부여되는 강퇴당한 회원본인이나 기존 타회원도 사유를 공정하고 투명하게 알수 있는 (고지 시스템) 같은 것이 있었으면 좋겠습니다 좋은하루되시고 귀사의 발전을 기원하겠습니다.",,34,3.9.4,https://play.google.com/store/apps/details?hl=ko&id=com.friendscube.somoim
Google Play,78710f01-6a96-4eac-8bba-5be973956479,3,2021-06-11T21:58:54+00:00,2021,설정에서 소리설정도 가능하면 좋겠네요!!,,0,3.9.4,https://play.google.com/store/apps/details?hl=ko&id=com.friendscube.somoim
Google Play,d454d230-1785-4b34-ae9b-7a8140cc1628,1,2021-06-11T08:08:09+00:00,2021,돈만 받고 개선은 없음ㅡㅡ,,8,3.9.4,https://play.google.com/store/apps/details?hl=ko&id=com.friendscube.somoim
Google Play,b911170c-a7f0-4482-b13f-cd09099f1235,2,2021-06-08T14:46:33+00:00,2021,서버연결에 오류가뜨는데 어떻게 해결하나요? 어떻게해도 오류해결이 안돼네요...;;,,2,3.9.4,https://play.google.com/store/apps/details?hl=ko&id=com.friendscube.somoim
Google Play,7f70d2c0-17ac-4782-a8ea-917b56bd65c7,2,2021-06-08T12:26:18+00:00,2021,시간때우가용ㅎ,,0,3.9.4,https://play.google.com/store/apps/details?hl=ko&id=com.friendscube.somoim
Google Play,9c318a6d-2d1b-4e2f-9863-14a4eb4e545f,1,2021-06-06T17:49:22+00:00,2021,탈퇴하고 앱삭제 후 다시 설치 그럼 탈퇴된 계정으로 자동 복구됨.,,3,3.9.4,https://play.google.com/store/apps/details?hl=ko&id=com.friendscube.somoim
Google Play,5d55bf51-fbd1-4d01-9855-664b97aac6b8,3,2021-06-04T08:45:55+00:00,2021,PC에선 안될가요?,,0,,https://play.google.com/store/apps/details?hl=ko&id=com.friendscube.somoim
Google Play,14bae4c1-7e04-4d05-9c1e-19a0c8a6d9d0,2,2021-06-04T06:16:37+00:00,2021,알림이 떠도 막상 앱 들어가보면 채팅내용이나 벙이 안올라와 있는 경우가 대다수. 혹은 알람도 안울림;;,,2,3.9.3,https://play.google.com/store/apps/details?hl=ko&id=com.friendscube.somoim
Google Play,91b92e92-9552-43b6-bc19-2d94b6b8361a,2,2021-06-04T04:28:51+00:00,2021,잘 되다가 오늘부터 자동으로 튕기는 현상발생합니다 재설치해도 그러네요,,0,3.9.1,https://play.google.com/store/apps/details?hl=ko&id=com.friendscube.somoim
Google Play,d1311571-9e85-45d1-95eb-8a743a0a3be0,1,2021-05-31T23:50:25+00:00,2021,장사속이 심함,,0,3.9.3,https://play.google.com/store/apps/details?hl=ko&id=com.friendscube.somoim
Google Play,28271871-cbc8-45f9-9490-0993ee33995b,3,2021-05-31T01:34:54+00:00,2021,고객센터 전화연결 어떻게 하나요 문의하려고 하는데 방법이 없네요,,2,3.9.3,https://play.google.com/store/apps/details?hl=ko&id=com.friendscube.somoim
Google Play,58eca2f5-7c82-4f17-b49a-c0d20088589b,1,2021-05-28T11:01:12+00:00,2021,유료-연애 부분에 가면 소개팅 해주는 카카오톡 채널들이 많은데요. 그 중 사기 카카오톡 채널이 있다는거 알고계신가요? 거기에 걸러서 소액사기 당했네요. 한번당한뒤 신뢰가 안갑니다. 다신 안 이용할 예정인데요. 소모임앱에서 그런 관리는 해야되는거 아닌가요?,,5,3.9.3,https://play.google.com/store/apps/details?hl=ko&id=com.friendscube.somoim
Google Play,16fd5088-65a0-4510-85f4-071d1e490cd0,3,2021-05-28T08:15:28+00:00,2021,정모가 날짜지나면 그냥 사라져서 조금 속상해요 누가 참여했었는지 기록으로 남았으면 좋겠는데 이게 정모 날짜 지나면 사라지니 따로 체크를 해야하네요 ㅠ,,2,3.9.3,https://play.google.com/store/apps/details?hl=ko&id=com.friendscube.somoim
Google Play,ea4b2114-4a43-40fc-b31f-25371ec4f657,1,2021-05-27T09:16:05+00:00,2021,사기꾼 메일로 신고했는데 언제 답변 주나요? 돈 날리는 것보다 그런 사람이 계속 활동하는 게 짜증나네요,,3,3.9.3,https://play.google.com/store/apps/details?hl=ko&id=com.friendscube.somoim
Google Play,f8f6d2a6-bb62-403b-9e00-2934d3f9566c,1,2021-05-25T14:47:57+00:00,2021,같은 모임사람들이 모임만들고 들어오고 이런식으로 자기들만의 성 만들어서 자기 마음대로하네요 ;; 고인물,,2,3.9.3,https://play.google.com/store/apps/details?hl=ko&id=com.friendscube.somoim
Google Play,30c68d80-aa87-4532-9d11-f9c7a9022431,3,2021-05-24T03:38:27+00:00,2021,"유저 차단하기 기능이 있었으면 좋겠어요. 모임내 강퇴 시켜서 차단 되는 거 말고 그 유저 프로필 눌러서 차단하는 기능이요. 타모임에서 문제 일으켰던 유저가 버젓이 내 모임에 가입하고, 사유 설명하고 강퇴하고, 보복성 신고하고.... 좀 머리아프네요ㅜ 그냥 유저 차단 기능이 잇으면 좋을텐데요",,40,3.9.3,https://play.google.com/store/apps/details?hl=ko&id=com.friendscube.somoim
Google Play,377f3e42-5b1a-46de-bbd2-12d3ec5ed4f3,2,2021-05-19T02:38:36+00:00,2021,다 좋은데 참석 누른거 오류좀안나게해주세요 맨날 0먕으로 나오고 껐다켜야 다시 인원나오네요,,1,3.9.3,https://play.google.com/store/apps/details?hl=ko&id=com.friendscube.somoim
Google Play,8900122c-8a0b-4a42-884e-43a227f0a6ff,1,2021-05-18T05:45:00+00:00,2021,남자만 득실득실해요,,2,3.9.3,https://play.google.com/store/apps/details?hl=ko&id=com.friendscube.somoim
Google Play,77195724-9bb1-456a-81ff-17b0894b9576,1,2021-05-17T14:34:10+00:00,2021,"검색기능, 채팅기능등이 너무너무 불편함.. 직접 사용해보면 제작진들도 느낄텐데..;;;별 하나도 아까움ㅡㅜ",,18,3.9.3,https://play.google.com/store/apps/details?hl=ko&id=com.friendscube.somoim
Google Play,3b786855-5d1a-4a7c-a39a-7cd968c26c83,1,2021-05-15T00:18:12+00:00,2021,저는 소모임가입 밖에 안했는데 정지먹었습니다...왜 갑자기 정지먹은건가요... 억울하네요,,3,3.9.3,https://play.google.com/store/apps/details?hl=ko&id=com.friendscube.somoim
Google Play,23483ba0-ab7a-4bc9-913a-63438b34eb28,1,2021-05-14T08:19:30+00:00,2021,검색 오류 고양시로 다 설정했는데 서울만 뜸 뭐지 딴사람은 다 뜨는데,,1,,https://play.google.com/store/apps/details?hl=ko&id=com.friendscube.somoim
Google Play,400347ba-6e8f-4c7d-b6e6-3bdc9084b583,1,2021-05-12T05:43:59+00:00,2021,이거 주소 선택하는거 오바임 우리집 주소가 아예 안나와서 시작도 못함ㅋㅋ,,0,,https://play.google.com/store/apps/details?hl=ko&id=com.friendscube.somoim
Google Play,b04ccb0e-5ece-493b-adb2-9ecd035f5ffe,1,2021-05-08T05:44:37+00:00,2021,소모임 게시팜에 글을 올릴 때 사진이랑 같이 올리면 글 수정 시엔 글만 수정되고 같이 올린 사진은 지울 수가 없네요. 글 수정 시에 사진도 삭제 할 수 있도록 변경 부탁드려요.,,19,3.9.3,https://play.google.com/store/apps/details?hl=ko&id=com.friendscube.somoim
Google Play,b259c2c2-dbe2-47a5-8dd4-4baa397c67eb,1,2021-05-04T11:29:58+00:00,2021,다시 깔았더니 탈퇴가 됐어요,,1,3.9.3,https://play.google.com/store/apps/details?hl=ko&id=com.friendscube.somoim
Google Play,263c2e3c-2e83-4770-932a-00a25f334609,1,2021-04-28T09:59:52+00:00,2021,고객센터 전화도 없고 돈 먹고나면 끝 환불이나 모임변경도 안됨. 개.쓰.레.기. 이딴 돈만 먹는 쓰렉이 어플이 21세기에 있다는게 놀라울뿐,,9,3.9.2,https://play.google.com/store/apps/details?hl=ko&id=com.friendscube.somoim
Google Play,8c3b24b2-25a5-4aef-a431-603ebad2dec3,1,2021-04-27T16:34:14+00:00,2021,"마땅한 대체제가없어서 쓰는 어플 돈은 돈대로받고 패치, 기능 등등의 설명이 일체없이 사용자가 알아가는 어플 진짜 개선좀합시다... 2년을 썼는데 아직도모르는기능이나옵니다",,3,3.9.2,https://play.google.com/store/apps/details?hl=ko&id=com.friendscube.somoim
Google Play,c80fab35-611a-411e-9396-9ad450d1d8e9,1,2021-04-26T07:24:59+00:00,2021,"오랜만에 다시 설치하고 들어가려고 하니, 전화번호 인증단계에서 '서비스 이용이 제한된 번호입니다' 라고 나오고 다른 팝업은 아무것도 뜨질 않네요. 아니 어떤 설명도 없고, 뭘 어떻게 하겠다는거죠?? 빠른 조치바랍니다.",,12,3.9.2,https://play.google.com/store/apps/details?hl=ko&id=com.friendscube.somoim
Google Play,29bca563-374e-4965-88d2-5ac70f378498,1,2021-04-25T23:55:18+00:00,2021,광주광역시는 왜 지역 설정에 안 들어가져있음?,,1,3.9.2,https://play.google.com/store/apps/details?hl=ko&id=com.friendscube.somoim
Google Play,9b205983-0f3d-4ead-8b62-fd8c33080ed9,2,2021-04-19T03:14:44+00:00,2021,어플 개잣같네 지역을 입력하래서 했는데 검색이 안되면 어쩌자는거임??,,0,3.9.2,https://play.google.com/store/apps/details?hl=ko&id=com.friendscube.somoim
Google Play,28b10dce-94da-415e-8f12-d5e5c23d6f39,2,2021-04-17T10:33:29+00:00,2021,자꾸 알림 오는데 어떻게 꺼요? 알림 설정 다 껐는데도 주기적으로 오네요.,,0,3.9.2,https://play.google.com/store/apps/details?hl=ko&id=com.friendscube.somoim
Google Play,cafb1316-705b-422e-b546-104eb6b5ac07,1,2021-04-14T10:44:06+00:00,2021,아무리 땅파서 돈버냐? 지만 뭐 암것도못하네,,0,3.9.2,https://play.google.com/store/apps/details?hl=ko&id=com.friendscube.somoim
Google Play,fd11145c-f34e-4987-a332-1d523dd0ac53,3,2021-04-13T12:36:08+00:00,2021,생년월일을 비공개를 해주웠으면하네여,,0,3.9.2,https://play.google.com/store/apps/details?hl=ko&id=com.friendscube.somoim
Google Play,d45c5a92-c87d-4715-8f93-0dc715828738,3,2021-04-11T11:03:02+00:00,2021,😀,,0,3.9.2,https://play.google.com/store/apps/details?hl=ko&id=com.friendscube.somoim
Google Play,891d7262-0ef6-46a0-b016-da1d1244e234,3,2021-04-10T04:16:35+00:00,2021,나이 잘못적었는데 뒤로 가기도 안먹히는 클래스. 초장부터 거슬리게 하면 우짜냐,,1,3.9.2,https://play.google.com/store/apps/details?hl=ko&id=com.friendscube.somoim
Google Play,e7ee3d56-6615-4e0d-8c47-f439a4410d86,1,2021-04-08T12:06:12+00:00,2021,모임장 독재가 심함. 강퇴당하더라도 게시글 작성 및 삭제가 가능하게 하는것이 필요,,4,3.9.2,https://play.google.com/store/apps/details?hl=ko&id=com.friendscube.somoim
Google Play,9a5ec693-694e-4958-b42d-e1478c1f64ad,1,2021-04-07T10:12:36+00:00,2021,초대 거부하게도 좀 해놔요 4일에 한번씩 초대하는 미친모임이 있네요 그지 동냥도 아니고 또라이인가 개짜증,,3,3.9.2,https://play.google.com/store/apps/details?hl=ko&id=com.friendscube.somoim
Google Play,65d1eed2-ecbd-45ea-827d-c51b445856f3,3,2021-04-04T00:33:34+00:00,2021,사용자가 편리하도록 여러가지 기본 기능을 추가해주세요!,,0,3.9.2,https://play.google.com/store/apps/details?hl=ko&id=com.friendscube.somoim
Google Play,899ecb36-e25c-4e3f-9cd9-94d9696110ce,1,2021-04-02T00:23:39+00:00,2021,이런앱을 왜 만들었어요 완전 지들 맘대로 하네요 강퇴 당장 풀어주세요 당장 강퇴 풀어주세요84년생 미키 미니 모임이요 소개팅 어플도 강퇴 풀어주세여 아주 지들 맘대로야 맘에 맞는 사람들이 어디 있다고 드럽게 재수 없네 강퇴 당장 풀어주세요 아니 그사람이 잘못 한거 있으면 감싸 줄수도 알고 그래야 돼는데 여기는 있는 그대로 얘기 하네여 아주 불편 하네여 다른모임 다 없어져야 돼요 사람가지고 우롱 하시는건가요 자기 맘대로 강퇴시키고 아주불편 하네요,,12,3.9.2,https://play.google.com/store/apps/details?hl=ko&id=com.friendscube.somoim
Google Play,3e942112-8ba7-429e-bf6a-73b16e26abf2,3,2021-04-01T15:54:34+00:00,2021,사용을 많이 하게 만들려면 모임 생성을 무료로 돌리고 광고를 적절하게 올려야지 모임생성을 유료로 만들어버리니 서울을 제외한 나머지 도시들은 답이없네요ㅋㅋㅋ 마케팅 제대로 하시면 나을듯 지금은 영,,18,3.9.2,https://play.google.com/store/apps/details?hl=ko&id=com.friendscube.somoim
Google Play,36ae88da-9118-4c55-89e0-cd342fbb0982,2,2021-03-27T15:39:16+00:00,2021,검색기능이 이상함. 있어도 안나음 프리미엄권 선댁안되는거 해결좀...,,3,3.9.2,https://play.google.com/store/apps/details?hl=ko&id=com.friendscube.somoim
Google Play,a94f2cfe-c2d6-487d-9d10-526526886133,3,2021-03-24T11:04:17+00:00,2021,신기해요,,0,3.9.2,https://play.google.com/store/apps/details?hl=ko&id=com.friendscube.somoim
Google Play,77fb2322-d2d4-40d6-a248-cae6b8ff99e7,1,2021-03-19T10:00:56+00:00,2021,생년월일 및 이름 본인정보 입력하지 마세요. 모임가입시 회원 모두에게 노출됩니다.,,5,3.9.2,https://play.google.com/store/apps/details?hl=ko&id=com.friendscube.somoim
Google Play,89f6b2f4-b6ec-4ce7-b4e1-850d42dfb6b3,1,2021-03-16T10:45:06+00:00,2021,별루 좋은걸 모르겠어요,,1,3.8.2,https://play.google.com/store/apps/details?hl=ko&id=com.friendscube.somoim
Google Play,50be4dd4-ffed-4f02-9695-40c43950b074,2,2021-03-11T14:58:13+00:00,2021,서비스 이용 제한된 번호라고 뜨는데.. 아예 이번호로 못하나요????,,2,3.9.2,https://play.google.com/store/apps/details?hl=ko&id=com.friendscube.somoim
Google Play,c798c29e-95f6-42f6-b774-f4826d610797,3,2021-03-09T14:46:03+00:00,2021,재미있네요,,0,3.9.2,https://play.google.com/store/apps/details?hl=ko&id=com.friendscube.somoim
Google Play,3a0e9ec7-82aa-4991-ac2e-5a1576c04571,3,2021-03-07T10:51:03+00:00,2021,"모임명으로 검색해도 결과가 제대로 검색 안 됨. 그리고 지역, 종목, 모임 목적 등에 따라 멀티 쏘팅이 되면 좋겠어요. 뭘 찾을래도 제대로 안 나옴",,33,3.9.2,https://play.google.com/store/apps/details?hl=ko&id=com.friendscube.somoim
Google Play,09a22140-d9b1-4e7b-9da2-376e2b0d1ad6,2,2021-03-03T14:23:56+00:00,2021,운영진도 강퇴기능이있었음 좋겠네요.,,1,3.9.2,https://play.google.com/store/apps/details?hl=ko&id=com.friendscube.somoim
Google Play,2d970d81-f1c4-402b-b5ab-18914a523556,3,2021-03-03T02:20:38+00:00,2021,잘 이용하는데 협력모임 개선좀 부탁드립니다.,,1,3.9.2,https://play.google.com/store/apps/details?hl=ko&id=com.friendscube.somoim
Google Play,eb7195b0-5eb3-4cc8-a566-e41511c4817a,3,2021-02-25T10:38:21+00:00,2021,광주광역시 지역설정이안되요 경기도광주만뜨네요,,0,3.9.2,https://play.google.com/store/apps/details?hl=ko&id=com.friendscube.somoim
Google Play,19462dce-f877-4f05-a973-f9fea0636885,2,2021-02-21T22:19:04+00:00,2021,초대차단이랑 모임차단기능좀 만들어 주십셔~,,2,3.9.2,https://play.google.com/store/apps/details?hl=ko&id=com.friendscube.somoim
Google Play,5eb585e3-a953-4ec8-93be-e8dc04f857aa,1,2021-02-21T13:44:11+00:00,2021,사는곳에서 가입이 안돼 벼엉신같이 만들었다,,1,3.9.2,https://play.google.com/store/apps/details?hl=ko&id=com.friendscube.somoim
Google Play,de4524f2-e6b7-4642-a0d8-3c7cf9866556,1,2021-02-18T10:41:45+00:00,2021,알람 설정기능도 찾기 어렵고 진동알람도 시끄러워서 삭제했습니다.,,1,,https://play.google.com/store/apps/details?hl=ko&id=com.friendscube.somoim
Google Play,f0c19691-21ea-44d5-a4c3-0248c8cb5a61,1,2021-02-18T08:00:46+00:00,2021,최악의 어플운영. 연 14만원정도의 비용만 받을뿐 앱 업데이트나 개선에 대한 노력을 하지않음. 인천 남구에서 미추홀구로 변경된지 6년이나 지났는데 수정하지않음. 운영자가 없는거나 마찬가지인 상황.,,16,3.9.2,https://play.google.com/store/apps/details?hl=ko&id=com.friendscube.somoim
Google Play,94841702-e329-4d99-86bf-ff793acf540c,1,2021-02-16T08:02:52+00:00,2021,알림 죄다 꺼놔도 팝업뜨고 진동오고 뭐 이따구로 만들었는지. 삭제합니다.,,1,,https://play.google.com/store/apps/details?hl=ko&id=com.friendscube.somoim
Google Play,b6041ae6-5a84-4d83-acfb-b6830bea10c2,3,2021-02-14T07:20:04+00:00,2021,소모임 검색이 잘 안 돼요ㅠㅠ 특수문자까지 풀네임으로 적어야 검색이 되는데 개선부탁드립니다ㅠ,,3,3.9.2,https://play.google.com/store/apps/details?hl=ko&id=com.friendscube.somoim
Google Play,933fcbb2-ae35-4645-b27b-0eee2d7d0271,1,2021-02-10T13:11:34+00:00,2021,12세 이상이라면서 왜 회원가입할때 04까지만 있죠?어이 무,,0,,https://play.google.com/store/apps/details?hl=ko&id=com.friendscube.somoim
Google Play,541e0daa-b1f4-4e52-a1f0-8892531e36cf,1,2021-02-07T19:41:36+00:00,2021,내가 가입한모임은 탈퇴가 안되는건가요??,,0,3.9.2,https://play.google.com/store/apps/details?hl=ko&id=com.friendscube.somoim
Google Play,9675b944-dc04-4dcb-ae46-b1c67967f09c,1,2021-01-31T01:12:45+00:00,2021,모임 프리미엄 결재가 자동으로 되네요.. 환불부탁드려요 모임 나간지 거의 6개월인데..,,2,3.4.1,https://play.google.com/store/apps/details?hl=ko&id=com.friendscube.somoim
Google Play,c1e26760-5d7d-4f76-ac83-73413444d74d,3,2021-01-30T16:58:12+00:00,2021,이거 잘 쓰고 있었는데 1월1일 부터 푸시 메시지가 오지 않더니 작동을 멈추더군요. 그래서 삭제했다가 재설치 했어요. 하지만 기존 가입정보가 사라져있어 새로 가입을 해야 했고 가입되어 있던모임들도 모두 사라졌습니다. 제 계정 정보를 다시 살려주세요,,61,3.9.2,https://play.google.com/store/apps/details?hl=ko&id=com.friendscube.somoim
Google Play,9b489996-77ff-4ab1-98b9-5d973b8ae845,1,2021-01-28T01:02:27+00:00,2021,강퇴시 영구적인 가입제한은 너무한것 아닌가요?,,0,3.9.1,https://play.google.com/store/apps/details?hl=ko&id=com.friendscube.somoim
Google Play,ae6ef33e-e3a2-4333-a819-f3a3caf8a9ed,1,2021-01-27T10:51:13+00:00,2021,알림이 시도때도없이 오네...끄는 설정은 없고,,3,3.9.2,https://play.google.com/store/apps/details?hl=ko&id=com.friendscube.somoim
Google Play,cc033a2a-95b8-456a-975d-29a7d68112c1,3,2021-01-25T01:41:43+00:00,2021,채팅창에 글이 복붙이 안 돼서 너무 불편합니다.,,2,3.9.2,https://play.google.com/store/apps/details?hl=ko&id=com.friendscube.somoim
Google Play,299496f2-1b46-42a0-a539-6fe9acc28c1a,3,2021-01-24T14:18:08+00:00,2021,좋은 앱인 거 같은데 지역 필터로 검색할 수 없는 게 큰 단점이에요,,0,,https://play.google.com/store/apps/details?hl=ko&id=com.friendscube.somoim
Google Play,fa111a2b-a778-493b-aace-ee089f300c5d,1,2021-01-21T09:10:34+00:00,2021,왜 결제 취소를 했는데 계속 자동이체 되나요? 환불해주세요,,13,3.9.2,https://play.google.com/store/apps/details?hl=ko&id=com.friendscube.somoim
Google Play,2f6314c4-17c0-4e2f-9819-96c2dcfa0232,1,2021-01-16T14:03:53+00:00,2021,왜 자꾸 쓸데없는 모임 가입 제안하는 알람이 오나요 처음에는 모임어플 좋다고 리뷰 썼다가 열받아서 리뷰 수정하네요 개선해주세요 메일도 보내놨으니,,3,3.9.1,https://play.google.com/store/apps/details?hl=ko&id=com.friendscube.somoim
Google Play,7f3df148-b461-4528-bd8b-578aaf669d32,2,2021-01-14T15:51:11+00:00,2021,갑자기 어플사라지고는 가입해놨던 모임들 다 나가졌어요,,0,3.9.1,https://play.google.com/store/apps/details?hl=ko&id=com.friendscube.somoim
Google Play,85dbb0b5-5a54-43ae-a3b6-cf836f054acd,1,2021-01-13T06:08:11+00:00,2021,새 기기로 바꾸면 연동이 하나도 안됩니다 한참 안들어오면 탈퇴된다던데 몇달 안들어간걸로 탈퇴되면 이건 참... 기기 바꾸면 신규로 가입해야 합니다,,9,3.9.1,https://play.google.com/store/apps/details?hl=ko&id=com.friendscube.somoim
Google Play,ee1bc6e0-ec38-438e-a3fb-c29777624c3a,1,2021-01-12T13:00:50+00:00,2021,아니 지역구 선택이 안되는데 어떻게 사용사능하죠?,,1,3.9.1,https://play.google.com/store/apps/details?hl=ko&id=com.friendscube.somoim
Google Play,29a98c9f-044a-4374-9f83-335fcc3541d3,1,2021-01-05T09:26:55+00:00,2021,취미 공유가 목적인 모임에 남마란다ㅋㅋㅋㅋ 뭔 뜻인지 알고보니 남자마감이래 취미에 남녀가 뭔 상관이냐 발정난 개들 집합소야 이거 여자 한 번 어째 만나볼라고 가관이다 진짜ㅋㅋㅋ 아마 내 평가가 의심된다면 어플 깔고 10분만 모임 훑어봐 뭔 말인지 알거다 질 높은 진짜 의미의 모임을 원한다면 다른데 어느정도 돈 주고 활동하길...,,6,3.9.1,https://play.google.com/store/apps/details?hl=ko&id=com.friendscube.somoim
Google Play,b985b20f-6913-47fa-87d2-b12ea9b04058,1,2021-01-05T09:20:23+00:00,2021,"지역설정에서 전체 지역도 없는데, 어쩌라는겁니까 진짜 짜증나네요 지역 소모임 하고 싶어서 하는데, 없으면 어떻게 만들라고요? 제발 업데이트 좀 하세요. 의왕시 포일동 ㅡㅡ",,12,3.9.1,https://play.google.com/store/apps/details?hl=ko&id=com.friendscube.somoim
Google Play,55d40436-ae0b-4330-a477-644ba01173a5,3,2021-01-03T01:18:40+00:00,2021,핸드폰 바꿨더니 처음부터 재가입해야 함,,0,3.9.1,https://play.google.com/store/apps/details?hl=ko&id=com.friendscube.somoim
Google Play,4a732b3b-8e69-4830-a944-a83e04b28721,2,2021-01-02T03:21:16+00:00,2021,한달 15000원짜리 치고는 너무 컨텐츠가 없음 사진첩에 글쓰는거 하나 몇년째 만들지도 않음,,0,3.9.1,https://play.google.com/store/apps/details?hl=ko&id=com.friendscube.somoim
Google Play,30628d12-8668-47a3-9133-43e04914ec40,1,2020-12-30T12:30:20+00:00,2020,가입시 생년월일 입력하고 해서 손가락으로 넘기다가 1990년 1월부터 한달 단위로 이동되서 이러다 어느 세월에 내 태어난 해까지 넘겨야 하지 ? 하는 귀차니즘으로 바로 삭제,,0,,https://play.google.com/store/apps/details?hl=ko&id=com.friendscube.somoim
Google Play,dad6be83-0f01-4890-81f9-898944add6f5,3,2020-12-30T01:28:13+00:00,2020,알림안오게 했는데 계속 채팅알람이떠 삭제고려 중입니다,,0,3.9.1,https://play.google.com/store/apps/details?hl=ko&id=com.friendscube.somoim
Google Play,b93c5c28-b2f2-4525-bde5-32314f86dd95,1,2020-12-29T16:27:16+00:00,2020,모임 수가 너무 적어요 물꼬를 틀어야 사람들이 올텐데,,2,3.9.1,https://play.google.com/store/apps/details?hl=ko&id=com.friendscube.somoim
Google Play,d1683632-e24b-4dae-9019-d22c827c60fe,1,2020-12-24T09:13:43+00:00,2020,구독취소했는데 결제됐네요 환불해주세요,,0,,https://play.google.com/store/apps/details?hl=ko&id=com.friendscube.somoim
Google Play,9d6edce0-bac4-4bb5-8eb4-00e8cfbfb954,1,2020-12-24T04:42:18+00:00,2020,찐따들이하는 어플 ㅋㅋ,,0,,https://play.google.com/store/apps/details?hl=ko&id=com.friendscube.somoim
Google Play,87c0d3f0-2d21-4bb1-bc30-cf8b42003861,3,2020-12-23T11:40:31+00:00,2020,남양주 다산동이 없네요,,0,3.9.1,https://play.google.com/store/apps/details?hl=ko&id=com.friendscube.somoim
Google Play,ce2422f0-aed6-4dea-9f10-acebef4be199,1,2020-12-14T01:45:12+00:00,2020,게시물 알림 체크 풀어놨는데도 왜 자꾸 알람이 오죠? 진짜 개판이네,,0,3.9.1,https://play.google.com/store/apps/details?hl=ko&id=com.friendscube.somoim
Google Play,ca2839b0-6fe7-46ff-ad62-0ec6da7596a5,1,2020-12-12T00:55:04+00:00,2020,발전이 없음...,,0,3.9.1,https://play.google.com/store/apps/details?hl=ko&id=com.friendscube.somoim
App Store,14384601240,2,2026-08-03T23:22:48+00:00,2026,특정 모임 알림껐는데 왜자꾸 알림뜨나요 진짜 열받네,알림설정 왜이래요,,4.3.0,https://apps.apple.com/kr/app/id582910479
App Store,14350407535,3,2026-07-26T13:46:00+00:00,2026,12미니 쓰는데 이미지가 안올라가네요 개선 부탁드려요,이미지 업로드가 안됩니다..,,4.2.9,https://apps.apple.com/kr/app/id582910479
App Store,14332157334,1,2026-07-21T23:14:51+00:00,2026,"프리미엄 모임 이용권 결제 안 하면 리더가 게시글도 못 씀 
모임에 대해 아무것도 못 한다고 생각하면 됨",.:,,4.2.8,https://apps.apple.com/kr/app/id582910479
App Store,14215217030,1,2026-06-23T03:02:48+00:00,2026,돈만주면 모임 아무거나만들어서 사람들한테 막말하고 상습강퇴하는 웃긴 시스템임,모임운영자의 강퇴권 오남용,,4.2.3,https://apps.apple.com/kr/app/id582910479
App Store,14196280354,1,2026-06-18T06:30:03+00:00,2026,이거쓰다가 뭐 전부 유료라서 광고보고 모이다 앱 다운받았는데 훨씬 좋아서 갈아탑니다 ㅂㅂ,모임앱 갈아탑니다,,4.2.3,https://apps.apple.com/kr/app/id582910479
App Store,14161899445,2,2026-06-09T11:51:20+00:00,2026,앱 사진 허용을 추적과 함께 처음에 띄우면 안되나요? 설정에 직접 들어가서 일일이 켜야하는 점이 피곤하네요,앱 사진허용,,4.2.3,https://apps.apple.com/kr/app/id582910479
App Store,14157838980,1,2026-06-08T10:29:31+00:00,2026,인증문자가 안옵니다 가입을할수가 없어요,가입불가,,4.2.3,https://apps.apple.com/kr/app/id582910479
App Store,14130637301,2,2026-06-01T10:15:06+00:00,2026,게시판 지저분해보이고 대체 왜 만든 기능인지 모르겠음 정모 전에 글 삭제도 안되고 대체 왜 만든거임,모임후기 자동 작성되는것 좀 없애주세요,,4.2.2,https://apps.apple.com/kr/app/id582910479
App Store,14102860893,1,2026-05-25T02:54:51+00:00,2026,"관심모임 알림은 필요하지도 않은데 왜 오는 것이며 끄지도 못하게 하고 
채팅 기능도 없애고
점점 불편해지고 있네요.",관심 모임 알람은 왜 오는거죠?,,4.2.0,https://apps.apple.com/kr/app/id582910479
App Store,14083996089,1,2026-05-20T01:30:07+00:00,2026,"그래서 알림 아예 꺼버림. 더 많은 참여를 유도한것 같은데, 기존 모임도 참여
안하게 될거 같음",쓸데없는 알림이 많이 뜨는데 알람설정 불가함,,4.1.9,https://apps.apple.com/kr/app/id582910479
App Store,14049125507,3,2026-05-10T14:14:57+00:00,2026,삭제좀 되게 해주세요 정모와 연결된 계시글은 직접 삭제할수 없다고 하네요,모임후기 정모글,,4.1.7,https://apps.apple.com/kr/app/id582910479
App Store,14038070020,2,2026-05-07T13:42:48+00:00,2026,"게시판 분류탭을 모임장이 커스텀할 수 있게 해주었으면 좋겠습니다. 모임마다 게시판을 활용하는 용도가 다른데 분류가 고정되어 있어서 불편하네요.

모임 일정을 날짜, 시간 순서로 한눈에 쉽게 확인할 수 있는 캘린더기능이 있으면 좋겠습니다. 소모임 이용자 특성 상 한 모임 안에서 정기모임만 하는게 아니라 여러 종류의 모임이 있을 수 있는데 매번 날짜랑 시간이 햇갈려요.

결국엔 소모임 앱 내에서 해결하지 못하고 소모임앱은 사람모집용으로만 쓰고 정작 중요한 소통은 카톡으로 하고, 모임 일정 정리는 다른 앱들을 활용하면서 스크린샷을 찍어 카톡으로 공유하는 상황이 됩니다. 제가 경험했던 모임 뿐만 아니라 대부분 모임이 그럴거예요.
(실제 모임 공지를 보면 대부분 카톡방 참여를 필수로 하고있음. 심지어 소모임 앱에는 모임 소개만 있고 다른 게시글이나 정모는 올라오지 않고 카톡으로만 모임을 운영하는 곳도 많음.)

정기 모임 뿐만 아니라 다양한 모임들을 한눈에 보기쉽게 정리하고 모임사람들끼리 공유할 수 있는 기능이 필요합니다.

소모임을 몇년째 사용하고 있지만 기능적으로 개선되거나, 편리한 기능이 추가된 적은 본 적 없는 것 같네요.

제가 느끼기엔 개발자들이 실제 이용자가 소모임을 어떻게 활용하는지 잘 파악하지 못한다는 생각이 듭니다. 여러 모임들을 둘러보고 기능개선, 개발이 필요하다고 생각합니다.
적극적인 패치 기대합니다.",불편한점이 많아요,,4.1.5,https://apps.apple.com/kr/app/id582910479
App Store,14020469338,2,2026-05-02T15:24:53+00:00,2026,대문에 만들어놓은 정모가 안보여서 이용자 불편이 큽니다. 더보기도 안보이고 업데이트 했는데도 그대로입니다.,정모가 자꾸 안보여요,,4.1.4,https://apps.apple.com/kr/app/id582910479
App Store,13994002589,1,2026-04-25T03:05:00+00:00,2026,모임 속 모임 채팅 기능을 살려주세요 댓글로 하는거 너무 별로에요!!!!,우우 채팅기능을 돌려내라,,4.1.2,https://apps.apple.com/kr/app/id582910479
App Store,13984710567,2,2026-04-22T11:08:33+00:00,2026,정모채팅방 없애는바람에 정모얘기를 단체 챗에서 해야하니 너무 불편하네요!!!!!!,정모채팅방 다시 돌려줘요,,4.1.1,https://apps.apple.com/kr/app/id582910479
App Store,13966672210,1,2026-04-17T08:54:26+00:00,2026,Ios 최심버진임,채팅알림꺼도 왜 자꾸 뜨나요,,4.0.9,https://apps.apple.com/kr/app/id582910479
App Store,13966260187,1,2026-04-17T05:19:59+00:00,2026,"정모 채팅 없어진거 너무 불편해요ㅜㅜ 
게시판으로 연결되는데 게시판에서 대화하는거도 불편하고... 게시판 작성자가 정모 참여자가 아니라면 댓글 알람 계속 오고... 너무 불편합니다 
정모 채팅 다시 돌려주세요!!",정모 채팅 다시 돌려주세요,,4.0.9,https://apps.apple.com/kr/app/id582910479
App Store,13959805257,1,2026-04-15T09:12:30+00:00,2026,정모 채팅방 다시 만드시오.,정모 채팅방,,4.0.8,https://apps.apple.com/kr/app/id582910479
App Store,13944235901,1,2026-04-10T21:41:59+00:00,2026,"소모임 초대 알림이 끝도 없이 오는데 끌 수 있는 기능도 없고 너무 스트레스 받아서 탈퇴합니다

고객센터, 서비스개선 메일 문의 아무리 해봤자 딱 한 번 그런 기능 없다고만 답변해주고, 그 뒤로는 아예 읽씹해버립니다

초대를 싹다 없애달라는 것도 아니고,
필요한 사람만 알림 받을 수 있게 그냥 알림끄기 기능 하나만 만들어달라는 건데 그게 그렇게 어렵나요..?

진짜 이해할 수 없는 운영방식에 이해할 수 없는 대응이네요
다시는 쓸 일 없을 것 같습니다",소비자랑 기싸움하는 앱,,4.0.8,https://apps.apple.com/kr/app/id582910479
App Store,13942753134,1,2026-04-10T13:06:15+00:00,2026,"1년으로 업데이트 시켜는데 1년 금액이랑 1달금액이랑 동시사용중 1달치 환불바람
또 이제 어플들어갈때마다 프리미엄 모임선택 창뜨거든요 고쳐주세요 아에 하기가 싫어버리네 고객센터 번호있나요?",버그 및 결제 취소요,,4.0.8,https://apps.apple.com/kr/app/id582910479
App Store,13938309590,1,2026-04-09T06:46:38+00:00,2026,어이없는 이유로 강퇴당한 곳에 디엠 넣는 기능 좀 넣어 주셨으면..? ”아무래도 카페가 좋을듯(논알콜)“ 이란 곳 그냥 들어가지 마세요 ㅡㅡ 늦은 시간에 가입할 수 밖에 없는 사람들을 차별하는 인성 잘 봤습니다^^,“아무래도 카페가 좋을듯 (논알콜)”,,4.0.8,https://apps.apple.com/kr/app/id582910479
App Store,13937905333,1,2026-04-09T03:19:47+00:00,2026,왜 멀쩡히 잘쓰고 있는 정모 채팅방 기능을 없애나요? 돈주고 모임만들어서 쓰는데 좋은 기능을 추가하는것도 아니라 없애버리는건 무슨경우인지 모르겠네요… 그리고 정모 전용 게시글은 진짜 쓸데없는 기능이고 사용하고 싶지도 않은데 왜 강제로 써야하나요?? 기능을 만들었으면 on/off가 되게 하던가 삭제라도 할 수 있게 해줘야죠…. 그냥 이전 버전으로 롤백해주세요 빨리,다시 롤백해주세요,,4.0.8,https://apps.apple.com/kr/app/id582910479
App Store,13934835730,1,2026-04-08T07:20:52+00:00,2026,불편해 죽겠어요 진짜로,정기모임채팅 왜 없애요 ?,,4.0.8,https://apps.apple.com/kr/app/id582910479
App Store,13928035077,1,2026-04-06T09:09:45+00:00,2026,"3년차 동호회 운영 중인데, 어떻게 업데이트가 점점 더 불편해 지나요…
정모 챗방 없어져서 모임 챗방 터집니다.

정모 슬롯은 왜 바꿔서 4개밖에 못올리는 정모를 더보기 까지 눌러가며 봐야 할까요?

사진첩 화질도 별로고 영상도 못올리고
유료 앱인데 편리하게 개선좀 해주세요",점점 불편,,4.0.8,https://apps.apple.com/kr/app/id582910479
App Store,13927648928,1,2026-04-06T05:59:51+00:00,2026,160명 모임 운영하는데 너무 불편해요. 누가 언제오는지 소통해야되는데 댓글 형식은 스크롤 내려야하는 것도 불편하고  실시간으로 소통이 안돼서 참여율도 떨어지는 것같아요; 잘 쓰고있었는데 이번 업데이트는 정말 아닌 것같네요.,채팅 기능 돌려주세요...,,4.0.8,https://apps.apple.com/kr/app/id582910479
App Store,13920449104,1,2026-04-04T05:42:53+00:00,2026,정기모임 채팅 기능이 오ㅑ 사라졌는지 이해 안가요. 너무 불편해요 다시 설치해주세요,정기모임 채팅 없어짐,,4.0.8,https://apps.apple.com/kr/app/id582910479
App Store,13920118443,2,2026-04-04T03:11:27+00:00,2026,"인터페이스가 너무 조잡하고 어려움
내가 속한 모임이 어디에 있는지 찾기 아렵고 모임에 들어가면 자동으로 채팅방부터 들어가져서 모임 내 파티 현황 찾기 어려움

너무 복잡하고 장보가 많은데 그게 다 조잡하게 연결되어 있어 처음 이용하면 힘듬",인터패이스 진짜 사용하기 힘들게 디자인했네,,4.0.8,https://apps.apple.com/kr/app/id582910479
App Store,13914298613,1,2026-04-02T13:40:14+00:00,2026,이번 패치로 모임 일정 모이기로 한 사람들끼리 나누는 채팅이 사라졌네요. 그렇다고 오픈카톡 같은 링크로 연결해두기 쉽게 바꿔주신 것도 아니어서 불편함이 배로 증가하였습니다. 소모임앱 내에서 소통이 이루어지지 않는다면 굳이 이 앱을 쓸 이유를 못 찾겠습니다,모임 일정 채팅이 사라져서 너무 불편해요,,4.0.7,https://apps.apple.com/kr/app/id582910479
App Store,13913463483,1,2026-04-02T08:11:18+00:00,2026,이거 맙소사 너무 불편합니다,업뎃 이후 정모 채팅 없어짐,,4.0.7,https://apps.apple.com/kr/app/id582910479
App Store,13910064344,1,2026-04-01T10:06:32+00:00,2026,사진등록 안하면 가입안되네 진작에 공지해두지,거지같다,,4.0.7,https://apps.apple.com/kr/app/id582910479
App Store,13905698959,1,2026-03-31T04:15:57+00:00,2026,왜 벙방 톡방을 사라짐?? 누구 아이디어인지 제발 짤려라 그걸 승인한놈도 짤려라 머리가 나쁜걸 티내냐,머하는짓인지,,4.0.7,https://apps.apple.com/kr/app/id582910479
App Store,13903538300,1,2026-03-30T14:09:17+00:00,2026,그거 빼고서는 쓸만한 기능도 없으면서 그걸 왜빼는데요ㅡㅡ 이상한 게시글 생기게나 하고 진짜 개빡친다 그거 게시글 아이디어 도대체 누구냐... 삭제라도 되게하던가ㅡㅡ,좋게말할때 모임별 채팅기능 내놓으슈,,4.0.7,https://apps.apple.com/kr/app/id582910479
App Store,13902442278,1,2026-03-30T06:23:13+00:00,2026,"벙 만들 때 쓸떼없이 게시글은 왜 써지는건지... 정말 굳이인 기능이네요.. 개인적으로 이해가 안되는 부분입니다 차라리 아래 기능들이나 추가해주세요
1. 모임 날짜 시간 변경 제발!!!! ㅠㅠ 한 번 수정할 때마다 지우고 다시 만드는거 번거로워요
2. 참석자 중에 벙주 선택 기능 => 실제 모임 진행하면서 참석 가능 여부를 벙주에게 허락받기 위해 벙주가 누구냐고 묻는 경우가 많습니다 누구인지 묻지 않기 위해 프로필 선택하기 기능이 있으면 좋겟어요 아님 입력칸을 따로 만들던가요ㅠ",거의 7년째 이용하는 유저로써 앱 업데이트 수준이 이 정도밖에 안되는게 정말 답답하네요,,4.0.7,https://apps.apple.com/kr/app/id582910479
App Store,13900107254,1,2026-03-29T14:39:56+00:00,2026,특별히 좋은 기능도 없는데 프리미엄 붙여서 유튜브보다 비싼 돈 받아먹는 건 좀 아닌 것 같다 몇 년째 같은 걸로 우려먹는데 양심도 없나,나도 모임 운영하지만,,4.0.7,https://apps.apple.com/kr/app/id582910479
App Store,13895361718,1,2026-03-28T07:49:38+00:00,2026,방별 챗기능 왜 없앴어 이 멍충이들아!!!!!!!! 번개모임 내 챗기능 왜 없애가지고 이렇게 힘들게 만들어????? 빨리 돌려놔,방별 챗기능 왜 없앴어????,,4.0.7,https://apps.apple.com/kr/app/id582910479
App Store,13887380116,1,2026-03-26T01:40:33+00:00,2026,정모 개설 시 게시판 글 작성되고 삭제도 안되는거 원복해주세요. 진짜 쓰잘데기 없는 거 좀 하지마요. 채팅에 아직도 동영상도 안되는데 그런거나 업데이트 해봐요,이번에 업데이트한거 원복해주세요,,4.0.7,https://apps.apple.com/kr/app/id582910479
App Store,13878272460,2,2026-03-23T12:02:24+00:00,2026,해지하고싶습니다 알려주세요,프리미엄 이용권 해지,,4.0.6,https://apps.apple.com/kr/app/id582910479
App Store,13844203263,1,2026-03-13T16:39:53+00:00,2026,"구독을 해서 얻는 기능이, 다른 어플들에선 기본 제공 기능임. 
내 모임 비공개-> 그냥 공개여부 컬럼 하나 만들어서 딸깍만 하면됨.
이미지 확대 -> 이건 뭔 씹 ㅋㅋ
그룹 10개? -> 이것도 db 딸깍

하나같이 db딸깍만 하면 쉽게 제공되는 기능을 유료화하는게 너무 짜침 ㅋㅋ
돈이 그렇게 없으면 마케팅을 잘하든, 좋은 기능으로 유저를 모으고 광고를 받던지. 어플만 활성화되면 광고 여기저기서 받기 ㅈㄴ쉽겠구만. 그런 거 하기 싫어서 사용자 불편하게 하고, 돈 받아먹는 구조라 너무 짜침",별거 아닌 기능을 유료화하는게 ㅈㄴ짜침 ㅋㅋ,,4.0.6,https://apps.apple.com/kr/app/id582910479
App Store,13839479005,1,2026-03-12T08:03:36+00:00,2026,이거 가입이 안돼요,.,,4.0.6,https://apps.apple.com/kr/app/id582910479
App Store,13839112978,1,2026-03-12T04:33:39+00:00,2026,Smi209라고 관심사설정이 안되서 사용 못하네요 ㅡㅡ,관심사선택힌때 에러납니다,,4.0.6,https://apps.apple.com/kr/app/id582910479
App Store,13839017790,1,2026-03-12T03:43:04+00:00,2026,"지금도 앱이 안됩니다! 유료로 이용하는데 이정도로 잦은 오류가 발생하면 좀 너무한거 아닌가요,,",오류가 너무 잦아요,,4.0.6,https://apps.apple.com/kr/app/id582910479
App Store,13838905657,1,2026-03-12T02:48:30+00:00,2026,랙도 엄청 걸림,오류가 많음,,4.0.6,https://apps.apple.com/kr/app/id582910479
App Store,13838866251,2,2026-03-12T02:30:27+00:00,2026,"이모티콘이 그대로에요~ 그나마 요즘은 그 이모티콘도 뜨질 안네요. 제발 어플에 투자좀 하고 업그레이드좀 하셨으면 합니다. 모임이 정체되니 소모임 이탈이 많아 회원 유입도 적고 다 다른 취미 어플로 갈아타네요. 오래 해서 이곳에 자료나 사진이 많지만 저도 다른 어플로 갈아타야되나 심각하게 고민입니다!! 일단, 이모티콘 오류라도 해결해주세요~",8년 넘게 모임 운영중인데…,,4.0.6,https://apps.apple.com/kr/app/id582910479
App Store,13838839810,3,2026-03-12T02:18:39+00:00,2026,계속 서버 오류가 있다고 뜨네여 ㅠ,오류…,,4.0.6,https://apps.apple.com/kr/app/id582910479
App Store,13838831416,1,2026-03-12T02:15:00+00:00,2026,계속 로딩뜨고 안 되는데 좀 고쳐라 스트레스 엄청 받네,어플 관리 개판,,4.0.6,https://apps.apple.com/kr/app/id582910479
App Store,13838825521,1,2026-03-12T02:12:22+00:00,2026,지금 회원 내보내기부터 렉걸리는상황입니다 개선빨리부탁드립니다,렉,,4.0.6,https://apps.apple.com/kr/app/id582910479
App Store,13838757222,1,2026-03-12T01:42:35+00:00,2026,왜이려죠 로딩만 되는데,어플이 안되요,,4.0.6,https://apps.apple.com/kr/app/id582910479
App Store,13838673436,1,2026-03-12T01:06:55+00:00,2026,계속 서버연결 오류라는 알림뜹니다,서버연결,,4.0.6,https://apps.apple.com/kr/app/id582910479
App Store,13827282995,1,2026-03-08T16:20:56+00:00,2026,부탁드려요,프리미엄 이용권 구독 취소,,4.0.6,https://apps.apple.com/kr/app/id582910479
App Store,13665044216,2,2026-01-23T03:05:33+00:00,2026,다크테마 지원 문의를 6년전부타 해도 안하네요. 돈되는 결제는 추가 하면서요. 기본적인 다크테마 하나 지원안할정도로 엉망이네요.,몇년째 다크테마 하나 지원 안하네요,,3.9.9,https://apps.apple.com/kr/app/id582910479
App Store,13639210973,1,2026-01-16T08:26:12+00:00,2026,"초대 알림이라도 끄게 해주세요
정신 나갈 것 같아요
자꾸 알림 와서 들어가보면 그냥 일반 초대 알림이고
진짜 제발좀",제발 초대좀,,3.9.8,https://apps.apple.com/kr/app/id582910479
App Store,13635385101,3,2026-01-15T07:36:14+00:00,2026,폰 바꾸느라 앱 설치가 안되잇는데 설치 된거로 떠요ㅠㅠ 우째야하나요,난감,,3.9.7,https://apps.apple.com/kr/app/id582910479
App Store,13600667116,3,2026-01-06T07:08:12+00:00,2026,환불 해주세요,환불 부탁드려요,,3.9.7,https://apps.apple.com/kr/app/id582910479
App Store,13566944070,1,2025-12-29T00:12:48+00:00,2025,"아니 문의를 해도 답을안해주는 고객센터가 어디있나요?
그리고 모임 결제해서 사용하는데 맴버들이 활동 잘 안한다고 모임 안나오게 해버리고 복구법 문의하려고 메일보내도 답을 안해주고 해결법을 알려주세요",고객센터 없는듯,,3.9.7,https://apps.apple.com/kr/app/id582910479
App Store,13523009924,1,2025-12-17T07:27:05+00:00,2025,"파워유저는 프로필에 가입모임 비공개 기능있다는데, 프로필에 모임 다보이네요.
돈만 날림
그리고 해당내용 고색센터에 문의하려니깐 문의도 안됨.. ㄷㄷㄷ",돈주고 유료회원 까지 했는데 쓰레기,,3.9.6,https://apps.apple.com/kr/app/id582910479
App Store,13479659036,1,2025-12-05T23:08:13+00:00,2025,프리미엄비를 받고 왜 정기모임에 갑자기 광고를 집어넣는건지? 빨리 삭제요망,광고삽입극혐,,3.9.5,https://apps.apple.com/kr/app/id582910479
App Store,13469290822,2,2025-12-03T06:22:17+00:00,2025,주에 20명 풀어주세요 가입 조건을 까다롭게 해야하는 특징을 가진 모임에서는 턱없이 부족합니다,강퇴인원 제한,,3.9.5,https://apps.apple.com/kr/app/id582910479
App Store,13450394115,3,2025-11-28T11:26:23+00:00,2025,"모임 운영을 위해 프리미엄 월 구독하고 4일이 지났는데, 모임이 노출되지 않아요. 그저 사람이 안들어오는 줄 알았는데, 지인 소모임 어플 통해 살펴봐도 제 소모임이 안뜹니다.

설정에 들어가보니 문의 방법이 이메일 뿐이어서 두번 문의 넣었는데 아무런 답변을 받은 게 없습니다. 구독 취소해도 환불 안되는 걸로 아는데 그냥 제가 한달 구독료 손해보면 되는건가요?

어플 통해 약 1년간 모임 운영 한번 했었고 새로운 모임 한번 더 해보려고 했는데 생각지 못한 어려움이 많네요. 확인 바랍니다.",문의 확인 부탁드려요,,3.9.5,https://apps.apple.com/kr/app/id582910479
App Store,13427864109,1,2025-11-22T12:57:16+00:00,2025,글작성에서 밑으로내려도 글이 안보야요,글작성에서 밑으러 안내려가요,,3.9.5,https://apps.apple.com/kr/app/id582910479
App Store,13426702487,3,2025-11-22T05:43:34+00:00,2025,알림 일부러 끈건디 들어갈때마다 알림 켜라는 팝업...안뜨게좀 해줘요,알림일부러 껐는데,,3.9.5,https://apps.apple.com/kr/app/id582910479
App Store,13414857741,3,2025-11-19T00:42:04+00:00,2025,"글쓰고 이런거 핸드폰으로 다닥다닥 너무 힘들어요
그런 의미로 별 한개 뺄게요",컴퓨터로 가능하게 업데이트 좀 해주세요.,,3.9.5,https://apps.apple.com/kr/app/id582910479
App Store,13396367659,3,2025-11-14T11:07:57+00:00,2025,"모임 입장으로선 초대기능 안 쓸 수가 없는데 초대 받는 사람들은 짜증나고 귀찮을 수 있잖아요. 그냥 무시하면 좋은데, 굳이 모임 들어와서 초대 보내지말라고 무례하게 얘기하고 나가버리는 사람들도 있어서 서로 불편하네요. 그리고 모임 가입 제한 나이가 있는데 초대보낼 때 생년월일을 못 보니 그냥 무조건적으로 초대 보낼 수밖에 없어서 가입나이도 안되는데 왜 자꾸 초대보내냐고 항의하는 사람들도 많아요. 제발 이것만 개선되면 완벽한 어플이에요.",초대 거부 기능이랑 초대 보낼 때 프로필(생년월일) 정도는 볼 수 있게 좀 만들어주세요.,,3.9.5,https://apps.apple.com/kr/app/id582910479
App Store,13388784062,1,2025-11-12T12:53:40+00:00,2025,왜 이 모양인거임,"초대 거절, 삭제, 차단 따위 없는 거지 같은 앱",,3.9.4,https://apps.apple.com/kr/app/id582910479
App Store,13363602850,1,2025-11-06T12:14:52+00:00,2025,모임 리뷰 기능 넣으세요 이상한 모임 많은데 알 수가 없네 게시글도 자동 삭제시키고 그리고 초대 장난아니게 와요,"이상한 모임 구별 불가, 게시글 삭제 불가",,3.9.3,https://apps.apple.com/kr/app/id582910479
App Store,13281415750,2,2025-10-18T08:33:45+00:00,2025,너무잘즐기고 있습니다 근데 그놈의 초대좀 그만좀 날아오게좀 해봐요 좀 진짜 차라리 광고를 더띄워 더띄워봐야 카카오만큼 하겠냐고,하.. 그놈의 초대좀 찐짜,,3.9.1,https://apps.apple.com/kr/app/id582910479
App Store,13161506068,2,2025-09-20T14:03:51+00:00,2025,어플 전버전이 더낫습니다 기존도 안되는거많았는데 인터페이스좀 고려해주세요,업뎃후 더별로,,3.8.7,https://apps.apple.com/kr/app/id582910479
App Store,13111716141,3,2025-09-08T01:21:25+00:00,2025,"아이폰 앱내디자인바뀐듯한디,,,  잘안보여요 모임이나 벙 몇일인지도  안보이고 이상함",아이폰사용에..,,3.8.5,https://apps.apple.com/kr/app/id582910479
App Store,13066004608,3,2025-08-27T10:09:14+00:00,2025,O개의 모임에서 초대를 받았습니다. 라는 알림이 2~3일에 한번씩 꼭 뜹니다. 이거 제발 안뜨게 해주세요...,초대 알림,,3.8.4,https://apps.apple.com/kr/app/id582910479
App Store,13005810694,3,2025-08-12T07:04:16+00:00,2025,소모임 운영을 안하는데 도대체 모임은 어떻게 없애고 결제취소는 어떻게 신청해야 하나요 너무 어려워요,계속 돈만 빠져나가는데 대체 어떻게 취소를 하는건가요,,3.8.3,https://apps.apple.com/kr/app/id582910479
App Store,13004771922,1,2025-08-11T23:58:05+00:00,2025,불편하고 눈에도 안띄고,UX가 너무 이상함,,3.8.3,https://apps.apple.com/kr/app/id582910479
App Store,12826950602,1,2025-06-28T11:01:55+00:00,2025,-,모임 만들려면 돈내야하네요,,3.8.1,https://apps.apple.com/kr/app/id582910479
App Store,12794935975,1,2025-06-20T03:07:18+00:00,2025,"월42000원 결제하는데
로그아웃하고 동네설정하고 상세 관심사 눌러도 내가 만든 모임 안뜨냐고!!!!!!!!!?!? 메일 보내도 보지도 않고 사기꾼새끼들아!!!!!!!!!!!!!!",사기꾼아,,3.8.0,https://apps.apple.com/kr/app/id582910479
App Store,12780065511,1,2025-06-16T06:41:25+00:00,2025,.,초대 거부 기능 없음,,3.8.0,https://apps.apple.com/kr/app/id582910479
App Store,12737975090,1,2025-06-05T08:52:06+00:00,2025,가입인사를 미처 지우지 못했습니다. 확인하니 아직 그대로 남아있다고 들었는데 앱측에서 제가 쓴 가입인사 삭제 해 주실 수 있나요? 사진이랑 다 남아있어서 매우 찝찝합니다. 그리고 애저녁에 탈퇴하면 썼던 글이나 사진도 다 삭제 되어야 정상 아닌가요? 평생 저렇게 남아있다는건데..,탈퇴했는데,,3.7.9,https://apps.apple.com/kr/app/id582910479
App Store,12710761520,2,2025-05-29T08:20:22+00:00,2025,"가장 큰 앱이지만 모임 내 편의기능은 너무 떨어짐. 그 흔한 모임내 출석체크 관련 기능도 없음 
운영진이 구글시트로 따로 관리해야하다니 만들어줄법도한데 너무 느리다",오래된 앱인데 ui/ux는 너무 느림,,3.7.9,https://apps.apple.com/kr/app/id582910479
App Store,12679539323,1,2025-05-21T04:06:22+00:00,2025,오류가 떠서 가입 승인이 안되고있네요 버그수정은 좀 해주세요,사진을 첨부하면 CAV 223 223 223,,3.7.8,https://apps.apple.com/kr/app/id582910479
App Store,12630966368,3,2025-05-07T21:25:55+00:00,2025,요즘 서버에 문제가 생겼다고 새로고침이 잘 안되고 멍통일 때가 많아요,오류,,3.7.7,https://apps.apple.com/kr/app/id582910479
App Store,12569809298,3,2025-04-21T16:13:57+00:00,2025,딴건 다좋은데 한번에 올려놓을 수 있는 정모 갯수좀 늘려줘요!!!! 그리고 프사 오류잦고  참석/취소 반응 너무 느려요!!! 2년째쓰는데 불편해죽겟는데 절대개선안댐 ㅠㅠㅠㅠ 그리고 지난 정모에 누가 참석했었나 운영진들은 기록 볼수있게해주면안돼요?? 맨날 그날 캡쳐해서 남기느라 불편해요!!!!?,제발제발제발제발제발제발제발제발,,3.7.7,https://apps.apple.com/kr/app/id582910479
App Store,12494111853,3,2025-04-02T10:52:21+00:00,2025,4개는 너무 적소,모임 당 게시 가능한 모임 수 늘려주세요,,3.7.6,https://apps.apple.com/kr/app/id582910479
App Store,12493962575,1,2025-04-02T09:55:20+00:00,2025,폰을 바꿔서 새로 까니 로그인창도 안뜨고 번호인증하고 바로 회원가입만 되네요 어쩔수없이 혹시하는 마음에 가입했더니 그냥 새계정이고 로그아웃 버튼도 안보여서 탈퇴했더니 일주일동안 아무것도 못하네요?,아이디찾기,,3.7.6,https://apps.apple.com/kr/app/id582910479
App Store,12476294455,1,2025-03-28T23:29:44+00:00,2025,고객센터문의해도 어떠한 답도 들을수가 없음 !!!!!앱을 정말 못만들어서 쓰는데 사용이 넘 불편해서 고객센터 문의해도 단 한번을 답을 못받았음 !!!!! 절대 일년권 결제하지마세요 !!!! 개후회중!!!! 쓰레기 어플!!!,일년 프리미엄 결제 모임장으로서 느낀점 내 돈 먹튀!!!!,,3.7.5,https://apps.apple.com/kr/app/id582910479
App Store,12473980739,3,2025-03-28T11:02:00+00:00,2025,"솔직히 앱에 큰 불만 없습니다
그런데 같은 모임에서 계속 초대가 오는데 한두번도 아니고 가입했다가 탈퇴해도 오고, 강퇴도 안된다고 하고
초대를 제한적으로 할수있게 개선 해주세요",초대 제한좀 만들어주세요,,3.7.5,https://apps.apple.com/kr/app/id582910479
App Store,12462386606,1,2025-03-25T11:36:24+00:00,2025,순전히 모임장 마음임 가입인사로 얼굴 사진 올리라고 하더니 지 맘에 안든다고 강퇴함 내가 올린 게시글은 삭제할 수 있게 해줘야 하는거 아님??,강퇴당하면 항의도 못하는 어플,,3.7.5,https://apps.apple.com/kr/app/id582910479
App Store,12446163388,1,2025-03-21T11:55:42+00:00,2025,어플 진자 개못만들었넼ㅋㅋㅋㅋ,어플 만드는데 돈 좀 써라 어휴,,3.7.5,https://apps.apple.com/kr/app/id582910479
App Store,12442105910,1,2025-03-20T10:38:49+00:00,2025,"지난번에도 깔았다가 시도때도 없이 오는 저 알림 때문에 삭제했었는데, 이번에도 또 불쾌한 알림이 계속오네요.  괜찮은 모임 살펴보고 알아서 가입할텐데 알림이 좀 적당히 와야지 너무 짜증나네요.
그냥 소모임 어플 알림허용자체를 꺼버렸는데 제발 쓰잘데없는 광고성 알림 끌수잇도록 기능을 추가해주세요",가입하라는 알림 좀 안나오게 해주세요,,3.7.5,https://apps.apple.com/kr/app/id582910479
App Store,12390239349,2,2025-03-06T22:20:11+00:00,2025,소모임을 만들어주신 소모임(대표) 김** 감사드려요❤️,피아노를 정말로 사랑하는 모임,,3.7.5,https://apps.apple.com/kr/app/id582910479
App Store,12361723041,1,2025-02-27T16:15:50+00:00,2025,"#본 리뷰는 공익을 위해 작성되었습니다 
ㅅㄴㅂㄹ 같은 사진앱이 회비 받고 바로 강퇴시켜도 항의도 못하게 바로 막히고… 회원 위주가 아니라 소모임들만을 위해서 운영하시는 것 같아서 실망입니다",소모임 관리 안하시나요?,,3.7.5,https://apps.apple.com/kr/app/id582910479
App Store,12277715247,3,2025-02-06T12:21:28+00:00,2025,"현재 소모임 내 참석 경쟁률이 높아지면서 이용자들이 겪는 불편이 많아지고 있습니다. 이에 보다 원활한 모임 운영을 위해 다음과 같은 기능을 도입해 주실 것을 제안드립니다.
   1.   자동 모임 업로드 시스템
   •   현재 모임을 등록하는 주최자와 신청하는 참가자 모두 수작업으로 일정을 확인하고 신청해야 하는 번거로움이 있습니다.
   •   정해진 일정에 따라 모임이 자동으로 업로드되는 시스템이 갖춰진다면, 운영 효율성이 높아지고 신청 과정에서 발생하는 혼선을 줄일 수 있을 것입니다.
   2.   대기 신청 시스템 도입
   •   현재는 취소표가 생길 때마다 실시간으로 확인해야 하므로, 참가를 희망하는 회원들이 불편을 겪고 있습니다.
   •   대기 신청 기능이 도입되면, 신청자가 자동으로 대기 순번을 배정받고 순차적으로 자리가 배정되어 불필요한 경쟁이나 회원 간 갈등이 줄어들 것입니다.

이러한 개선이 이루어진다면, 이용자들이 더욱 편리하고 공정하게 모임에 참여할 수 있을 것으로 기대됩니다. 검토 부탁드립니다. 감사합니다.","안녕하세요, 소모임 앱 운영팀에 건의드립니다.",,3.7.3,https://apps.apple.com/kr/app/id582910479
App Store,12228759561,1,2025-01-25T11:38:38+00:00,2025,"프리미엄 구독권 도대체 문의는 언제 
받아주는건가요? 15,000원 결제하고 
카테고리 상단에 뜨지도 않습니다 
답변 좀 부탁드립니다",프리미엄 구독권,,3.7.3,https://apps.apple.com/kr/app/id582910479
App Store,12201993391,1,2025-01-19T02:51:05+00:00,2025,아니 프로필사진 앨범에서 선택하면 왜 아무것도 안올라감 진심 15번 시도했는데 안됨 프로필사진 안올리면 모임에도 가입못하게되어있는데 어플을 못쓰게되어있네 진심개빡치네,프로필사진이 안올라감,,3.7.3,https://apps.apple.com/kr/app/id582910479
App Store,12198068540,1,2025-01-18T05:21:34+00:00,2025,"여기 고객센터 일 안합니다.
부적절한 행위 문제 발생한 모임에 대한 신고 처리되지도 않습니다.

직접 문의해서 해당 모임 문제에 대해 말해도 답변은 없고 재문의 해서야 일주일 뒤에서야 확인했다고 하고 아무런 조치도 없습니다.

쓰는사람이 피해받아도 아무런 조치안해줘요.

운영 이렇게하는데 쓰지말고 다른 어플쓰시는 편이 속 편합니다.",최악입니다. 다른 모임어플 스세요,,3.7.3,https://apps.apple.com/kr/app/id582910479
App Store,11965010664,2,2024-11-18T17:52:27+00:00,2024,운영진의 일방적인 갑질에 강퇴당했는데 강퇴당하고나면 항의할 방법이 아예 없네요 역겨운 모임,운영진 갑질에 항의도 못하네요,,3.6.4,https://apps.apple.com/kr/app/id582910479
App Store,11947888758,1,2024-11-14T05:39:31+00:00,2024,고객센터 문릐를 해도 답변을 하나도 주지 않습니다. 메일 계속 하고 있는데 회원들 모집에만 관심있고 관리나 회원응대에는 전혀 하지 않으면 아무런 관여를 하지 말던가,고객센터 문의 해도 답변을 하나도 주지 않습니다.답메일좀하시져!,,3.6.4,https://apps.apple.com/kr/app/id582910479
App Store,11925213443,1,2024-11-08T04:47:50+00:00,2024,"1. 키보드 텍스트 대치 안됨
2. 채팅방 내용 복사 안됨
3. 링크 올리면 클릭 안됨
4. (제일 중요) 여러명이서 동시에 참석 누르면 참석 인원 제한 수를 초과해서 인원 신청이 됨.. 
5. 이러한 불편이 몇개월째 전혀 개선되지 않음",유료어플인데 불편한게 너무 많음,,3.6.3,https://apps.apple.com/kr/app/id582910479
App Store,11919488138,1,2024-11-06T14:59:25+00:00,2024,고객센터 운영할 형편 안되면 서비스 접어라 빡대가리들 모여서 운영 뭐같이하네. 어플 기능상 문제를 고칠생각은 안하고 메일은 씹거나 동문서답으로 넘기는 양아치들.,양아치 운영진들,,3.6.3,https://apps.apple.com/kr/app/id582910479
App Store,11838510172,1,2024-10-16T00:36:36+00:00,2024,프리미엄 구독 했는데 방삭제하고서 다시 만든 방에 적용이 안되는게 말이 됩니까,구독취소해주세요,,3.6.2,https://apps.apple.com/kr/app/id582910479
App Store,11820808852,3,2024-10-11T07:22:47+00:00,2024,"서버의 연결에 문제가 있다고 하면서
채팅이 안가요. 재전송도 안되요
업데이트도 하고 지웠다가 다시 어플 깔았는데도
안되요 뭐가 문제일까요ㅜ 다른 모임 벙채팅도 다 안되요 남이 쓴 대화만 읽을 수 있어요
개선 좀해주세요ㅠ",벙 참석후 그날벙 채팅하려고하면..,,3.6.2,https://apps.apple.com/kr/app/id582910479
App Store,11798068892,1,2024-10-04T23:59:12+00:00,2024,"프리미엄 이용권 결제 후 모임 개설 했다가 취지가 안맞아서 모임 삭제 후 다른 카테고리로 모임을 개설했는데 기존 구매한 프리미엄 이용권이 적용이 안되네요? 
그리고 프리미엄 30일 무료로 이용하라고 주길래 적용했는데도 효과가 하나도 없어요. 이건 어떻게 해야하는거죠?",프리미엄이용권 질문이요,,3.6.1,https://apps.apple.com/kr/app/id582910479
App Store,11729685905,3,2024-09-16T08:42:43+00:00,2024,UI가 불편합니다,좋지만,,3.5.9,https://apps.apple.com/kr/app/id582910479
App Store,11726394570,2,2024-09-15T11:02:31+00:00,2024,"안 좋은 소리해서 죄송한데 최근에 이 어플을 통해서 알게된 모임장과 부딪치는 사건이 있었어요. 강퇴시킨 것도 모잘라서 모임장이 저한테 개별 문자로 욕설 및 폭언을 표하는 행위를 하였는데 신고해도 잘 안통하는 것 같더라고요. 신고 받는 입장에선 어떤 불이익이 있는 건지 알고싶고, 상대를 함부로 대하는 사람들은 강제로 탈퇴하거나 몇개월동안 이용못하는 개선방안좀 활성화 시켰으면 좋겠네요. 제 개인적인 기분으로 행동하려는 건 아니고요. 다른 모임하다 마주치면 또 안 좋은 일이 터질까봐 우려도 되요.",소모임 사용하면서 서로간의 규칙적인 기능 좀 개선했으면 좋겠습니다,,3.5.9,https://apps.apple.com/kr/app/id582910479
App Store,11715397425,3,2024-09-12T08:43:21+00:00,2024,너무좋아요,굿,,3.5.9,https://apps.apple.com/kr/app/id582910479
App Store,11711732420,2,2024-09-11T06:38:59+00:00,2024,정모 개설시 커버사진이 정상적으로 업로드 되지 않을때가 정말 많습니다.. 개선해주세요!,정말 다 좋은데.. 하나가 아쉽네요!,,3.5.9,https://apps.apple.com/kr/app/id582910479
App Store,11707737271,1,2024-09-10T01:53:50+00:00,2024,좀,고객이문의 했으면 메일좀 읽지?,,3.5.9,https://apps.apple.com/kr/app/id582910479
App Store,11666039293,1,2024-08-29T13:40:50+00:00,2024,초대 거절하는 방법없나요,똑같은모임에서 메일 초대가옵니다,,3.5.8,https://apps.apple.com/kr/app/id582910479
App Store,11578608046,1,2024-08-06T12:21:46+00:00,2024,사교인맥 동숲 주민 모임인데 갑자기 죽음에 대해서 눈을 감고 생각해보라고 하네요. “?”이렇게 보내니까 제가 강퇴 당했어요. 신고도 못 하고 답답하네요.,동숲모 🍎동숲 주민 모임 어쩌구 이상해요,,3.5.8,https://apps.apple.com/kr/app/id582910479
App Store,11494938754,3,2024-07-15T07:41:06+00:00,2024,ㅇㅇ,초대 거절 기능이 없음,,3.5.7,https://apps.apple.com/kr/app/id582910479
App Store,11384507552,1,2024-06-15T15:23:54+00:00,2024,계정이 확인 되지 않는다고 해서 재설치 하라고 해서 했더니 다시 가입하라고 하는데 확인 좀 부탁드립니다. 모임에도 가입했었어요,계정확인,,3.5.4,https://apps.apple.com/kr/app/id582910479
App Store,11375684642,3,2024-06-13T08:01:46+00:00,2024,아이폰인데 파워유저 구매 했는데 왜 적용이 안되죠?,파워유저 구매 후 적용 안됨,,3.5.4,https://apps.apple.com/kr/app/id582910479
App Store,11351851600,1,2024-06-07T00:35:49+00:00,2024,설명도 없이 강퇴합니다,방장이 그지 같으면 답 없어요,,3.5.4,https://apps.apple.com/kr/app/id582910479
App Store,11312727185,1,2024-05-27T13:01:38+00:00,2024,구독취소 안되어 있으면 구독취소해주세요,구독취소 해주세요,,3.5.4,https://apps.apple.com/kr/app/id582910479
App Store,11311774725,3,2024-05-27T06:16:23+00:00,2024,직관적이지않아서 사용법이.어렵네요,아직 사용법이 어려워요,,3.5.4,https://apps.apple.com/kr/app/id582910479
App Store,11303860269,1,2024-05-25T02:29:39+00:00,2024,앱 알림을 다 꺼도 계속 알림이뜹니다,앱알림 안꺼짐,,3.5.4,https://apps.apple.com/kr/app/id582910479
App Store,11287871912,3,2024-05-20T15:16:54+00:00,2024,게시글 알림푸시 오프해놨는데도 왜 오는건가요… 저만 그런건가요….,게시글 알림 PUSH 오프,,3.5.4,https://apps.apple.com/kr/app/id582910479
App Store,11262323596,1,2024-05-13T09:22:31+00:00,2024,이미 가입되서 계속 활동중이였고 모임 운영진인데 아이폰에서 아이폰으로 바꾸고 다시 앱 깔고나니 계속 회원가입하라고 나옵니다. 번호도 바꾼 적 없는데 이전 아이디로 돌아갈 방법 없나요,이미 가입되어있는데 회원가입하라고 함,,3.5.3,https://apps.apple.com/kr/app/id582910479
App Store,11255972061,2,2024-05-11T14:49:58+00:00,2024,"관심없는 모임 초대 거절 기능 만들어주세요
무직백수인데 업종/직무 선택 안하고도 
넘어갈 수 있게 해주세요",초대거절 기능 만들어주세요,,3.5.3,https://apps.apple.com/kr/app/id582910479
App Store,11254565629,1,2024-05-11T05:40:06+00:00,2024,"건전?ㅋㅋㅋㅋㅋㅋㅋㅋgㄹ
애인있는데 이걸 깐다는것도 이해못하지만 취미활동만들고싶다고 깔고 나가서 바람피는게 정상이냐
동물의왕국도 아니고ㅋㅋ
여자분들도 남자꼬시려고 가시나봐요^^
모임가서 사랑 많이 받으세요^^
더럽네 진짜",이딴거 왜하냐 진짜 소개팅어플 별반다를거 없네,,3.5.3,https://apps.apple.com/kr/app/id582910479
App Store,11237639552,1,2024-05-06T08:20:36+00:00,2024,많이 안좋아짐,모임질이 안좋아짐,,3.5.3,https://apps.apple.com/kr/app/id582910479
App Store,11171829218,1,2024-04-18T04:43:14+00:00,2024,탈퇴 인원 제한 왜 안 푸나요 대체..?😇,제발 UI 그만 고치고 기능이나 좀 고쳐주세요,,3.5.1,https://apps.apple.com/kr/app/id582910479
App Store,11152040754,3,2024-04-13T05:17:46+00:00,2024,"동네별로 소모임 보는 탭 좀 만드세요
그런 것도 없이 그냥 집근처만 띄울거면 저런 지정은 왜 만든거에요
개불편해요",동네지정 직장이랑 관심지역은 대체 왜 있는거임,,3.5.1,https://apps.apple.com/kr/app/id582910479
App Store,11122386780,1,2024-04-05T00:20:16+00:00,2024,"나 여자고, 모임 규칙 어기지도 않았는데 어린 애들한테 마녀사냥 당해서 추방당함. 모임 신고했는데 아무런 제지도 안들어감. 어플 띡 만들어놓고 관리를 아예 안하는것 같음^^ 진짜 개/좃/같은 앱.",별 1개도 아까움^^,,3.5.0,https://apps.apple.com/kr/app/id582910479
App Store,11042707216,1,2024-03-14T08:42:09+00:00,2024,"소모임 만들고 하루 지났는데 모임명이 변경이 안되길래 모임 삭제했더니 프리미엄 15,500원 결제한게 그냥 날라갔어요.

나참 이렇게 어이없는 시스템은 진짜 처음이네요....무료로 30일 소모임 만든건 검색해도 노출도 아얘 안되고..그나마 돈 결제 해야 검색하면 뜨네요...이딴걸 왜 결제했는지 ...참 한심스러울 따름이네요...",정말 그지같은 프로그램이네요...,,3.4.7,https://apps.apple.com/kr/app/id582910479
App Store,11009217254,1,2024-03-05T01:09:49+00:00,2024,뭐 돈 벌어야하니 그럴수 있다치지만 “가입되어 있는 소모임 숨김” 기능 정도는 그냥 풀어주면 안되나 왜 이런거까지 다른 이들에게 오픈하면서 써야하지? 싶네요. 이번 모임장이 이 어플을 이용해서 가입해 봤는데 ui도 손에 안익고 영 불편합니다.,굳이 이런 기능을 유료로?,,3.4.7,https://apps.apple.com/kr/app/id582910479
App Store,10992341159,1,2024-02-29T12:40:27+00:00,2024,"먼 직장이며 어디며 쓰라고 접속할때마다 뜨네요
넘 귀찮음 ㅡㅡ",개인정보 쓰라는 팝업 좀 그만,,3.4.6,https://apps.apple.com/kr/app/id582910479
App Store,10985324665,1,2024-02-27T13:15:11+00:00,2024,"신천지 모임 신고했더니 그 모임은 그대로 냅두고 신고자 계정을 중지 시켜버림 ;)
신천지가 결제하는 푼돈에 눈이 멀어버린 쓰레기 같은 어플 회사",신천지 옹호하는 어플,,3.4.5,https://apps.apple.com/kr/app/id582910479
App Store,10973231197,3,2024-02-24T04:35:11+00:00,2024,파워유저 기능 삿는데 왜 적용 안되나요? ㅜ 그래서 다시사려고 하면 이미이용중이라고 하고.. 정작 기능은 안되고,하..,,3.4.5,https://apps.apple.com/kr/app/id582910479
App Store,10948661515,1,2024-02-17T12:12:09+00:00,2024,"채팅방에 글 복사좀 되게해라 

무슨 386시대도 아니고 채팅창복사가 안됨?",아니 시대가 어느시댄대,,3.4.5,https://apps.apple.com/kr/app/id582910479
App Store,10904175635,3,2024-02-05T10:08:00+00:00,2024,유용합니다 고맙습니다,실용성,,3.4.2,https://apps.apple.com/kr/app/id582910479
App Store,10898914528,1,2024-02-04T00:54:12+00:00,2024,"생년월일 입력하라면서 설정이랑 취소버튼밖에 안뜸
가입이 인되서 사용을 못함",가입이안됨,,3.4.2,https://apps.apple.com/kr/app/id582910479
App Store,10880054726,1,2024-01-30T06:20:06+00:00,2024,"본인인증해야 전에 계정 로그인 되는거 같은데
폰바꾸고 까니까 아무리 기다려도 안와요..인증번호가
다른 어플들은 잘만 오는데 이 어플 문제 인듯여",아이폰 15 인증번호 안오능 오류,,3.4.0,https://apps.apple.com/kr/app/id582910479
App Store,10878276480,1,2024-01-29T17:27:33+00:00,2024,다운로드가 안되네요 ㅠㅠㅠ,다운로두가 안되네요,,3.4.0,https://apps.apple.com/kr/app/id582910479
App Store,10876892510,1,2024-01-29T09:28:30+00:00,2024,"정모 만들 때 썸네일이 자꾸 다른거 올라가고(다른 모임원들도 그렇게 보인대요) 이건 새로고침하거나, 폰을 껐다 켜도 안 되네요. 오류 개선 부탁합니다.

추가로, 썸네일을 수정할 수 있게도 해주세요. 너무 불편하네요.",오류 개선 해주세요,,3.4.0,https://apps.apple.com/kr/app/id582910479
App Store,10868292057,1,2024-01-27T02:15:10+00:00,2024,"아니 공짜도 이렇진 않은데 말이야…
기본적인 버그들이 너무 많고 편의성은 바라지도 않음. 그냥 채팅만 정상작동되길 바람",치명적인 버그들이 너무 많네…,,3.4.0,https://apps.apple.com/kr/app/id582910479
App Store,10856934850,1,2024-01-24T01:25:35+00:00,2024,정모일정 하나도 안보이게 어수선하게 해놨네,UI가 왜케 구려졌나요,,3.3.9,https://apps.apple.com/kr/app/id582910479
App Store,10819434920,1,2024-01-14T01:46:33+00:00,2024,쓰는사람문제있는건기본,개별로한번써봣는데개별로ㅡ,,3.3.9,https://apps.apple.com/kr/app/id582910479
App Store,10790900963,3,2024-01-06T12:51:21+00:00,2024,"소모임 어플을 얼마전부터 알게 되어 열심히 
나가고 있는 소모임 쟁이 입니다. 
쓰다보니,  댓글에 사진 첨부 기능도 
추가해 주시면 너무 좋을것 같아요. 
게시판에 댓글을 쓸때 사진을 촬영해서 보여주고 싶은 경우도 있는데, 그러지 못해 아쉬울때가 있거든요. 

그리고 채팅창에 ”좋아요“기능도 추가해 주시 
넘 편리 할듯 합니다:) 

개별적으로 댓글을 달때보다 ’좋아요‘ 버튼 만으로도 
상대와의 공감을 표현할 수 있어서 좋을것 같아요. 

개발자님들에게 꼬옥 부탁 드려 봅니다:)",댓글 사진 첨부 기능 만들어 주세요,,3.3.8,https://apps.apple.com/kr/app/id582910479
App Store,10706375810,1,2023-12-17T06:02:12+00:00,2023,1:1 메세지 개수를 초과 했다 자주 이렇게 뜨는데요 이거 제발 좀 고쳐 주세요 소통이 안됩니다 지웠다 깔았는데도 안되요 제발 하루 빨리 고쳐주시기 바랍니다 고쳐주시면 별점 5점으로 바꿀게요,진짜 제발 이거 좀 고쳐 주세요!!!!!!!!!!!!,,3.3.6,https://apps.apple.com/kr/app/id582910479
App Store,10638899112,2,2023-11-29T16:03:11+00:00,2023,저기요... 연락을 드려도 한달동안 답장도 안오고 이게 뭡니까. 클래스 개설을 했는데 아무리 정모를 만들어도 서버 문제로 올라가지 않아요 20번은 앱 지우고 피시로도 해보고..... 제발 조치좀 해주세요 ㅠ,클래스 개설....돈아까워 진짜 한달동안,,3.3.6,https://apps.apple.com/kr/app/id582910479
App Store,10584167481,1,2023-11-14T09:04:42+00:00,2023,"아니 있는 기능이 없는데 이걸 돈주고 쓰라고?
무료 게시판도  검색기능이 있고 즐겨 찾기 기능이 있는데 이건 만들다 말았나요?
진짜 어의가 없네
별 하나도 아까운데 최소 안주면 평가가 안되네",아니 이게 앱이야?,,3.3.5,https://apps.apple.com/kr/app/id582910479
App Store,10561418583,2,2023-11-07T23:18:57+00:00,2023,"게시글에 댓글이 달려도 보이지않아요
또 게시글 댓글도 클릭해야지만 보여요",게시글에 댓글이 달려도 보이지않아요,,3.3.4,https://apps.apple.com/kr/app/id582910479
App Store,10554895794,1,2023-11-06T01:49:10+00:00,2023,"프리미엄 모임권, 유료회원권은 꾸준하게 개발하시는
거 같은데 피드백은 왜 안주시나요?
한 모임에 왜 하나만 결제가 가능하고 왜 한계정으로 하나밖에 못하는겁니까?
피드백에 대한 대답이 우선이 되야할것 같은데 제가 왜 돈을 써가면서 불편함을 느껴야하는지 이해가 도무지 되지 않네요. 개발자 전화번호로 전화하니 전화도 되지 않네요 ;; 어플이 더 커지려면 개선 먼저 하십쇼.
15500원 아깝네요 정말 ;;",5년정도 이용했는데 별 하나도 아깝습니다.,,3.3.4,https://apps.apple.com/kr/app/id582910479
App Store,10537044868,3,2023-11-01T03:37:10+00:00,2023,너무 자주 바뀌는게 적응 안되네요,업데이트좀 적당히 했으면 좋겠어요ㅠ,,3.3.3,https://apps.apple.com/kr/app/id582910479
App Store,10533251035,2,2023-10-31T00:27:51+00:00,2023,"소모임을 만든 취지가 너무 좋고 사용이
편리해 잘 쓰고 있었습니다. 
지속적인 신규 기능을 개발하느라 고생이 많으십니다. 사용자들의 개선 의견을 받아 개발 하는 것 같은데, 이번 개발인 모임 개설시 사진 추가는 필수가 아닌 선택이면 좋겠습니다. 사진이 필요 없는 모임들은 어떤 사진을 올려야 되나요? 정말 난감합니다. 이 부분은 선택으로 하는걸 적극적으로 검토해 주시기 바랍니다.",이년째 이용중입니다,,3.3.3,https://apps.apple.com/kr/app/id582910479
App Store,10491405330,1,2023-10-19T10:32:49+00:00,2023,채팅창 들어가면 하나도 안보이고 잔버그가 너무 많아요,앱개발좀...,,3.3.2,https://apps.apple.com/kr/app/id582910479
App Store,10483384220,2,2023-10-17T02:41:09+00:00,2023,"너무 자주 바꾸니까 헷갈려요
그렇다고 바꾼 버젼이 이전보다 효율적이거나 가독성이 좋냐 하면 그건 또 아니고
안하느니만 못한 업데이트 이젠 좀 그만해주세요",ui ux 변경 이젠 그만…,,3.3.2,https://apps.apple.com/kr/app/id582910479
App Store,10477878141,1,2023-10-15T14:52:56+00:00,2023,"정모는 왜 4개만 등록 가능하며 정모 등록할 때 사진은 도대테 왜 필요한건데요? 도대체 왜? 아무리 생각해봐도 납득이 안 돼요. 모임 하나 하는데 뭔 사진 까지 강제로 등록을 시키나요 누가ㅋㅋㅋㅋㅋㅋㅋㅋㅋㅋㅋㅋ

ㄹㅇ 초딩한테 맡겨도 이딴 생각은 안 하죠",혹시 누구 머리에서 나온거에요?,,3.3.2,https://apps.apple.com/kr/app/id582910479
App Store,10450807779,3,2023-10-08T03:26:05+00:00,2023,"요즘 소모임 어플 업데이트 해주시는데 뭔가 전보다 더 불편한것 같아요 
저만 그런지는 모르겠지만요….",소모임어플 업데이트후 불편,,3.3.1,https://apps.apple.com/kr/app/id582910479
App Store,10440413646,2,2023-10-05T06:53:23+00:00,2023,"사용하기가 더 어려워졌네요 ㅡㅡㅋ
이게 뭐죠..",이게 업데이트 버젼?,,3.3.0,https://apps.apple.com/kr/app/id582910479
App Store,10440259275,3,2023-10-05T05:43:32+00:00,2023,계정을 옮길 수가 없는데 제발 로그인 기능같은거라도 만들어주시면 안되나요? 답답..,휴대폰 변경시,,3.3.0,https://apps.apple.com/kr/app/id582910479
App Store,10434595400,2,2023-10-03T16:08:01+00:00,2023,"이용권 구매했어도..
계속 또 구매하라고 하네요 ㅜ
어쩌조ㅡ",이용권 구매했어도.. 사용이안됨,,3.3.0,https://apps.apple.com/kr/app/id582910479
App Store,10431511185,3,2023-10-02T18:41:59+00:00,2023,"특정 소모임은 회원도 많고 스팸도 종종 들어오는데 무슨 강퇴하는데 인원제한을 걸어둡니까 ㅠㅠ? UI도 너무 불편하고.. 제발 편하게 좀 만들어 주세요
추가로 회원 목록에 운영진만 볼 수 있는 메모 기능 좀 만들어 주세여!!!",강퇴 제한좀 풀어주세요,,3.3.0,https://apps.apple.com/kr/app/id582910479
App Store,10429352604,2,2023-10-02T04:56:21+00:00,2023,"ui ux가 수시로 바뀜
노인들 적응 못하게 해서 쳐낼려는 걸지도",대학생과제인가,,3.2.9,https://apps.apple.com/kr/app/id582910479
App Store,10425135549,1,2023-10-01T01:16:14+00:00,2023,계정 개념이 없음. 앱 삭제 금지,대충만들고 계속 살 붙이는 앱,,3.2.9,https://apps.apple.com/kr/app/id582910479
App Store,10421665587,1,2023-09-30T02:48:53+00:00,2023,벙 한번 칠려고 패팅창을 나갔다가 생쇼를 하네 … 건들지나 말지 난리도 이런 난리가 없네요 !!,업데이트다가 아니라 다운데이트를 해놨네,,3.2.9,https://apps.apple.com/kr/app/id582910479
App Store,10408543926,1,2023-09-26T10:11:06+00:00,2023,"뭐만 하면 다 가입 거절이고, 남자 마감 ㅋㅋㅋ
거절 이유나 기준도 없음(공개안함) 
얼굴 , 이름 팔리고 싶으면 가입하세욬ㅋㅋ
단, 남자만 호구병신 되는 어플이고, 여자는 가입 하기 좋음. 웬만한 모임 프리패스임 여자는 ㅋㅋㅋ",개병신들 의 모임임 ㅋㅋㅋ,,3.2.7,https://apps.apple.com/kr/app/id582910479
App Store,10237049786,1,2023-08-09T11:27:25+00:00,2023,"문자인증 서비스이용제한번호라는데 
이유를 모르겠는데요;;",문자인증,,3.1.9,https://apps.apple.com/kr/app/id582910479
App Store,10225443758,3,2023-08-06T09:01:07+00:00,2023,"최초 핸드폰 설치 이호 하다가 핸드폰 설치 샀지요 아이패드에 다시 설치하고 핸드폰 번호 인증 진행 하니 핸드폰 인증 번호가 오지 않습니다

이전 문의시. 디바이스 한국만 설치 가능 안내 진행 했는데요 빠른 답변 부탁드립니다",최초핸폰설치 삭제 후 iPad 다시 설치 하려 하고 핸드폰 번호 인증이 안 됩니다,,3.1.9,https://apps.apple.com/kr/app/id582910479
App Store,10221509027,1,2023-08-05T07:14:44+00:00,2023,159000원 환불 부탁 드립니다,환불 부탁 드립니다,,3.1.8,https://apps.apple.com/kr/app/id582910479
App Store,10189973959,1,2023-07-28T02:48:40+00:00,2023,확인좀여,일정 인원 체크도 안되고 댓글들도 제대로 안보이네요,,3.1.8,https://apps.apple.com/kr/app/id582910479
App Store,10161716134,1,2023-07-20T14:40:16+00:00,2023,"40대는 가입 제한해야 함. 어차피 거의 모든 소모임이 40대는 나이제한 걸어둠. 
40대는 활동 할수있는 소모임이 거의 없음.",40대는 가입 제한해야 함,,3.1.8,https://apps.apple.com/kr/app/id582910479
App Store,10110196171,1,2023-07-06T13:59:00+00:00,2023,하다보면 알게됩니다 별별 사람이 다 있고 모임도 이상하고 양지에서 사람 만나기 바랍니다,소모임 하지마세요,,3.1.6,https://apps.apple.com/kr/app/id582910479
App Store,10031794357,1,2023-06-14T05:59:52+00:00,2023,알림설정하는 건 내 마음인데 왜 자꾸 알림설정해놓으라고 들어갈 때마다 팝업창 띄우는겁니까?,알림설정하기 시르니까 팝업 좀 고만 띄워라!!!,,3.1.0,https://apps.apple.com/kr/app/id582910479
App Store,10005319761,2,2023-06-06T14:02:54+00:00,2023,But it’s in Uijeongbu. It’s good. I hope to join yours.,I don’t know if this team’s making it to the goal.,,3.0.9,https://apps.apple.com/kr/app/id582910479
App Store,9994037144,1,2023-06-03T08:07:06+00:00,2023,병신같은소모임 병신들끼리 만나서 시간낭비 돈낭비 하고 싶은분 인생 망치고 싶은분들 추천함,병신들끼리모여서모임하는곳,,3.0.9,https://apps.apple.com/kr/app/id582910479
App Store,9976856839,3,2023-05-29T09:49:42+00:00,2023,"클래스 여는 분들을 위해 고객님들이 리뷰나 후기를 작성할 수 있는 란이 생겼으면 좋겠어요. 그런걸 보고 유입이 있다고 생각되는데, 적지 않은 돈을 내고 단지 클래스를 여는거로는,, 어떤 매리트가 있는지 잘 모르겠어요 ,,개선 해주시면 너무 좋을거 같아요 . 감사합니다",클래스 여는 분들을 위해,,3.0.9,https://apps.apple.com/kr/app/id582910479
App Store,9967314422,1,2023-05-26T14:03:19+00:00,2023,"대체할만한 어플이 없기때문에 억지로 쓰는거지

앱 자체는 돈에 환장했다는 걸로 밖에 안보임

UI/UX 자체도 개판인데다가

피드백은 받는건지 의문이고

구독제로 돈은 받아 처먹으면서 사진하나 보려면

또 돈내라고 하는 짱깨앱 수준",독과점이 무섭다는걸 알게해주는 어플,,3.0.9,https://apps.apple.com/kr/app/id582910479
App Store,9953374332,3,2023-05-22T10:57:03+00:00,2023,제가 분명!!! 관심가는 모임 찜 해놓고 했는데 안 떠요ㅠㅠ그리고 검색으로 찾으려고 싹 뒤져도 안 나와요ㅠㅠ 왜죠..?제발 찾아줘요ㅠㅠ,찜 기능,,3.0.9,https://apps.apple.com/kr/app/id582910479
App Store,9932271775,3,2023-05-16T10:18:01+00:00,2023,"게시글 삭제는 혹시 어떻게 하면 되나요?
방법 좀 알려주세요~",게시글,,3.0.9,https://apps.apple.com/kr/app/id582910479
App Store,9907346847,3,2023-05-09T01:11:53+00:00,2023,"1. 가입심사 기능
 아무나 가입된거 강퇴하는것도 짜증...

2. 강퇴시 채팅창에 공개처형은 좀...

3. 문토한테 잡히기 싫으면 UI개선 및 기능추가가 많이 필요해보임",기능추가 건의,,3.0.9,https://apps.apple.com/kr/app/id582910479
App Store,9822686917,3,2023-04-15T01:12:47+00:00,2023,너무재밋네여 이거,존잼,,3.0.8,https://apps.apple.com/kr/app/id582910479
App Store,9816410496,1,2023-04-13T06:52:37+00:00,2023,"프리미엄 구독 해지 하고싶은데 안되네요 ㅠ
(처음  삼성폰에서. 설치및 구독 했는데  
현재  아이폰 사용중 이에요!",소모임 프리미엄 구독. 해지?!,,3.0.8,https://apps.apple.com/kr/app/id582910479
App Store,9781863419,1,2023-04-03T10:18:46+00:00,2023,"강사들이 영업 목적으로 돌아가는 소모임 외에 친목 위주의 소모임은 전부 사망했네요.
초창기에 했다면 좋았을텐데 이젠 메리트가 없군요. 뭘 배우려면 굳이 이거 할 필요없이 학원 등록하고 말죠",취지는 좋으나 변질된 어플,,3.0.8,https://apps.apple.com/kr/app/id582910479
App Store,9660374453,3,2023-02-27T08:05:07+00:00,2023,"카운트 뱃지가 한 번에 안 없어짐(꼭 두 번씩 왔다갔다) 
좋아요 처리 속도 속터짐(모임원이 사진 여러개 올리면 몇개 좋아요 누르다가 포기)
가끔 동일한 알림 무더기로 오는 경우 있음
페북이나 유명 소셜앱처럼 푸시알림 설정 기능 디테일하게 해줬으면 좋겠음",다 좋은데 푸시 알림 처리 개선 좀,,3.0.6,https://apps.apple.com/kr/app/id582910479
App Store,9620792725,1,2023-02-15T16:55:18+00:00,2023,작성 글 삭제 안되나요? 그 모임에서 제 글은 지우고싶은데 그대로 올라와있더라구요 조치 좀 해주세요,소모임 강퇴시 작성 글 삭제,,3.0.6,https://apps.apple.com/kr/app/id582910479
App Store,9508189821,1,2023-01-14T23:40:47+00:00,2023,사용도 안하는데 자동결제됐습니다 환불해주세여 새벽에 갑자기 결제됐는데 이거 구독 취소 버튼이라도 있어야하는 거 아닌까요..? 저번부터 계속 취소하려고 찾아봐도 그런거 없고 결제 이전에 봤을 때 계속 결제된다는 말도 없었는데 당황스럽네요 환불 꼭 해주세요,자동결제됐어요 환불 부탁드립니다,,3.0.4,https://apps.apple.com/kr/app/id582910479
App Store,9493983493,3,2023-01-11T01:16:44+00:00,2023,"안녕하세요
업데이트 후에 인터페이스를 보고 후기 남깁니다.

기존에는 리스트형으로 소모임이 정렬되어 있었습니다. 그래서 글씨가 한눈에 보기 쉬웠어요, 하지만 지금은 썸네일 형식이라 눈이 더 많이 움직여야 합니다.
소모임 앱 특성상 그림에 직접적으로 소모임 특징이 나타지 않는 경우가 많습니다.
무엇보다 눈이 더 많이 움직여야 합니다.

썸네일 형식과 리스트 형식 등으로 볼 수 있는 선택권이 있으면 어떨까요.",인터페이스 선택할 수 있게 하면 어떨까요,,3.0.3,https://apps.apple.com/kr/app/id582910479
App Store,9426847820,1,2022-12-23T13:28:04+00:00,2022,"주소 선택에 인천 당하동, 원당동 등등 없는데가 많아요",주소,,3.0.2,https://apps.apple.com/kr/app/id582910479
App Store,9424771393,3,2022-12-22T23:03:34+00:00,2022,아직 제대로 안써봄,아직 안써봄,,3.0.2,https://apps.apple.com/kr/app/id582910479
App Store,9347749316,1,2022-12-01T05:19:53+00:00,2022,"아… 연락해야하는데.. 이젠 도저히 안될듯..
문토는 공짜인데 앱도 더 이쁘고 좋은 사람 만나기 더 쉬워서 소모임 이제 쓰고 싶디 않네요..",업데이트하고 들어가자마자 팅기네요ㅡ,,2.9.9,https://apps.apple.com/kr/app/id582910479
App Store,9337077701,2,2022-11-28T04:34:46+00:00,2022,"Ui가 너무 불편해요
앱 사용한지 몇 주가 지나도 익숙해지지가 않아요

홈화면의 기능을 하는 화면이 없는 것,
채팅 기능의 귓속말 기능, *마치 게임 채팅같은
그리고 보낸 내용 취소 기능 없는 것도 너무 안 좋은 것 같아요",UI가 너무 불편해요,,2.9.8,https://apps.apple.com/kr/app/id582910479
App Store,9247356344,1,2022-11-02T13:36:45+00:00,2022,"모임 개강하려는데 살다살다… 
모임관련 타이틀 사진 하나 올리는 것도 유료회원이 되어야…. 살다살다 리뷰 처음쓰네 해도해도 너무함",뭐만하면 돈이네…,,2.9.8,https://apps.apple.com/kr/app/id582910479
App Store,9176118222,3,2022-10-12T07:27:29+00:00,2022,아이폰인데 업뎃후 임티먹통,임티가안됨,,2.9.6,https://apps.apple.com/kr/app/id582910479
App Store,9142592978,3,2022-10-02T07:04:21+00:00,2022,"지역이 너무 광범위하게 검색됩니다.
동네 모임 가입하고 싶은데 동네명을 검색해도 서울경기 전체 목록이 나오고 제가 입력한 키워드로 검색되는것 같지도 않습니다. 검색 기능 좀 업그레이드 시켜주세요. 그리고 당근마켓처럼 동네 별로 검색이 가능했음 좋겠습니다.",동네 검색이나 위치기반 검색 기능 추가 해주세요,,2.9.5,https://apps.apple.com/kr/app/id582910479
App Store,9133571367,1,2022-09-29T15:04:09+00:00,2022,"왜 강퇴를 하루5명 / 일주일 10명으로 제한합니까
그렇다고 이모티콘이 다양한것도 아니고
그냥 무료 네이버밴드로 옮기는게 낫겠어요.",결제하는 모임장 프리미엄유저는 바보인가?,,2.9.5,https://apps.apple.com/kr/app/id582910479
App Store,9126310875,3,2022-09-27T09:29:12+00:00,2022,가입한 모임에서 가입인사 내용은 수정이 되는데 사진은 왜 수정이나 삭제가 불가능한가요?,가입인사 수정시 사진,,2.9.5,https://apps.apple.com/kr/app/id582910479
App Store,9053138807,1,2022-09-05T00:33:13+00:00,2022,"모임 폐쇄도 회원 다 나가야 가능하고, 강퇴는 1일 5명 제한 7일 10명 제한. 너무 제한이 많아서 탈퇴합니다.",너무 제한이 많아요,,2.9.5,https://apps.apple.com/kr/app/id582910479
App Store,9050840742,3,2022-09-04T08:54:39+00:00,2022,회원탈퇴가 아니고 모임 탈퇴요!,소모임 탈퇴는 어떻게 하는 건가요.?!,,2.9.5,https://apps.apple.com/kr/app/id582910479
App Store,8963135505,3,2022-08-10T04:01:04+00:00,2022,굳,굳,,2.9.5,https://apps.apple.com/kr/app/id582910479
App Store,8946610943,1,2022-08-05T06:54:40+00:00,2022,가입하고 앱 여니까 자꾸 꺼지네요 ㅠㅠ,앱 튕김,,2.9.4,https://apps.apple.com/kr/app/id582910479
App Store,8941415055,3,2022-08-03T17:06:50+00:00,2022,Ios 버전 14.7.1  인데 버전때문인가요,앱 실행이 안되고 바로 꺼져요,,2.9.4,https://apps.apple.com/kr/app/id582910479
App Store,8939988231,1,2022-08-03T08:09:29+00:00,2022,실행안됨,어플실행안됨,,2.9.3,https://apps.apple.com/kr/app/id582910479
App Store,8938744976,1,2022-08-02T22:30:28+00:00,2022,ㅋㅋ,ㅋㅋ,,2.9.3,https://apps.apple.com/kr/app/id582910479
App Store,8860541559,1,2022-07-10T17:53:36+00:00,2022,"유저들에게 돈만 요구하지 마시고, 돈 좀 벌었다면 기능과 환경개선에도 투자좀 하시길...  채팅방에서 사진 공유도 안되고 지난 대화 검색하는 기능도 없고.  오래된 대화는 자동삭제되고.  모임 정모 눌렀다가 취소하는 사람 히스토리도 알면 좋겠고.  벙도 다중은 아예 신청이 안돼고...",밴드랑 비교됨.,,2.9.2,https://apps.apple.com/kr/app/id582910479
App Store,8618256191,1,2022-04-29T12:43:41+00:00,2022,"아니 글만 쓰면 맨날 서버가 어쩌구 저쩌구..
쓴글 다시써야되고 또 다시 써야되고..
밴드에 비해 완전 개허접임.",2022 최악에 어플.,,2.9.0,https://apps.apple.com/kr/app/id582910479
App Store,7405700199,1,2021-05-30T11:04:40+00:00,2021,"내 지역 설정할 땐 시 읍 동까지 상세하게 설정하는데, 정작 모임은 도단위로 뜸.. 차로 한시간반씩 걸리는 모임엔 전혀 관심없는데, 진짜 동네모임만 볼 수있으면 좋겠음.",문제점,,2.7.9,https://apps.apple.com/kr/app/id582910479
App Store,7401200732,1,2021-05-29T07:21:39+00:00,2021,"신고하기를 몇번이나 하고 있는데 들어주시기는 하나요? 수원에 훈남 훈녀 수원 comma,인원모집 이라는 제목으로 운영하고 있는 모임 성적비하에 성적 수치심 으로 매우 불쾌합니다",신고,,2.7.9,https://apps.apple.com/kr/app/id582910479
App Store,5606827603,3,2020-03-02T14:52:13+00:00,2020,"프로필 한줄 소개에 초대 금지 메시지를 써놓았는데도 불구하고, 동일한 모임에서 일주일에 적어도 두번 이상 (심지어 새벽 시간에) 초대를 보냅니다. 한 번 초대해서 안가면 안가는거지 스토커도 아니고 일주일에 두세번씩 몇 주 동안 초대하는건 미친놈아닌가요? 짜증나 죽겠어요. 타 모임으로부터 초대를 원하지 않는 사람은 받지 않을 수 있게 초대 온/오프 기능좀 만들어주세요. 이런거 원하는 사람 많아요.",초대 금지 기능좀 만들어주세요,,2.6.6,https://apps.apple.com/kr/app/id582910479
App Store,5347283903,3,2020-01-01T14:42:49+00:00,2020,"1. 너무 조잡해 보여요.
2. 타 사람이 어떤 모임을 가입했는지 클릭 시 보이는 건 좀 불필요한 정보 노출같아요..
누가 저를 클릭해서 내가 가입한 모임이 뭔지 본다면 기분 나쁠 거 같아요. 같은 영어모임이라해도 분위기나 시간 고려해서 비교하려고 다른 두 곳을 가입할 수 있는데 말이죠..",어플 취지는 좋은데 너무 정신없음,,2.6.4,https://apps.apple.com/kr/app/id582910479
App Store,3945109834,3,2019-03-30T07:11:58+00:00,2019,"최근에 대순진리회(도를 아십니까), 신천지 등 사이비종교가 소모임을 통해서 접근 하는 경우가 많다고 합니다. 제가 나간 첫 모임 모임장이 대순진리였습니다. 너무 좋은 어플 같지만 ㅠ 그런 모임이 있다면 관리자님이 신경을 써주셨으면 좋겠네요. 무서워서 못나가겠어요..",사이비교 포교 조심하세요,,2.5.3,https://apps.apple.com/kr/app/id582910479
App Store,3431150786,3,2018-11-18T06:11:01+00:00,2018,덕분에 등산모임 찾아서 잘다니고있어요ㅋㅋ다만 어플이 좀 정신없다해야되나..? 좀더 간결하게 바뀌면 좋을것같아요 또 어플켰을때 첫화면을 선택할수 있었음 좋겠어요 매번 채팅창이 먼저떠서 불편해요ㅠ,좋아요,,2.4.7,https://apps.apple.com/kr/app/id582910479
App Store,2898870838,3,2018-07-13T10:01:30+00:00,2018,축구모임운영진입니다 이상하게 계속 기존회원들의 가입한모임만 뜨는게없네요 글이나 댓글쓴건 보이는데 가입한모임만 뜨질않아서..,회원들이 가입한 모임 조회가 안되네요,,2.3.4,https://apps.apple.com/kr/app/id582910479
App Store,2441798561,1,2018-04-19T17:14:31+00:00,2018,"고객센터로 문의하고 싶엇는데 메일연결을 어찌 할줄 몰라서 일로 적어봅니다
저는 아이폰을 사용중인데 이게 폰마다 보이는 모임이 정해져잇는거 같은데 어떤사람을 클릭햇을때 모임정보가 떠야되는데 분명히 따른 모임을 가입햇음에도 불구하고 저한테는 안보이는 모임들이 잇더라구요 그건 왜그런거죠..? 어떤 폰은 보이고 어떤폰은 안보이나요..? 차이가 꽤 크던대..",모임보이는목록,,2.3.3,https://apps.apple.com/kr/app/id582910479
