review_id,rating,review_date_utc,review_text,review_title,app_version,collected_date,source_page,source_url
14381328848,1,2026-08-02T21:47:41-07:00,"당일파토 진짜 꽤 있습니다 ㅋㅋ 문토에서 신고해도 재재도 잘 안하는 것 같아요
ㄹㅇ 정떨어짐",비매너 유저가 너무 많음,7.5.4,2026-08-05,1,https://apps.apple.com/kr/app/id1535886772
14292046169,1,2026-07-11T17:02:27-07:00,신청 버튼도 안 눌리고 업로드도 안되고 그렇다고 호스트한테 따로 연락도 못하고 고객센터는 자고 있고 그래도 앱은 보기 편하고 잘 만든 듯 버그만 없으면 모임 1티어 앱일 듯 근데 소개팅 저런 거는 좀 없애라 너무 많아서 정신 사납다 ㄹㅇ,오류 너무 많다 리뷰 보니까 안 고치나보네,7.5.3,2026-08-05,1,https://apps.apple.com/kr/app/id1535886772
14273033354,1,2026-07-07T00:29:52-07:00,"문토 자체에서 밀어주는 업체가 있다는 건 심증이지만, 어딘가 뒤틀려있는 참가자가 신고하면 호스트한테 벌점 부여를 너무 쉽게 함. 호스트는 찐따 검열에 대한 규제가 너무 많고, 정작 찐따들을 보호하기 위한 규정은 유독 많음.
모임 열려고 여러 앱에서 인원 모집해 봤지만, 유독 모임에 참여하지 않았으면 하는 인간들이 많은 앱이긴 해서 앞으로 쓸 일은 없을 듯. 
유료 모임인데도 불구하고 공짜로 참여하고 싶어하는 문토거지들 너무 많음. 당근거지 저리가라임. 
퀄리티 있는 모임 계속 진행하고 싶은 호스트들한테는 그냥 최악의 앱임.",흠,7.5.1,2026-08-05,1,https://apps.apple.com/kr/app/id1535886772
14268988984,1,2026-07-06T00:18:30-07:00,23년즈음에는 정말 다양한 소셜모임들이 있었는데 점점 술파티나 블라인드소개팅들만 늘어가면서 소모임으로 다 옮겨간듯 수도권은 어떤지 모르겠지만 지방에서는 더이상 뭘 할 수 없는 어플,이제는 수명이 다한 어플,7.5.1,2026-08-05,1,https://apps.apple.com/kr/app/id1535886772
14151416497,5,2026-06-06T09:59:56-07:00,일,일,7.4.8,2026-08-05,1,https://apps.apple.com/kr/app/id1535886772
14126776498,1,2026-05-31T03:36:43-07:00,"잉여롭게 하루 때리고있는데,
이성한테 선톡이 왔네~?
팔로하고, 직업부터 물어보길래 내가 이것저것 찔러보니
ㅂ제이 창녀라네??
바로 신고하고 차단 날렸습니다.
가입할 때, 제발 좀 가입목적이랑
본인인증 철저히 확인 좀 해주세요
문토를 저도, 한동안 꾸준히
소셜링 참여했던 유저로서,
저런 미친년들이 들끓는 커뮤로
전락할까봐 심히 걱정됩니다..",스캠 씨발년들 관리좀 하세요,7.4.8,2026-08-05,1,https://apps.apple.com/kr/app/id1535886772
14029899590,1,2026-05-04T23:03:19-07:00,오류 에러,오류,7.4.5,2026-08-05,1,https://apps.apple.com/kr/app/id1535886772
14013453831,1,2026-04-30T10:18:32-07:00,보증금으로 일부만 묶는 것도 아니고 전체 환불 불가라니… 다른 서비스에 비해 너무 불합리해요,환불 규정이 불합리해요,7.4.5,2026-08-05,1,https://apps.apple.com/kr/app/id1535886772
14004128191,5,2026-04-27T17:25:18-07:00,여기서 다양한 사람들 만날수잇는 소셜링도 많고 영상편집도 배웟어요 너무 유익하고 좋습니당 ㅎㅎ,다양한활동하기편해요,7.4.4,2026-08-05,1,https://apps.apple.com/kr/app/id1535886772
14001721675,4,2026-04-27T01:42:38-07:00,밖에 나가서 사람들 만나고 싶어서 다운로드 받았습니다. 후기가 많던데 잘 사용해보고 싶어요,소모임 활동,7.4.4,2026-08-05,1,https://apps.apple.com/kr/app/id1535886772
13994507349,5,2026-04-25T00:09:51-07:00,"여러모로 모임이 필요할 때 잘 쓰고 있어요! 따로 리뷰도 모아서 볼 수도, 지역별로 나누어 볼 수도 있어서 편해요!!",모임이 필요할 때,7.4.4,2026-08-05,1,https://apps.apple.com/kr/app/id1535886772
13992146026,5,2026-04-24T07:43:29-07:00,"맨날 보던 사람들만 보다가 문토 통해서 전혀 다른 직종, 다른 환경의 사람들과 수다 떨다 보면 시야가 확 넓어지는 기분이에요. 내가 좋아하는 걸 누군가와 공유하는 게 이렇게 즐거운 일이었나 싶습니다~",혼자 놀기엔 심심할 때,7.4.4,2026-08-05,1,https://apps.apple.com/kr/app/id1535886772
13990118104,5,2026-04-23T16:30:16-07:00,"함께 취미활동하고파서 여러 어플들 깔아봤는데
분위기도 건전하고, 다들 매너있는 분들도 많은 편이더라구요!
공통된 취미로 이렇게 새롭고 다양한 분들과 오래 만나고 교류할 수 있다니 감사해요!
소모임 어플 중에서 제일 오래 쓰고 있어요

**
보완 희망(_26년 4월 기준)
-모임원들 매너점수 쌓게 해주고픈데,
이 기능 진입하는데 번거롭고 찾기 어렵더라구요
직관적으로 모임 후에 바로 평가 할 수 있도록 뜬다거나 하면 좋을 것 같습니다

-피드와, 채팅방에도 동영상을 첨부하고 싶은데
이 기능이 아직 없는데 있으면 더 좋을 것 같아요!

-어플 넘 좋아서 더 많은 분들이 사용하면 좋겠는데, 공식 인스타 활성화로 문토 어플이 더 홍모 많이 되면 좋겠어요!~",제일 건전한 취미 커뮤니티 어플이에요✨,7.4.4,2026-08-05,1,https://apps.apple.com/kr/app/id1535886772
13988606206,4,2026-04-23T06:46:47-07:00,사실 새로운 사람 만날 기회가 없는데 소개받아 제가 취향에 맞는 키워드 검색해 새로운 활동이나 사람 만나는 게 좋았어요!,취미와 공통키워드로 이어진,7.4.4,2026-08-05,1,https://apps.apple.com/kr/app/id1535886772
13988520329,5,2026-04-23T06:17:59-07:00,친구가 별로 없는데 문토로 좋은 사람들 많이 만났습니다 ㅎㅎ,소모임 최고의 어플 문토,7.4.4,2026-08-05,1,https://apps.apple.com/kr/app/id1535886772
13981182815,3,2026-04-21T03:32:10-07:00,간호사도 면허따는 전문직인데 왜 직군에 안넣음? 업뎃좀,직업군에 간호사 전문직,7.4.4,2026-08-05,1,https://apps.apple.com/kr/app/id1535886772
13977964676,1,2026-04-20T04:46:40-07:00,앱 구현수준 진짜… 하…,제발 투자좀 하세요,7.4.4,2026-08-05,1,https://apps.apple.com/kr/app/id1535886772
13974623712,1,2026-04-19T05:58:40-07:00,"이렇게 좋은앱을 만들고,
그렇게 많은 유저를 모아놓고,
대표의 개~~폐급 운영으로 나락가버린 비운의 앱...

모임앱이 아니라,
이성간 교/~미  목적인
파티앱으로 변질된지 오래 ㅋㅋㅋ

옛날에 재밌고, 다양한 모임 만들던 호스트들은 죄다 다른 플랫폼으로 도망감 ㅋㅋㅋㅋㅋ 분명 재밌는 모임 많았는데... 직원분들은 아실듯...?

ㅂ/신갗은 플러팅, 이성 만남 앱으로 변질되서 이젠 연령대도 30~40으로 올라감 ㅋㅋㅋㅋ 영/써티,영/포티 전용앱이 되어가는중 ㅋㅋㅋㅋㅋ

걍 소개팅 어플이랑 비슷합니다..
솔직히 틀내나는 운영때문에 이젠 20대는 거의없고 30대 ~40대 전용 어플임ㅋㅋㅋㅋㅋㅋ 

잡플래닛 보니까 퇴사자들 전부
대표만 문제삼던데....
직원분들 힘내세요...

모임 플랫폼으로썬 한국에서 역대급 유저 확보해놓고, 
ㅂ(신같음 운영으로 실시간으로 나락가고있는 비운의 어플.. 진짜 안타까움..","불쌍한 직원들....최고의 앱, 최악의 운영",7.4.4,2026-08-05,1,https://apps.apple.com/kr/app/id1535886772
13963612066,4,2026-04-16T04:51:06-07:00,"1) CRM 메세지 후킹강도 너무 좋아요
2) 근데 모임 리더들이 헤비유저인가요, 단발성으로 참여하는데요. 가끔 돈을 외부에서 요구해요, 그리고 결제 후 취소과정에서 환불이 매끄럽지 않은 것 같습니다.
리더과 참여자들 오프라인 모임은 목적성인지, 느슨한 연대인지 알 수 없습니다 목적에 맞는 모임 생성해주세요",문토팀에게,7.4.4,2026-08-05,1,https://apps.apple.com/kr/app/id1535886772
13953737880,1,2026-04-13T07:15:35-07:00,가면 갈수록 병 ~~~ 신짓을 많이해서 삭제합니다 ㅂㅇ,유저를 ㅈ으로 봄,7.4.3,2026-08-05,1,https://apps.apple.com/kr/app/id1535886772
13953297883,5,2026-04-13T04:44:12-07:00,제가 좋아하는 취미를 여러 사람들과 대화도 나누고 공유하니 더 재미있는 것 같아요,취미를 함께 할 수 있어서 좋아요,7.4.3,2026-08-05,1,https://apps.apple.com/kr/app/id1535886772
13951775454,5,2026-04-12T16:24:03-07:00,"문토를 통해서 여러 모임에 가보기도 하고, 직접 간단한 모임을 열어보기도 했습니다. 정기 모임이 아닌 1회성 모임을 열기에 탁월하고 20-30대를 위한 필수 모임 앱이에요!!",문토 참여도하고 호스팅도 하고,7.4.3,2026-08-05,1,https://apps.apple.com/kr/app/id1535886772
13950282351,5,2026-04-12T07:28:38-07:00,"엄청 자주 쓰지는 않지만, 음식 모임, 영어회화 모임, 챌린지 등 카테고리가 다양해서 몇년째 오래오래 쓰고있습니다!",벌써 5년 정도 사용했어요!,7.4.3,2026-08-05,1,https://apps.apple.com/kr/app/id1535886772
13949975232,5,2026-04-12T05:49:29-07:00,문토를 정기적으로 이용하는 지방 사람입니다. 사실 한번의 모임을 위해 서울까지 오간 적도 있엇는데 체력적으로 힘들더라고요… 그래서 오프라인 모임도 더 다양했으면 좋겠다고 생각했어요. 그런데 최근에 함께 할 수 있는 오프라인 챌린지가 많이 보여서 좋아요. 문토가 더 확장되서 전국에서 만날 수 있었으면 좋겠어요,모임의 형태가 다양해져서 좋아요,7.4.3,2026-08-05,1,https://apps.apple.com/kr/app/id1535886772
13949944893,5,2026-04-12T05:38:53-07:00,괜찬ㅍ은거같아오 새로운 모임할수있어좋아요~,괜찬ㅍ은거같아오 새로운 모임할수있어좋아요~,7.4.3,2026-08-05,1,https://apps.apple.com/kr/app/id1535886772
13949922607,5,2026-04-12T05:30:57-07:00,잘 쓰고있습니다,좋아요,7.4.3,2026-08-05,1,https://apps.apple.com/kr/app/id1535886772
13947681264,5,2026-04-11T13:10:52-07:00,"깔끔한 디자인에 문토만의 특유 감성이 있어서 좋았습니다 :) 원데이클래스도 있고 모임할만하고 다양한 사람들이 들어와서 참여해서
 좋았습니다",리뷰,7.4.3,2026-08-05,1,https://apps.apple.com/kr/app/id1535886772
13946489834,5,2026-04-11T06:40:26-07:00,"타지와서 친구도 없고 문화생활도 잘 못했는데 문토를 통해서 친구도 사귀고 다양한 체험과 자기계발 독서모임 러닝 모임 등 건전한 모임을 할 수 있어서 너무 좋았어요 
온라인 모임?에 대한 편견을 깨주었어요!",짱좋아요,7.4.3,2026-08-05,1,https://apps.apple.com/kr/app/id1535886772
13946466634,5,2026-04-11T06:33:17-07:00,주변에 야구팬이 없어서 혼자 직관가야하는 삶이였는데 같은구단 야구팬들과 소통도 하고 직관도 같이 갈 수 있어서 너무 좋아요ㅠㅠ,야구팬들 만나기 좋아요,7.4.3,2026-08-05,1,https://apps.apple.com/kr/app/id1535886772
13945232654,4,2026-04-10T21:55:06-07:00,취미 놀이터로 적절하지만 아쉬운 점은 무언가 문제가 발생했을때 처리가 늦어요 개선 요청드립니다,나쁘지 않은데,7.4.3,2026-08-05,1,https://apps.apple.com/kr/app/id1535886772
13943055191,5,2026-04-10T07:40:54-07:00,"지방에서 서울로 상경해서 친구가 없던 와중.. 우연히 문토를 알게 되었고 일집일집을 반복하던 스트레스를 해소하기 위해 문토에서 새로운 사람들을 만나다보니 점점 문토의 매력에 빠져들어 못 헤어나오는 중입니다아…🫢 좋은 사람들을 알게 되어 아직까지도 친하게 지내며 연락하는 중이에요오…🥰 주변 동네에 친구가 별로 없거나 새로운 친구를 사귀고 싶으시다면 이 어플 강력 추천 드립니다. 사람들을 만나는 것 외에도, 원데이 클래쓰를 통해 칵테일 드로잉 등등 다양한 경험들을 해볼 수 있으며, 취미가 없던 저에게도 새로운 취미를 찾게 해준 아주 유용한 어플입니다!! 😄",만족!! 만족!! 대만족!!! 😊🤭,7.4.3,2026-08-05,1,https://apps.apple.com/kr/app/id1535886772
13942879102,5,2026-04-10T06:46:28-07:00,평소 못해본 다양한경험과 새로운 사람을 만날수 있어요,다양한 경험,7.4.3,2026-08-05,1,https://apps.apple.com/kr/app/id1535886772
13931549583,1,2026-04-07T02:12:42-07:00,고개센터 운영 1도 안되고 문의 남겼더니 하루 종일 답변도 없네요. 오전에 남기면 오후쯤은 답변 오려나 싶었는데 진짜 어떻게 운영되나 싶네요.,고객센터 운영,7.4.2,2026-08-05,1,https://apps.apple.com/kr/app/id1535886772
13913776375,1,2026-04-02T03:35:34-07:00,"호스트를 개잦으로 알고 벌점 남발, 알고리즘 개병신 그래서 기존 호스트들 모두 떠남. 여기서 호스트 할 생각하지마라..",병신같은 운영의 결정체,7.4.2,2026-08-05,1,https://apps.apple.com/kr/app/id1535886772
13898288717,5,2026-03-28T18:52:05-07:00,어플도 호환이 잘되고 매우추천합니다,매우 추천,7.4.2,2026-08-05,1,https://apps.apple.com/kr/app/id1535886772
13892012567,4,2026-03-27T03:06:52-07:00,"몇년동안 취미생활하느라 잘 사용하고 있어요!
근데 어플용량이 계속 무거워지는데 어떻게 해결하나요? 대화창도 다 삭제하고, 모임 즐겨찾기, 클럽 즐겨찾기도 다 정리하고 어플 내에서 대화 캐시 지우기도 했는데 용량이 안줄어요... 어플 삭제하고 다시 설치하면 줄어드는데 또 금방 무거워져요 해결 방법 알려주심 감사하겠습니당....",어플 용량이 계속 커지네요,7.4.2,2026-08-05,1,https://apps.apple.com/kr/app/id1535886772
13887510860,1,2026-03-25T19:36:47-07:00,"솔직히 1점도 아까운 수준입니다.
처음부터 끝까지 이용하면서 불편함밖에 없었어요.

고객센터는 답변이 너무 늦어서 문의를 해도 해결이 안 되고, 운영 자체가 제대로 되고 있는 건지 의문이 들 정도입니다. 가장 큰 문제는 참가자 검증이 전혀 안 된다는 점이에요. 사진이나 직업 같은 기본적인 정보도 확인이 안 되니까 신뢰가 완전히 깨집니다.

실제로 모임에 나가봤는데 분위기나 사람들 수준도 기대 이하였고, 나이랑 직업을 속이고 오는 남자들도 꽤 많아서 황당했습니다. 이런 부분은 최소한 걸러줘야 하는 거 아닌가요?

돈 내고 이용하는 서비스인데 관리가 이렇게 안 되는 건 너무 무책임하다고 느꼈습니다.
다시는 이용할 생각 없고, 주변에도 절대 추천 안 합니다.",최악 1점 아까운 수준,7.4.2,2026-08-05,1,https://apps.apple.com/kr/app/id1535886772
13862101747,1,2026-03-18T12:28:18-07:00,취향인연 안들어가져오,취향인연 안들어가져오,7.4.1,2026-08-05,1,https://apps.apple.com/kr/app/id1535886772
13797023502,3,2026-02-27T18:51:54-07:00,내가 관심 표현한 멤버 누르고 스크롤 내리다가 자꾸 연결시간 초과 되었다고 오류 뜨는데 어떻게좀 해주세요,연결 시간 오류,7.3.9,2026-08-05,1,https://apps.apple.com/kr/app/id1535886772
13769772391,1,2026-02-20T06:13:26-07:00,한번씩 튕김현상이 있는데 로그인하려해도 안됨 서버 증축하든지 해결 좀 해주세요,로그인 안됨,7.3.8,2026-08-05,1,https://apps.apple.com/kr/app/id1535886772
13767817314,3,2026-02-19T16:03:23-07:00,메일로 가입되어 있는데 비번 찾는다고 메일계정이 없는 건 뭔지???,로그인,7.3.8,2026-08-05,1,https://apps.apple.com/kr/app/id1535886772
13751427250,1,2026-02-15T02:51:37-07:00,클럽 신청하기 눌렀는데 안먹혀요,신청하기가 안돼요,7.3.8,2026-08-05,1,https://apps.apple.com/kr/app/id1535886772
13739422326,1,2026-02-11T16:54:38-07:00,채팅방 안되는데 고객 센터는 답변도 없고 뭐하는 겁니까,채팅방안되여,7.3.7,2026-08-05,1,https://apps.apple.com/kr/app/id1535886772
13695359551,1,2026-01-30T19:55:42-07:00,왜이렇게 무슨 파티 무슨소개팅 초대대화 무작위로 걸어대는지 짜증나는데 개인 메시지 자체를 닫는 기능이 필요한거같아요,대화 거부기능 없나요,7.3.5,2026-08-05,1,https://apps.apple.com/kr/app/id1535886772
13668589963,1,2026-01-23T18:50:49-07:00,"IOS 26.2 

소셜링 신청 이용규칙 동의 화면에서‘다음’ 버튼 눌러도 화면 안넘어가고 버튼 안먹음

로그아웃 디바이스 재부팅 앱 재설치 다해봐도 아무것도 안됨 첫 설치땐 호스트 질문까지 갔다가 이젠 걍 이용규칙도 안됨

빨리 수정해주세요",치명적 앱 버그,7.3.4,2026-08-05,1,https://apps.apple.com/kr/app/id1535886772
13646847158,1,2026-01-18T00:02:46-07:00,그냥 개쓰레기앱,취향인연 친구신청 온거 하나도 확인안됨,7.3.3,2026-08-05,1,https://apps.apple.com/kr/app/id1535886772
13627178735,2,2026-01-12T18:41:08-07:00,"모임 6번 참여하는 동안
한 번은 개인 계좌 입금을 요구하는 사기 의심 사례였고,
네 번은 모임을 열어놓고 아무런 공지 없이 잠수하는 사람이었습니다.

이 정도면 우연이 아니라 구조적인 문제라고 봅니다.
극소수의 방을 제외하면 대부분이 참여자 1명만 있는 방입니다.

개인 계좌 입금 요구, 모임 개설 후 잠수 같은 행위에 대해
명확한 패널티를 적용하지 않으면 서비스 개선은 어렵다고 생각합니다.",문제점부터 고쳐야될듯,7.3.2,2026-08-05,1,https://apps.apple.com/kr/app/id1535886772
13597504896,5,2026-01-05T04:54:18-07:00,상경해서 심심하고 외로울 때 많은데 문토 알게되어서 취미도 같이 하고 좋은 사람도 만나서 좋고 나쁜..?사람도 걸러낼 수 있는 능력이 생겨서 좋네요!ㅋㅋㅋ 암튼 어플 자체가 넘 좋고 추천해요! 근데 혹시 계정 비활성화 했다가 다시 활성화 시키고 싶은데 방법이 없나요..ㅠ,심심할 때 한 번 쯤 하기 좋음,7.2.1,2026-08-05,1,https://apps.apple.com/kr/app/id1535886772
13541760945,2,2025-12-22T02:00:12-07:00,"문토 잘 쓰고 있는 호스트입니다. 다 좋은데, 소셜링이나 클럽 글 새로 올릴 때마다 사진 로딩되는 속도가 진짜 속터집니다. 어떻게 방법 좀 없을까요? ㅠ 지금 거의 20분째 기다리고 있어요...그 간단한 일을 매번 이렇게 고생해야 하는 걸까요 ㅠ...방법 알려 주시면 감사하곘습니다..평점도 바로 수정할게요..",참다참다 리뷰 씁니다..,7.2.0,2026-08-05,1,https://apps.apple.com/kr/app/id1535886772
13518558948,5,2025-12-15T18:14:34-07:00,문토에서 모임 몇개 나가보면서 어디서 할 수 없는 재미난 경험도 많이 하구 그 중에 좋은 인연 만나 결혼까지 합니다! 더 못 놀러 다니는게 아쉬울 정도로 ㅋㅋ 재미난 모임이 많아요,좋은 인연 만나기 좋아요,7.1.2,2026-08-05,1,https://apps.apple.com/kr/app/id1535886772
13499453079,5,2025-12-10T17:42:32-07:00,"가끔 오류날 때 말고는 너무 잘 이용하고 있어요! 다만... 좀 더 자유롭게 소셜링을 삭제하고 수정할 수 있으면 좋겠다는 생각이 들어요. 채팅 기능도 더 활성화 된다면 편하게 이용가능할 것 같아요!
 방탈출이랑 보드게임에 눈을 뜨게 해준 고마운 어플입니다👍🏻👍🏻",좋아요,7.1.2,2026-08-05,2,https://apps.apple.com/kr/app/id1535886772
13497236374,5,2025-12-10T04:48:09-07:00,이만합 앱이 없습니다!!,소셜링부터 자기 발전까지,7.1.2,2026-08-05,2,https://apps.apple.com/kr/app/id1535886772
13489909974,5,2025-12-08T05:45:52-07:00,"다들 친절하고 훈훈한 분들이시고, 재밌어요 ㅎㅎ",즐거워요,7.1.1,2026-08-05,2,https://apps.apple.com/kr/app/id1535886772
13488331781,5,2025-12-07T18:41:40-07:00,말그대로 시간과 돈을 가지고 있으면 원하는 장소와 날짜에서 즐거운 체험과 횔동 그리고 소셜링을 통해 여러 분야의 사람들을 만나 재미있게 놀수 있어 좋았습니다. 종종 이용할 예정입니다,공통된 관심사를 가진 사람과 쉽게 만남,7.1.1,2026-08-05,2,https://apps.apple.com/kr/app/id1535886772
13484001641,3,2025-12-06T17:18:17-07:00,결제내역 삭제 못해요?,결제내역 삭제 못하나요?,7.1.1,2026-08-05,2,https://apps.apple.com/kr/app/id1535886772
13483910643,5,2025-12-06T16:44:33-07:00,"올해 문토에서 할러윈 파티와 사진모임을 했습니다.
내성적이라 걱정했는데 
친절한 문토장들과 모임원들과 함께해서 즐거웠어요~
내년에도 문토와 새로운 취향,
새로운 사람들과 신나게 놀아볼게요~",할로윈 파티와 사진모임을!,7.1.1,2026-08-05,2,https://apps.apple.com/kr/app/id1535886772
13483674917,5,2025-12-06T15:15:14-07:00,다양한 소셜링을 할 수있어서 좋아요. 동호뢰어플보다 가볍게 해볼 수 있어서 좋아요. 좋은 어플 만들어 주셔서 감사합니다.,좋은어플이에요,7.1.1,2026-08-05,2,https://apps.apple.com/kr/app/id1535886772
13480569409,5,2025-12-05T22:01:37-07:00,"문토를 통해 여러 오프라인 강좌도 듣고, 사람을 만날 기회도 얻었습니다! 앞으로도 주말 시간을 알차게 보내고 새로운 인연 만들기 위해 종종 이용할 것 같아요 ㅎㅎ",자기계발과 만남의 장!,7.1.1,2026-08-05,2,https://apps.apple.com/kr/app/id1535886772
13480534958,5,2025-12-05T21:46:29-07:00,다양한 모임 참여할 수 있어서 좋아요,좋아요,7.1.1,2026-08-05,2,https://apps.apple.com/kr/app/id1535886772
13479641265,5,2025-12-05T16:01:34-07:00,"파워 집순이인 제가 문토를 통해 여러 활동을 해볼 수 있었습니다. 그림그리기, 와인 이나 위스키 시음, 운동 등 갔습니다. 제가 와인을 좋아하는 것을 알게 되었습니다. 타인에게 편지써보는 모임에서 좋은 말을 쓰고 말하는 것을 통해 하루 기분이 좋았습니다. 내향인인 제가 부담없이 하루를 보내고 싶을 때, 문토를 사용합니다.",여러 활동해볼 수 있어서 좋았어요.,7.1.1,2026-08-05,2,https://apps.apple.com/kr/app/id1535886772
13479526115,5,2025-12-05T15:17:24-07:00,"성인이 되어서 잘 모르는 사람들과 어울리기가 정말 어려웠는데, 그런 플랫폼의 역할을 가장 잘 해주는 앱이다!^^",어른들의 즐거운 놀이터,7.1.1,2026-08-05,2,https://apps.apple.com/kr/app/id1535886772
13478959261,5,2025-12-05T11:44:09-07:00,주말에 사진 모임 다녀왔는데 새로운 사람과 취향을 공유할 수 있어서 좋았어요ㅎㅎ,ㅎㅎ,7.1.1,2026-08-05,2,https://apps.apple.com/kr/app/id1535886772
13477813355,5,2025-12-05T05:44:48-07:00,문토 덕분에 취향 잘 맞는 분들과 인연이 되어 너무 좋아요,덕분에 친구가,7.1.1,2026-08-05,2,https://apps.apple.com/kr/app/id1535886772
13477539214,5,2025-12-05T04:20:42-07:00,친구 추천으로 가입했는데요! 우연히 좋은 모임 알아서! 좋은 경험 했습니다! 게하파티 느낌을 느낄수 있었고 호스트 분도 너무 이쁘고 잘 챙겨 주셔서 좋은 경험합니다! 와인도 맛있었어요!!,사람만나는데 너무 좋은 어플!,7.1.1,2026-08-05,2,https://apps.apple.com/kr/app/id1535886772
13469357239,5,2025-12-02T23:53:40-07:00,"파티 모임이 처음인데다 혼자 가는거라 걱정됐는데, 분위기도 편하고 다들 친절하셔서 금방 적응했어요. 파티 중간에 게임들이 있는데 모르는 사람들이랑 해서 더 재밌어요! 레크리에이션 느낌? 진짜 재밌고 알차게 논 것 같아서 만족했습니당~",⭐️⭐️⭐️⭐️⭐️,7.1.1,2026-08-05,2,https://apps.apple.com/kr/app/id1535886772
13468679399,5,2025-12-02T18:41:28-07:00,서울 올라오고 지인들이 없어서 깔이봤어요. 다른 모임 앱들보다 동호회 처럼 부담이 느껴지는 활동보다는 원할때 일회성? 모임으로 나가는게 좋았어요. 저는 베이킹이랑 가을에 등산 모임했는데 만족합니다!!🙂,부담없는 취미 모임 추천,7.1.1,2026-08-05,2,https://apps.apple.com/kr/app/id1535886772
13466100397,5,2025-12-02T03:43:08-07:00,"개발 직군이라 앱 사용할때 uiux나 버그를 보는 직업병이 있는데, 소셜링 앱들 중 문토가 제일 마음에 들어요 👍 채팅방 기능도 있고, 결제 방식도 다양해서 좋아요!

로테이션 소개팅으로 알게된 앱인데 이젠 다양한 소셜링 모임에 참여하거나 관심을 갖게 되었어요

좋은 서비스 감사해요 🥹",uiux 좋은 소셜링 앱!,7.1.1,2026-08-05,2,https://apps.apple.com/kr/app/id1535886772
13466099069,5,2025-12-02T03:42:40-07:00,일때문 타지역에 혼자 고립? 수준으로 되면 집에 혼자있는것더 한계가 있고 주변에 친구나 직장동료 가깝게 지내는거 아니면 해다어플 모임통해 취미활동이나 본인 취향맞는 파티 또는 이성교제 까지 가능해서 잘만 활용하면 유용한데 가끔 돈미새 호스트가 파티초대 디엠 역겨울때도 있습니다만 본인성향맞는 모임 몇번 가시면 재미는 보장합니다.,문토 삔 후기,7.1.1,2026-08-05,2,https://apps.apple.com/kr/app/id1535886772
13465169717,5,2025-12-01T20:48:58-07:00,"문토에서 소셜링, 클럽,챌린지도 열고 너무 재밌어요^^~
이제 시작이지만 첫번째 소셜링이 성공적이었어요^^~ 그리고 많은 소셜링 모임에 갔는데 재밌었어요^^~ 오래오래 남아주시길^^~~",문토 최고,7.1.1,2026-08-05,2,https://apps.apple.com/kr/app/id1535886772
13463955227,5,2025-12-01T12:48:58-07:00,"문토와 함께한지 벌써 2년이 다되어 가네요~🤭 

처음엔 어플 특성상 이상하거나 가벼운 사람들이 많으면 어떡하지?하는 걱정이 있었는데, 모임에 참여할수록 다들 진지하게 대화하고 임하는 모습을 보면서 저도 더 진심으로 활동하게 되더라구요! 지금은 퇴근하고 같이 밥먹고, 취미생활을 같이 하는 친구들을 만나서 즐거운 하루하루를 보내고 있어요😁(문토 강추강추!!)

문토의 장점은 많지만, 특히 좋았던 점은!

1) 직장인이 되면 새로운 사람들을 만날 기회가 적은데 문토를 통해 다양한 사람들과 교류할 수 있다는 점이 좋았어요! 서울에서 처음 자취를 하는 주변 지인들한테 문토 추천을 많이 해주었는데, 다들 모임을 통해 친구를 만들면서 금방 적응할 수 있었다고 하더라구요! 그리고 로테이션 소개팅, 컨셉파티 등 연애를 목적으로 하는 모임도 많이 있어서 여러 이성들을 만나서 대화해보며 연애가치관이 잘 맞는 사람을 찾을 수 있다는 점에서 메리트 있다고 생각해요!

2) 자기계발, 파티, 동네모임 등 여러 분야가 있어서 각자 관심사에 맞는 모임을 찾을 수 있다는 점이 좋았어요! 전 다양한 취미를 즐기는데, 문토에서 베이킹, 필라테스, 사진 촬영 및 편집 등 여러 취미를 경험해보고, 또래 친구들과 만나서 한강 및 카페 탐방 등을 하면서 매주 새로운 추억들을 만들어 나가는게 너무 즐거웠어요!

3) 개인/그룹 채팅 기능이 있어요! 모임에 함께 참여한 사람들과 그룹/개인 채팅을 통해 소통할 수 있는데, 처음부터 카카오*이나 인스*로만 대화할 수 있다면 부담스러웠을텐데, 어플 자체 소통수단이 있다는 점이 좋았어요! 그리고 자유롭게 모임을 만들 수 있어서 가입하고 싶은 그룹에 가입해서 지속적으로 교류해나갈 수 있다는 점에서 일회성 만남이 아니라 더  좋다고 생각해요!

어느덧 2025년도가 끝나가는데, 문토에서 함께 특별한 하루를 만들어가는건 어떨까요~?? 설렘 가득한 계절, 취향이 비슷한 새로운 인연도 만나고 다들 행복한 일만 가득하길 바래요☺️🍀",특별한 하루를 보낼 수 있는 어플!!🤩,7.1.1,2026-08-05,2,https://apps.apple.com/kr/app/id1535886772
13461288252,5,2025-11-30T21:03:15-07:00,수도권 기준 완전 잘 사용하고 있어요 !,좋아요,7.1.1,2026-08-05,2,https://apps.apple.com/kr/app/id1535886772
13461061662,5,2025-11-30T19:23:02-07:00,주말마다 뭐 할까 고민하다가 문토 켜면 하고 싶은 게 너무 많아서 행복합니댜...🤤가볍게 다양한 걸 해볼 수 있다는 게 제일 좋은 것 같아요! 그냥 평범하게 반복되는 하루였는데 모임 일정 하나만 잡아도 하루가 확 달라져서 신기해요👍🏻 왕추천합니다!,요즘 젤 많이 쓰는 앱😌🤍,7.1.1,2026-08-05,2,https://apps.apple.com/kr/app/id1535886772
13461058561,5,2025-11-30T19:21:43-07:00,보드게임은 친구들끼리 어쩌다 가끔 하던 거였는데 이제 그 친구들도 만나기 너무 힘들어서 보드게임 모임 참여해봤어요. 문토에서 만난 분들이랑 함께 해보니까 완전 다른 재미가 있더라구요! 설명도 잘해주시고 다들 젠틀하시고 분위기도 좋아서 정기적으로 가볼까도 생각 중이예요! 보드게임 좋아하시는 분들께 완전 추천드립니다!!!,보드게임의 악마들에게 추천!,7.1.1,2026-08-05,2,https://apps.apple.com/kr/app/id1535886772
13460943875,5,2025-11-30T18:34:30-07:00,"요가는 저랑 거리가 멀다고 생각했는데, 문토에서 모임 한 번 참여하고 생각이 완전 달라졌어요! 요가가 생각보다 괜찮은 운동이더라구요. 처음 도전하는 사람도 편하게 따라갈 수 있어서 힐링 제대로 했어요. 담에 시간되면 또 가려구요😍❤️",👍👍👍💚💚💚,7.1.1,2026-08-05,2,https://apps.apple.com/kr/app/id1535886772
13457334599,5,2025-11-29T20:54:34-07:00,"문토를 통해 혼자서 즐기기 어려웠던 다양한 취미들을 경험할 수 있게 됐어요!! 문토 덕분에 2025년 훌륭한 사람들과 사진찍기, 베이킹, 국내여행 등 여러 취미를 나눌 수 있는 한 해가 된 거 같아요!",문토와 함께 취미부자되기,7.1.0,2026-08-05,2,https://apps.apple.com/kr/app/id1535886772
13457034940,5,2025-11-29T18:52:13-07:00,나이를 먹으면서 사람 만나기 어려웠는데 문토 덕분에 다양한 사람과 대화해볼 수 있었습니다! 취미활동을 할 수도 있고 요즘 유행하는 솔로파티 정보도 많아서 자주 이용할 것 같아요!,.,7.1.0,2026-08-05,2,https://apps.apple.com/kr/app/id1535886772
13454866437,5,2025-11-29T06:28:32-07:00,다양한 사람을 만나기에 좋은 어플입니다,새로운사람을 만나기 좋네요,7.1.0,2026-08-05,2,https://apps.apple.com/kr/app/id1535886772
13454815261,5,2025-11-29T06:13:49-07:00,"처음 만나는 사람들끼리 안전할 수 있게, 
평점과 리뷰로 상대방을 살펴볼 수 있어요 그리고 다양한 취미활동을 할 수 있게, 카테고리도 잘 짜여있으며, 더이상 혼자가 아닌 함께 시간을 보낼 수 있어서 좋아요!",취미모임 하기 쉬운 문토!,7.1.0,2026-08-05,2,https://apps.apple.com/kr/app/id1535886772
13453571835,5,2025-11-28T22:36:53-07:00,"대학 졸업하고 서울로 혼자 올라와서 사실 만날 사람이 없어서 많이 외로웠는데, 문토 덕분에 회사 사람 말고도 편하게 이야기 나눌 수 있는 분들을 만나게 되었어요!
처음 보는 사람들인데도 다들 편하게 대해주시고 분위기도 좋아서 주말마다 문토를 애용하고 있어요🥺

1회성 모임이라 부담 없이 참여할 수 있고, 결이 맞는 분들을 자연스럽게 만날 수 있어서 너무 좋습니다. 저는 진짜 잘 이용하고 있어서, 문토가 오래오래 잘 운영되었으면 좋겠어요!",주말마다 새로운 사람들을 만날 수 있어서 좋아요!,7.1.0,2026-08-05,2,https://apps.apple.com/kr/app/id1535886772
13453139047,5,2025-11-28T19:33:40-07:00,"모임 어플 중에선 문토를 제일 많이 쓰고 있고 제일 도움이 되는것 같아요~!
정말 다양한 종류의 취미 모임이 있고 함께 으쌰 으쌰 할 수 있는 챌린지도 할 수 있고 VOD 온라인 강의도 들을 수 있어서 좋아요
최근엔 취향 인연을 찾아 주는 소개팅 어플 같은 기능도 생겨서 엄청 기대 중이에요 😍 저랑 같은 취향을 가진 인연을 만났으면 좋겠어요. ❤️",너무 좋은 어플,7.1.0,2026-08-05,2,https://apps.apple.com/kr/app/id1535886772
13449463825,5,2025-11-27T21:55:03-07:00,문토를 친구를 통해 우연치않게 가입하게 되었는데 솔직히 처음에는 혼자 모임에 나가는게 조금 무서웠었는데 다양한 모임을 나가면서 다양한 사람들을 만나고 활동을 통해 여러 경험을 하면서 혼자하기 어려웠던것들을 해나가며 추억을 만들어날 수 있어서 좋았어요! 특히 올해 불꽃놀이를 보고싶었는데 모임을 통해서 좋은자리에서 좋은사람들과 함께 보니까 더 좋더라구요! 앞으로 재밌고 질좋은 모임으로 여러 추억을 만들어가고 싶습니다☺!!️,쉽게 어플로 취향맞는 모임을 가질수있는 있음!,7.1.0,2026-08-05,2,https://apps.apple.com/kr/app/id1535886772
13449430299,5,2025-11-27T21:38:49-07:00,너무 재밌게 잘 즐기거있고 다양한 사람들을 만날 수 있어서 더 좋은 기회를 제겅하는 것 같습니다.,문토 모임이 너무 재밌어요~^^,7.1.0,2026-08-05,2,https://apps.apple.com/kr/app/id1535886772
13449238923,4,2025-11-27T20:08:04-07:00,"평일 저녁이나 주말에 약속 없을 때
액티비티 부터 다이닝 소셜 모임까지
부담없이 참여할 수 있어 좋습니다
덕분에 생활에도 활력이 생기네요~!
다만 참여 연령대별 검색이 어려운 점은
아쉬운 부분 입니다",다양한 소셜 모임이 있어 좋아요,7.1.0,2026-08-05,2,https://apps.apple.com/kr/app/id1535886772
13449037846,5,2025-11-27T18:39:29-07:00,취미생활 즐기기 너무 좋아요:),문토 리뷰,7.1.0,2026-08-05,2,https://apps.apple.com/kr/app/id1535886772
13448792389,5,2025-11-27T16:54:47-07:00,"향에 관심이 많아서, 문토에서 향수 클래스 참여했어요.🌸 보통 향수 클래스면 단순히 내 취향에 맞는 향을 찾는? 경우가 대다수인 것 같은데, 여기 모임에선 다른 분들이 제 첫인상과 어울리는 향이 뭔지 같이 고민해주시니까 더 좋고 특별한 경험이었어요ㅎㅎ 제 매력을 더 업그레이드할 찐 향을 찾은 것 같아서 완전 대만족입니다~~ 추천해욤",향수 클래스 추천합니다💕,7.1.0,2026-08-05,2,https://apps.apple.com/kr/app/id1535886772
13447004543,5,2025-11-27T06:23:46-07:00,"벌써 문토 이용한지 3년차네요. 그동안 다양하고 좋은 분들 전부 문토에서 만났습니다:) 파티, 소개팅, 베이킹 특히 글쓰기 모임이 가장 많이 도움됐어요! 추운 연말 크리스마스전에 좋은 인연 만나려는 분들 문토 강력하게 추천합니다😊🙋🏻‍♂️",새로운 사람 만나기 위한 최고의 앱!,7.1.0,2026-08-05,2,https://apps.apple.com/kr/app/id1535886772
13446868853,5,2025-11-27T05:42:05-07:00,"처음에 베이킹 클래스 함께하고 싶어서 가입했는데, 베이킹 외에도 다양한 활동들을 경험했고 좋은 사람들도 많이 만났어요! 어플도 굉장히 참여 신청같은게 쉽게 되어있어서 접근성도 좋아요 감사합니다",내 취미를 같이 할 수 있는 사람들이 모인 곳,7.1.0,2026-08-05,2,https://apps.apple.com/kr/app/id1535886772
13446648891,5,2025-11-27T04:30:06-07:00,여러가지 취미들을 함께 즐길 수 있는 모임이 많아서 좋아요,재밌어요,7.1.0,2026-08-05,2,https://apps.apple.com/kr/app/id1535886772
13446437459,5,2025-11-27T03:11:19-07:00,"다양한 사람들이랑 대화 해보고 싶어서 유명한 여러 파티 많이 가봤었는데 저랑은 맞지 않아 돈만 날렸구나 싶었던 그 시기에 이 앱을 만나게 되었고, 모임에도 여러 종류가 있다는 걸 알게 되었어요. 덕분에 독서 모임이 지금 취미로 자리잡아 넘 만족하는 어플 중 하나에요!",넘 좋아여,7.1.0,2026-08-05,2,https://apps.apple.com/kr/app/id1535886772
13435031713,1,2025-11-24T03:03:28-07:00,자긱맘대로 이상한핑계되며 모임 일방적으로  취소해버리는 호스트 신고하려고 해도 고객센터도 제대로 안되어있고 요즘엔 돈을 벌고 싶은지 만남어플이랑 비슷한 행보를 하네요 알람을 몇번이나 보내는건지 짜증나죽겠네요,문제가 너무 많네요,7.1.0,2026-08-05,2,https://apps.apple.com/kr/app/id1535886772
13374237690,5,2025-11-08T16:32:36-07:00,공부하고 놀고 사람만나고.. 세상을 배우는 거의 모든 내용이 다 있습니다,다양한 사람들을 만날 수 있는 최고의 자기계발 앱,7.0.4,2026-08-05,2,https://apps.apple.com/kr/app/id1535886772
13315578657,1,2025-10-26T00:56:26-07:00,"날짜든 뭐든 필터링하면 안뜨는 모임들 예전부터 많은데 왜 수정이 안되죠?

예를들어 홈에서 보이는 모임이 모임검색으로 들어가서 특정날짜나/뜨는순서 바꾸는거에 따라서도 안보일때 있음

이거뭐야 못봤던건데
할때가 많음;;;",누락모임 언제 수정되나요,6.2.9,2026-08-05,2,https://apps.apple.com/kr/app/id1535886772
13308088090,5,2025-10-24T07:25:10-07:00,"그.. 시작화면이 너무 강렬하고 새빨개서 밖에서 앱 켤때마다 조금 부담스러운데
좀더 부드럽고 활동적이고 아름다운 디자인으로 바꿀수는 없을까요?
빨강 보라 남색 하양 노랑 이런색들 사용해서 그라데이션으로다가..,,.. 이쁘고 좀더 다채로워보일거같은데..
개인의견이지만 조금 고려해주시면 감사하겠습니다..!! 
그냥 문토 이미지랑도 되게 잘 어울릴 것 같아서요,,ㅎㅎ 

앱은 잘 사용하고 있습니다ㅎㅎ 상경해서 본가로부터 멀리 떨어져 지내게 됐는데, 취향이 맞는 사람들과 쉽고 건전하게 만나 사교할 수 있다는 게 너무 행복해요 외롭지도 않고요!! 앞으로도 쭉 사용하려고 합니다 만들어주셔서 감사해요☺️ 
감사합니다!!",시작화면을 조금 바꿔보는 건 어떨까요...?,6.2.9,2026-08-05,2,https://apps.apple.com/kr/app/id1535886772
13260343240,3,2025-10-13T01:46:29-07:00,"폰바꾸니 로그인이 안돼요 회원가입하려해도 안되구요
고객센터 찾아봐도 없구
어케해야할지 몰라 여기 남겨요",원래 이용하던 어플인데,6.2.8,2026-08-05,2,https://apps.apple.com/kr/app/id1535886772
13196549921,1,2025-09-28T08:25:40-07:00,탈퇴를 해버려서 비활성화 시키려 다시 로그인 시도하니 가입도 로그인도 안되네요.. 실수인데 진짜 한달이나 기다려야하나요,비활성화 해야하는데,6.2.6,2026-08-05,2,https://apps.apple.com/kr/app/id1535886772
13170027238,5,2025-09-22T06:08:38-07:00,앞으로 많은 이용자가 넘쳐나길요~~,아직까지 많은 사용자는,6.2.5,2026-08-05,2,https://apps.apple.com/kr/app/id1535886772
13157129824,1,2025-09-19T07:17:24-07:00,"여기보니까,
진.짜 제대로된 사람을
못.본거같아요
사.람이름도 제대로 말하지 못하는 곳인데ㅋㅋㅋㅋ 신고먹을까봐 말못하는곳이라고 얼버무리지말고 말하세요ㅋ 종교적으로 그 사람 이름 절대 말못하는 그곳인듯 ㅋㅎㅋㅎㅋㅎㅋㅎ",여기보니까,6.2.5,2026-08-05,2,https://apps.apple.com/kr/app/id1535886772
13138934656,1,2025-09-14T20:10:26-07:00,"별 하나도 아깝습니다.

1.호스팅 수수료 문제
호스트 입장에서 가장 불만인 건 앱 규모에 전혀 맞지 않는 수수료 구조입니다. 참가자 결제금액에서 무려 20%를 떼어가는데, 솔직히 말이 안 됩니다. 무슨 지원을 해주는 것도 없으면서 이런 수수료를 받는 건 이용하는 입장에서는 납득하기 어렵습니다.

2.앱 자체 오류
앱 완성도가 너무 떨어집니다. 특히 문토에서 안내 문자가 오면, 정작 중요한 내용은 안 보이고 오류 문자만 오는 경우가 많습니다. 모임을 운영하는 입장에서 안내 사항을 확인할 수 없다는 건 치명적입니다. 기본적인 기능조차 제대로 작동하지 않는 건 정말 큰 문제라고 생각합니다.

3. 본인 확인 미흡
가장 위험한 건 본인 확인 절차가 사실상 의미가 없다는 점입니다. 그냥 이메일만 있으면 누구나 쉽게 가입할 수 있고, 남자가 여자 행세를 하는 것도 충분히 가능해 보입니다. 이런 구조라면 모임 참가자들의 안전이나 신뢰를 어떻게 보장할 수 있는지 의문입니다.

결론적으로, 수수료는 무슨 세계적 기업만큼 터무니없이 높고, 앱은 오류투성이에, 안전장치도 없는 플랫폼입니다. 이런 상태라면 누가 믿고 계속 사용할 수 있을까요?",별점 0개 없나요?,6.2.5,2026-08-05,2,https://apps.apple.com/kr/app/id1535886772
13035833527,1,2025-08-19T08:46:42-07:00,"누구나 호스트가 될 수 있는 만큼 지속적으로 신고와 불만이 들어오는 호스트에 대해서는 영구 정지와 같은 강항 제재가 필요해보여요. 사람들에게 불편을 주고 물을 흐리는 호스트가 다른 번호와 계정으로 가입해서 지속적으로 악행을 반복하면 이용자들도 안좋은 경험을 하면서 신뢰를 잃고 장기적으로 앱을 이용 안하게 될 거 같아요. 다양한 모임의 활성화 목적 때문인지, 수수료와 같은 수익 목적 때문인지는 모르겠지만, 많은 멤버들의 공통적인 피해가 접수되면 영구 정지와 같은 강한 제재가 필요해 보입니다. 앱이 잘 되길 바라면서 후기 남깁니다.",단기적인 돈보다 장기적으로 관리하셨으면 합니다,6.2.3,2026-08-05,2,https://apps.apple.com/kr/app/id1535886772
13030194960,1,2025-08-17T23:54:13-07:00,ㅋ,운영을이렇게할거면조만간이네,6.2.2,2026-08-05,2,https://apps.apple.com/kr/app/id1535886772
13009456500,1,2025-08-12T22:29:52-07:00,"20% 수수료
최악인 UX (메시지 복붙도 잘 안 됨)
답변 느린 CS
벌점 왜 먹었는지 알려 달라고 해도 규정이라면서 끝까지 안 알려 줌
먼저 말 안 걸면 절대 안 오는 여자 게스트들",호스트들 수수료 등쳐먹는 어플,6.2.1,2026-08-05,3,https://apps.apple.com/kr/app/id1535886772
12827053972,5,2025-06-28T04:38:28-07:00,하나밖에 못 만들어서 아쉽습니다.,클럽 모임을 두 개이상 만들고 싶은데요,6.0.2,2026-08-05,3,https://apps.apple.com/kr/app/id1535886772
12817594399,1,2025-06-25T18:18:59-07:00,신고 지들 ㅈ대로 받고 정정도 안해 납득도 못시켜 걍 안써 병신들아ㅠ,장애인같은 운영방식,6.0.2,2026-08-05,3,https://apps.apple.com/kr/app/id1535886772
12779255589,1,2025-06-15T17:33:14-07:00,이걸 보실지 모르겠지만 혹시몰라 다시가입해봤어요. 문토 초기느낌이 됐을까봐인데 역시나더라구요..기본 2-3만원부터 시작해서 들어가는비용도 엄청 가격도 세고 보시면 알겠지만 거의 다 이름만 “포틀럭파티”인 소개팅파티에요. 아닌데도있지만 독서 나 무료로 같이 카페만 가는 그런 모임도 거의 없더라구요. 문토는 그 재미였었는데말이죠. 다 사주니 뭐니 강의니 뭐니 하며 어딘지모를 곳만 올라오고 물론 그게 취미인분도 있겠지만 자연스럽고 깨끗한 모임은 이제 없는것같네요. 후기도 보면 아시겠지만 호스트분들도 제가 주변에 들은바로는 이상한분들도 많더라구요? 자기맘에안들면 온도테러하거나 차단해버리는. 이걸 체계를 좀 만들던가 관리를해줘야되는데 그런것도 아닌것같구요.. 그래서 몇번보자마자 그냥 탈퇴했어요. 많이변질됐어요. 진짜 아쉽네요. 여기만은 아니길바랬는데.. 고인것같으면 관리를 해야되는데.. 같이 영화보면서 헤어지거나 순전히 카페가는 모임은 눈씻고봐도없고. 기본적으로 참가비는 2만원이 최소고,너무 변질되었네요 초기멤버였고 탈퇴하다 재가입했어요,5.21.0,2026-08-05,3,https://apps.apple.com/kr/app/id1535886772
12775350030,1,2025-06-14T17:52:30-07:00,광고가 떠서 들어왔는데 다운을 받으니 결제가 됐어요 어떻게하면 환불을 받을 수 있을까요?,구매하는 거였다면 앱을 받지 않았을 거예요,5.21.0,2026-08-05,3,https://apps.apple.com/kr/app/id1535886772
12771672470,2,2025-06-13T19:21:34-07:00,소셜링 검색했을 때 참석자 프로필 사진들 보일 때가 편하고 좋았어요. 마감된 모임은 검색 안되게 바뀌어서 빈자리 알림받기도 못하네요. 요즘 갈만한 소규모 소셜링도 거의 없고 찾기 힘들어서 잘 안쓰게 돼요.,소셜링 검색 기능 불편,5.21.0,2026-08-05,3,https://apps.apple.com/kr/app/id1535886772
12764248398,3,2025-06-11T20:18:21-07:00,제 번호로,제 번호호 다른 사람이 가입을 했네요,5.21.0,2026-08-05,3,https://apps.apple.com/kr/app/id1535886772
12751810763,3,2025-06-08T13:56:40-07:00,모임 하나도 안나와요..,천안주말필터했는데,5.21.0,2026-08-05,3,https://apps.apple.com/kr/app/id1535886772
12682998475,1,2025-05-21T18:48:26-07:00,"고객센터 운영 안하고 호스트 관리도 안됨.

파라솔도 없이 야외 소셜링 진행

30분 동안 20-30명 인원이 비 맞으며 대기

미안하단 말도 없고 타 소셜링은 비싸서 서열정리 하겠다 라며 주둥이 터는 호스트 잼x

신발 바지 티 다 젖고 비는 계속 내릴 것 같고 30분 동안 비 맞으며 기다리다 열받아서 집 감.

다음날 리뷰 1점 줌. 그랬더니 계정 여러개 돌려서 온도 테러함.

소셜링 20번 이상은 한 것 같은데 최악의 경험을 마지막으로 앱 삭제함.",별 한개도 아깝다,5.21.0,2026-08-05,3,https://apps.apple.com/kr/app/id1535886772
12677314409,1,2025-05-20T07:10:18-07:00,"카카오 로그인 계속 팅겨서 로그인 안되고
걱정되서 참여도 못 하겠고 어플 로그인 관리 좀요!",로그인 오류 계속 발생,5.21.0,2026-08-05,3,https://apps.apple.com/kr/app/id1535886772
12658909742,1,2025-05-15T07:18:16-07:00,카톡 로그인 시도 10번 넘게 했는데 계속 안됩니다,카톡 로그인 안대요,5.21.0,2026-08-05,3,https://apps.apple.com/kr/app/id1535886772
12655340576,4,2025-05-14T07:33:53-07:00,"카카오톡 연결이 안됩니다ㅜ
카톡에서 창이 안떠요",로그인 에러,5.20.6,2026-08-05,3,https://apps.apple.com/kr/app/id1535886772
12587611257,3,2025-04-26T03:10:34-07:00,"소모임이나 대모임 만나기에 좋지만 한가지 업데이트 할 만한 사항이 있었으면 해요!
프로필 사진을 확대할 수 있는 기능이 있었으면 좋겠습니다!",좋아요,5.20.5,2026-08-05,3,https://apps.apple.com/kr/app/id1535886772
12564940538,5,2025-04-20T02:32:14-07:00,문자올때 두번씩 알람뜨는데 수정좀해주세요 무서워요 같은메시지 한개보내면 알람 두개씩 떠요 지방에서 올라와서 처음 문토해봤는데 신기하고 재밌고 취미같은 사람끼리 만날수도있어서 좋네요 ㅎㅎ,너무재밌어요...,5.20.5,2026-08-05,3,https://apps.apple.com/kr/app/id1535886772
12556730027,1,2025-04-18T00:33:49-07:00,좋네요,네,5.20.5,2026-08-05,3,https://apps.apple.com/kr/app/id1535886772
12545444556,5,2025-04-15T02:38:02-07:00,시간가는줄모르고 떠들다 갑니다 ❤️🫶,너무 재밋었어용,5.20.5,2026-08-05,3,https://apps.apple.com/kr/app/id1535886772
12538903996,3,2025-04-13T08:35:29-07:00,프사 변경하려고 하면 에러메시지가 뜨네요,프로필 사진 변경이 안되요.,5.20.5,2026-08-05,3,https://apps.apple.com/kr/app/id1535886772
12536922593,5,2025-04-12T20:56:03-07:00,"다른 앱처럼 생년일 표시하고, 본인 소셜 클럽을 첫 화면에서 바로 찾을 수 있게 표시해주세요, 소셜링 열릴때 참석 구성원을 볼 수 있게 표시해주세요",추천하지만 조금 개성이 필요한,5.20.5,2026-08-05,3,https://apps.apple.com/kr/app/id1535886772
12514664882,1,2025-04-07T06:13:18-07:00,"매너점수? 평점을 메기는 방식으로 인해 가식이 난무하는 곳. 지능은 탈출순인거 같다.
평점이 높으신 고인물들을 특히 조심하길..

연대나 소속감 따위는 느낄수 없는
개인들의 욕구만 채우는 곳임.

취미를 빌미로 터무니 없는 금액을 요구하는 장사꾼들이 판치고 선택지가 없는 개개인은 이용 당하거나 탈퇴하거나 2개 옵션뿐임.

플랫폼은 수수료만 챙기는 듯하고
무엇보다 위험한 소셜링에 대한 권고나 안내 가이드라인 없이 지속성을 갖을수 있을까?

본인의 선택에 신중을 기하시길..
다른 플랫폼 옵션도 고려해 보시길..",일회성 어플. 책임과 피해는 개인에게..,5.20.2,2026-08-05,3,https://apps.apple.com/kr/app/id1535886772
12513851630,5,2025-04-07T01:09:47-07:00,비용도 합리적이고 재밌었습니다,너무 즐거웠어요,5.20.2,2026-08-05,3,https://apps.apple.com/kr/app/id1535886772
12500684017,3,2025-04-03T18:24:55-07:00,글 작성할때마다 렉 걸리고 사진 로딩하는데 한세월이고 다 썼는데 튕기고 정말 화딱지나요 •••,어플 시스템 좀 고쳐주세요..,5.20.1,2026-08-05,3,https://apps.apple.com/kr/app/id1535886772
12485415934,1,2025-03-30T22:43:31-07:00,"문토 채팅 외 타 채팅 서비스 이용 신고확인 및 벌점 2점 부과"" 문자로 안내를 받았는데 문토 채팅 내에서 오픈채팅을 언급한 게 이유인 것 같네요. 클럽 멤버는 나 포함 두 명뿐이고 상대방은 이미 오픈채팅에 들어왔으니 신고했을 리가 없고요. 문토 측에서 유저들 채팅 데이터 멋대로 모니터링하고 있는 건가요?
솔직히 타 플랫폼을 함께 쓴다고 벌점을 부과하는 건.. B2B에서도 납득하기 어려운 걸 B2C 에 이런 방식이라니.. 어질어질하네요. 경쟁 플랫폼을 견제하는 건 이해하지만 이런 방식은 사용자 경험만 해치는 일 아닌가요? 본인들 서비스가 부족하다는데, 고객 통제로 해결될 일도 아니고. 통제하고 감시할 시간에 본인들 서비스를 어떻게 더 매력적으로 잘 쓸 수 있을까에 대한 고민을 해보셨으면 좋겠네요.",채팅 감시?,5.19.4,2026-08-05,3,https://apps.apple.com/kr/app/id1535886772
12372005061,1,2025-03-01T21:40:04-07:00,지독한 신천지 ;;; 진짜 ㄱ .. ㅐ 같네요;^^,사이비 조심하세요,5.19.3,2026-08-05,3,https://apps.apple.com/kr/app/id1535886772
12260872739,1,2025-02-02T02:08:22-07:00,"장점: 사람들 많다, 모임 날마다 열림
단점: 90%가 개념, 인성 부족하고 무례한 사람들, 굉장히 상업적
결론: 탈퇴했음",몇달간 써본 후기,5.18.1,2026-08-05,3,https://apps.apple.com/kr/app/id1535886772
12210539333,5,2025-01-20T21:47:42-07:00,감사합니다.,구매내역 삭제 부탁드립니다.,5.18.0,2026-08-05,3,https://apps.apple.com/kr/app/id1535886772
12178038125,4,2025-01-12T20:13:03-07:00,"유료모임 열고 정산 기다리는 중인데,,, 언제 해주죠 전에는 모임 열면 그 주 수요일에 바로 들어오던데 지금은 안 그러고 유료모임 정산 어떻게 되는지 질문하기 눌러서 확인하려는데 데이터를 키고 눌렀는데도 네트워크 불안정하다 그러네요 언제 정산되나요….",이거 정산 언제 되나요,5.17.0,2026-08-05,3,https://apps.apple.com/kr/app/id1535886772
12084703850,1,2024-12-20T04:58:42-07:00,사교모임 파티에서는 여러이성이랑 한꺼번에 연락하고 바람피는사람 천지입니다.비추해요.,인성쓰레기들 밖에없어요,5.16.9,2026-08-05,3,https://apps.apple.com/kr/app/id1535886772
12082781625,1,2024-12-19T15:12:26-07:00,"여기 대표가 직원들에게 갑질로 서비스가 망해가던데

필터링해도 필터도 제대로안됨 

쿼리를 누가짠건지 ..ㄷㄷ",여기 망해간다던데,5.16.9,2026-08-05,3,https://apps.apple.com/kr/app/id1535886772
11936916402,1,2024-11-10T22:46:41-07:00,계속 로그아웃 되고 로그인 하려 하면 오류나는데 확인 좀 해주시죠,로그인 오류,5.16.0,2026-08-05,3,https://apps.apple.com/kr/app/id1535886772
11902854727,5,2024-11-02T03:14:45-07:00,참 목적이 좋은 앱입니다:),좋은앱,5.16.0,2026-08-05,3,https://apps.apple.com/kr/app/id1535886772
11867605584,1,2024-10-23T17:46:05-07:00,계속안되는데 확인해주세요,프로필사진등록이안됨,5.14.1,2026-08-05,3,https://apps.apple.com/kr/app/id1535886772
11763172365,3,2024-09-25T07:31:39-07:00,별것도 아닌 것들이 돈벌겠다고 설치는 꼴들 목록 보다가 나와버리게 됨,처음엔좋았으나 돈벌려고 모인 사람들 가득,5.14.0,2026-08-05,3,https://apps.apple.com/kr/app/id1535886772
11735518196,1,2024-09-17T16:01:58-07:00,"소셜링 신청했더니 카톡 초대하고 좋은 인원 모시기 전에 미리 한번 봐야한다는 ㅂㅅ도 있었음. 하루 보는 것도 아닌 캠핑이나 펜션 ㅋㅋㅋ 합숙 면접인건가?..
뭐 다른 곳도 마찬가지겠지만 정말 별의별 사람이 다 있고 잘못 걸리면 굉장히 불쾌한 경험 합니다 참고하세요~",너무 별로였던 경험,5.14.0,2026-08-05,3,https://apps.apple.com/kr/app/id1535886772
11718954312,5,2024-09-13T02:23:06-07:00,취미 생활을 가져볼까 하고 모임을 찾는데 쉽지 않더라구요 그러다가 발견한 어플인데 종류별로 다양한 모임들이 있어서 편리하게 이용할 수 있었어요ㅎㅎ,너무 만족합니다 ㅎㅎ,5.14.0,2026-08-05,3,https://apps.apple.com/kr/app/id1535886772
11715054249,5,2024-09-11T22:52:46-07:00,취향에 맞게 잘볼수있는게 만족스럽고 또 취미나 좋아하는게 같은 사람들이랑 만날수있다는게 좋은어플인거 같아요 ! 매우 만족입니당 🙂,취향에 맞게 잘 볼수 있어서 좋아요,5.14.0,2026-08-05,3,https://apps.apple.com/kr/app/id1535886772
11712534308,1,2024-09-11T05:34:46-07:00,"가입하려고 번호 적고 인증번호 받기 눌렀는데 다섯개의 인증번호가 문자로도, 카톡으로도 날아옵니다.. 다 입력해봤는데 아니라고 해서 가입 안 되길래 그냥 삭제했는데 그 이후로도 이전 번호들 그대로 몇번이고 다섯개씩 자꾸 날아와요ㅠ 좀 멈춰주세요ㅠ",인증번호만 몇십개가 옵니다ㅠ,5.13.2,2026-08-05,3,https://apps.apple.com/kr/app/id1535886772
11712496349,1,2024-09-11T05:22:02-07:00,살크업 WEEK 제가 알아서 할게요 ㅠ,아니 무슨 광고메시지를 1분에 하나씩 보내요 ;;,5.13.2,2026-08-05,3,https://apps.apple.com/kr/app/id1535886772
11712458629,1,2024-09-11T05:09:00-07:00,"휴대폰이랑 워치에 똑같은 마케팅 알림을 몇 번씩이나 왜 보내시는건지 이유를 알려주세요

하필 알림도 살크업 어쩌구 하는거라 꼴뵈기 싫고요 

어플 지우려다가 알림 차단만 했습니다",같은 알림을 도대체 몇 번이나 보내시는 거예요,5.13.2,2026-08-05,3,https://apps.apple.com/kr/app/id1535886772
11712395902,1,2024-09-11T04:46:53-07:00,자주 사용하는 앱은 아니었지만 푸시 알림 오류로 계속 반복적으로 알림이 와서 잠시 앱을 삭제해두었습니다 해결이 필요해 보여요,푸시 알림 오류,5.13.2,2026-08-05,3,https://apps.apple.com/kr/app/id1535886772
11708176172,5,2024-09-09T22:30:58-07:00,마시기는 잘하지만 뭔가 와인은 더 깊이 파고들고 싶다는 생각을 했었는데요 어떻게 시작할지 고민중인 와중에 호스트님께서 오픈하신 소셜에 참가하게 되었어요  정말 제대로 왔다! 싶었습니다  초심자도  어렵지 않게 즐길 수 있도록 매력적인 와인의 세계로 안네해주신 호스트님께 감사합니다  시간이 흐를수록 변화하는 와인의 매력에 완전히 풍덩 빠졌어요  처음엔 이건가 저건가 갸웃갸웃 했지만 어느새 입안에 맴도는 향을 입밖으로 꺼내어보면서 너무 즐거웠습니다 앞으로 더 멋진 와인을 경험해 보고 싶네요~,매력적인 와인의 세계로 빠져들었어요,5.13.2,2026-08-05,3,https://apps.apple.com/kr/app/id1535886772
11574489374,5,2024-08-05T03:39:56-07:00,이유가 뭘까요? 폰을 바꿔봐도 지웠다 깔아버ㅏ도 안됩니다! ㅠㅠ,채팅방 입장이 안됩니다,5.11.1,2026-08-05,3,https://apps.apple.com/kr/app/id1535886772
11573914497,5,2024-08-04T23:39:06-07:00,이거 은근 괜찮아요. 자기 관심분야의 모임에 나가면 집에 있는것보단 훨씬 낫고 가치있는 시간 보낼수 있음. 모임 나가서 연애는 본인 하기 나름이지만 사람 만나는거 자체는 본인의 성격이나 생활을 바꿀수 있는 기회니 한번 시도해보는것도 좋습니다,괜찮네요,5.11.1,2026-08-05,3,https://apps.apple.com/kr/app/id1535886772
11493173114,1,2024-07-14T12:14:53-07:00,문토 정말 좋은데 소셜링 삭제나 숨길 수 있는 기능 없어서 탈퇴를 해야됨..;,문토,5.10.2,2026-08-05,3,https://apps.apple.com/kr/app/id1535886772
11405066184,1,2024-06-20T20:25:05-07:00,"세상 호스트에게 이렇게 빡빡한 가이드가 있는 
플랫폼은 처음
문제는 게스트가 만들고 운영진의 이상한 운영 방식으로
문제가 있는걸 
계속 호스트 가이드만 추가해서 운영하기 너무 힘들게함",세상 호스트에게 이렇게 빡빡한 가이드가 있는,5.9.2,2026-08-05,3,https://apps.apple.com/kr/app/id1535886772
11368450171,5,2024-06-11T03:07:44-07:00,새로운 사람들과 소통할 수 있게 해주어서 감사합니다,문토 감사,5.8.2,2026-08-05,3,https://apps.apple.com/kr/app/id1535886772
11303801946,5,2024-05-24T19:05:37-07:00,"어디다 문의를 해야할지 몰라서 여기다 남겨요
카톡아이디로 문토에 가입했다가 탈퇴하지않고 카톡삭제 후 다시 다운로드해서 새로운 카톡아이디를 만들었는데요

새로생긴 카톡아이디로 다시 가입을 하려니까 그전 가입된 카톡아이디가 남아있는지 새가입도 안되고 그전 아이디로 로그인도 어렵고 인증에서 넘어가지를 않아서요 어떻게 해야하나요?",어플문제 문의,5.7.2,2026-08-05,3,https://apps.apple.com/kr/app/id1535886772
11289228147,5,2024-05-20T17:36:39-07:00,"요즘 이성을 만날 기회가 한정적이어서 용기내어서 신청했어요~ 장소,분위기가 좋아서 금방 적응할수 있었고 신원검증되신 분들이라 신뢰가 갔네요^^ 아쉽게 매칭은 안되었지만 조만간 솔로 친구랑 같이 신청할게여 ! 디저트챙겨주시고 신경써주셔서 감사했습니다❤️‍🔥다음에는 꼭 매칭될래요~","특별했던 일요일 오후,,✨",5.7.1,2026-08-05,3,https://apps.apple.com/kr/app/id1535886772
11277320443,1,2024-05-17T09:11:45-07:00,"문토 참여 5번 이상
대다수는 외로운 사람들에게 플랫폼을 제공하고 돈을 받아가겠다는 마인드로 소셜링을 열어서
알맹이 없는 모임에 돈이 쭉쭉 나간다
시간을 같이 보내고 싶은 사람들의 마음을 이용하는 소셜링 개설자들은 플랫폼만 열고 모든게 돈
당연한건가? 싶다가도 돈을 내고 사람을 만나고 싶진 않다.
자연스러운 모임이 많았으면 한다.
나이대 30대 중반 대다수이고 나이많은 남자들은 가진것도 없으면서 까내리고 자랑하러 나온다 결혼대상자를 찾으며 허세를 부리지만 별로임",외로운 사람들에게 미안해야 한다,5.6.0,2026-08-05,3,https://apps.apple.com/kr/app/id1535886772
11268179699,1,2024-05-14T17:29:47-07:00,유명호스트들은 메시지다보내고 해도 괜찮고 일반인들은 조금만메시지보내도 다영구정지시켜버리는거지같은앱입니다.,고객센터 시간도아닌데 무슨 신고처리로영구정지시키는 거지같은앱,5.6.0,2026-08-05,3,https://apps.apple.com/kr/app/id1535886772
11171955343,5,2024-04-17T22:38:02-07:00,배경화면에서 문토 어플 위에 뜨는 숫자가 안 사라집니다. 채팅 갯수 같은데 대화방에서 채팅을 아무리 읽어도 안 사라져요. 잘 사용하고 있는데 확인 부탁드립니다.,숫자가 안 사라져요,5.5.0,2026-08-05,3,https://apps.apple.com/kr/app/id1535886772
11171915494,1,2024-04-17T22:20:38-07:00,사람들과 모이는 장소가 너무 애매해요 중간지점에서 만나고싶은데 그게 어려운거같아요,사람들과 만나는 위치...,5.5.0,2026-08-05,4,https://apps.apple.com/kr/app/id1535886772
11135401917,1,2024-04-08T06:51:42-07:00,"처음 소셜링해서 약속장소로 나갔는데 1시간이나 기다렸는데 호스트도 멤버도 아무도 안나옴. 화나서 노쇼한 호스트 신고 먹이니까 문토 문지긴가 뭐시긴가 카톡으로 지네들 자체오류로 채팅이 안돼서 호스트가 나에게 메세지가 안보내졌다고 함. 처음 써보는거라 채팅이 안돼도 그냥 호스트가 안 열어서 안되는건지 알았음. 문토측에서는 지들 오류라고 해놓고 자기들이 잘못했다 해놓고 나중에는 내가 채팅 안되는거 자기들에게 알렸으면 이런 일 없었을거다 라는 식으로 기분나쁘게 말함. 처음 앱써보는 내가 그런 오류가 있는지 어떻게 암? 공지라도 주고 말하던가. 아무것도 모르고 약속 장소에서 기다렸던 시간, 교통비가 아까움. 지네들 오류로 이렇게 됐다고 하면서 내 시간도 교통비은 보상 안해주겠다고 함. 그냥 앱 이용자에 대한 배려도 없고 생각도 없는 것 같음. 이딴 그지같은 앱 다시는 안쓴다.",별점1점도 아까운 거지같은 앱,5.4.0,2026-08-05,4,https://apps.apple.com/kr/app/id1535886772
11116211482,1,2024-04-03T02:07:47-07:00,심지어 두번 결제되면 어디에 환불받나요 ???,앱 설치하자마자 결제되는거 맞아요 ?,5.4.0,2026-08-05,4,https://apps.apple.com/kr/app/id1535886772
11082314830,5,2024-03-24T18:21:56-07:00,"아이폰 사용중인데 채팅목록으로 안들어가져요 
해결부탁드립니다",아이폰 채팅방 안들어가지는 오류 해결해주세요,5.3.0,2026-08-05,4,https://apps.apple.com/kr/app/id1535886772
11063910048,5,2024-03-19T20:26:01-07:00,너무 재밌어서 1년째 못나오는중 ㅠㅠㅠ,문토를 만나고 인생이 달라졌다...,5.3.0,2026-08-05,4,https://apps.apple.com/kr/app/id1535886772
11047589421,5,2024-03-15T09:35:35-07:00,ㅋㅋ 야뮤져,오우,5.2.0,2026-08-05,4,https://apps.apple.com/kr/app/id1535886772
11035085999,5,2024-03-11T20:32:44-07:00,아묻따 그냥 해보세요,최고에요.,5.2.0,2026-08-05,4,https://apps.apple.com/kr/app/id1535886772
10998670663,5,2024-03-01T22:10:08-07:00,서울 경기권만 많아서 아쉽긴하지만 좋은취지의 어플인거같습니다,오 정말 괜찮은앱이에요. 덕분에 좋은분들도만났어요,5.1.1,2026-08-05,4,https://apps.apple.com/kr/app/id1535886772
10859306869,5,2024-01-24T09:22:00-07:00,"소셜살롱이 앞으로 사람끼리의 만남과 소통의 새로운 방식으로 제시되어 오는데 이걸 문토만의 미션으로 더 발전시킨 덕분에 보편화된 것 같아요. 

전에는 낯선 모임에 주위 시선이 부정적이었는데 요즘은 오히려 추천을 부탁받네요👍

이번 플레이스 기능은 진짜 짱인 듯..",문토 좋아요.,5.0.1,2026-08-05,4,https://apps.apple.com/kr/app/id1535886772
10750926818,2,2023-12-27T06:17:46-07:00,"반년 전만 해도 안그랬는데, 정말 참여비 인플레이션이 너무 심합니다. 당연히 소셜링 규모가 클수록 기획할 것도 많고 관리할게 많아 그 값이라고 하는거 이해가 되는데, 문토의 수수료 때문인지 셀렉티드 호스트들의 욕심인지 참가비가 현재는 비정상적이라고 생각합니다. 기본 4만원… 이건 참… 꼬우면 안가면 되지만, 소셜링의 퀄리티 치고 값어치를 하는 경우 참 찾기 어렵네요.",요즘 낌새 되게 이상하다,4.14.0,2026-08-05,4,https://apps.apple.com/kr/app/id1535886772
10749464704,5,2023-12-26T20:54:59-07:00,"추천코드 : VCABED

다양한 경험을 성별, 연령, 직업에 구애 안 받고 할 수 있어서 좋아요 ㅎㅎ 친구도 사귀고 짱짱",즐거운 경험과 좋은 친구 많이 만들었어요!,4.14.0,2026-08-05,4,https://apps.apple.com/kr/app/id1535886772
10709781067,5,2023-12-17T16:32:15-07:00,즐거운 시간 보내서 좋았습니다 ^^,좋은 모임,4.13.0,2026-08-05,4,https://apps.apple.com/kr/app/id1535886772
10706564066,1,2023-12-17T00:09:35-07:00,"참여자에겐 3일전이라고 취소환불 안해줌 ->
인원에 맞게 소셜링을 준비한 호스트에게 정산된다며 설명 ->  호스트에겐 최소인원 미달로 폐강되어 정산 안해준다 함.

결론 : 문토가 참여비 먹음.

수수료 제외하고 정산 또는 환불해줘야 함. 어설픈 이용정책 만들어서 정책타령하며 돈 안주는데 법적조치 진행중. 무슨 중개플랫폼이 이런식인지... 통신판매법, 소비자보호법 관련하여 다른 피해자 없도록 해결하고 문토 ㅃㅃ한다;",소셜링 참가비를 왜 호스트에게 안주고 너네가 먹니?,4.13.0,2026-08-05,4,https://apps.apple.com/kr/app/id1535886772
10706549796,1,2023-12-17T00:04:34-07:00,"처음으로 가입하여 소셜링 모임을 하려고 결제했는데 4일전에 전액환불이라고 하더니 그것만 보고 4일전에 했는데 3일전이라고 환불이 불가하다고 아예 안된다네요. 저한테 호스트가 준비 기간이 있어서 환불이 안된다고 하더니 알고 보니 호스트한테도 정산안해주고 저한테도 환불이 안된다고 하는건?? 그냥 그 정산금액을 문토에서 먹겠다는 건가요??? 
고객센터에서는 호스트한테 준다고하더니 호스트가 문의하니깐 안되는 이유를 만들어서 정산을 못해준다고 하네요???
환불도 안해주고 정산도 안해주면 제 돈은 문토에서 가져가는건가요??
제품도 사용 안하면 반품이 되는데;; 몇일전에 취소를 했고 호스트분께 정산이 된다고해서 말을 더 안했는데 이런식으로 고객들 돈 가져가시나요? 
호스트에서 정산도 안해주고;; 말 장난하시네요;;
그 어디에도 폐강되면 정산이 안된다는 글이 없는데 이렇게 장사하시나요?? 다른 사이트도 많이 사용했는데 이런적 한번도 없었습니다. 여기 최악이네요;; 참여자도 호스트도 돈잃고 맘상하는 문토정책이네요;;",말장난이 너무 심하네요,4.13.0,2026-08-05,4,https://apps.apple.com/kr/app/id1535886772
10652050638,5,2023-12-02T23:50:32-07:00,"집 가까운 동네에서 
마음 맞는 사람들하고 
예쁜 거 만들고 
차도 마시고 얘기도 하고 싶었는데 
마땅히 인원을 모을 수가 없었거든요… 

사람들이 모일지 모르겠지만 
일단 문토  때문에 한방에 해결 됐습니다.

일상을 재미있게 만들 고자 하는 
동네 사람들이 많이 모였으면 좋겠어요",동네 모임 하고 싶었는데…,4.12.3,2026-08-05,4,https://apps.apple.com/kr/app/id1535886772
10632967559,5,2023-11-27T16:39:15-07:00,그냥 사람 만나려고 신청했더니 남자라서 거절 당한 게 한두 번이 아니네요. 그럴 거면 소개팅 앱을 하지ㅡ소개글엔 남녀 무관 써놓고 심청하면 승인도 안하고 여자가 신청하면 칼 같이 승인하는 여미새들 때문에 앱 자체도정 떨어져서 쓰기 싫어지네요. 여자 꼬여볼려고 쓸 거면 그냥 다른 소개팅 어플을 쓰세요 여미새 님들,앱 자체는 좋습니다. 하지만 여미새들이 너무 많음.,4.12.1,2026-08-05,4,https://apps.apple.com/kr/app/id1535886772
10581713643,3,2023-11-13T07:35:51-07:00,"알림 온게 없는데 뱃지가 떠있고 안사라지네요
삭제했다 다시 설치해도 마찬가지네요",알림 버그좀 고쳐주세요,4.11.0,2026-08-05,4,https://apps.apple.com/kr/app/id1535886772
10545666752,1,2023-11-03T07:21:14-07:00,알바생들이 많습니다 사기치고 돈 벌고 고대로 돌려받으시길 바라요! :),모임 중 특히 소개팅/미팅 모임,4.10.0,2026-08-05,4,https://apps.apple.com/kr/app/id1535886772
10533988093,5,2023-10-30T23:38:25-07:00,이 강의를 듣지 않고 문토를 얘기할 수 없습니다. 5점 만점에 6점 드립니다. 최고!!! 😀,최고의 강의,4.10.0,2026-08-05,4,https://apps.apple.com/kr/app/id1535886772
10522944227,3,2023-10-27T20:13:31-07:00,"알림 설정해놓으면

차단한 사람은 쌍방 알림에도 안뜨게 해놔야죠",차단한 사람이 연 소셜링도 알림조건에 맞으면 뜬다구요,4.10.0,2026-08-05,4,https://apps.apple.com/kr/app/id1535886772
10518992639,2,2023-10-26T17:10:39-07:00,Mbti 테스트 결과 없애는 기능도 만들어주시면 좋겠습니다,Mbti테스트 없애기,4.10.0,2026-08-05,4,https://apps.apple.com/kr/app/id1535886772
10503382628,3,2023-10-22T06:54:34-07:00,앱을 다운받았는데 11000원이 청구 됐는데 환불 가능한가요?,청구,4.9.0,2026-08-05,4,https://apps.apple.com/kr/app/id1535886772
10437950901,5,2023-10-04T07:38:42-07:00,첫 쇼셜링으로 오랫만의 북촌 산책과 등산이었는데 산을 좋아하는 분들과 같이 다니며 몰랐던 것들 알게되어 좋았어요. 오전에 하늘에 구름 그늘이 드리워져 덥지도 않고 선선한 가을을 느낄수 있었어요. 같이 하신 멤버분들과 뒷풀이하며 긴 연휴와 등산으로 잠시 잊었던 일상 얘기도 나누며 즐거웠습니다~,힐링,4.8.0,2026-08-05,4,https://apps.apple.com/kr/app/id1535886772
10418714755,5,2023-09-29T00:49:17-07:00,사용하기 편합니다,모임 갖기최적의 앱,4.8.0,2026-08-05,4,https://apps.apple.com/kr/app/id1535886772
10397483948,4,2023-09-22T23:32:50-07:00,"내가 하트한 목록을 볼수있는 기능이 있으면 좋겠어요 
하트 눌러놓고 뭐였는지 기억이 안나서 찾기 힘드네요ㅠㅠ",하트목록,4.7.0,2026-08-05,4,https://apps.apple.com/kr/app/id1535886772
10368907344,3,2023-09-14T16:42:27-07:00,아이폰인데 카카오톡 로그인이 안되네요 원래 로그인 돼있었는데 갑자기 로그인창 뜨더니 카카오 로그인해도 인트로 로그인 페이지에서 안넘어가요 챌린지 이벤트 참여 중이었는데 인증도 못하네요.. 그리고 앱 이름이 Runner로 뜨는데 맞나요? 추가) 위 오류는 수정됐는데 알림이 없어도 앱 아이콘에 알림 뱃지가 100개로 뜨는데요..,카카오톡 로그인 안됨,4.7.0,2026-08-05,4,https://apps.apple.com/kr/app/id1535886772
10360615918,1,2023-09-12T05:41:15-07:00,카톡으로 가입해서 로그인하는데 안돼요,카톡 로그인이 안돼요,4.6.1,2026-08-05,4,https://apps.apple.com/kr/app/id1535886772
10360440007,2,2023-09-12T04:39:02-07:00,"카카오톡 로그인이 안되요 ㅠㅠ
카톡에서 로그인 화면 불러오는게 안되는데 어떻게 해야하나요",카카오톡로그인,4.6.1,2026-08-05,4,https://apps.apple.com/kr/app/id1535886772
10359214585,3,2023-09-11T18:32:06-07:00,앱 이름도 runner로 떠요,카톡로그인 안됨,4.6.1,2026-08-05,4,https://apps.apple.com/kr/app/id1535886772
10357891404,4,2023-09-11T08:49:36-07:00,아이폰 13으로 카카오톡 로그인 누르면 카톡으로 화면 전환만 되고 로그인이 안됩니다. 카톡문제인지 문토 문제인지 모르겠네요. 둘다 업데이트 다시 해도 동일합니다.,로그인이 안되네요,4.6.1,2026-08-05,4,https://apps.apple.com/kr/app/id1535886772
10357616458,2,2023-09-11T07:17:55-07:00,왜자꾸 화면이 반복되는지 개빡,카톡로그인좀 고쳐줘요,4.6.1,2026-08-05,4,https://apps.apple.com/kr/app/id1535886772
10357604441,5,2023-09-11T07:13:56-07:00,카톡 로그인이 안되는데 어떻게 해야하나요ㅜㅜ,카톡 로그인이 안됩니다..,4.6.1,2026-08-05,4,https://apps.apple.com/kr/app/id1535886772
10356949590,1,2023-09-11T03:17:24-07:00,제가 카카오톡 로그인을 했는데 자꾸 튕깁니다ㅜ 무슨문제일까요? 금요일에 모임도 예약해서 돈도 냈는데 어떻게 해야할지 모르겠네요ㅜㅜ,로그인 불가,4.6.1,2026-08-05,4,https://apps.apple.com/kr/app/id1535886772
10355877445,4,2023-09-10T18:11:14-07:00,그룹채팅창이 가끔씩 로딩화면만 뜨고 안 나와서 삭제 후 재설치했는데 다시 깔고 카카오톡으로 시작하기 눌러도 카톡 화면만 나오고 로그인이 안 되고 있네요. 이 부분 조속히 처리해주시길 바랍니다. 문토로 안 넘어가서 못 하고 있어요,그룹채팅창이 안보여서 삭제했다 다시 깔았는데,4.6.1,2026-08-05,4,https://apps.apple.com/kr/app/id1535886772
10355851439,1,2023-09-10T17:59:10-07:00,"문토 카카오톧 로그인이 안돼요
카카오톡으로 넘어가서 빈페이지가 잠깐 나오다 꺼집니다. 그럼 그냥 카카오톡 대화창들이 보여요.",카카오톡 로그인,4.6.1,2026-08-05,4,https://apps.apple.com/kr/app/id1535886772
10353830668,3,2023-09-10T05:24:48-07:00,"지웠다가 다시 다운받으니 카톡으로 로그인이 안되요
어떻게 해야 되나요?",다시 다운받았는데 로그인이 안돼요,4.6.1,2026-08-05,4,https://apps.apple.com/kr/app/id1535886772
10353594905,1,2023-09-10T03:57:48-07:00,문토에서 만난 어떤 늙은 아저씨가 계속 톡으로 추파 날려서 개불쾌함...답장 안했더니 왜 안하냐고 곤란한 상황 만들고 싶냐고 해서 무서워서 다 차단함,문토에서 변태 만남,4.6.1,2026-08-05,4,https://apps.apple.com/kr/app/id1535886772
10298143143,1,2023-08-25T08:24:57-07:00,"예전만 해도 소소하게 전시회 같이 보고 운동하고 독서하는 소셜링들이 대다수였음. 비용도 무료에다 그날 커피값 정도만 참여자들끼리 1/N하는 부담없는 어플이었음. 호스트분들도 다들 진심으로 좋아서 모임을 여는 분들이라서 더더욱 좋았음. 

그런데 문토에서 정책적으로 밀어주는 호스트를 선정하고 아예 모든 모임을 유료로 돌려버린 이후로 모임에 진심이던 호스트는 물론이고 그동안 활동하던 좋은 분들까지 정뚝떨해서 다 떠남. 하루에도 두세번은 울리던 소셜링 오픈 알림이 일주일에 한 건도 안 올 정도니ㅎㅎ

그분들 떠난 자리는 '업자'들이 들어와서 채움. 술먹고 게임하고 소개팅하는 소셜링이 대부분인데 인당 4~5만원 씩 받고 10~20명이 모이는 말도 안되는 구성. 모임 퀄리티나 참여자 경험은 뒷전이고 업자들 수익 최대화가 목적인 질 떨어지는 소개팅 플랫폼이 되어버림. 

하다못해 하루에도 몇 번씩 업자들로부터 스팸 쪽지가 날라오고 심지어 문토에서 돈 버는 방법 강의도 열림ㅋㅋㅋㅋ참가자 퀄리티도 덩달아 개판이 되었는데 여미새 뉴비들이 급증하면서 당일 노쇼에 온갖 개진상들이 판을 치고 신천지, 대순진리회까지 혼돈의 도가니탕임ㅋㅋ

플랫폼이 변질되고 망해가는 과정을 실시간으로 관람하는 느낌이라 계속 구경중이긴 함ㅋㅋㅋ",가성비 떨어지는 소개팅 앱으로 변질되서 실시간으로 망하고 있음,4.5.0,2026-08-05,4,https://apps.apple.com/kr/app/id1535886772
10289456006,5,2023-08-22T23:22:25-07:00,갑자기 로그인하려는데 로딩창만 뜨고 로그인이 정상적으로 되지 않는다고만 뜨는데 해결 방안이 있을까요,로그인 오류,4.4.0,2026-08-05,4,https://apps.apple.com/kr/app/id1535886772
10289447649,5,2023-08-22T23:18:29-07:00,알람은 오는데 계속 로딩 중이에요,앱이 안켜져요.,4.4.0,2026-08-05,4,https://apps.apple.com/kr/app/id1535886772
10272889035,3,2023-08-18T09:05:12-07:00,"하트 좋아요 누른거 한번에 볼 수 있는 목록이 필요합니다.
좋아요 한 소셜링이나 클럽들을 한번에 볼 수 없는게 불편합니다.",하트 좋아요 누른거 한번에 볼 수 있는 목록이 필요합니다.,4.4.0,2026-08-05,4,https://apps.apple.com/kr/app/id1535886772
10262357540,1,2023-08-15T16:01:14-07:00,"정확한 사유와 자료를 주지않고, 억울하게 정지당하이런앱 그냥 안쓰겠음 얌얌으로 계속 활동 했지만 또라이 한명 만나서 ㅋㅋㅋ온라인에 다 퍼트려야지 ㅋㅋㅋ",정교활동 안했는데 신고당해서 정지먹음,4.4.0,2026-08-05,4,https://apps.apple.com/kr/app/id1535886772
10253596388,3,2023-08-13T09:47:40-07:00,어제 처음으로 다운 받아서 모임 승인까지 받고 채팅방 들어가려고 하니까 계속 로딩 되다가 갑자기 채팅방 정보를 불러 올 수 없습니다 라는 문구가 떠서 사람들과 소통을 할 수가 없습니다,채팅방 에러,4.3.2,2026-08-05,4,https://apps.apple.com/kr/app/id1535886772
10250544169,5,2023-08-12T14:01:29-07:00,새로운 사람들을 만날 기회가 없었는데 덕분에 즐거운 경험했어요! 열심히 준비하시고 고생하신 흔적이 보였습니다😊 여름 휴가의 시작을 기분 좋게 마무리해요! 앞으로도 이런 파티 많이 열어주세요:),새로운 사람들을 만나는 즐거운 경험이었어요:),4.3.2,2026-08-05,4,https://apps.apple.com/kr/app/id1535886772
10210089732,5,2023-08-01T23:13:15-07:00,불량한 사용자도 있네요. 외부 채팅방으로 유인하더니 수십만원 가격표를 던집니다. 몇만원 활동비는 그럴지라도 정식 학생 수업료를 내라고 주장해서 나왔습니다. 이런 행동은 무료라고 걸어놓고 사람들을 끌어 모은 다음 행한 것입니다. 불량 사용자들 필터링이 어느정도 필요한 것 같네요.,앱 자체는 최고인데,4.3.2,2026-08-05,4,https://apps.apple.com/kr/app/id1535886772
10203427341,5,2023-07-31T06:25:21-07:00,문토를 통해서 스케이트보드 체험도너무좋았고 새로운사람들과 즐겁게 놀수있어서 재밌는시간이었습니다!!!,문토 너무좋아요,4.3.1,2026-08-05,4,https://apps.apple.com/kr/app/id1535886772
10203182678,5,2023-07-31T05:13:48-07:00,관계성을 회복하고 함께 어울리며 자기계발도 하며 즐길 수 있는 어플,든든한 친구,4.3.1,2026-08-05,4,https://apps.apple.com/kr/app/id1535886772
10201891624,5,2023-07-30T21:13:35-07:00,심심할때 둘러보고 끌리는 모임 참석하기 좋음 ㅎ,잼서요,4.3.1,2026-08-05,4,https://apps.apple.com/kr/app/id1535886772
10198784745,5,2023-07-30T02:21:51-07:00,따분한 일상 소소하게 취향 맞는 사람과 함께할 수 있어서 좋았습니다:),심심해?,4.3.1,2026-08-05,4,https://apps.apple.com/kr/app/id1535886772
10198407272,4,2023-07-29T23:54:32-07:00,"소셜링 테마가 다채로워요
앱 개발팀 피드백이 빨라요",신기하고 재밌는 소셜링이 많아요,4.3.1,2026-08-05,4,https://apps.apple.com/kr/app/id1535886772
10194567956,1,2023-07-29T01:07:19-07:00,엄연히 돈 냈는데 역갑질 당해서 기분 나빠서 신고하고 탈퇴했습니다. 돈내고 눈치봐야하는 기이한 구조.,인기소셜링은 참가자가 호스트 눈치 봐야하고,4.3.1,2026-08-05,5,https://apps.apple.com/kr/app/id1535886772
10190085774,5,2023-07-27T20:34:17-07:00,새로운 사람 만나는것도 좋고 잘 개발한것같아요-!,좋아요,4.3.1,2026-08-05,5,https://apps.apple.com/kr/app/id1535886772
10172341734,5,2023-07-23T03:30:11-07:00,멀리 천안에서 오신 분과 다시 만난 분이 계셔서 마음 편하게 보드게임을 즐겼습니다. 앞으로도 자주 참여하고 싶습니다.,보드게임 모임 후기,4.2.3,2026-08-05,5,https://apps.apple.com/kr/app/id1535886772
10171211854,5,2023-07-22T19:35:07-07:00,"오랜만에 뜻깊은 시간 가졌어요
좋은분들 정말 많이 만났습니다!!",동대문하우스 퇴근 후 맥주모임,4.2.3,2026-08-05,5,https://apps.apple.com/kr/app/id1535886772
10165429075,5,2023-07-21T07:02:18-07:00,"하루하루 무료하게보내던 어느날 지인의 추천으로 문토라는 앱을 접하게 되었는데 여기서는 동아리들도 많거 좋은사람들과의 추억을 만들수 있었던 거 같습니다
지역마다 동아리가 적은곳도 있고 많은곳도 있어서 같이
즐기기엔 이만한 앱이 없는것 같아요
앞으로도 더 많은 발전이 있을 문토를 기대하고 또 응원합니다!!",문토를 알게 되어서 너무 좋습니다!!,4.2.3,2026-08-05,5,https://apps.apple.com/kr/app/id1535886772
10164532850,5,2023-07-21T01:52:11-07:00,"요즘 새로운 사람을 만나면서 인사이트도 나누고, 추억을 쌓고 싶었는데 문토를 만나고 나서 그 꿈을 이루고 있어요✨",돈보다 경험을 좋아하는 사람에게 추천!,4.2.3,2026-08-05,5,https://apps.apple.com/kr/app/id1535886772
10164443892,5,2023-07-21T01:15:51-07:00,서울에서 모임이 많고 지방은 가끔가다 있긴하지만 정말 취향에 맞는 사람끼리 모여서 놀기 좋은 어플이에요 추천합니다,모임가기도 좋고 열기도 너무 좋은 어플이에요,4.2.3,2026-08-05,5,https://apps.apple.com/kr/app/id1535886772
10163826117,5,2023-07-20T20:59:43-07:00,"처음에는 문토가뭐지? 했는데 창의적이고 
새로운 소셜링이 많아서 놀랐어요
다른 sns들의 장점을 다 모아놓은거같아요
소셜링으로 n잡하고 싶은 수요까지 잡았네용",Mz취향저격,4.2.3,2026-08-05,5,https://apps.apple.com/kr/app/id1535886772
10161707990,1,2023-07-20T07:37:51-07:00,"35세 이상은 가입 금지 시켜야 함. 어차피 앱 들어가도 죄다 35세 미만만 참여 가능. 
앱 유저가 20대와 30대 초반으로 활성화 된 이상 35세 이상은 차라리 가입 안받는게 나음. 
30대 중후반, 40대 이상은 활동 할 곳이 단 한군데도 없음.",35세 이상은 가입 금지 시켜야 함,4.2.3,2026-08-05,5,https://apps.apple.com/kr/app/id1535886772
10161288405,4,2023-07-20T05:28:23-07:00,여러가지 주제와 다양한 형태의 모임으로 충분히 골라 참여할 수 있어서 좋아요,새로운 사람을 만나기 좋은것같습니다,4.2.3,2026-08-05,5,https://apps.apple.com/kr/app/id1535886772
10159810189,5,2023-07-19T19:50:34-07:00,어릴적 동아리 활동을 하는것 같고 관심있던 분야를 새로 배우고 알게 되어 매우 만족합니다.,어릴적 동아리 활동 같아요!,4.2.3,2026-08-05,5,https://apps.apple.com/kr/app/id1535886772
10159748776,5,2023-07-19T19:27:52-07:00,새로운 사람과 만나 다양한 경험을 할 수 있어서 좋아요!,함께하는 기쁨,4.2.3,2026-08-05,5,https://apps.apple.com/kr/app/id1535886772
10157164564,5,2023-07-19T03:27:14-07:00,좁디좁은 인간관계를 유지중이지만 관심사와 취미는 넓디넓은 나에게 안성맞춤인 소셜링 앱. 카테고리도 많고 내가 직접 소셜링을 열 수도 있어서 아주 유용해요. 1회성 모임이 기본이라 부담이 없고 또 맘에 드는 소셜링은 클럽에 가입해서 주기적으로 참여도 가능하고 제일 좋은 점은 매너온도가 있어서 의도가 불순한 사람들을 어느정도 거를 수 있다는 점! 지인들에게도 적극 추천하고 있어요~,주말엔 문토하는 재미로 사는중~,4.2.3,2026-08-05,5,https://apps.apple.com/kr/app/id1535886772
10153466496,4,2023-07-18T03:12:23-07:00,"아직 버그가 살짝 많지만 
카테고리 분류가 잘 되어 이용하기 편합니다 

계속 업데이트를 진행하고 계신 것 같아 감사합니다",문토 앱 리뷰,4.2.1,2026-08-05,5,https://apps.apple.com/kr/app/id1535886772
10153115837,5,2023-07-18T00:41:58-07:00,가끔 앱이 오류가 날때도 있는데 대체로는 잘되요. 취향이 맞는 친구들을 만날수 있는 창구가 되서 좋고 다만 요즘은 너무 데이팅 위주의 모임들만 많아져서 아쉽습니다. 단발성으로 오늘 이거하면서 놀고싶은데 같이할 친구찾아요! 이럴때 아주 유용해요. 이런 문토만의 분위기가 변하지 않길 바랍니다,괜찮아요,4.2.1,2026-08-05,5,https://apps.apple.com/kr/app/id1535886772
10152668177,5,2023-07-17T21:18:14-07:00,"서로 같은 취미를 가지고 있는 사람들끼리 취미공유하며 재미있는 시간보냈습니다
문토 최고!!","같은 취미, 새로운 사람들",4.2.1,2026-08-05,5,https://apps.apple.com/kr/app/id1535886772
10149184157,5,2023-07-16T22:28:24-07:00,"내가 원하는 날짜에 자율적으로 참여할 수 있어서 자주 찾게됩니다. 다만, 개인 호스트가 아닌 사업장 혹은 연관 되있는 분이라면 명시해주셨으면 좋겠습니다.",자율적인 공간,4.2.0,2026-08-05,5,https://apps.apple.com/kr/app/id1535886772
10148844731,5,2023-07-16T19:58:49-07:00,"글 작성할때 커서나 드래그, 지우기 등이 안됩니다. 확인해주세요",글작성 오류,4.2.0,2026-08-05,5,https://apps.apple.com/kr/app/id1535886772
10148800588,5,2023-07-16T19:40:25-07:00,"안녕하세요. 만들고 싶은 클럽이 있는데, 한 회원당 하나만 가능해서 못하고 있습니다. 인당 세개의 클럽으로 제한하는 방법은 어려울까요?",클럽 만들기 횟수 추가,4.2.0,2026-08-05,5,https://apps.apple.com/kr/app/id1535886772
10148312819,5,2023-07-16T16:08:49-07:00,같은 취향을 가진 사람들과 함께 할 수 있어서 좋아요!,추천합니다,4.2.0,2026-08-05,5,https://apps.apple.com/kr/app/id1535886772
10146465910,5,2023-07-16T04:49:12-07:00,"지난 3년 정도 아주 잘 즐기고 있습니다. 정기적으로 만나는 동호회나 소모임도 아주 좋지만, 이외에 뭔가 색다른 걸 해보고싶고 새로운 사람들을 만나보고 싶을때, 갑자기 일정이 비었을 때 문토를 이용하고 있어요. 주변에 문토에서 만나서 친구가 된 사람, 연애한 사람들도 정말 많고, 아예 결혼해서 벌써 애기 있는 분들도 있어요. 그만큼 믿을만한 사람들이 많은 플랫폼으로서 잘 굴러가고 있다는 뜻이겠죠? 연령대도 203040 딱 적당하고, 여러 호스트분들이 책임지고 호스팅 해주시는데다가 이용자끼리는 서로 리뷰까지 가능하니까 진짜 비매너 이용자는 바로 걸러져서 좋더라구요. 최근 급격하게 유료화가 많아지고 비싸진 거 이외에는 전반적으로 만족합니다. 검색필터가 조금씩 세분화되고 있던데 금액 검색필터도 생기면 좋겠네요.",내 일정에 맞춰서 언제든 누구든 무엇이든!,4.2.0,2026-08-05,5,https://apps.apple.com/kr/app/id1535886772
10146181728,5,2023-07-16T02:55:24-07:00,"다양한 사람들과 다양한 활동을 할 수 있는 앱이예요.
상당히 편리하게 사용할 수 있고, 모임이나 클럽 등 다양한 기능이 있어서 좋아요. 오랫동안 애용하는 앱 서비스입니다!","요즘 가장 많이 사용하는 앱, 문토",4.2.0,2026-08-05,5,https://apps.apple.com/kr/app/id1535886772
10145868424,5,2023-07-16T00:43:51-07:00,다양한 사람들 만나고 좋네요~!,재밌어요~!,4.2.0,2026-08-05,5,https://apps.apple.com/kr/app/id1535886772
10145412787,5,2023-07-15T21:19:54-07:00,"취향저격할 만 한 다양한 소셜링이 많아서 보는 재미가 있고 , 뭔가 다른 앱들과는 뭔가 다르게 투명하고 건강한 요즘 세대들을 느낄 수 있는 앱인것 같아요!",다양한 소셜링~,4.2.0,2026-08-05,5,https://apps.apple.com/kr/app/id1535886772
10145148226,1,2023-07-15T19:26:39-07:00,왜냐면 연령제한이 대부분이기 때문임.,35세 이하만 사용하게 되어있음,4.2.0,2026-08-05,5,https://apps.apple.com/kr/app/id1535886772
10142537253,5,2023-07-15T02:49:29-07:00,평소에 보드게임 하고 싶었는데 여기에서 해보니 너무 좋았어요!! 모임 찾으시는 분들 추천이요😊,좋아요,4.2.0,2026-08-05,5,https://apps.apple.com/kr/app/id1535886772
10142314259,5,2023-07-15T01:17:09-07:00,관심사 다양하고 무료고 필터도 많아서 좋은데 주 모임지가 서울쪽이라 아쉽,무료 취향 모임 어플,4.2.0,2026-08-05,5,https://apps.apple.com/kr/app/id1535886772
10141856962,5,2023-07-14T21:58:52-07:00,평소 도전하고 싶었던 활동을 뜻 맞는 사람들과 함께 할 수 있어서 매우 유익한 어플입니다. 계속 사용할꺼 같네요.,혼자 못했던것을 뜻 맞는 사람과 함께,4.2.0,2026-08-05,5,https://apps.apple.com/kr/app/id1535886772
10141450269,4,2023-07-14T19:08:34-07:00,"UX적으로 깔끔해서 복잡한 절차가 필요하지 않아요
더 활성화 되어서 선택지가 많아지면 좋겠네요",다양한 경험을 여러 사람들과 해볼 수 있어요,4.2.0,2026-08-05,5,https://apps.apple.com/kr/app/id1535886772
10137619111,5,2023-07-13T18:24:25-07:00,친구 추천으로 문토 시작했는데 괜찮은 모임 어플이라 생각해요. 취향에 맞게 모임 나갈수 있고 좋은 사람들 많이 만날수 있으니 추천합니다,친구추천,4.2.0,2026-08-05,5,https://apps.apple.com/kr/app/id1535886772
10135847860,5,2023-07-13T07:05:39-07:00,"관련 직무 뿐 아니라 다양한 분야에서 심도깊게 이해할수 있어서 참좋아요 :)
그리고 즐거운 소셜링도 하다보면 정말 다양한 사람들을 만날수 있답니다!",직장인 프리랜서에게 적합한 앱,4.2.0,2026-08-05,5,https://apps.apple.com/kr/app/id1535886772
10133727789,4,2023-07-12T16:54:17-07:00,"본인이 원하는 모임을 카테고리별로 검색할 수 있어서 
성향이 비슷한 사람끼리 만날 수 있어요
일자별로도 검색이 가능해서 원하는 시간대 모임도
찾아볼 수 있어서 좋아요!",취향따라 모임을 가질 수 있어요,4.2.0,2026-08-05,5,https://apps.apple.com/kr/app/id1535886772
10132120749,5,2023-07-12T06:57:06-07:00,이 어플로 인해 동내에서 친규 사귀는 물론 내가 혼자 하던 취미생활까지 같이 어울릴수 있어 좋은것 같네요.,찾았다…문토..,4.2.0,2026-08-05,5,https://apps.apple.com/kr/app/id1535886772
10131920938,5,2023-07-12T05:54:54-07:00,문토를 통해 다양한 분들 만나고 다양한 경험을 하니 너무 흥미로웠습니다,문토,4.2.0,2026-08-05,5,https://apps.apple.com/kr/app/id1535886772
10131216406,5,2023-07-12T01:26:12-07:00,1년 넘게 꾸준히 사용하고 있어요! 다양한 분야의 사람들을 만날 수 있고 취미활동을 같이 할 수 있는 게 가장 큰 장점같습니다.! 새로운 사람을 만나는 것도 넘 재밌고 같이 이야기하면서 다양한 의견을 들어보기도 해서 좋아요. 다채로운 경험을 할 수 있습니다. 추천합니다.!,취미가 같은 사람을 만날 수 있는 앱,4.2.0,2026-08-05,5,https://apps.apple.com/kr/app/id1535886772
10130650986,5,2023-07-11T21:16:56-07:00,관심있는 취미 같이 하고싶은 사람들끼리 모여서 하고 넘 즐거워용 클래스도 1회성이라 부담없이 할 수 있고요 1년정도 했는데 좋은 친구들 많이 사귀었습니다~~~,모임 앱중에선 젤 좋은듯,4.2.0,2026-08-05,5,https://apps.apple.com/kr/app/id1535886772
10130142109,5,2023-07-11T17:44:44-07:00,"독서모임을 자주 참여하게 되었는데
거기서 성격이나 관심사가 비슷한 사람들을 많이 만나 실제 친구 관계까지 이어졌어요
모임바이 모임이 커서 잘 골라서 참여해보시면
넘 좋은 경험하게 되실거에요!",건전하게 놀기 좋아용,4.2.0,2026-08-05,5,https://apps.apple.com/kr/app/id1535886772
10128213642,5,2023-07-11T05:50:00-07:00,문토에 정말 재밌고 다양한 커뮤니티가 많아요. 소셜링 찾기 최고의 어플입니다!,소셜링 모임은 문토!,4.2.0,2026-08-05,5,https://apps.apple.com/kr/app/id1535886772
10128029447,5,2023-07-11T04:47:22-07:00,친구들과 함께하지 못한 일들 같이 하며 친구 만들기! 짱 좋아요.,문토짱 좋아요,4.2.0,2026-08-05,5,https://apps.apple.com/kr/app/id1535886772
10127525535,5,2023-07-11T01:26:25-07:00,"점점 새로운 사람을 만날 기회가 줄어들고 있었는데 취향이 비슷한 사람들과 모여서 이야기할 수 있어 너무 좋은 앱인 것 같아요~
앞으로도 자주 이용할 것 같아요",모임 어플은 처음인데 너무 좋아요,4.2.0,2026-08-05,5,https://apps.apple.com/kr/app/id1535886772
10127000354,5,2023-07-10T21:34:49-07:00,혼자 즐기기는 심심한 취미를 즐겁게 즐기고 있어요!,온라임모임의 거부감을 깨부숴준 문토,4.2.0,2026-08-05,5,https://apps.apple.com/kr/app/id1535886772
10126930490,5,2023-07-10T21:04:35-07:00,"제목 그대로 내 취향껏 참여할 수 있는 소셜링 어플이예요ㅎㅎ 타 소셜링 어플대비 프로그램도 다양하고, 참가했던 소셜링 호스트 분들도 친절하셨어요ㅎㅎ문화생활이나 소셜링 참가해보고 싶은 분은 이용해보시길 추천드려요ㅎㅎ",취향껏 참여할 수 있는 소셜링,4.2.0,2026-08-05,5,https://apps.apple.com/kr/app/id1535886772
10126192548,4,2023-07-10T15:58:26-07:00,"문토에서 감사일기 쓰기를 시작했습니다. 매일 하루를 되돌아보며 무심코 지나칠 수 있는 순간을 기록하는 시간을 가지면서 의외로 저는 작은 것에도 기뻐할 줄 아는 사람이라는 걸 느꼈습니다. 매번 인스타에 올릴 정도로 재밌는 주말을 보내야 다른 이들과 비슷한 정도의 행복을 갖는 거라고 생각했는데, 감사일기 시작하고 나서는 대외적으로 SNS에 내 행복을 공표하지 않아도 조용하고 차분하게 행복을 느낄 수 있습니다. 감사합니다 문토!!",고마워요 문토,4.2.0,2026-08-05,5,https://apps.apple.com/kr/app/id1535886772
10125041888,5,2023-07-10T08:52:10-07:00,소셜링을 주제별로 다양하게 참여할 수 있는 게 제일 좋은 점 같아요! 그리고 호스트나 게스트의 질이 보장된 어플인 것 같아 애용 중이에요♥️,앱리뷰는 처음 남겨요 ㅋㅋㅋ,4.2.0,2026-08-05,5,https://apps.apple.com/kr/app/id1535886772
10124424648,5,2023-07-10T05:49:05-07:00,"모임 어플 여기저기 찾다가 제일 괜찮아보여서 시작했습니다.
여러 종류의 소셜링이 있어서 골라서 하기 너무 좋고 타 어플 보다는 정리가 잘된 것 같아요.
근데 알림 등 의 오류가 너무 많고 어제부터 갑자기 채팅창도 잘 안돼서ㅠㅠ오류 부분만 잘 개선된다면 좋을 것 같습니다. 좋은 사람들 만나서 덕분에 행복하게 지내고 있어요:)",문토 덕분에 이것저것 해보는 중!,4.2.0,2026-08-05,5,https://apps.apple.com/kr/app/id1535886772
10124027430,4,2023-07-10T03:24:32-07:00,"생각보다 호스팅이 어렵지 않아요.
정말 다양한 소셜링/챌린지가 열려서 사람 만나는 거 좋아하는 분글 사용하기 좋을듯요.
다만 채팅방에 더 많은 기능이 제공되면 좋겠어요.
음악 같은 거 공유하고 싶은데 어렵네요",비슷한 관심사 가진 사람들 만날 수 있는 곳,4.2.0,2026-08-05,5,https://apps.apple.com/kr/app/id1535886772
10123875370,5,2023-07-10T02:21:06-07:00,"새로운 친구도 사귀고 싶고
다양한 경험을 하고 싶은데
점점 사람을 만날 계기도, 같이 무언갈 할 친구를 구하기도 어렵더라고요
저의 외로운 서울 생활의 만족도를 높여준 어플 입니다!",새로운 사람 만나기도 새로운 취미 갖기도 좋은 거 같아요,4.2.0,2026-08-05,5,https://apps.apple.com/kr/app/id1535886772
10123766453,5,2023-07-10T01:34:35-07:00,소셜링 모임 처음 해봤는데 신기하고 재밌어요 만족합니다!,좋네요,4.2.0,2026-08-05,5,https://apps.apple.com/kr/app/id1535886772
10123714085,4,2023-07-10T01:11:29-07:00,문토 어플로 다양한 사람들을 만나 취향을 공유할 수 있었습니다! 정말 다양항 취미가 많아 다양하게 경험해 볼 수 있고 호스트로 활동할 수도 있어서 재능 발현에 좋은 장이라고 생각합니다:)!,문토 앱 추천합니다!,4.2.0,2026-08-05,5,https://apps.apple.com/kr/app/id1535886772
10123665437,4,2023-07-10T00:49:39-07:00,다양한 취미를 만들어 주셔서 감사합니다 앞으로도 자주 참여하면서 다양한 취미생활 만들어가겠습니다,다양한취미,4.2.0,2026-08-05,5,https://apps.apple.com/kr/app/id1535886772
10123286458,5,2023-07-09T21:54:08-07:00,"소모임쓰다가 넘어왔는데 훨씬 좋은 것 같아요~
소셜링과 클럽이 나눠져있는 것도 좋고
같은 취향끼리 만나서 취미를 공유할 수 있어서 좋습니다!",좋아요!,4.2.0,2026-08-05,6,https://apps.apple.com/kr/app/id1535886772
10123022249,5,2023-07-09T19:54:21-07:00,"문토 라는 앱이 있어서 다양한 걸 경험하고
새로운 사람을 만날 수 있었습니다 ~!",좋은 경험 할 수 있었어요 덕분에,4.2.0,2026-08-05,6,https://apps.apple.com/kr/app/id1535886772
10122680020,4,2023-07-09T17:24:31-07:00,덕분에 다채로운 삶을 즐기고 있어요 !,추천합니당,4.2.0,2026-08-05,6,https://apps.apple.com/kr/app/id1535886772
10121566087,5,2023-07-09T09:40:58-07:00,"이용하는 사람들이 많아서 활성화가 잘 되어있고 정말 취미를 즐기기위해 모이는 사람들이 대부분이라 취지에 잘 맞는 앱인 거 같아요!
이것저것 다 깔아봤는데 제일 잘 활용하고 있어요🙌🏻",소모임 앱 중에 제일 좋아요,4.2.0,2026-08-05,6,https://apps.apple.com/kr/app/id1535886772
10120993365,5,2023-07-09T06:37:36-07:00,"사용했던 소셜링 서비스 중 가장 ‘취향공유’라는 목적에 맞는 어플이예요. 소셜링이 흔히 이성목적 소개팅처럼 변질되는 경우가 많은데, 문토는 정말 취미를 함께할 친구들을 만날 수 있어서 너무 좋아요.",사용했던 소셜링 서비스 중 가장 ‘취향공유’라는 목적에 맞는 어플이예요.,4.2.0,2026-08-05,6,https://apps.apple.com/kr/app/id1535886772
10120768149,5,2023-07-09T05:21:41-07:00,제 주말 돌려주새요!,문토덕분에 주말이 알차내요!,4.2.0,2026-08-05,6,https://apps.apple.com/kr/app/id1535886772
10120453213,5,2023-07-09T03:17:04-07:00,앱 리뷰입니다 어플좋아용 ㅎㅎ 소모임보다 깔끔한 느낌입니다,어플 좋아용,4.2.0,2026-08-05,6,https://apps.apple.com/kr/app/id1535886772
10120118635,5,2023-07-09T00:56:58-07:00,"문토 덕분에 매일 매일 새로운 사람을 만나고, 새로운 사람들을 통해 새로운 인사이트를 깨달을 수 있어서 너무 좋아요. 어플도 사용하기 편하고 직관적인데, CS도 빠르고 좋아서 저는 문토 플랫폼에 정착해버렸어요 :)",문토 덕분에,4.2.0,2026-08-05,6,https://apps.apple.com/kr/app/id1535886772
10117821150,4,2023-07-08T08:53:13-07:00,문토를 통해 취미나 취향이 맞는 사람들과 좋은 시간도 나눌수 있고 서로 좋은 영향을 줄수있어 좋은거 같습니다,취미가 맞는 새로운 사람을 만날수 있어요,4.2.0,2026-08-05,6,https://apps.apple.com/kr/app/id1535886772
10117562050,5,2023-07-08T07:32:28-07:00,"문토 덕에 좋은 사람 알게 되고 
꾸준히 나갈 수 있는 모임도 생겼네요.
감사합니다.",잘 쓰고 있습니다.,4.2.0,2026-08-05,6,https://apps.apple.com/kr/app/id1535886772
10116944661,5,2023-07-08T04:02:08-07:00,다른 모임 앱들은 뭔가 촌스러운 디자인인데 문토는 UI가 깔끔해서 좋네요 자꾸 손이 가는 앱입니당 덕분에 모임도 잘 했어요!,문토앱 좋아요!,4.2.0,2026-08-05,6,https://apps.apple.com/kr/app/id1535886772
10116870138,5,2023-07-08T03:32:05-07:00,"소셜링으로 하고싶은 취미생활도 즐길수있고, 좋은 사람도 새로 알게 되어서 넘 유용한 앱인것같아요!",좋아요!,4.2.0,2026-08-05,6,https://apps.apple.com/kr/app/id1535886772
10116480294,5,2023-07-08T00:47:42-07:00,혼자 운동하면 재미가 덜한데 같이 할 사람 구하기도 쉽고 좋네요,운동메이트 만들기 좋은 앱,4.2.0,2026-08-05,6,https://apps.apple.com/kr/app/id1535886772
10116464188,5,2023-07-08T00:40:42-07:00,같은 관심사를 가진 사람들끼리 모여서 취미를 공유하니 너무나 즐겁네요~~앞으로도 자주 이용할게요,취미를 공유할수 있어서 좋아요 ㅎㅎ,4.2.0,2026-08-05,6,https://apps.apple.com/kr/app/id1535886772
10115520710,4,2023-07-07T17:52:43-07:00,앱 통해서 좋은 분들 많이 만나는 것 같아요 추천추천,다양한 분들 만날 수 있어서 너무 좋아요,4.2.0,2026-08-05,6,https://apps.apple.com/kr/app/id1535886772
10115048752,5,2023-07-07T14:23:48-07:00,"올해 1월달에 가입해서 친목 모임, 운동, 걷기 등 다양한 소셜링에 참여 했습니다. 친해져서 친구랑도 안갔던 제주도 여행도 가게 되고 직접 소셜링을 또 개설하면서 다양한 사람들을 만나고 챙기며 소극적이고 낯가리던 제 성격도 많이 활발해진 것 같아 제 스스로의 변화도 있어 만족합니다! 부업으로 삼는 경우도 많이 있다만 새로운 사람을 만나고 좋은 사람들과 어울리는 것 자체로도 충분한 의미를 가지고 앞으로도 꾸준히 참여할 것 같네요~ 추천합니다:)👍👍👍",문토와 벌써 6개월째,4.2.0,2026-08-05,6,https://apps.apple.com/kr/app/id1535886772
10113720376,5,2023-07-07T06:32:01-07:00,"집-회사만 반복하다가 문토를 알게되어서
빨리 퇴근하고 야등 갈 생각에 삶이 활기차졌어요!
등산뿐만 아니라 전시회, 영화, 소개팅, 스케이트, 등등 다양한 활동들을 즐길 수 있습니다😍",문토로 등산다니는 재미에 푹 빠져있어요,4.2.0,2026-08-05,6,https://apps.apple.com/kr/app/id1535886772
10113709335,1,2023-07-07T06:28:35-07:00,제대로 안내 안해줌 ㅡㅡ,4일전 환불...,4.2.0,2026-08-05,6,https://apps.apple.com/kr/app/id1535886772
10113654627,5,2023-07-07T06:11:06-07:00,"새로운 사람들과 같은 관심사,취미를 즐길 수 있어 좋아요:)",새로운 사람들과 취미를 함께할 수 있어 좋아요:),4.2.0,2026-08-05,6,https://apps.apple.com/kr/app/id1535886772
10113232779,4,2023-07-07T03:39:33-07:00,"문토를 통해 새로운 사람들도 만나고 운동동아리를 하고 있어요 !!동아리에 대해 고민이라면 문토앱을 추천합니다.!!
매주 모임도 가능하고 한번만 일시적으로 참여도 가능합니다. 다만 가끔 앱에서 오류가나는 점이 조금아쉽지만 이건 고객센터로 연락드리면 개선을 해주시더라고요!!👍",문토솔직리뷰❣️,4.2.0,2026-08-05,6,https://apps.apple.com/kr/app/id1535886772
10113157889,5,2023-07-07T03:08:35-07:00,저의 취미를 함께 할 수 있는 사람을 쉽게 만날 수 있어서 삶이 좀 더 재밌어졌어요. 다만 지금 시간 여유가 많이 없는 이 때에 알아서 ㅠ 좀 더 일찍 알았으면 좋았을 것을.. 내년에는 더욱 많이 이용할 생각입니다!,이런 플랫폼을 이제 알다니…,4.2.0,2026-08-05,6,https://apps.apple.com/kr/app/id1535886772
10113136313,5,2023-07-07T02:59:36-07:00,"동네모임 열고 싶다 마음 먹고선 주변에서 문토 추천해줘서 설치한 뒤 클럽 만들고, 벌써 소셜링도 n번째 오픈중이에요. 덕분에 새로운 동네친구 재밌게 만들고 있습니다 ㅎㅎ",정말 잘 사용중이에요 최고ㅎㅎㅎ,4.2.0,2026-08-05,6,https://apps.apple.com/kr/app/id1535886772
10113004469,5,2023-07-07T02:02:07-07:00,"회사에서 여러가지 하고 싶었던 것들을
문토에서나마 할 수 있어서 넘나 좋아요💓
여러가지 경험해보기도 좋구 ㅎㅎ
감사합니당 문토 !",넘 좋아요.. 문토를 통해 다양한 활동을 하고 있습니다:),4.2.0,2026-08-05,6,https://apps.apple.com/kr/app/id1535886772
10112953330,5,2023-07-07T01:39:27-07:00,"취향과 마음이 맞는 사람를 만나는게 요즘 너무 어려운 데 문토에서 자신이 좋아하는 소셜링도 참가하면서 결
이 맞는 사람들을 만날 수 있어서 좋습니다!",마음이 맞는 사람들을 많이 만날 수 있는 곳,4.2.0,2026-08-05,6,https://apps.apple.com/kr/app/id1535886772
10112947272,5,2023-07-07T01:36:41-07:00,"작년에 취업하고 서울에서 첫 자취 시작하면서
매주 주말마다, 또 평일 저녁마다 너무 외롭고 심심해서 깔아봤어요
결론은 찐친 단톡방 와르르 생김😍 여성 유저로서 모르는 사람이랑 하루 노는 것에 대한 부담이 컸는데 오는 사람들 다 나같은 사람들...ㅋㅋㅋ 다 걱정 잔뜩 하고 왔다가 카톡방 파고 아침에 헤어집니다 ,,, 이젠 친구 많이 생겨서 드문드문 특별한거 해보고 싶을때 한 번씩 방문함. 특이한 소셜링이 많아지는 것 같아서 좋아용 추천 ~!~!!~!",취업하고 친구 없을때 강추 !!! 찐친 와르르 생겨요,4.2.0,2026-08-05,6,https://apps.apple.com/kr/app/id1535886772
10112673985,4,2023-07-06T23:32:14-07:00,"문토 어플 추천해서 다운받았었는데 한동안 까먹고있었는데,,😂 주말에 나가고는 싶은데 약속이 없어서 뭐할지 고민하다가 문득 생각나서 구경해보다가 소셜링? 몇 번 참여해봤는데 다양한 사람들 만나서 대화도 하고 취미도 즐기고 좋았어요 〰 추천합니당 !!",문토를 통해 다양항 경험을 !,4.2.0,2026-08-05,6,https://apps.apple.com/kr/app/id1535886772
10079974906,5,2023-06-27T19:28:48-07:00,유료화 됐네요ㅠㅠ 근데 이상한 애들은 절대 돈내고는 안나옴~ 차라리 잘됐다,사람들이 좋아요,4.1.0,2026-08-05,6,https://apps.apple.com/kr/app/id1535886772
10078157615,1,2023-06-27T07:28:22-07:00,앱을 잘 만들어야죠. 인증번호 안와요. 인증이 안되니 사용도 못하잖아요.  개발하고 검증없이 출시했나봐요. 알바라도 쓰시지. 시간만 버렸네 바보.  리뷰에 별명은 모니…ㅎㅎ,인증번호 안와요,4.1.0,2026-08-05,6,https://apps.apple.com/kr/app/id1535886772
10076956367,5,2023-06-26T23:43:51-07:00,1년 넘게 문토 쓰면서 노쇼가 제일 싫었는데 .. 유료화 되어서 이제 노쇼멤버를 만날 위험성이 줄겠군요,1년째 잘 쓰고 있어요!,4.1.0,2026-08-05,6,https://apps.apple.com/kr/app/id1535886772
10076449493,5,2023-06-26T19:53:05-07:00,필터가 더 세분화 되었으면 좋겠어요~ 문토 화이팅!,추천,4.1.0,2026-08-05,6,https://apps.apple.com/kr/app/id1535886772
10076432838,5,2023-06-26T19:46:00-07:00,이상한 사람들 별로 없고 순수한 목적으로 취미 모임하려는 사람들이 많아서 좋음. 앞으로도 변질되지 말고 이렇게 관리되었으면..,건강한 모임어플,4.1.0,2026-08-05,6,https://apps.apple.com/kr/app/id1535886772
10073361189,5,2023-06-25T23:02:16-07:00,친구라고 다 취미가 같을 순 없는데 그래서 전 혼자서 취미 생활 하는 게 아쉬웠는데.. 진짜 제가 원하던 어플이예요. 문토 덕분에 저랑 관심사가 똑같은 사람들을 만나서 더없이 좋습니다!!,진짜 제가 원했던 앱👍🏻,4.1.0,2026-08-05,6,https://apps.apple.com/kr/app/id1535886772
10073277152,5,2023-06-25T22:19:25-07:00,문토 덕분에 평소엔 하기 어려운 다양한 경험을 할 수 있고 나를 더 잘 알아갈 수 있어서 좋아요!,다양한 경험!,4.1.0,2026-08-05,6,https://apps.apple.com/kr/app/id1535886772
10073254075,5,2023-06-25T22:07:41-07:00,찾아보고 없으면 제가 열면 되니까 딱 맞는 사람들 모으기가 쉬워요. 생각보다 잘모여서 좋음.,모임목적에 맞게 쉽게 모을 수 있음,4.1.0,2026-08-05,6,https://apps.apple.com/kr/app/id1535886772
10073208482,5,2023-06-25T21:45:10-07:00,잘 쓰고 있어요~ 지역이 더 넓어지면 더 좋겠어요~,문토 추천합니다,4.1.0,2026-08-05,6,https://apps.apple.com/kr/app/id1535886772
10073053538,5,2023-06-25T20:29:33-07:00,일상에 활력을 불어 넣어주는 문토 ㅎㅎㅎ 요새 주말만 기다려져요😊,같은 관심사로 만나서 좋아요!,4.1.0,2026-08-05,6,https://apps.apple.com/kr/app/id1535886772
10063867678,5,2023-06-23T05:12:36-07:00,유료모임이지만 퀄리티가 좋고 사람들이 좋아요. 처음엔 걱정했는데 만나보니까 계속 쓰고 싶어요~,좋은 모임이 많아요~,4.1.0,2026-08-05,6,https://apps.apple.com/kr/app/id1535886772
10063361038,1,2023-06-23T01:46:09-07:00,"수익이 목적인 유료소셜링 여시는 호스트분들이 팔로워하거나 쪽지로 참여유도하고 이런게 불쾌해요
좋아요 누른 것도 아니고 인원부족한 상황이면 오라고 참여유도에. 
글을 쓰거나 본인의 방법으로 홍보를 하는게 맞다고 생각합니다 인기있는 호스트분들은 알아서",호스트의 참여유도 불쾌해요,4.1.0,2026-08-05,6,https://apps.apple.com/kr/app/id1535886772
10062698381,5,2023-06-22T20:38:50-07:00,소셜링 재밌어요~! ㅎㅎ,좋아요.,4.1.0,2026-08-05,6,https://apps.apple.com/kr/app/id1535886772
10062597728,5,2023-06-22T19:54:00-07:00,유료 됐다고 이상한 앱이나 오픈채팅 하지말고 문토 추천 ㅜㅜ 역시 모임앱은 신뢰도 있는게 제일 중요함,문토 추천,4.1.0,2026-08-05,6,https://apps.apple.com/kr/app/id1535886772
10062548234,5,2023-06-22T19:32:17-07:00,3900원 부과하니까 노쇼나 먹튀하는 사람들 다 사라졌네요 ㅋㅋㅋㅋ이게 나아요 진짜,확실히 낫네요,4.1.0,2026-08-05,6,https://apps.apple.com/kr/app/id1535886772
10059854762,5,2023-06-22T01:58:02-07:00,친구랑 가려던 전시 친구가 못가게 되어서 당일에 글올렸는데도 같이 볼 사람들 구해서 저녁까지 같이 놈..,당일모임 ssap가능,4.1.0,2026-08-05,6,https://apps.apple.com/kr/app/id1535886772
10059374303,5,2023-06-21T22:21:16-07:00,여러 모임 어플 써보다가 여기에 정착,좋아요,4.1.0,2026-08-05,6,https://apps.apple.com/kr/app/id1535886772
10056034408,5,2023-06-20T23:55:36-07:00,"주말에 심심할때, 약속 없을때 갑자기 나가고 싶을 때 맛있는거 먹으러 갈 사람들 구하기 너무 편해옄ㅋㅋㅋㅋ",굿,4.1.0,2026-08-05,6,https://apps.apple.com/kr/app/id1535886772
10056034417,5,2023-06-20T23:55:36-07:00,이번에 유료화 되면서 전 개인적으로 더 걸러져서 좋네요. 문토는 다른 곳보다 신뢰도가 높아서 믿음직스러워요.,믿을 수 있는 모임어플,4.1.0,2026-08-05,6,https://apps.apple.com/kr/app/id1535886772
10055966871,5,2023-06-20T23:22:30-07:00,"극EEE가 아니더라도 저같이 조용한(?) 사람들도 많이 만날 수 있어서 참 좋아요. 그 많은 사람들 중에 저랑 관심사, 텐션 다 맞는 사람들 만나니까 편해요.",인싸어플인 줄 알았는데,4.1.0,2026-08-05,6,https://apps.apple.com/kr/app/id1535886772
10055836883,5,2023-06-20T22:17:51-07:00,"이것저것 해보고 싶었던거, 준비할 필요도 없이 그냥 참가비 내고 도전해볼 수 있으니까 너무 편하고 좋아요. 첨부터 깔끔하게 유료신청하고 나중에 n빵 계산 안해도 되고..",참여만 하면 되니까 좋아요,4.1.0,2026-08-05,6,https://apps.apple.com/kr/app/id1535886772
10055616485,5,2023-06-20T20:30:01-07:00,굿굿 취미 모임 어플 추천,좋아요,4.1.0,2026-08-05,6,https://apps.apple.com/kr/app/id1535886772
10053623179,5,2023-06-20T07:15:25-07:00,물론 사람들이 모이는 곳이니까 이상한 사람을 100% 피해갈 순 없지만.. 그래도 이제 유료화되어서 좀 더 줄어들겠네요.,사람들이 괜찮은 앱,4.1.0,2026-08-05,6,https://apps.apple.com/kr/app/id1535886772
10052927565,5,2023-06-20T02:56:43-07:00,솔직히 어플로 괜찮은 사람들 만날 수 있을지 걱정됐는데 한번 만나보니까 걱정 싹 내려감... 괜찮네요👍🏻,좋아요 👍🏻👍🏻👍🏻,4.1.0,2026-08-05,6,https://apps.apple.com/kr/app/id1535886772
10052885477,5,2023-06-20T02:37:00-07:00,너무 회사랑 집만 반복해서 뭐라도 해야 하나 고민하던 차에 깔아본 앱. 생각보다 사람들 너무 괜찮고 자기계발하기 좋아요.,상경한 사람들에게 특히 추천,4.1.0,2026-08-05,7,https://apps.apple.com/kr/app/id1535886772
10035023654,1,2023-06-14T21:10:01-07:00,"1년 동안 소셜링을 (취소 제외) 약 40개 가량 열었습니다. 현재 클럽 멤버는 100명 이상이고요. 그 동안 무료로 잘 운영해 왔습니다. 추천 클럽에도 선정되어 있고요. 그런데 플렛폼 이용료가 생긴 직후부터 진행된 소셜링이 하나도 없습니다. 인원미달로 전부 취소되었어요. 유료 소셜링을 즐기는 사람만 남고 무료 소셜링을 즐기는 사람들은 점점 사라지고 있다는 의미 아닐까요. 

이런 정책 변경이 게임계에서는 꽤 흔했답니다. 그런데 무료로 혹은 소액으로 즐기던 사람들에게 더 과금하고자 했던 게임들은 결국 고인물만 남게 되는 결과로 이어졌요. 여기도 점차 소수의 유료 호스트와 그 돈을 내고자 하는 몇몇만 남는 고인물 공간으로 변해갈겁니다. 근데 그 정도까지 가면 그 유료 호스트들이 신규유입이 안되는 이 어플을 쓸까요? 

현재 문토 말고 다른 곳을 찾아보고 있습니다. 그 동안 수고하셨어요.",저는 떠납니다.,4.1.0,2026-08-05,7,https://apps.apple.com/kr/app/id1535886772
10016784577,1,2023-06-09T13:55:02-07:00,다름어플쓰는게 나아요,유료화돼서 탈퇴함,4.0.1,2026-08-05,7,https://apps.apple.com/kr/app/id1535886772
10012026530,1,2023-06-08T05:58:46-07:00,"답글로 하나마나한 내용 쓰지마시고
진지하게 플랫폼 이용로 철회 논의 해보세요

지금까지 무료였던걸 갑자기 유료화 하고 
3900원을 받는다?

근데 클럽 소셜링은 한시적 무료?

서비스 정책을 확실하게 정하세요 
쫄리니까 어떤건 유료 어떤건 무료 하지 마시구요

어차피 이럴수록 서비스 이용자만 떠납니다",3900원 아이디어 낸사람 누구냐,4.0.1,2026-08-05,7,https://apps.apple.com/kr/app/id1535886772
9998939894,2,2023-06-04T09:31:52-07:00,"모임 참가할때마다 3900원이라는 수수료가 생겼는데 서울권은 모르겠지만 소셜링 몇개 열리지도 않는 지방권에는 많이 아쉬운 정책입니다 
그 몇개도 사이비가 대부분이고요 무료에다가 일회성 모임인점이 좋았는데 이제 어플 쓸 이유가 없네요 이용료보다 차라리 타앱처럼 좋은 기능 넣고 결제유도하는게 더 솔깃해보여요",플랫폼 이용료가 왜 생긴거죠?,4.0.1,2026-08-05,7,https://apps.apple.com/kr/app/id1535886772
9996503061,2,2023-06-03T17:07:59-07:00,"왜 업데이트가 필수인거죠? 이거 너무 불편해요
아예 앱을 사용못하게 하는 건 아니지 않나요",업데이트 선택사항으로 하면 안되너요??,4.0.1,2026-08-05,7,https://apps.apple.com/kr/app/id1535886772
9992867568,1,2023-06-02T16:24:07-07:00,"퀄리티가 보장 된 모임도 아니고
어떤 사람은 n번째 소셜링으로 퀄리티 좋은 모임을 만들고 누군가는 처음으로 만드는 소셜링을 열게되면 둘간의 차이는 분명 있을거고
이는 자신의 소셜링을 돈내고 와야하는가에 대한 물음표가 찍힐것이고 그 반대도 마찬가지입니다. 
게다가 소셜링이 가장 기본적인 어플의 베이스인데 이는 카톡에서 카톡보낼때마다 돈달라고하는 맥락과 같습니다. 어플의 근간을 이용하기 위해 돈을 요구하는 정신나간 업데이트가 아닌가싶고 하다못해 스터디를 위해 만나야하면 그마저도 돈을 내야한다는건데 돈에 눈이 멀어 신규 유저를 늘릴게 아니라 떠날지말지에 대한 고민을 하던사람에게 온전한 마침표를 찍어주는 기능이네요. 어차피 여기서 백날 떠들어봐야 고쳐지지도 않겠지만 가능한 많은 유저가 떠남으로 인해 롤백됐으면 좋겠네요
정신차리세요",3900이라는 수수료가 대체 왜 필요한가요?,4.0.1,2026-08-05,7,https://apps.apple.com/kr/app/id1535886772
9990707157,1,2023-06-02T03:18:20-07:00,"배달원이 직접 가져다주는
배달비 3천원도 비싸서 아끼는 마당에
인력이 관여하는 것도 없이 무료모임에 3900원 이라니
그동안 유료 모임도 수수료 20% 부과로 과부과 이야기가 있었는데 무료모임까지 근거 없이 수수료 부과하는게
어이가 없네요",문토 수수료 구조 뭔가요?,4.0.1,2026-08-05,7,https://apps.apple.com/kr/app/id1535886772
9974121427,1,2023-05-28T06:29:48-07:00,"종합소득세 원천징수 찍힘. 연말정산 복잡해짐 ㅡㅡ 나는 수수료랑 선입금 받고 이득본것도 없는데 ㅋ 어이가 없어요
—- 
아래 답변보고 덧붙이자면. 개인 톡으로 입금 요구하면신고하라고 써있지 않나요??ㅋㅋ 문토에서 선입금 유도 하는 문구도 그럼 삭제하세요;;",호스트했더니 개인사업소득으로 잡혀서,3.10.1,2026-08-05,7,https://apps.apple.com/kr/app/id1535886772
9970276697,1,2023-05-27T04:06:53-07:00,"호스트있는 모임처럼 퀄리티 있고 관리되는
것도 아닌데 무료모임이 3900이나 내야한다면 문토를 할 이유가 없네여.",무료 모임 참여하는데 왜 3900원 내야하죠?,3.10.1,2026-08-05,7,https://apps.apple.com/kr/app/id1535886772
9905785591,3,2023-05-08T07:30:55-07:00,정상적으로 로그인되지않었다고 계속 에러가 뜹니다 ㅠㅠ,에러,3.9.0,2026-08-05,7,https://apps.apple.com/kr/app/id1535886772
9902232083,2,2023-05-07T06:42:44-07:00,"프로필수정하려고 사진업로드를 누르면 로딩이 안됩니다.. 포스팅도 마찮가지입니다ㅠㅠ 
오류인가요?",아이폰인데 왜 사진 업로드가 안되는걸까요,3.9.0,2026-08-05,7,https://apps.apple.com/kr/app/id1535886772
9901559340,5,2023-05-07T02:34:04-07:00,이전에 기존 카톡으로 가입했었고 얼마전에 다른 아이디로 카톡 가입 후 로그인하려니 로그인이 안됩니다ㅜㅜ 인스타로도 연락 드렸는데 어디로 연락 드려야 하나요..?,카톡 재가입 후 로그인,3.9.0,2026-08-05,7,https://apps.apple.com/kr/app/id1535886772
9891024840,4,2023-05-04T01:52:36-07:00,"노래 추천해주는 클럽 채팅방에 들어갔는데, 시간대 상관 없이 지속적으로 올라오는 채팅 알림이 계속 오니 조금은 피로하다고 느껴져서 결국 나오게 되었어요ㅠㅠ 카카오톡처럼 채팅방마다 알림을 설정 할 수 있는 기능이 있으면 좋을 것 같아요!! 문토 어플 자체 알림을 끄자니 중요한 알림을 놓칠 것 같아 걱정이 되어서요...!",문토 채팅방 알림 설정이 가능했으면 좋겠어요!!,3.8.1,2026-08-05,7,https://apps.apple.com/kr/app/id1535886772
9888242555,4,2023-05-03T06:00:24-07:00,"문토를 유용하게 사용 중인데요, 대체로 만족스럽지만 유료 소셜링 개설시 문토 수수료 20%는 너무 높은 거 아닌가요? 플랫폼 유지 운영을 감안해도 회원들에게 지나친 폭리를 취하는 것이 아닌가 싶어요. 더 활발한 모임 개설을 위해서 수수료를 10% 이하로 해 주시면 좋겠어요.",소셜링 문토 수수료가 너무 높아요.,3.8.1,2026-08-05,7,https://apps.apple.com/kr/app/id1535886772
9868825701,2,2023-04-27T20:54:32-07:00,마음 잡고 친구 사귈려고 어플 했는데…진짜 충격인게 각각 두분을 만났는데 한명은 사이비고 한명은 도를 아십니까 더라고요..이런 종교적인 문제는 어떻게 해결하지 못하는걸까요ㅜㅜ?,종교 문제 어떻게 못하나요..?,3.8.1,2026-08-05,7,https://apps.apple.com/kr/app/id1535886772
9827271117,5,2023-04-16T00:25:10-07:00,Svebrhr,Brbrhr,3.8.1,2026-08-05,7,https://apps.apple.com/kr/app/id1535886772
9819457629,5,2023-04-13T20:30:27-07:00,"비건과 와인이라는 주제로 무겁진 않을까 걱정했는데
다양한게임과 진행자를 통해 편안한 분위기 속에서
중겁게 게임하면서 먹을수 있어서 좋았어요.
비건이라는게 전혀 느껴지지 않게 디저트와 와인이 너무 훌륭했고 오셨던 분들 너무 좋아서 너무 좋은 시간이었 습니다.  애기를 너무 열심히 하느라 디저트를 남겨서 좀 아쉽네영 ㅠㅠ 
디저트가 매번 다르다고 해서 다음에 또 참여 할래요~",너무 좋은 경험 좋은 시간이었어요~,3.8.1,2026-08-05,7,https://apps.apple.com/kr/app/id1535886772
9817062401,5,2023-04-13T04:45:40-07:00,재미있었어요,공간도 예쁘고 아늑하고 호스트님이 성격이 정말 좋아요,3.8.0,2026-08-05,7,https://apps.apple.com/kr/app/id1535886772
9808327816,5,2023-04-10T15:17:15-07:00,"난 사실 미술작품에 무지했다 ㆍ
 친구하고 전시회에 가면 그 그림들을
이해 못해 기념품샵을 전젠하거나 셀카놀이
 하기 바빴다 ㆍ
그러다 문득 저 작품들이 왜 그렇게 
 사랑을 받는건지 또 왜 그렇게 비싼건지
그만큼 인정을 받는건지 궁금해졌다 ㆍ
 적어도 피카소의 그림 이라도 왜 저렇게
이상한 건지 이해하고 싶어져 이 모임의 제목이
 갑자기 내 마음에 꽂혔다 ㆍ
그리고 정말 오래간만에 공부?를 열심히
 한 기분이었고 기대이상의 개관을 얻을수
있었다 ㆍ이제 한발 입문한 느낌 이지만
새로운 문을 여는 아이처럼 희망찬 느낌과
무겁지 않고 쉽게 유쾌하게 설명해주신
문토장님께 무한감사~ 드리고 싶다 ㆍ",피카소와 거장들,3.8.0,2026-08-05,7,https://apps.apple.com/kr/app/id1535886772
9801490117,1,2023-04-08T15:22:27-07:00,"개인정보보호법 위반요지가 너무 다분함. 주의요망 그리고 참여제한도 많아 소셜링 등 각종 참여 불가능 사유 설명도 없음.

1. 참여자 받을 때 개인정보보호법에 따라 성별과 나이 기재를 원할 경우 앱 자체가 아닌 호스트가 연락해서 개인정보 동의서를 받는게 원칙임. 쓸때마다 불안하며 기분이 불쾌함. 익명성 보장이 이미 무너짐

2. 논외 지만 모임 소셜링이하 클럽의 취지가 무엇인지 정확하게 모르겠음. 내용은 많으나 도대체 뭐하자는건지 모를 정도로 명확성이 없음",너무 개인정보 오픈 요구가 심함,3.7.1,2026-08-05,7,https://apps.apple.com/kr/app/id1535886772
9780868077,5,2023-04-02T19:11:33-07:00,제발좀 먹튀한사람 영구정지좀 시켜주세요,"아!!먹튀한사람 영구정지 같은 규정도 없고, 그에 피해자만 늘어나는 어플!!",3.6.0,2026-08-05,7,https://apps.apple.com/kr/app/id1535886772
9728774926,1,2023-03-18T22:23:52-07:00,"챌린지 나가려고 해도 없다고 안나가지고
소셜링 삭제하려고 해도 안되고
당일 취소한 멤버 경고는 어케 주나요
짜증나네요 오류투성이어플",오류 해결,3.4.1,2026-08-05,7,https://apps.apple.com/kr/app/id1535886772
9687377743,4,2023-03-06T20:08:46-07:00,힘들어요,업데이트 그만해주세요,3.4.0,2026-08-05,7,https://apps.apple.com/kr/app/id1535886772
9687238068,1,2023-03-06T19:01:53-07:00,"업데이트흘ㄹㄹㄹ 너오ㅓ어어어무 자주주주주주ㅜ 함

사용자가 이런글 계속 업데이트 하면 좋겠음?",업데이트를 너무 자주함,3.4.0,2026-08-05,7,https://apps.apple.com/kr/app/id1535886772
9674759521,1,2023-03-03T06:45:31-07:00,"신청취소 관련하여 고객센터에 문의하였고 규정상 환불이 안된다고 답변을 주셨습니다.
제가 다른 방안이 있는지 정중히 문의하였으나 고객센터에서 무응답으로 대응하는 곳은 처음보네요.
탈퇴하였고 다시는 이용할 생각없으며 주변에도 추천하고싶지 않습니다.
이 앱은 취소 시에 다시 한 번 확인하는 팝업창 없이 바로 취소되어버리니 저처럼 잘못눌러 생기는 불편함이 없도록 다른 사용자분들께서도 취소하실 때 신중하게 누르셔야 할 것 같습니다.",고객응대 미흡,3.4.0,2026-08-05,7,https://apps.apple.com/kr/app/id1535886772
9660325858,5,2023-02-27T00:40:23-07:00,"혹시 공감을 누가 눌렀는지 확인하고 싶은데, 확인을 위해서 버튼을 길게 누르면 회색 화면이 계속 떠요 해결이 가능할까요?",잘 쓰고 있습니다~,3.3.1,2026-08-05,7,https://apps.apple.com/kr/app/id1535886772
9657196651,5,2023-02-26T03:00:44-07:00,"이미 제가 지역을 부산으로 항상 설정했는데도 불구하고 계속 서울에 있는 클럽이나 소셜링을 추천해주더라고요.. 부산 모임을 들어가서 글을 읽어도 아래 비슷한 모임 추천은 또 서울이고.. 매번 검색창 열고 부산 검색해서 찾아야 하는데 좀 불편합니다
제 위치를 설정한 후 그 위치만 나오게 해주시는 건 어떨까요?",괜찮은데 지방러에게는 좀 불편합니다,3.3.1,2026-08-05,7,https://apps.apple.com/kr/app/id1535886772
9645715559,5,2023-02-22T19:55:31-07:00,친구가 아이폰 유저입니다. 한국으로 설정 다 되어있는데 왜 설치가 안될까요??ㅠㅠ,지원하지 않는 지역이라 다운이 안된다네요 ㅠ,3.3.1,2026-08-05,7,https://apps.apple.com/kr/app/id1535886772
9621660461,3,2023-02-15T16:33:28-07:00,"좀 나이대별로 소셜링 모집할수있게 해주세요.
20대초반인데 앱에서는 저보다 나이가 많으신분들이 대부분이라 껴도 될까 눈치보이고, 나이대 맞는 모임 찾기도 힘듭니다!! 전체적으로 처음 앱에 들어와서 사용을 할때 뭐가뭔지 헤매게되고 불편해요.",앱 너무 좋은데 이것좀 반영해주세요!!!,3.2.1,2026-08-05,7,https://apps.apple.com/kr/app/id1535886772
9616960189,1,2023-02-14T06:17:38-07:00,문토 카톡 안들어가진다고요 ㅡㅡ,문토 카톡 연동 오ㅑ케안도ㅑ요,3.2.1,2026-08-05,7,https://apps.apple.com/kr/app/id1535886772
9616954172,3,2023-02-14T06:15:36-07:00,"업뎃하고 로그인이 안되고 오류가 뜹니다ㅜㅜ
당장 낼 모레 모임이 있는데
연락이 안되서 걱정이네요!! ㅠ",업데이트 후 로그인 오류,3.2.1,2026-08-05,7,https://apps.apple.com/kr/app/id1535886772
9607814698,5,2023-02-11T13:03:45-07:00,"멤버 산행 너무 좋았어요ㅎ 
다음 산도 기대되네요:)",운문산 산행,3.1.1,2026-08-05,7,https://apps.apple.com/kr/app/id1535886772
9603239486,5,2023-02-10T07:27:08-07:00,"무료로 진행되는 상담 모임이 있었는데 
사이비임 
이단 집단을 만날 수 있고 다양한 레파토리가 있다하니 주의해서 사용하길 
그리고 어플에선 어플외 번호나 신상교환이 안되도록 조치하길 
안그러면 어플 자체도 그 집단과 관련있다 생각됨 
그래서 어플 지운다 ㅡㅡ
좋은 마음으로 깔았는데 세상 불신됨",사이비 집단 주의,3.1.1,2026-08-05,7,https://apps.apple.com/kr/app/id1535886772
9566543544,1,2023-01-30T23:44:42-07:00,카톡 문의하기 클릭도 안됨,휴대폰 인증이 안되어서 포기합니다.,3.1.1,2026-08-05,7,https://apps.apple.com/kr/app/id1535886772
9566275616,3,2023-01-30T21:45:52-07:00,프로필 사진 업로드가 안되네요,프로필,3.1.1,2026-08-05,7,https://apps.apple.com/kr/app/id1535886772
9550830131,5,2023-01-26T16:22:49-07:00,"안녕하세요 이번에 다운받아 쓰고있습니다
하트 눌러놓은 모임 따로 모아서 볼수있나요?",하트 모아보기,3.1.1,2026-08-05,7,https://apps.apple.com/kr/app/id1535886772
9548984200,5,2023-01-26T04:28:59-07:00,문토를 통해 반 히키코모리였던 저의 삶이 개벽되었네요,문토 짱!,3.1.1,2026-08-05,7,https://apps.apple.com/kr/app/id1535886772
9548893952,5,2023-01-26T03:56:59-07:00,"매주 새로운 모임이 업로드 돼서 좋고, 같은 취미나 성향을 가진 사람들이 모인다는 취지가 좋은 것 같아요",괜찮은 것 같아요,3.1.1,2026-08-05,7,https://apps.apple.com/kr/app/id1535886772
9542082313,4,2023-01-24T05:07:49-07:00,"검색시
1. 지역의 중복 선택 가능하게 해주세요
2. 액티비티 중복 선택 가능하게 해주세요.",개선사항,3.1.1,2026-08-05,7,https://apps.apple.com/kr/app/id1535886772
9541439699,5,2023-01-24T00:46:20-07:00,혼자서 하기에 접근하기 어려운 취미를 같이 하려니 마음이 편안해용,새로운 취미를 도전하기 좋아요,3.1.1,2026-08-05,7,https://apps.apple.com/kr/app/id1535886772
9540854337,5,2023-01-23T20:07:50-07:00,사람 만나는 어플은 많은데 좋은 사람들 만나기는 쉽지 않자나요? 문토는 뭔가 안전하게 좋은 사람들을 만날 수 있어서 좋아요 ㅎㅎㅎ 감사합니다:),사람이 좋은 어플,3.1.1,2026-08-05,7,https://apps.apple.com/kr/app/id1535886772
9535540927,5,2023-01-22T08:08:35-07:00,외국어 공부나 모임등 다양한 모임들이 장소도 구체적으로 나와있고 승인제 등등 타 어플과 차이점이있어서 너무좋아요! 디자인도 깔끔하고 직관적이여서 이해하기도좋고 눈에도 잘들어옵니다,도움되는 어플이에요 !,3.1.1,2026-08-05,7,https://apps.apple.com/kr/app/id1535886772
9534638878,5,2023-01-22T03:07:29-07:00,"조금 부담스러울 수 있는 만남들을, 취미와 공통되는 점들이 있는 사람들과 만날 수 있게 해주는 어플이 너무 새롭고 신기합니당",너무 새로워요,3.1.1,2026-08-05,7,https://apps.apple.com/kr/app/id1535886772
9530299251,5,2023-01-20T22:54:42-07:00,"소개글에는 남여 다 가능하다고 써놓고
남자가 신청한건 뒷순위로 미뤄놓고
본인포함 3:7성비 되니까 모집마감 됐다고
염병을 해버리네 ㅋㅋㅋㅋ여미새 ㅅㄲ들
생긴건 ㅈ같아서는 으휴 그렇게라도 
여자랑 살아라",여미새 존ㄴㅏ 많네 ㅋㅋㅋㅋ,3.1.1,2026-08-05,7,https://apps.apple.com/kr/app/id1535886772
9527485569,5,2023-01-20T04:22:54-07:00,소셜링 멤버 승인할 수 있는 화면 찾기가 어렵습니다. 승인해달라는 절차를 한 본 더 안내를 해주시면 좋겠어요. 이거 때문에 승인 못하고 소셜링이 최소 인원 미달로 취소되었네요. 좋은 사람들을 만날 수 있었는데 너무 아쉽습니다.,좋지만 아쉬운 앱,3.1.1,2026-08-05,7,https://apps.apple.com/kr/app/id1535886772
9525938254,5,2023-01-19T17:07:06-07:00,"문토로 삶이 바뀌었습니다.
필사 , 음악, 사진 , 모임에 참여하며 제 세계를 넓혔고
습관 인증 챌린지를 통해 더 건강한 라이프 스타일 루틴을 
만들게 되었습니다 
더불어 좋은 사람들을 알게 되었네요 ㅎㅎ 
감사합니다 문토🙂",문토로 삶이 바뀌다,3.1.1,2026-08-05,7,https://apps.apple.com/kr/app/id1535886772
9524267370,5,2023-01-19T06:01:01-07:00,다양한 분들과 좋은 경험을 하여 좋았습니다. 시스템도 잘 운영되어 많은 활동을 할 수있고 소셜링과 클럽을 잘 활용하여 일상생활을 알차게 보냅니다! 감사합니다~,좋은 경험하였습니다!,3.1.1,2026-08-05,7,https://apps.apple.com/kr/app/id1535886772
9520184392,1,2023-01-18T02:16:54-07:00,"천지인 쓰는데
문토 어플 내에서만
안녕ㅇ하 ㅅ ㅅ ㅅ 세요 이런식으로 써집니다…",자판이 이상하게 써져요,3.1.1,2026-08-05,7,https://apps.apple.com/kr/app/id1535886772
9519354572,3,2023-01-17T19:49:28-07:00,새로 시작한지 얼마 되지 않았지만 문토를 통해 새로운 좋은 친구르 만났으면 좋겠습니다~~,문토 좋아유~~,3.1.1,2026-08-05,7,https://apps.apple.com/kr/app/id1535886772
9518984470,5,2023-01-17T17:18:26-07:00,"일자별, 지역별, 활동별로 필터 걸어서 나에게 맞는 소모임을 찾을수 있는게 너무 좋았어요.

고르고 골라 첫 모임에 참석했을때의 즐거움을 잊지못해 매일 문토에 들어가서 제게 맞는 소모임을 찾아보고 신청하고 있어요.",다양한 취미와 사람을 만날수 있는 좋은 통로,3.1.1,2026-08-05,8,https://apps.apple.com/kr/app/id1535886772
9513964402,5,2023-01-16T06:55:43-07:00,"작년부터 문토 시작한사람입니다 
모르는 사람들과 만남이라니 처음에는 걱정했지만 다들 좋으신 분들 만나서 재밌게 수다떨고 추억도 생기고 문토 잘 이용하고있어요 문토 안써보신분들은 한번 도전해보세요👍 문토 계속하실꺼에요~",문토모임 재밌습니다^^,3.1.1,2026-08-05,8,https://apps.apple.com/kr/app/id1535886772
9512641546,5,2023-01-15T22:00:22-07:00,이번에 문토를 통해서 나랑 취미와 취향이 비슷한 새로운 사람들을 만나고싶어서 소셜링을 만들어보고 참여도 해봤는데 서로 생각도 공유하고 너무 좋은 시간이였습니다~!!👍 좋은 앱을 만들어주셔서 감사합니다😊 앞으로 많은 사람들이 이용했으면 좋겠어요!!👏👏,취미와 취향이 비슷한 사람을 만날 수 있어서 좋았어요!!,3.1.1,2026-08-05,8,https://apps.apple.com/kr/app/id1535886772
9512554975,5,2023-01-15T21:20:05-07:00,"요즘 여러 취미 공유 어플을 사용했었는데
그 중에 으뜸이더라구요 ㅋㅋㅋ
요즘에 챌린지 기능도 있어서 딱 좋아요",취미 공유 어플중에 최고~~,3.1.1,2026-08-05,8,https://apps.apple.com/kr/app/id1535886772
9511710802,5,2023-01-15T15:18:09-07:00,"코로나 이후 친구를 어디에서 어떻게 만들어야 할지 너무 막막했는데, 그 해답을 여기에서 찾은 것 같아요! 거리,취향이 맞는 친구를 금방금방 찾을 수 있어서 너무 좋네요! 같은 동네가 아니더라도 온라인 상으로 만나서 함께 취미활동을 하거나 자기계발을 할 수 있어 매우 유용합니다!",친구 만들기 좋은 앱!,3.1.1,2026-08-05,8,https://apps.apple.com/kr/app/id1535886772
9511543904,5,2023-01-15T14:02:51-07:00,문토 통해서 원데이클래스 신청했는데 정말 기대됩니다!!그외에도 여러 소모임들 활동도 재밌을거 같아요 감사합니다!!,좋아요👍👍👍,3.1.1,2026-08-05,8,https://apps.apple.com/kr/app/id1535886772
9510761492,5,2023-01-15T09:04:55-07:00,"모임 만들고 참여하기에 좋은 어플입니다
앞으로 편의성에서 더 발전하고 개선되어서 문토가 흥했으면 좋겠습니다",좋아요,3.1.1,2026-08-05,8,https://apps.apple.com/kr/app/id1535886772
9510517058,5,2023-01-15T07:46:29-07:00,"다양한 사람들과 교감하고 나에게 맞는 취미 생활은 찾던중 문토를 통해 원하는 스터디 모임을 하게되었어요~ 
관심갖도있는 곳을 쉽게 찾고 어울릴 수 있는 커뮤니티 공간이라고 생각합니다",추천해요,3.1.1,2026-08-05,8,https://apps.apple.com/kr/app/id1535886772
9510484639,5,2023-01-15T07:36:19-07:00,다양한 커뮤니티가 가능한 앱으로 좋은 정보 얻을 수 있어 추천 드립니다,문토앱,3.1.1,2026-08-05,8,https://apps.apple.com/kr/app/id1535886772
9510484390,5,2023-01-15T07:36:15-07:00,좋은 어플이네요 추천합니다 ^^,소셜링으로 잘 쓰고 있습니다,3.1.1,2026-08-05,8,https://apps.apple.com/kr/app/id1535886772
9510477125,5,2023-01-15T07:34:02-07:00,생각과 취향이 바슷한 사람들을 만날 수 잇으니 많은 대화를 하지 않아도 통하는게 있는것 같아요 좋은 친구를 만날 수 있게 되어 감사합니다,좋아요,3.1.1,2026-08-05,8,https://apps.apple.com/kr/app/id1535886772
9510469507,5,2023-01-15T07:31:39-07:00,관심사가 같은 사람들끼리 소셜링을 하고 소통하며 모일 수 있어서 정말 좋은 거 같아요 :) 취미 활동하시는 분들에게강추합니다!! 👍🏻,관심사가 같은 사람들끼리 모일 수 있어서 좋아요!,3.1.1,2026-08-05,8,https://apps.apple.com/kr/app/id1535886772
9510469173,5,2023-01-15T07:31:33-07:00,"타지로 이사온 후 알고 지내는 동네친구가 없어서 외롭고 쓸쓸했는데 🥲
문토 덕분에 이모저모 도움 받았어요
코로나 시국에 소모임 갖기가 참 어려운데 문토 활용해보면 넘 좋을 것 같아요!",너무 만족스러워요!,3.1.1,2026-08-05,8,https://apps.apple.com/kr/app/id1535886772
9510193891,5,2023-01-15T06:06:42-07:00,"쇼셜링에 참여했는데 인근 친구들도 만들고 관심사가 비슷한 사람들이 모이니 어색함도 없고 좋은경험이였습니다. 
주변 친구들한테도 추천하는 앱이구요 앞으로도 꾸준한 활동으로 많은 사람들 만나고 싶어요 
아직도 앱 다운로드 안받으신분들있으시다면 강추합니다",친구사귀기 좋아요 ^^,3.1.1,2026-08-05,8,https://apps.apple.com/kr/app/id1535886772
9510073628,5,2023-01-15T05:28:17-07:00,러닝이나 다른 취미 활동을 새로운 사람들이랑 할 수 있어서 좋았어요. 앱도 빠르고 편하게 만들어져서 잘 이용했어요!,문토에서 새로운 만남 가질수있어 좋아요.,3.1.1,2026-08-05,8,https://apps.apple.com/kr/app/id1535886772
9508091894,5,2023-01-14T15:59:01-07:00,2번의 소셜링후 지금까지 만남을 갖고 있는 40대예요~ 처음엔 반신반의 했어요. 그렇지만 같은 취향을 주제로 만남들이어서 그런지 꽤 친숙했고 진지했습니다. 그래서 지금은 문토가 하나의 문화가 되어가는게 아닐까란 생각까지 했어요 ㅎㅎ 문토 화이팅입니다~ 앞으로 문토가 만들어 나갈 문화를 기대할게요~,40대도 10대의 감성을 느낄 수 있는 문토,3.1.1,2026-08-05,8,https://apps.apple.com/kr/app/id1535886772
9505843998,5,2023-01-14T02:26:11-07:00,"공통 관심사를 두고 지적인 대화를 할 슈 있을 뿐 아니라 새로운 분야에도 과감히 도전할 수 있도록 접근성이 높습니다 
저와 전혀 다른 탱고를 배워보려 합니다 !",참 좋은앱 :),3.1.1,2026-08-05,8,https://apps.apple.com/kr/app/id1535886772
9505370465,5,2023-01-13T23:05:58-07:00,새해 맞이 글쓰기 모임을 찾고 있었는데 문토에서 딱 맞는 모임을 찾을 수 있었어요.,문토에서 원하는 모임을 찾을 수 있었어요.,3.1.1,2026-08-05,8,https://apps.apple.com/kr/app/id1535886772
9505018131,4,2023-01-13T20:27:13-07:00,서울에서 문화생활하고 싶은데 쉽게 친구들 만날 수 있어서 좋아요 !,정보가 많아요!,3.1.1,2026-08-05,8,https://apps.apple.com/kr/app/id1535886772
9504944618,5,2023-01-13T19:56:14-07:00,관심사가 같은 모르는 사람이랑 만난다는게 상당히 좋은 것 같아요 :) 덕분에 지인이랑 시간이 안 맞거나 취미가 달라서 못해본 버킷리스트들 이것저것 해볼 수 있어서 좋아요!!,핀트 잘 잡고 엄청 잘 만든 앱,3.1.1,2026-08-05,8,https://apps.apple.com/kr/app/id1535886772
9504944347,5,2023-01-13T19:56:08-07:00,소규모 모 임 찾기 좋고 너무 평하고 간편했어요,앱이 굉장해요,3.1.1,2026-08-05,8,https://apps.apple.com/kr/app/id1535886772
9504920518,5,2023-01-13T19:46:21-07:00,"다른 어플들은 모임이다 해놓고 건전하지 못하거나 속이 보이는 모임들만 주구장창 있어서 다 삭제하곤 했는데
문토는 그런 걱정없이 들을 수 있는 모임들이 많아요!
봉사활동부터 독서모임, 철학 등등 다양한 모임부터 창의적이고 신선한 모임들로 하여금 내향적인 극극 i인 저도 듣고싶겠금 하는 것 같네요ㅋㅋㅋㅋ 강추드려요",강추강추!!,3.1.1,2026-08-05,8,https://apps.apple.com/kr/app/id1535886772
9504919607,4,2023-01-13T19:46:00-07:00,"취미가 맞는 친구들을 만날 수 있어서 정말 좋아요
취미가 맞다보니 대화도 잘 통하고 
만날때 마다 즐거워요
평소 도전하고 싶었지만 혼자하기 고민되던
일들도 함께 해볼 수 있어서 너무너무 좋아요
별 하나는 잦은 오류상황이 발생하고
개선이 늦어서.. 빼요",취미가 맞는 친구들을 만날 수 있는 공간!,3.1.1,2026-08-05,8,https://apps.apple.com/kr/app/id1535886772
9502698491,4,2023-01-13T05:30:32-07:00,처음 사용해봤는데 비슷한 취미를 가진 분들도 만날 수 있고 다양한 분야를 접할 수 있어서 좋은 어플 같아요~~,문토,3.1.1,2026-08-05,8,https://apps.apple.com/kr/app/id1535886772
9501529536,3,2023-01-12T21:31:00-07:00,처음엔 일시적인 만남 및 모임에 대해 회의감이 있었지만 새롭고 다양한 좋은 분들과의 모임이나 취미활동 공유를 하나씩 하면서 경험을 풍부하게 할 수 있어 좋았습니다. 마음이 맞으면 여러번도 만나서 모임하게 되고 즐겁게 활용하고 있어요!,저는 즐겁게 참여하고 있어요!,3.1.1,2026-08-05,8,https://apps.apple.com/kr/app/id1535886772
9500818960,5,2023-01-12T16:27:46-07:00,"가끔은 일상에서 벗어나 모르는 사람들과 취미를 공유하고 싶은데 그럴때 마다 문토를 찾아요!!!
일에 지치고 삶에 지칠때 힐링이 되어주는 문토 고맙습니다!",일상 힐링이 되는 문토,3.1.0,2026-08-05,8,https://apps.apple.com/kr/app/id1535886772
9497886400,3,2023-01-11T20:49:29-07:00,"새로운 사람만날 기회도, 경험도 많이 없었는데 이걸 통해서 새로운 사람들과 만나서 좋았어요👍👍다음에 또 참여하고싶네여",새로운 경험을 할수있어서 좋아요,3.1.0,2026-08-05,8,https://apps.apple.com/kr/app/id1535886772
9497736847,5,2023-01-11T19:44:03-07:00,이런 어플은 없는 것 같아요:) 취향 취미가 같은 사람들을 만나 이야기 나눌 수 있어서 더없이 좋습니다!,일상의 활력소예요,3.1.0,2026-08-05,8,https://apps.apple.com/kr/app/id1535886772
9495843615,5,2023-01-11T06:50:30-07:00,취미 생활을 혼자만 하는 게 아쉬웠거든요. 친구들도 의외로 취향이 달라서 늘 공연 관람도 혼자 하곤 했어요. 덕분에 풍성한 만남이 생겨서 재밌어요,와 너무 원했던 앱입니다,3.1.0,2026-08-05,8,https://apps.apple.com/kr/app/id1535886772
9494293660,5,2023-01-10T20:26:08-07:00,"문토 오랜만에 다시 참여해요. 처음에 지인소개로 시작했었는데 만족스러웠던지라 리뷰까지 남깁니다. 다양한 주제로, 다양한 사람들을 한 공간에 모이게 해주는 창구 역할을 하는 문토 앱에 감사드려요. 좋은 서비스 앞으로도 계속 제공해주시기를 바랍니다. 제가 문토를 통해 좋은 경험을 쌓고, 좋은 사람도 만났듯이, 다른 분들도 그러시길 바라요~!",경험과 사람,3.1.0,2026-08-05,8,https://apps.apple.com/kr/app/id1535886772
9491289526,5,2023-01-10T00:03:50-07:00,"여러 모임 어플 다니다가 정착했어요 :) 
실용적인 모임이 많아서 좋아요! 
지금은 독서모임 중!",일년째 잘 쓰고 있어요!,3.1.0,2026-08-05,8,https://apps.apple.com/kr/app/id1535886772
9489528525,5,2023-01-09T11:01:08-07:00,다양한 사람들과 취미활동을 즐기기 좋은 것 같아요!,취미활동 즐기기 좋아요,3.0.1,2026-08-05,8,https://apps.apple.com/kr/app/id1535886772
9486611013,5,2023-01-08T15:36:34-07:00,다양한 주제와 특별한 사람들이 모여 추억을 남길 수 있어서 좋았습니다. 심심할때 소셜링 캘린더에 글이 올라와 있으면 한번씩 참여해보곤 합니다. 이점이 너무 좋았어요! 오직 취미 여가를 위한거러 가벼운 마음으로 참여할수 있었습니다^^,다양한 주제여서 좋습니다.,3.0.1,2026-08-05,8,https://apps.apple.com/kr/app/id1535886772
9485381840,5,2023-01-08T07:42:41-07:00,혼자 하기 망설여지는 거 같이 할 사람 찾아서 좋은 분들 많이 만났어요,좋아요!,3.0.1,2026-08-05,8,https://apps.apple.com/kr/app/id1535886772
9485010458,5,2023-01-08T05:44:33-07:00,"혼자서 전시를 다니다가 이번엔 다른 사람들과도 함께 가보고 싶어 참여해봤는데 좋은 분들을 만났네요~!
함께 문화생활 할 사람을 찾는다면 문토 이용해보세용!!!",문토 이용해보니 넘 좋네요,3.0.1,2026-08-05,8,https://apps.apple.com/kr/app/id1535886772
9483200092,5,2023-01-07T17:23:10-07:00,"코로나 이후에 사람들 만나는 데 어려움이 있었지만
문토를 통해 간만에 즐거운 시간 보낸 거 같습니다!
좋은 기억이 가득해 앞으로 자주 애용 할 예정입니다:)",간만에 느낀 흥미로움,3.0.1,2026-08-05,8,https://apps.apple.com/kr/app/id1535886772
9480574180,5,2023-01-07T00:53:19-07:00,"친구들이랑 약속잡기 힘들 때, 비슷한 분야의 사람과 만나고 싶을 때, 새로운 도전을 하고 싶을 때 소셜링 너무 좋은 것 같습니다💚",문토 소셜링 재미있어요!,3.0.1,2026-08-05,8,https://apps.apple.com/kr/app/id1535886772
9479173748,5,2023-01-06T14:52:08-07:00,"정말로 많은 취밋거리와 가족, 인연 , 친구 , 동료 
등등 함께 할수 있는 것들이 많아 정말 좋은 것 같아요:) 
할게 생각안나거나 다양하게 즐기고싶다면, 이앱에서 
답을 찾을 수 있을 것 같아요 !!
너무 좋습니다 이 앱 :) 강츄요 ^^",다양한 취미와 활동거리,3.0.1,2026-08-05,8,https://apps.apple.com/kr/app/id1535886772
9477244930,5,2023-01-06T03:08:22-07:00,문토 덕분에 좋은 많은 인연을 만나게 되었고 새로운 도전도 할 수 있게 되었습니다! 최고!,문토 좋아용👍,3.0.1,2026-08-05,8,https://apps.apple.com/kr/app/id1535886772
9477007070,5,2023-01-06T01:30:17-07:00,이렇게 앱으로 공통의 관심사가 있는 친구들을 만들고 사교활동을 할 수 있어 좋습니다,굿,3.0.1,2026-08-05,8,https://apps.apple.com/kr/app/id1535886772
9476845784,5,2023-01-06T00:21:14-07:00,정기적인 모임이 아닐지라도 목적에 맞게 다양한 모임을 즐길 수 있어서 좋은 어플인 것 같아요!,좋은 분들과 좋은 시간!,3.0.1,2026-08-05,8,https://apps.apple.com/kr/app/id1535886772
9474255548,5,2023-01-05T07:02:24-07:00,항상 관심있는 취미가 있어도 취미가 맞는 사람을 찾기 힘들었는데 이렇게 다양하게 모일 수 있는 공간이 있어서 너무 좋아요!,사람을 만날 수 있는 기회,3.0.1,2026-08-05,8,https://apps.apple.com/kr/app/id1535886772
9470383906,2,2023-01-04T06:33:07-07:00,"여러차례 비밀번호 변경과 로그인 시도를 
반복했으나 끝내 로그인을 하지 못했습니다.. 

로그인과 비밀번호 찾는 과정에 
문의할 수 있는 창구가 없어 앱 리뷰로 남깁니다.",로그인이 안됩니다.,3.0.0,2026-08-05,8,https://apps.apple.com/kr/app/id1535886772
9470080246,5,2023-01-04T04:57:39-07:00,"저번주말에 모임 처음 참여했는데
생각보다 재밌었고 자주 참여 하게 될꺼같습니다",👍👍👍👍👍,3.0.0,2026-08-05,8,https://apps.apple.com/kr/app/id1535886772
9469006573,5,2023-01-03T21:50:11-07:00,부담 없고 편리하게 되어 있어서 잘 사용하고 있어요! 다양한 취미 모임도 많아서 추천합니당,모임 앱 중 만족하는 앱,3.0.0,2026-08-05,8,https://apps.apple.com/kr/app/id1535886772
9468154474,5,2023-01-03T16:13:21-07:00,"주기적인 만남, 일회성인 만남 모두모두 문토에선 가능합니다! 재밌고 알차요- 앱 관리도 잘 되어서 건강하고 도움되는 만남도 가능하고 편리하게 사용하고 있습니다 :) 앞으로도 쭈욱 잘 사용할것 같아요! 추천합니다~",소셜링을 위한 소셜링을 위한 앱!,3.0.0,2026-08-05,8,https://apps.apple.com/kr/app/id1535886772
9466144891,4,2023-01-03T04:11:06-07:00,ㅈ👍🌝,👍,3.0.0,2026-08-05,8,https://apps.apple.com/kr/app/id1535886772
9465347469,5,2023-01-02T23:04:24-07:00,"나이가 좀 있어서 그런지 참석안되는 모임 많아요
그래서 제목에 나이대를 안쓴 모임은 다 들어가서
확인해봐야합니다 제발 나이 필터 좀 넣어주세요",나이 필터 좀 넣어주세요,3.0.0,2026-08-05,8,https://apps.apple.com/kr/app/id1535886772
9461072823,5,2023-01-01T21:07:16-07:00,"같은취미,취향을 가진 친구들을 쉽게 만날수있어 너무 좋네요~",유용해요~,2.7.2,2026-08-05,8,https://apps.apple.com/kr/app/id1535886772
9450395463,5,2022-12-29T23:12:51-07:00,문토 어플 많이 애용하고 사용할 것같아용! 새로운 다양한 사람들 많이 만나서 다양한 경험을 쌓을 수 있을 것 같아요 문토 덕에 삶이 즐거워영 :D,문토 좋아용🤍,2.7.2,2026-08-05,8,https://apps.apple.com/kr/app/id1535886772
9449334527,2,2022-12-29T16:18:48-07:00,메세지 기능이 가끔 오류 뜰때가 있습니다 개선 필요할 것 같아요!,메세지 기능이,2.7.2,2026-08-05,9,https://apps.apple.com/kr/app/id1535886772
9448177376,1,2022-12-29T08:38:46-07:00,메시지를 확인했음에도 메세지 숫자가 계속 남아있습니다. 메신저 기능이 아무리 봐도 쥐약인데 수정 방안은 따로 없습니까?,전에도 비슷한 문제로 컴플레인 걸었는데 수정이 안되어있습니다.,2.7.2,2026-08-05,9,https://apps.apple.com/kr/app/id1535886772
9446145579,5,2022-12-28T19:53:49-07:00,타지에서 올라왔는데 집에만 있어서 너무 심심했어요. 그 어플을 알게되서 무료함이 없어지면서 새로운 사람들과 소통하는 맛을 알게됬어요,집에만 있기가 좀 그래서 밖에 나가게 되는 어플,2.7.2,2026-08-05,9,https://apps.apple.com/kr/app/id1535886772
9444084348,5,2022-12-28T06:39:39-07:00,"이런 저런 소모임 앱을 깔아봤는데, 문토가 가장 건전하고 다양한 활동이 많아서 좋아요. 문토만 남기고 다 지웠어요. 덕분에 근처에서 스터디 함께할 분들도 만나고 전시회 감상도 공유하며 잘 사용하고 있습니다ㅎㅎ",다양한 경험을 하기 좋은 앱,2.7.2,2026-08-05,9,https://apps.apple.com/kr/app/id1535886772
9433484274,5,2022-12-25T06:22:39-07:00,"처음 가입하고 바로 사람들 만났는데
진짜 아직 순수하신분들도 많고
좋은사람이 많아서 계속 하려고합니다
수질관리 잘해주시구 이런어플이면 대환영!",진짜 추천합니다,2.7.2,2026-08-05,9,https://apps.apple.com/kr/app/id1535886772
9433414291,5,2022-12-25T05:56:33-07:00,"나이가 들수록 나와 아무런 접점을 없는 사람들을 만나기 어려운 것 같아요
근데 문토는 그 어려운 걸 해낼 수 있게 해줘요!!
공통된 관심사를 가진 다양한 사람이 한 자리에 모일 기회가 너무 소중해요",다양한 사람들을 만나기 좋아요,2.7.2,2026-08-05,9,https://apps.apple.com/kr/app/id1535886772
9432819869,5,2022-12-25T01:56:13-07:00,"하고 싶은 건 많고, 혼자 하기는 싫을 때, 이 앱을 이용해 봤는데 걱정과는 달리 이상한 사람도 없었어서 좋은 시간 보내다 왔다. 나와는 다른 직종의 일을 하는 사람들을 만나니 신기하고 흥미로웠다.",일상을 공유하는 앱,2.7.2,2026-08-05,9,https://apps.apple.com/kr/app/id1535886772
9432650210,5,2022-12-25T00:40:16-07:00,필터를 날짜별로 설정해서 참여할 수 있는 시간에 편하게 볼 수 있어서 좋아요!,굿굿,2.7.2,2026-08-05,9,https://apps.apple.com/kr/app/id1535886772
9431670645,5,2022-12-24T16:56:06-07:00,익명으로 만나는 거라서 사실 조금 무섭기도하고 그랬는데 같은 관심사로 엮인 사람들로 구성되어있다보니 너무 재미있었어요!!! 존잼ㅠㅠ 추천받아서 다운받았는데 주변사람들한테 말해줘야겠어여ㅎㅎ,진짜 존잼...!!!,2.7.2,2026-08-05,9,https://apps.apple.com/kr/app/id1535886772
9431630242,5,2022-12-24T16:35:48-07:00,"나의 취향 나의 멋을 탐구하고 계발할 수 있습니다
다른 어플보다도 진정성이 있어요
계속 사용하게 될 것 같습니다",문토 앱을 통해 나를 더 잘 알게 되네요,2.7.2,2026-08-05,9,https://apps.apple.com/kr/app/id1535886772
9430575421,4,2022-12-24T08:25:14-07:00,"사용에 있어 메뉴 찾을 때 버벅거리고 헤매게 되지만
같은 취향과 생각을 가진 사람들과 만나 의미있고 즐거운 시간 보낼 수 있는 거 좋아요",좋아요,2.7.2,2026-08-05,9,https://apps.apple.com/kr/app/id1535886772
9429539780,4,2022-12-24T01:45:35-07:00,처음 문토 앱 이용해서 모임에 참석했는데 아주 만족스러웠습니다. 관심사가 비슷한 사람과의 만남이어서 그런 것 같아요. 모임 후기 쓰기가 다소 어렵게 되어있는 것 빼고는 앱도 사용하기 편해요. 관심분야 등록해 놓으면 모임 알림이 오는 시스템도 좋구요. 강추합니다!,관심사가 비슷한 사람과의 만남,2.7.2,2026-08-05,9,https://apps.apple.com/kr/app/id1535886772
9428759008,4,2022-12-23T19:45:06-07:00,다양한 소셜링이 있어서 재밌어요. 알림 기능이 가끔 오류 나는게 좀 아쉽네요,사람 만나기 좋아요,2.7.2,2026-08-05,9,https://apps.apple.com/kr/app/id1535886772
9428674979,4,2022-12-23T19:09:14-07:00,"문토 어플을 사용한지 1년이 다되어가네요ㅎㅎㅎ
1년동안 관심사 맞는 새로운 분들과 만나며 너무 즐거웠어요 !!
올해도 어플 잘 사용하겠습니다~! 
문토 어플 만들어주셔서 감사해요🤍",문토 잘 애용하고 있어요 !,2.7.2,2026-08-05,9,https://apps.apple.com/kr/app/id1535886772
9428643426,5,2022-12-23T18:55:52-07:00,문토 덕분에 아예 처음 와보는 도시에서 여러 좋은 추억을 쌓을 수 있었어요. 보수적인 편이라 앱으로 만나는 것에 대한 거부감이 있었는데 테크의 좋은 점은 취하고 나쁜 점은 거른 좋은 앱 같아요. 취향에 맞는 소셜링을 찾으시는 분이시라면 적극추천 드립니다 👍,낯선 도시에서의 새로운 만남,2.7.2,2026-08-05,9,https://apps.apple.com/kr/app/id1535886772
9427882299,5,2022-12-23T13:08:11-07:00,"문토로 영화 보기 소셜링에 참여했는데, 보고싶었던 영화를 같이 보고, 생각도 나누고 좋은 경험이었어요!ㅎㅎ",재미있는 경험이었어요ㅎㅎ,2.7.2,2026-08-05,9,https://apps.apple.com/kr/app/id1535886772
9427212655,5,2022-12-23T08:35:18-07:00,"느슨한 연대, 딱 문토 얘기인 거 같아요! 사람에 질려서 모임에 안 나가게 되는 일 없이, 목적에 맞게 그때 그때 멤버를 만들 수 있으니까 너무 좋아요! 소셜링 여는 것도 간단하구요. 정말 만족합니다 :)",정말 혁신적인 앱이란 말밖엔…,2.7.2,2026-08-05,9,https://apps.apple.com/kr/app/id1535886772
9426736567,5,2022-12-23T05:50:17-07:00,평소에 지나칠 수 있는 모르는 사람들을 만나서 다양한 얘기를 나눌 수 있어서 좋습니다,다양한 사람들을 만날 수 있는 재미난 앱,2.7.2,2026-08-05,9,https://apps.apple.com/kr/app/id1535886772
9426723528,5,2022-12-23T05:45:49-07:00,"작년부터 쭈욱 애용하고 있는 문토 ,문토에서 만나신분들은 모두 열정이 가득하셔서 쇼셜링에서 얻는 것들이 너무 많아요. 심지어 쇼셜링모집 내용만 읽어도 동기 부여가 되더라구요.
항상 좋은 영감이 가득한 문토 내년에도 잘 부탁 드립니다.",작년부터 쭈욱. ~~~,2.7.2,2026-08-05,9,https://apps.apple.com/kr/app/id1535886772
9426672695,5,2022-12-23T05:28:26-07:00,새로운 사람도 사귈 수 있고 너무 좋은 거 같아요! 같은 취미를 공유하며 소통할 수 있단 점도 괜찮고… 앞으로 애용할 거 같습니다!,🫶,2.7.2,2026-08-05,9,https://apps.apple.com/kr/app/id1535886772
9426585089,5,2022-12-23T04:58:18-07:00,다양한 관심사에 맞는 모임과 스터디 등에 참여할 수 있어서 유용해요! 좋은 사람들과 어울려 친목을 다질 수도 있구요💕,문토 좋아요!,2.7.2,2026-08-05,9,https://apps.apple.com/kr/app/id1535886772
9426525603,5,2022-12-23T04:37:11-07:00,"좋아하는 취미 기반으로 사람들을 만날 수 있어서 좋아요. 1회성일수도, 아닐 수도 있는 점이 부담 없이 참여할 수 있게 합니다.",새롭게 친구를 사귀는 방법,2.7.2,2026-08-05,9,https://apps.apple.com/kr/app/id1535886772
9426494135,5,2022-12-23T04:25:48-07:00,문토를 알게된 후 관심사가 같은 사람들과 함께 모여 이야기를 나누니 활력도 생기고 재밌더라고요 종종 이용할께요 문토💕,지루한 일상의 쉼터,2.7.2,2026-08-05,9,https://apps.apple.com/kr/app/id1535886772
9426461861,5,2022-12-23T04:13:56-07:00,문토 이용했는데 정말 좋았어요 모임 사람들 구성도 정말 좋아요~ 다채로운 컨셉도 많아요 연말 지나고 또 참여하려고 합니다.,문토 자주 참석하려고 합니다,2.7.2,2026-08-05,9,https://apps.apple.com/kr/app/id1535886772
9426441434,5,2022-12-23T04:06:31-07:00,취향 비슷한 사람 사회에서 만나기 넘넘 힘들쟈나여 근데 문토에 있으면 그런 분들 만날 기회가 참 많아서 넘 좋답니다 🫶,우리같이취향공유해여,2.7.2,2026-08-05,9,https://apps.apple.com/kr/app/id1535886772
9426423276,5,2022-12-23T03:59:57-07:00,"사람만나는 것 좋아하는 저에게 너무나도 잘 맞는 어플이에요! 또래와 취향이 조금 다르게 아날로그, 책을 좋아하는 편인데 이 어플을 통해서 다양한 분들을 만날 수 있어서 좋았습니다! 광주 사람인데 서울에 일이 있어갔었을 때도 서울에서 문토를 참여했었었죠~~ 너무 좋습니다~~~💜💜",ENFP에게 제격인 어플..,2.7.2,2026-08-05,9,https://apps.apple.com/kr/app/id1535886772
9425779071,5,2022-12-22T23:25:48-07:00,다양한 카테고리별 취미를 즐길 수 있어서 좋아요!,트랜디한 mz갬성 뿜뿜하는 문토!,2.7.2,2026-08-05,9,https://apps.apple.com/kr/app/id1535886772
9424807241,5,2022-12-22T16:19:37-07:00,"활발하게 술마시는 취미생활 외에도 월드컵 관람, 영화 관람 등 내가 원라는 분야를 선택이 가능해서 폭이 엄청 넓어요. 어플도 깔끔하고 아무래도 일회용 만남이 주다 보니 적응하기도 아주 쉬웠어요! 앞으로도 종종 이용할 것 같은 저의 새로운 동네 친구 문토!👍💙",같이 취미 즐기는 친구들을 찾아서 좋아요,2.7.2,2026-08-05,9,https://apps.apple.com/kr/app/id1535886772
9415890970,5,2022-12-20T03:36:09-07:00,사람 만나는 걸 좋아하면 이 앱은 필수입니다 :),소셜링? 당신도 할 수 있어!,2.7.1,2026-08-05,9,https://apps.apple.com/kr/app/id1535886772
9415655347,1,2022-12-20T01:57:16-07:00,"취소규정도 4일전 취소가 말이되냐고
3일전에 취소 잘못한걸로 환불안된다고 규정따지고 있고 결국 참석도 못했는데 먹튀당하고 문토한테 그리고 소비자쪽에 고발했더니 소비자원에서 말하는거랑 다르고 거짓말이나하고 있고. 아주 대단하세요. 그렇게 어플로 사기 장사하지마ㅛㅔ오. 진짜 도둑이나 다름없음 가만히 있는데 돈 뜯긴 느낌",이런 어플 다시는 이용안함,2.7.1,2026-08-05,9,https://apps.apple.com/kr/app/id1535886772
9393632158,1,2022-12-13T18:07:06-07:00,밤에는 어플 안되나봄,인증번호가 안옴,2.7.0,2026-08-05,9,https://apps.apple.com/kr/app/id1535886772
9392249184,1,2022-12-13T08:22:09-07:00,어떤 방법으로도 전화번호 인증문자가 오지 않아서 가입이 안되네요,인증문자,2.7.0,2026-08-05,9,https://apps.apple.com/kr/app/id1535886772
9391863834,1,2022-12-13T06:09:45-07:00,여러번 시도하고 차단된거도 없는데 인증번호도 안오고 뭘 어쩌라는건지...,인증번호,2.7.0,2026-08-05,9,https://apps.apple.com/kr/app/id1535886772
9391733074,5,2022-12-13T05:26:28-07:00,휴대폰 인증번호가 아무리 해도 안오는데 어떻게 해야하나요?,인증문의ㅑ,2.7.0,2026-08-05,9,https://apps.apple.com/kr/app/id1535886772
9391731563,3,2022-12-13T05:25:58-07:00,아니 전화인증이 안되서 가입을 못하는데 이게 뭔가요?,전화인증,2.7.0,2026-08-05,9,https://apps.apple.com/kr/app/id1535886772
9373290175,5,2022-12-08T02:08:59-07:00,사진 여러장 보내면 채팅테러가 되어버리네요 ㅜ,사진 묶음전송 기능 만들어주세요~,2.6.0,2026-08-05,9,https://apps.apple.com/kr/app/id1535886772
9366688738,5,2022-12-06T04:31:06-07:00,문토에서 스터디 클럽을 꾸준히 운영하고 있습니다~ 혼자서 끈기있게 공부하기 힘든 사람들이 모여서 각자 개인 공부를 하는데요. 주위에 누군가가 저랑 같이 앉아서 공부하고 있다는 게 힘이 될 때가 많기도 하고 저 혼자서 괜한 책임감을 느끼기도 해서 꾸역꾸역 앉아있으려고 노력하고 공부하게 되더라구요. 이런 플랫폼을 마련해준 문토 너무 고마워요~,문토 덕분에 꾸준한 습관 형성,2.6.0,2026-08-05,9,https://apps.apple.com/kr/app/id1535886772
9366286009,4,2022-12-06T01:56:38-07:00,챗을 읽어도 사라지지 않네요,읽지 않은 챗 갯수 알려주는 뱃지 갯수 동기화가 잘 안 되는듯 합니다,2.6.0,2026-08-05,9,https://apps.apple.com/kr/app/id1535886772
9362374278,5,2022-12-04T22:28:00-07:00,"먼저 문토라는 앱 자체는 너무나 좋습니다
소셜링을 통한 다양한 경험공유, 다양한 사람과의 교류를 통해서 얻을 수 있는 것들이 너무나 많습니다.

하지만 이를 악용해서 신천지 성경공부로 포섭하는 소셜링이 일부 있습니다. 제가 직접당했습니다.
저는 심리상담을 주제로 접급해서 당할뻔 했는데,

어느 소셜링을 가셔서 친목도모를 진행중에 누군가를 계속 소개소개해서 마지막엔 “성경공부“를 해보자 라고 이야기한다면 도망치세요 1000% 신천지입니다.

그 모임 모두가 한명을 신천지 포섭을 위한 전부 연기자입니다. 친목을 쌓아서 그 친분을 토대로 미안하게끔 만들어 같이 공부하자면서 포섭하는겁니다.

치밀합니다 이사람들 여러분이 뭐 좋아하는지 뭘 관심있는지 어떤관심을 가지고있는지 소셜링 핑계로 다 태내서 서로 공유해서 맞춤식으로 포섭합니다

꼭 기억하세요 어떤 소셜링이든 신천지는 
”성경공부”로 마무리됩니다.
저 이야기하자마자 지체없이 모든 연락처 차단바랍니다.

선량한 20-30대가 신천지이 빠지는 일이 없길 빌면서 이 글을 씁니다

- 문토 소셜링 통해 포섭당할뻔한 사람올림 -",신천지 포섭조심하세요,2.6.0,2026-08-05,9,https://apps.apple.com/kr/app/id1535886772
9359630552,5,2022-12-04T04:20:57-07:00,"소셜링에 참여했다가 매료되어서 현재 호스트로 활동하고 있는데요! 

건전하고 안전한 플랫폼에서 호스트로 누구나 활동할 수 있다는 점이 너무 좋은 것 같아요;)
문토 못 잃어,,🤟🏻🤟🏻",신선한 경험은 문토에서,2.6.0,2026-08-05,9,https://apps.apple.com/kr/app/id1535886772
9352436347,5,2022-12-02T05:42:00-07:00,"친구 추천으로 설치했는데
내가 원하는 분야로 설정해서 같은 관심사 가진 분들을 알아갈수 있는 어플 같아 보여요

자주 사용할 것 같아요",좋아요,2.5.1,2026-08-05,9,https://apps.apple.com/kr/app/id1535886772
9351113785,5,2022-12-01T20:31:00-07:00,"새로운 취미를 찾고 함께 공유할 루트를 찾던 중 유튜브에서 문토라는 앱을 알게 되었어요. 수많은 소셜 게더링이 마련되어 있고 누구에게나 열려 있어 친목의 허들이 굉장히 낮다고 생각해요. 무료한 일상에 특별함을 더하고 싶으신 분들, 새로운 인연을 만들고 싶으신 분들에게 강추합니다!","최고의 사교모임어플, 문토!",2.5.1,2026-08-05,9,https://apps.apple.com/kr/app/id1535886772
9351030118,5,2022-12-01T19:53:42-07:00,타지역에서 서울로 이사와서 처음에 아는 사람도 없고 적응하기 힘들었는데 문토를 통해서 좋은 사람들 많이 만나고 서울살이 6개월차인 지금은 약속 없는 주말이 없을정도로 잘적응하고 바쁘게 지내고있습니당😆😆 다가오는 연말도 문토 인연들과 다같이 파티하고 한해 마무리 잘 할 수있어서 너무 행복해요❤️❤️,문토최고👍🏻,2.5.1,2026-08-05,9,https://apps.apple.com/kr/app/id1535886772
9334941828,5,2022-11-27T07:11:48-07:00,"현재 가장 핫한 모임앱이라고 할 수 있는 듯 합니다
취미와 관심사로 모이거나
클럽으로 자주 모이거나
사람과 사람을 연결짓는 앱입니다
다만 요즘 사람들이 아주 많아져서 
너무 다양한(?)사람이 가끔 보인다는 거 ㅎㅎ
당일 취소 같은 경우나 모임에서 비매너 행동을 하시는 분들만 제외하면 좋은 경험을 함께 할 수 있습니다",솔직히 현재 가장 핫한 모임앱,2.5.1,2026-08-05,9,https://apps.apple.com/kr/app/id1535886772
9326041934,5,2022-11-24T22:12:33-07:00,30대가 훌쩍 지나서 친구들도 다 결혼을 하고 혼자 노는 것도 지쳐갈때쯤 우연히 문토를 접하게 되었는데 막연히 어플로 누군가를 만난다는 것에 대한 거부감이 있었는데 호기심으로 한두번 나가보니 안전한 시스템에서 효율적으로 내가 원하는 카테고리 안에서 취향이 맞는 사람들을 만날 수 있어서 너무 좋고 최근에는 경험이 쌓여 제가 소셜링을 열어 보기도 하네요!요새 주말이 기다려 집니다:),주말이 기다려져요😊,2.5.1,2026-08-05,9,https://apps.apple.com/kr/app/id1535886772
9323179927,5,2022-11-24T02:45:50-07:00,최고에요 좋은사람들도 너무 많고! 다양한 취미생활 공유하기에도 너무 딱이네여!!,취미 존중 어플,2.5.0,2026-08-05,9,https://apps.apple.com/kr/app/id1535886772
9316677948,5,2022-11-22T05:16:21-07:00,회사다니면서 저랑 다른 업계에 종사하는 분들 하지만 취향이 공통인 분들을 어디서 만나보겠어요~ 혼자보기싫어서 문토로 같이 보러갔는데 이런저런 새로운 얘기도 나누고 너무 재밌고 유익한 시간보낼수 있었어요 추천합니다!,최고의 소셜 커뮤니티어플~,2.5.0,2026-08-05,9,https://apps.apple.com/kr/app/id1535886772
9316388547,5,2022-11-22T03:30:04-07:00,"회원가입을 못하는데 어떻게 프로필에 들어가라는 말씀이세요... 문지기.. 집중!

안녕하세요. 카톡로그인으로 이용하다가 카톡계정을 탈퇴해서, 기존 카톡계정으로 문토 로그인을 못하니까 문토 가입을 새로 해야하는데 핸드폰번호 인증할때, 이미가입된 번호라고 블락되더라구요. 어떻게해야하나요",카톡로그인하다가 카톡탈퇴해서 로그인문제,2.5.0,2026-08-05,9,https://apps.apple.com/kr/app/id1535886772
9312037037,5,2022-11-20T20:15:04-07:00,서울에는 진짜 소셜링으 많은데 지방엔 많이 없어서 아쉬워요ㅠㅠ 좀 더 많은 사람들에게 알려졌음 좋겠어요! 없는 지방에서 열심히 소셜링 열고 있는데 많은 사람들이 함께 해주길!,지방에서의 활성화가 시급해요!,2.5.0,2026-08-05,9,https://apps.apple.com/kr/app/id1535886772
9305255398,5,2022-11-19T02:35:06-07:00,같이하고 싶은 운동  혼자 하기는 싫고 친구들은 같이 운동도 안하고 ㅠㅠ 문토로 소셜링 열어서 해봣는데 좋은 사람들 많이 만나서 너무 좋아요~~~ 앞으로도 많이 참여하고 소셜링 열거같아요~,운동은 문토로~,2.5.0,2026-08-05,9,https://apps.apple.com/kr/app/id1535886772
9295599918,5,2022-11-16T06:41:44-07:00,"벌써 3회차 소셜링을 열고 있는데, 매번 좋은 사람들을 만나고 긍정적인 열정 얻어가고 있어요. 아직도 문을 열기 전에 떨리고 설레어요☺️ 항상 걱정반 설렘반으로 준비하는데, 매번 만족도 1000%로 끝나서 이런 플랫폼 만들어주신 거 넘 감사하고 소중해요! 앞으로도 애용할게여♥️",취향맞는 사람들과 소중한 시간!,2.4.2,2026-08-05,10,https://apps.apple.com/kr/app/id1535886772
9293560320,5,2022-11-15T16:02:26-07:00,모임 어플중에 나름 가장 체계적이고 검증가능한 것 같아요. 전문가이신 분들 유입도 늘고 있고 취미 소셜링도 많아서 너무 좋습니다.,신박한 어플,2.4.2,2026-08-05,10,https://apps.apple.com/kr/app/id1535886772
9281206839,5,2022-11-12T02:16:05-07:00,원데이성/정기성 모임 만들기에 좋아요~!,굿굿,2.4.2,2026-08-05,10,https://apps.apple.com/kr/app/id1535886772
9281173061,5,2022-11-12T02:02:11-07:00,문토를 통해 관심사가 비슷한 사람들과 소통하고 직접 만날수도있어서 좋아요!! 관심사가 비슷해 이야기할거리도 풍부합니다~,관심사가 비슷한 사람 만나기 좋아요,2.4.2,2026-08-05,10,https://apps.apple.com/kr/app/id1535886772
9280930126,5,2022-11-12T00:19:48-07:00,"지루할틈이 없는 소셜링 생활 대인관계도 늘리고 너무 좋은어플입니다!

여러분도 문토한번씩 어떨까요?",이 어플 꼭하세요,2.4.2,2026-08-05,10,https://apps.apple.com/kr/app/id1535886772
9280925557,5,2022-11-12T00:17:52-07:00,"즐거운 만남과 행복한 시간을 함께 보낼 사람을 찾을 수 있는 어플입니다
같은 취미와 취향을 가진 사람을 주변에서 찾기 쉽지 않은데 문토앱을 통해 취향을 공유할 수 있어 너무 좋아요!!
모두들 어플 다운받으시고 사용해보시길 추천드립니다",즐거운 만남 행복한 시간,2.4.2,2026-08-05,10,https://apps.apple.com/kr/app/id1535886772
9280918127,5,2022-11-12T00:14:39-07:00,내 취향에 맞는 소모임을 손쉽게 만들수 있어서 너무 좋습니다. 모임 종류가 너무 많지만 내가 원하는 것만 골라서 할수있어서 좋아요!,내가 원하는 소모임 어플!,2.4.2,2026-08-05,10,https://apps.apple.com/kr/app/id1535886772
9280502173,5,2022-11-11T21:03:40-07:00,직장 집 집장 집 무한 굴레였는데 문토가입하고 다양한 사람들 만날수있어서 좋아요!,다양한 사람을 만날수 있어요,2.4.2,2026-08-05,10,https://apps.apple.com/kr/app/id1535886772
9280474334,5,2022-11-11T20:50:46-07:00,너무좋아요 관심사로 검색 및 검색어 입력으로 가보고 싶었던 문화생활도 즐기고 매일혼자가는 동네카페 말고 다른곳도 가보고 무엇보다 사진잘찍는 분들 만나서 mz포즈도 배우고 😃😃😃😄👍,당일에도 구할 수 있는 문화친구,2.4.2,2026-08-05,10,https://apps.apple.com/kr/app/id1535886772
9280459682,5,2022-11-11T20:43:58-07:00,지역이나 취미등에 따라서 같은 관심사를 가진사람들끼리 모임을 가지고 여러사람과 함께 친해질 수 있어서 문토앱 감사합니다,여러사람과 공유할 수 있어서 좋아여,2.4.2,2026-08-05,10,https://apps.apple.com/kr/app/id1535886772
9280352420,5,2022-11-11T19:56:25-07:00,원하는 시간과 장소에서 취향과 취미가 맞는 사람들과 모일 수 있다는 게 너무 좋아요😉 지금도 많지만 더 많은 사람들이 이걸 사용했으면 좋겠어요호홓,어른이들의 놀이터,2.4.2,2026-08-05,10,https://apps.apple.com/kr/app/id1535886772
9280345880,5,2022-11-11T19:53:37-07:00,다양한 경험을 모임을 통해 부담없이 할수 있어서 좋았습니다,재밌어요!,2.4.2,2026-08-05,10,https://apps.apple.com/kr/app/id1535886772
9280332010,5,2022-11-11T19:47:39-07:00,"관심사가 비슷한 사람들끼리 서로 나누고 공유할 수 있는 문토 너무 좋아요~~ 재밌어요 
추천합니당",문토 좋아요,2.4.2,2026-08-05,10,https://apps.apple.com/kr/app/id1535886772
9280331435,5,2022-11-11T19:47:24-07:00,"취미생활 혼자 하기 너무 심심해서 가입해봤는데, 마음 맞는 사람들과 같이 즐길 수 있으니 너무 좋더라구요!",내 취미를 새로운 사람들과 나눌 수 있어서 너무 좋아요!,2.4.2,2026-08-05,10,https://apps.apple.com/kr/app/id1535886772
9280320226,5,2022-11-11T19:42:38-07:00,"평소 홀로 취미를 즐기던 것들을 나와 취향이 비슷하거나 같은 사람들과 모여 유익한 시간을 가질수 있다는것이 가장 큰 장점이며 , 여러사람들과 많은 대화를 나눠볼수 있고 서로의 가치관을 공유할수 있다는 부분이 가장 좋은것같다",솔직한 후기,2.4.2,2026-08-05,10,https://apps.apple.com/kr/app/id1535886772
9273621404,3,2022-11-09T22:02:15-07:00,프사를 바꾸려고 누르면 로딩 창만 계속되고 다음 화면이 안 나와요!,어플 프로필 사진 변경이 안 됩니다!,2.4.2,2026-08-05,10,https://apps.apple.com/kr/app/id1535886772
9244348351,1,2022-11-01T08:40:57-07:00,"쓰레기같은 이벤트 시작하고 말바꾸고
이딴거 누가씀 ;",개쓰렉,2.4.1,2026-08-05,10,https://apps.apple.com/kr/app/id1535886772
9222546175,1,2022-10-25T21:26:42-07:00,"소셜링이라는거 자체가 회사에서 만들지 않고 사용자가 개설하고 사용자가 소비하는 컨텐츠인데

정말 짜잘한거 태클걸고 경고 준 다음에 ‘우리 가이드 안봤어?’ 하고 바로 삭제처리합니다. 
여기는 그래도 온도라는 시스템으로 신뢰가 중요한 건데 갑자기 삭제처리 및 일주일 정지시키면 
잘할려고 노력한 호스트는 졸지에 갑자기 소셜링 취소하고 잠수타버린 사람으로 이바닥에서 인식이 쓰레기가 됩니다.

내 노력을 짖밟고 아무런 해명도 없고 자꾸 가이드 타령만 하고 암것도 안하면서 수수료 20프로를 때먹어 사용자가 부담하게 하는 악덕 푸틴같은 녀석들입니다. 

프립으로 다 가세요!! 가입하니 대표님 이름으로 메일도 옵니다 가입 고맙다고 다들 여기서 스트레스 받지말고 프립으로 가세요.. 광고 아닙니다. 
진짜 가세요.. 여긴 아닙니다",1점도 아까운 푸틴같은 경영진들,2.3.0,2026-08-05,10,https://apps.apple.com/kr/app/id1535886772
9202736692,2,2022-10-19T23:43:19-07:00,이앱을 다시 깔려고 하니 결제가 되던데 확인부탁드립니다,왜 이 앱을 다시 깔려고 하니까 결제가 되나요?,2.3.0,2026-08-05,10,https://apps.apple.com/kr/app/id1535886772
9202539325,5,2022-10-19T22:00:31-07:00,코로나시국에 집에만 있어서 따분했는데 취미가 같은 사람 끼리 모일수있어서 좋은거같아요,새로운 사람 만나기 좋은 어플이네요,2.3.0,2026-08-05,10,https://apps.apple.com/kr/app/id1535886772
9196536424,4,2022-10-18T02:25:36-07:00,"클럽장에게 클럽피드에 올린 게시물들을 삭제할 수 있는 권한 만들어주셨으면 좋겠습니다~
이미 나간 회원인데 클럽피드에 게시물 올린 것 중 개인정보 관련된 것도 있고 사진도 있어서 삭제해줘야할 것 같은데 클럽장인데도 삭제를 못하게 되어있네요!",클럽관리에 대한 개선 필요합니다,2.3.0,2026-08-05,10,https://apps.apple.com/kr/app/id1535886772
9189459149,5,2022-10-15T22:39:11-07:00,모임어플은 처음인데 좋아요!,좋아요,2.2.2,2026-08-05,10,https://apps.apple.com/kr/app/id1535886772
9188786560,5,2022-10-15T17:40:18-07:00,같은 취미인 친구가 없어서 문토 소셜링 참여 해봤는데 생각보다 다들 취미에 진심이셔서 좋았습니다. 외롭게 혼자서 하기 싫은 분들 추천합니다!! 내향인도 부담없이 즐길 수 있어요.,새로운 사람들과 취미 만들기로 좋아요!,2.2.2,2026-08-05,10,https://apps.apple.com/kr/app/id1535886772
9186184525,5,2022-10-15T00:51:16-07:00,잘 사용하고 있었는데 갑자기 로그아웃 돼있고 카카오 로그인하기가 안돼요 ㅎ,로그인오류,2.2.2,2026-08-05,10,https://apps.apple.com/kr/app/id1535886772
9186113445,3,2022-10-15T00:20:00-07:00,개발자님 카카오톡연동로그인 오류가 지속적으로 발생하며 로그인이안됩니다 해결방법 알 수 있을까요?,로그인오류,2.2.2,2026-08-05,10,https://apps.apple.com/kr/app/id1535886772
9186044208,4,2022-10-14T23:49:36-07:00,검은화면만 뜸,카카오톡으로 로그인하기가 안됨,2.2.2,2026-08-05,10,https://apps.apple.com/kr/app/id1535886772
9185809746,5,2022-10-14T21:59:27-07:00,"같은 취미를 공유하는 사람들과 부담없이 모임을 열수 있는 좋은 앱이라고 생각합니다. 덕분에 좋은 모임 열었고, 좋은 사람들과 함께해서 즐거운 시간을 보낼수 있었어요. 앞으로도 꾸준히 활동하면서 소중한 인연을 이어나갈게요~",문토덕에 좋은 사람들과 만날수 있는 기회를 얻었어요,2.2.2,2026-08-05,10,https://apps.apple.com/kr/app/id1535886772
9185536390,5,2022-10-14T19:52:33-07:00,"퇴근하고 저녁에, 주말에 취향 비슷한 분들과 알차게 시간 보낼수 있어서 너무 좋아요",자주 들어올께요,2.2.2,2026-08-05,10,https://apps.apple.com/kr/app/id1535886772
9178623608,5,2022-10-12T18:11:13-07:00,"다양한 이벤트를 진행하시는 것부터, 모르는 사람과 어렵지 않게 만남을 시작할 수 있는 것까지, 지금 이 시국에 제게 딱 필요했던 어플인 것 같습니다. 앞으로도 잘 사용할게요!:)",덕분에 제 문화생활이 양적/질적으로 향상되었습니다!,2.2.2,2026-08-05,10,https://apps.apple.com/kr/app/id1535886772
9176066090,4,2022-10-12T00:00:38-07:00,"sns 페이드 광고보고 설치했어요!! 
소셜링 지금까지 2번 진행했는데, 그 중 1번은 참여자분께서 잠수타서ㅠ 진행하지 못했습니다. 그런 부분을 고려해서 서비스 개선했으면 좋겠어요..! 예를 들어서, 인원이 차서 마감했어도 경고를 준다던가 퇴장을 시키다던가 등의 호스트 권한을 주면 좋겠습니다. 그리고 안드로이드는 모르겠는데, iso 에서는 소셜링 소개글이 길어지는 경우 소개글 작성하는 페이지에서 밑으로 스크롤링이 버벅거립니다 ㅜ 개발 담당자께서 개선해주시면 호스트 분들이 소셜링 소개하는데 큰 도움이 될 듯 합니다. :) 
요즘 네이버페이랑 콜라보 하고 sns 에서 광고많이 해서 문토 애용자로서 뿌듯합니다..!! 한 가지 제안하고 싶은 점은 이런 서비스의 터줏대감인 소모임의 장기적인 소셜링보다 단기적인 소셜링에 집중해서 서비스하면 더 좋을 듯 해요!!! 그게 문토만의 매력 같습니다.:)! 
좋은 서비스 만들어주셔서 감사합니다~!",페이드 광고보고 왔는데 좋아요..!!,2.2.2,2026-08-05,10,https://apps.apple.com/kr/app/id1535886772
9174775114,5,2022-10-11T13:08:29-07:00,다양한 사람과 운동할 수 있어서 너무 좋은 앱입니다:) 더욱 번창하길!!!,새로운 사람을 만날 수 있어서 좋아요,2.2.2,2026-08-05,10,https://apps.apple.com/kr/app/id1535886772
9174520209,5,2022-10-11T11:16:42-07:00,늦게 알아서 아쉬운 어플이네요 친구가 알려줘서 가입했는데 관심사 비슷한 분들이랑 함께 이것저것 즐기기 좋아요!,미리 알았으면 좋았을텐데!,2.2.2,2026-08-05,10,https://apps.apple.com/kr/app/id1535886772
9173070624,5,2022-10-11T02:04:57-07:00,새로운 도전을 함께할 수 있어 좋아요,좋아요,2.2.2,2026-08-05,10,https://apps.apple.com/kr/app/id1535886772
9172192353,1,2022-10-10T18:32:20-07:00,앱은 전체적으로 좋은데 고객 서비스가 너무 안좋다. 전화도 안받고 카톡 문의 답장도 느려서 정작 중요한 상황에서 문토 측과 소통이 안된다. 이를 감안하고 설치하시길!,고객 서비스가 안좋음,2.2.2,2026-08-05,10,https://apps.apple.com/kr/app/id1535886772
9170256117,5,2022-10-10T05:27:20-07:00,"제가 타지에서 살게 돼서 같이 취미 생활할 친구가
넘넘 필요했는데, 문토 덕분에 정말 좋은 분들을 알게 돼서 요즘 정말 하루하루 즐겁습니다! 다른 어플에 비해 정말 클린하고 건전하여 불쾌함도 없고 좋아요! 깔까 말까 고민하시는 분들께 우선 다운 받으시는 걸 초초초 강추합니다",문토 덕분에 요즘 즐거워요 ㅜㅜ დ,2.2.2,2026-08-05,10,https://apps.apple.com/kr/app/id1535886772
9169305258,5,2022-10-09T22:04:55-07:00,관심사로 사람들을 만나고 교류 할 수 있어서 좋은것 같아요. 여러가지로 성장이 기대되는 플랫폼이네요. 앞으로도 잘 애용할게요,취향으로 만나는 컨셉이 좋아요,2.2.2,2026-08-05,10,https://apps.apple.com/kr/app/id1535886772
9166787902,5,2022-10-09T04:38:36-07:00,운동시작했는데   여러사람들과 함께 운동도 하고 정보 공유도 하고 아주 유용하게 잘 사용하는중입니다,아주 유용해요,2.2.2,2026-08-05,10,https://apps.apple.com/kr/app/id1535886772
9166096968,5,2022-10-08T23:32:15-07:00,"저는 이미,벌써 문토소셜링에 게스트로 10번은 
참여하였고요 팔로워만 20명이 넘습니다 
기존에 다른 소모임 어플과는 
분명히 다른 차별성이 느껴지고
깔끔한 구성과 날짜별로 보기도 편하고 
쪽지 기능도 잘 되어있고 편리합니다",모임에 새로운 페러다임 문토를 추천합니다,2.2.2,2026-08-05,10,https://apps.apple.com/kr/app/id1535886772
9165851369,5,2022-10-08T21:27:14-07:00,"앱 업데이트도 자주 되고 ux적으로 사용성도 편해요!! 아직까진 이상한 사람도 안 만났고 괜찮아요!! 근데 요새 사용자 많아지면서 약간 상업적으로 이용하시는 호스트 (수고료나 비싼 가격으로 용돈벌이 하시는 듯)분 들이 보여서 눈쌀이 찌푸려집니다. 어떤식으로 활동비 측정하는지도 투명하지 않고,,,",잘 쓰고 있습니다,2.2.2,2026-08-05,10,https://apps.apple.com/kr/app/id1535886772
9165270049,5,2022-10-08T16:47:10-07:00,"여기저기 들어 우연히 알게된 앱.. 
요즘따라 새로운 사람들과 좋은 
시간을 보내고 싶어 가압 했네요. 
아직 참여는 하지 않았지만 조만간 
참여해 보려고 해요~",기대되는 앱,2.2.2,2026-08-05,10,https://apps.apple.com/kr/app/id1535886772
9165047403,5,2022-10-08T14:51:17-07:00,취미나 소모임 어플은 요즘 많지만 개중 문토가 가장 오픈되어있고 또 반드시 영구적인 그룹에 들어갈 필요 없이 원데이로 취미생활을 할 수 있어서 좋은 것 같아요 :) 개별 피드도 있어서 상대방을 검증하는데 있어서도 도움이 됩니다. 많이버세용~!,적당한 거리감은 유지하면서 함께 취미생활을 즐길 수 있는 사람을 만날 수 있는 앱,2.2.2,2026-08-05,10,https://apps.apple.com/kr/app/id1535886772
9164753542,5,2022-10-08T12:29:07-07:00,요즘 들어 사람 만날 곳도 없고 무료한 일상을 보내고 있었는데 문토를 알게 되고서 아주 흥미로운 하루를 보내고 있습니다. 굳이 참여안해도 이런 사람들도 있구나 하며 구경하다보면 시간 가는 줄 모르겠더라구요. 요즘은 인스타 하듯이 습관처럼 들어가는 중입니다ㅎ,무료한 일상에 흥미 한방울,2.2.2,2026-08-05,10,https://apps.apple.com/kr/app/id1535886772
9163604688,5,2022-10-08T05:44:59-07:00,취미 뿐만 아니라 많은 유익한 모임들을 만나볼 수 있어서 좋은 것 같아요!!,여러 모임에 참여할 수 있어 유익해요,2.2.2,2026-08-05,10,https://apps.apple.com/kr/app/id1535886772
9163395983,5,2022-10-08T04:31:15-07:00,알람도 잘 오고 사용자들도 다 준수한 편입니다 ㅎ,생각보다 괜찮은 모임 어플이네요.,2.2.2,2026-08-05,10,https://apps.apple.com/kr/app/id1535886772
9162005983,5,2022-10-07T17:41:48-07:00,"이주전에 문토에서 처음 소셜링을 진행했는데 ! 
처음 경험해 보는데 생각보다 너무 좋았어요 ! 
모르는분들이랑 애기도 나누고 같은 취미 가지고 있으신 분들이랑 좋은 인연 만들어서 좋은거 같아요 !",문토에서 새로운 사람과 인연 쌓는게 좋았어요 !,2.2.2,2026-08-05,10,https://apps.apple.com/kr/app/id1535886772
9159287887,1,2022-10-06T22:46:10-07:00,문토로 새로운 사람 만나고 싶다고 하다가 술모임 나가서 바람폈네요 ^^ 남친 여친 만드시고 싶으면 하세요~ ^^ 친목은 개뿔 ㅋㅋ 발정난 사람들 떼거지로 만나실 수 있습니다 ㅎㅎㅎ,문토로 남친 바람폈네요 ^^,2.2.0,2026-08-05,10,https://apps.apple.com/kr/app/id1535886772
9158755382,5,2022-10-06T18:33:47-07:00,새로운 것을 도전해보고 싶을때! 문득 연휴에 무언갈 시도해보고 싶을 때! 부담없이 취미가 마음의 뜻이 맞는 사람들과 함께 나눌 수 있다는 취지가 좋은 앱!,"새로운 것을 도전해보고 싶을 때,",2.2.0,2026-08-05,10,https://apps.apple.com/kr/app/id1535886772
9158572120,5,2022-10-06T17:07:29-07:00,"모임이 생각보다 많고 소수로 움직여서 좋은거 같아요 일정 비용을 지불하고 하는 모임도 있는데 오히려 그게 더 안전하고 전문적인거같아서 괜찬았어요
계속 꾸준히 이용해보려구여~",재밌네요,2.2.0,2026-08-05,10,https://apps.apple.com/kr/app/id1535886772
9156303644,5,2022-10-06T01:29:51-07:00,"서울에 올라온지 8년이 다 됐는데, 
같이 술 먹자 카페가자 부를 친구가 없어서 깔게 되었어요. 근데 덕분에 편하게 이야기 할 동네 언니도 생기고, 저 걱정해주며 재미나게 술 먹고 놀 멋진 동생들도 생기고😉 문토 덕분에 인싸 된 것 같네요~! 
영상 편집 소셜링 열면서 뿌듯함도 느끼고 있습니다!",문토 덕분에 정말 좋은 인연 많이 만났어요😉,2.2.0,2026-08-05,10,https://apps.apple.com/kr/app/id1535886772
9155881703,5,2022-10-05T22:01:35-07:00,"코로나 터지고 답답했을때 문토 라는 어플을
처음 깔고 소모임을 나갔는데 처음엔 긴장반 설렘반으로
시작했는데 어느덧 친구되고 즐거운 시간 많이 보냈네요ㅎ
좀더 다양한 컨텐츠 많이 만들어주셨으면 좋겠고 
사람 좋아하시는 분이면 이 어플 추천합니다👍",비대면시대 청년들의 소통 앱(강추),2.2.0,2026-08-05,10,https://apps.apple.com/kr/app/id1535886772
