index,decision,reason,site,source_kind,title,url
0,noise,R01_REVIEWED_NOT_ABOUT_SOMOIM_APP,dogdrip,legacy,취미 소모임 일단 거르는 곳,https://www.dogdrip.net/426346186
1,noise,R01_REVIEWED_NOT_ABOUT_SOMOIM_APP,dogdrip,legacy,90년대 키보드 워리어 주작충의 최후,https://www.dogdrip.net/452387785
2,noise,R01_REVIEWED_NOT_ABOUT_SOMOIM_APP,dogdrip,legacy,"소모임, 동호회 특징.txt",https://www.dogdrip.net/689447712
3,noise,R01_REVIEWED_NOT_ABOUT_SOMOIM_APP,dogdrip,legacy,스압) sns 재무설계사의 현실,https://www.dogdrip.net/418281911
4,noise,R01_REVIEWED_NOT_ABOUT_SOMOIM_APP,dogdrip,legacy,내 이야기좀 들어주고 조언해줄사람,https://www.dogdrip.net/608112282
5,noise,R01_REVIEWED_NOT_ABOUT_SOMOIM_APP,dogdrip,legacy,소모임 좆망하게 만드는 빌런 원탑.jpg,https://www.dogdrip.net/539097639
6,noise,R01_REVIEWED_NOT_ABOUT_SOMOIM_APP,dogdrip,legacy,부산 30년 살이가 느낀 서울 사람들의 성향.txt,https://www.dogdrip.net/434697448
7,noise,R01_REVIEWED_NOT_ABOUT_SOMOIM_APP,dogdrip,legacy,작년에 오버워치 그마 사칭한 초딩 인실좆 한 썰,https://www.dogdrip.net/203145526
8,noise,R01_REVIEWED_NOT_ABOUT_SOMOIM_APP,dogdrip,legacy,사기친 초딩썰 보고 떠오른 오버워치 사칭 참교육썰,https://www.dogdrip.net/359495076
9,noise,R01_REVIEWED_NOT_ABOUT_SOMOIM_APP,dogdrip,legacy,🐴) 고백거절하고 썸녀가족에게 털린 썰,https://www.dogdrip.net/321137566
10,noise,R01_REVIEWED_NOT_ABOUT_SOMOIM_APP,dogdrip,legacy,오늘자 성평등 투사.jpg,https://www.dogdrip.net/122027270
11,noise,R01_REVIEWED_NOT_ABOUT_SOMOIM_APP,dogdrip,legacy,사칭하던 잼민이 인실ㅈ 썰,https://www.dogdrip.net/329322220
12,noise,R01_REVIEWED_NOT_ABOUT_SOMOIM_APP,nate,legacy,같은 취미 찾으러 갔다가 좀 서럽게 됐음,https://m.pann.nate.com/talk/375584877
13,noise,R01_REVIEWED_NOT_ABOUT_SOMOIM_APP,nate,legacy,소모임에서 만나 남녀 섞여 1박2일 놀러간다는 남자친구,https://m.pann.nate.com/talk/344886839
14,noise,R01_REVIEWED_NOT_ABOUT_SOMOIM_APP,nate,legacy,30대인데 친구가없어요 ㅠ,https://m.pann.nate.com/talk/375535922
15,keep,K01_REVIEWED_APP_EXPERIENCE,nate,legacy,소모임 어플 강퇴됬는데 재가입안됨?,https://m.pann.nate.com/talk/330804801
16,noise,R01_REVIEWED_NOT_ABOUT_SOMOIM_APP,nate,legacy,독서 소모임 나가본 후기[Feat.그냥 비추],https://m.pann.nate.com/talk/368879130
17,keep,K01_REVIEWED_APP_EXPERIENCE,nate,legacy,소모임에서의 개념상실 모임장,https://m.pann.nate.com/talk/325457936
18,keep,K01_REVIEWED_APP_EXPERIENCE,nate,legacy,소모임 어플로 모임나갓다가 남친한테 걸림.,https://m.pann.nate.com/talk/325006528
19,noise,R01_REVIEWED_NOT_ABOUT_SOMOIM_APP,nate,legacy,소모임에서 꼴불견.,https://m.pann.nate.com/talk/357685451
20,noise,R01_REVIEWED_NOT_ABOUT_SOMOIM_APP,nate,legacy,소모임에서 최소 괜찮은 남자 판단기준 알려준다.,https://m.pann.nate.com/talk/347636351
21,noise,R01_REVIEWED_NOT_ABOUT_SOMOIM_APP,dcinside,legacy,[일반]아 시발 갸징빙 흡연자제 부탁햇더니 모임에서 쳐쫓겨남앱에서 작성,https://gall.dcinside.com/mgallery/board/view/?id=aoegame&no=31437482
22,keep,K01_REVIEWED_APP_EXPERIENCE,dcinside,legacy,여자 만나볼려고 저번주에앱에서 작성,https://gall.dcinside.com/board/view/?id=cs_new1&no=8982235
23,noise,R01_REVIEWED_NOT_ABOUT_SOMOIM_APP,dcinside,legacy,아 시발 갸징빙 흡연자제 부탁햇더니 모임에서 쳐쫓겨남앱에서 작성,https://gall.dcinside.com/board/view/?id=comic_new6&no=5986767
24,noise,R01_REVIEWED_NOT_ABOUT_SOMOIM_APP,dcinside,legacy,[동호회]클럽에서 대회 파트너 매칭 해줬는데 너무 안맞는다.,https://gall.dcinside.com/mgallery/board/view/?id=badminton&no=155076
25,noise,R01_REVIEWED_NOT_ABOUT_SOMOIM_APP,dcinside,legacy,오늘 토밤에 당근 소모임 간다는 여친...앱에서 작성,https://gall.dcinside.com/board/view/?id=loveconsultation&no=8189429
26,noise,R01_REVIEWED_NOT_ABOUT_SOMOIM_APP,dcinside,legacy,[일반]미국내 신규아미 계속 생기는 이유,https://gall.dcinside.com/board/view/?id=grsgills&no=9068921
27,noise,R01_REVIEWED_NOT_ABOUT_SOMOIM_APP,dcinside,legacy,친구 0명이면 당근같은데서 봊전용 소모임에 끼시긔앱에서 작성,https://gall.dcinside.com/mini/board/view/?id=hospital&no=645125
28,noise,R01_REVIEWED_NOT_ABOUT_SOMOIM_APP,dcinside,legacy,[일반]하아 소모임 나가볼려고 억지로 일났는데 존나 죽고싶다그냥앱에서 작성,https://gall.dcinside.com/mgallery/board/view/?id=birthhatred&no=87602
29,noise,R01_REVIEWED_NOT_ABOUT_SOMOIM_APP,dcinside,legacy,세상에서 술담배 없어지는 특이점 언제옴앱에서 작성,https://gall.dcinside.com/board/view/?id=comic_new6&no=5970095
30,noise,R01_REVIEWED_NOT_ABOUT_SOMOIM_APP,dcinside,legacy,[일반]세상에서 술담배 없어지는 특이점 언제옴앱에서 작성,https://gall.dcinside.com/mgallery/board/view/?id=thesingularity&no=1378570
31,noise,R01_REVIEWED_NOT_ABOUT_SOMOIM_APP,dcinside,legacy,[일반]세상에서 술담배 없어지는 특이점 언제오우.앱에서 작성,https://gall.dcinside.com/mgallery/board/view/?id=aoegame&no=31430894
32,noise,R01_REVIEWED_NOT_ABOUT_SOMOIM_APP,dcinside,legacy,[일반]오늘 소모임 하나 새로 갓다왓는데..음악미술 소질잇는사람 귀하구나앱에서 작성,https://gall.dcinside.com/mgallery/board/view/?id=mp&no=855345
33,noise,R01_REVIEWED_NOT_ABOUT_SOMOIM_APP,dcinside,legacy,[일반]오늘 소모임 하나 새로 갓다왓는데..음악미술 소질잇는사람 귀하구나앱에서 작성,https://gall.dcinside.com/mgallery/board/view/?id=birthhatred&no=87615
34,noise,R01_REVIEWED_NOT_ABOUT_SOMOIM_APP,dcinside,legacy,[동호회]C조 승급하고 상급자 소모임 기분좋게 가입했는데,https://gall.dcinside.com/mgallery/board/view/?id=badminton&no=154965
35,noise,R01_REVIEWED_NOT_ABOUT_SOMOIM_APP,dcinside,legacy,[📕리뷰][케덕/지구평평론자 설득하기] 평평학회 모임 간 후기앱에서 작성,https://gall.dcinside.com/mgallery/board/view/?id=aichatting&no=374594
36,noise,R01_REVIEWED_NOT_ABOUT_SOMOIM_APP,dcinside,legacy,[일반]그리고 추가로모바일에서 작성,https://gall.dcinside.com/mgallery/board/view/?id=pcikup&no=8384
37,noise,R01_REVIEWED_NOT_ABOUT_SOMOIM_APP,dogdrip,legacy,slr 기사 떳다,https://www.dogdrip.net/72265289
38,noise,R01_REVIEWED_NOT_ABOUT_SOMOIM_APP,dogdrip,legacy,[약스압] SLR 여시소모임(하이드라사태) 정리.jpg,https://www.dogdrip.net/72162391
39,noise,R01_REVIEWED_NOT_ABOUT_SOMOIM_APP,nate,legacy,선 넘는 동호회 남사친 어떻게 생각하나요?,https://m.pann.nate.com/talk/375570693
40,noise,R01_REVIEWED_NOT_ABOUT_SOMOIM_APP,nate,legacy,오빠~ 나 소모임이나 동호회나가?!웅?,https://m.pann.nate.com/talk/373703166
41,keep,K01_REVIEWED_APP_EXPERIENCE,nate,legacy,소모임 어플 리뷰,https://m.pann.nate.com/talk/373199000
42,noise,R01_REVIEWED_NOT_ABOUT_SOMOIM_APP,nate,legacy,의처증 혹은 집착의 기준은?,https://m.pann.nate.com/talk/375518385
43,keep,K01_REVIEWED_APP_EXPERIENCE,nate,legacy,빡쳐서 소모임 개설했는데,https://m.pann.nate.com/talk/338044057
44,noise,R01_REVIEWED_NOT_ABOUT_SOMOIM_APP,nate,legacy,"혹시 ""소모임""이란...",https://m.pann.nate.com/talk/327762881
45,noise,R01_REVIEWED_NOT_ABOUT_SOMOIM_APP,nate,legacy,(인천/경기/서울) 여행 및 취미생활 소모임 모집합니다.(평일/주말 활동),https://m.pann.nate.com/talk/336769337
46,noise,R01_REVIEWED_NOT_ABOUT_SOMOIM_APP,nate,legacy,안녕하세요. 소모임 단톡멤버 모집해요.,https://m.pann.nate.com/talk/337103275
47,noise,R01_REVIEWED_NOT_ABOUT_SOMOIM_APP,nate,legacy,안녕하세요. 단톡 소모임 멤버 모집,https://m.pann.nate.com/talk/337103306
48,noise,R01_REVIEWED_NOT_ABOUT_SOMOIM_APP,nate,legacy,강사모 소모임 - 현황 - 23일 영화모임 -,https://m.pann.nate.com/talk/120157012
49,keep,K01_REVIEWED_APP_EXPERIENCE,nate,legacy,소모임 앱하는데 금요일날 벙개 함,https://m.pann.nate.com/talk/325529066
50,noise,R01_REVIEWED_NOT_ABOUT_SOMOIM_APP,nate,legacy,2013년 06월 [36.5℃ 인간의 경제학] 소모임 공지(제35회 소모임),https://m.pann.nate.com/talk/318453739
51,noise,R01_REVIEWED_NOT_ABOUT_SOMOIM_APP,nate,legacy,"부산,울산 단체톡 소모임~",https://m.pann.nate.com/talk/324196265
52,noise,R01_REVIEWED_NOT_ABOUT_SOMOIM_APP,nate,legacy,83년생부터 92년생까지 20대분들의 소모임,https://m.pann.nate.com/talk/312637900
53,noise,R01_REVIEWED_NOT_ABOUT_SOMOIM_APP,nate,legacy,국제앰네스티가 여러분의 소모임을 직접 찾아갑니다!,https://m.pann.nate.com/talk/113742557
54,noise,R01_REVIEWED_NOT_ABOUT_SOMOIM_APP,nate,legacy,소모임(동호회) 활동에 매일 참석하는 사람은 한심한걸까요 여유가 많은걸까요,https://m.pann.nate.com/talk/342739519
55,noise,R01_REVIEWED_NOT_ABOUT_SOMOIM_APP,nate,legacy,전남친 소모임 어플 가입햇네,https://m.pann.nate.com/talk/344578178
56,noise,R01_REVIEWED_NOT_ABOUT_SOMOIM_APP,nate,legacy,정모 벙개 소모임 나가면서 느낀점~!,https://m.pann.nate.com/talk/314338497
57,noise,R01_REVIEWED_NOT_ABOUT_SOMOIM_APP,nate,legacy,소모임 어플 강퇴됬는데 재가입안됨?,https://m.pann.nate.com/talk/330804796
58,noise,R01_REVIEWED_NOT_ABOUT_SOMOIM_APP,nate,legacy,SBS 예능 프로그램 대학로 '웃찾사'무료 티켓 나눔 이벤트 / 소모임 어플 톡소다,https://m.pann.nate.com/talk/336745919
59,noise,R01_REVIEWED_NOT_ABOUT_SOMOIM_APP,nate,legacy,1월 19일심리 소모임 공지,https://m.pann.nate.com/talk/317357276
60,noise,R01_REVIEWED_NOT_ABOUT_SOMOIM_APP,dogdrip,legacy,모쏠이 왜 계속 쏠로로 남는지 알아?,https://www.dogdrip.net/447881403
61,noise,R01_REVIEWED_NOT_ABOUT_SOMOIM_APP,dogdrip,legacy,교회 성폭행,https://www.dogdrip.net/161954294
62,noise,R01_REVIEWED_NOT_ABOUT_SOMOIM_APP,dogdrip,legacy,수원 서포터들의 폭행을 처음부터 끝까지 봤다는 펨코인,https://www.dogdrip.net/412936755
63,noise,R01_REVIEWED_NOT_ABOUT_SOMOIM_APP,dogdrip,legacy,와이프 바람난것 같은데 어떡해야 하냐~,https://www.dogdrip.net/333907493
64,noise,R01_REVIEWED_NOT_ABOUT_SOMOIM_APP,dogdrip,legacy,SLR(스르륵)운영자 해명글 썻다.,https://www.dogdrip.net/72414848
65,noise,R01_REVIEWED_NOT_ABOUT_SOMOIM_APP,dogdrip,legacy,국민대 단톡방 사건 현황,https://www.dogdrip.net/66182494
66,noise,R01_REVIEWED_NOT_ABOUT_SOMOIM_APP,nate,legacy,당근 소모임도 주의해야하는 이유,https://m.pann.nate.com/talk/375292816
67,noise,R01_REVIEWED_NOT_ABOUT_SOMOIM_APP,nate,legacy,소모임 나가면,https://m.pann.nate.com/talk/374984845
68,noise,R01_REVIEWED_NOT_ABOUT_SOMOIM_APP,nate,legacy,지인의 불륜사실을 배우자에게 알려야 할까?,https://m.pann.nate.com/talk/375550271
69,noise,R01_REVIEWED_NOT_ABOUT_SOMOIM_APP,nate,legacy,당근 소모임은 마치 동물의 왕국?,https://m.pann.nate.com/talk/375278215
70,noise,R01_REVIEWED_NOT_ABOUT_SOMOIM_APP,nate,legacy,온라인 모임같은 소모임 같은거 나가시는 분들?,https://m.pann.nate.com/talk/348083934
71,noise,R01_REVIEWED_NOT_ABOUT_SOMOIM_APP,nate,legacy,코미디언 대형마트 소모임,https://m.pann.nate.com/talk/347180880
72,noise,R01_REVIEWED_NOT_ABOUT_SOMOIM_APP,nate,legacy,인터넷이나 소모임에서 동성일지라도 아무나 만나면 안되는 이유,https://m.pann.nate.com/talk/373581099
73,noise,R01_REVIEWED_NOT_ABOUT_SOMOIM_APP,nate,legacy,어플중에 소모임 하는사람들 심리좀알려주세요,https://m.pann.nate.com/talk/346481453
74,keep,K02_REVIEWED_APP_QUESTION,nate,legacy,소모임 어플 쓰시나요?,https://m.pann.nate.com/talk/373243707
75,keep,K01_REVIEWED_APP_EXPERIENCE,nate,legacy,소모임 어플에서,https://m.pann.nate.com/talk/371553133
76,noise,R01_REVIEWED_NOT_ABOUT_SOMOIM_APP,nate,legacy,제발 정법소모임 해본애들아,https://m.pann.nate.com/talk/365574721
77,noise,R01_REVIEWED_NOT_ABOUT_SOMOIM_APP,nate,legacy,연천아이파크 코로나 소모임 제보.고발합니다,https://m.pann.nate.com/talk/353862230
78,noise,R01_REVIEWED_NOT_ABOUT_SOMOIM_APP,nate,legacy,얘두라 소모임활동 만들어봤는데 어땡?,https://m.pann.nate.com/talk/365580454
79,keep,K02_REVIEWED_APP_QUESTION,nate,legacy,소모임어플 하시는 분들 계신가요?,https://m.pann.nate.com/talk/347788156
80,noise,R01_REVIEWED_NOT_ABOUT_SOMOIM_APP,nate,legacy,20대초중반 여학생들 많이 나오는 동호회나 소모임없을까요?,https://m.pann.nate.com/talk/328982900
81,noise,R01_REVIEWED_NOT_ABOUT_SOMOIM_APP,nate,legacy,색다른 전시회! 홍익대학교 예술창작 소모임 '탐구생활' { 지금 } 전.,https://m.pann.nate.com/talk/312132170
82,noise,R01_REVIEWED_NOT_ABOUT_SOMOIM_APP,nate,legacy,이단아[이별을 단호하게 대처하는 아이들]에서 힘들어하는분들을 위해 소모임을 합니다,https://m.pann.nate.com/talk/320564049
83,noise,R01_REVIEWED_NOT_ABOUT_SOMOIM_APP,nate,legacy,소모임 홍보!!,https://m.pann.nate.com/talk/326881537
84,noise,R01_REVIEWED_NOT_ABOUT_SOMOIM_APP,nate,legacy,큐티 나누기 소모임을 열어 볼까 합니다~,https://m.pann.nate.com/talk/120678049
85,noise,R01_REVIEWED_NOT_ABOUT_SOMOIM_APP,nate,legacy,소모임어플에 미모 상 38살 여자,https://m.pann.nate.com/talk/345523928
86,noise,R01_REVIEWED_NOT_ABOUT_SOMOIM_APP,nate,legacy,혹시 반에서 과목소모임 해본사람??,https://m.pann.nate.com/talk/365579115
87,noise,R01_REVIEWED_NOT_ABOUT_SOMOIM_APP,nate,legacy,대학교 소모임 동아리 이런거 꼭 안해도 되지??,https://m.pann.nate.com/talk/365599866
88,noise,R01_REVIEWED_NOT_ABOUT_SOMOIM_APP,nate,legacy,소모임 강남 개념상실 모임장 k 씨!,https://m.pann.nate.com/talk/326432661
89,noise,R01_REVIEWED_NOT_ABOUT_SOMOIM_APP,nate,legacy,소모임 동아리 활동 설문조사 (7문항),https://m.pann.nate.com/talk/341924443
90,noise,R01_REVIEWED_NOT_ABOUT_SOMOIM_APP,nate,legacy,20~30대 직장인 소모임,https://m.pann.nate.com/talk/336593863
91,noise,R01_REVIEWED_NOT_ABOUT_SOMOIM_APP,nate,legacy,소모임 이즈벡(베프만들기)  운영진 늬들 그렇게 잘났니?,https://m.pann.nate.com/talk/350226676
92,noise,R01_REVIEWED_NOT_ABOUT_SOMOIM_APP,nate,legacy,대전 찬쉼에서 준비한 넵킨아트 만들기 소모임!!,https://m.pann.nate.com/talk/311981230
93,keep,K02_REVIEWED_APP_QUESTION,nate,legacy,소모임 어플 강퇴시키는곳 많어?,https://m.pann.nate.com/talk/330795483
94,noise,R01_REVIEWED_NOT_ABOUT_SOMOIM_APP,nate,legacy,"대구 소모임 후기(?),,,,,,,,,,,,,,,",https://m.pann.nate.com/talk/2442212
95,noise,R01_REVIEWED_NOT_ABOUT_SOMOIM_APP,nate,legacy,부산 20후 ~ 40초 소모임,https://m.pann.nate.com/talk/326497067
96,noise,R01_REVIEWED_NOT_ABOUT_SOMOIM_APP,nate,legacy,ㅋㅋ~건대 ~소모임!ㅋㅋ_01,https://m.pann.nate.com/talk/110077765
97,noise,R01_REVIEWED_NOT_ABOUT_SOMOIM_APP,nate,legacy,알바 면접 3번 보고 나서 느낀 거,https://m.pann.nate.com/talk/375495717
98,noise,R01_REVIEWED_NOT_ABOUT_SOMOIM_APP,nate,legacy,최근에 친구 0명이 되버렸네요,https://m.pann.nate.com/talk/375315461
99,noise,R01_REVIEWED_NOT_ABOUT_SOMOIM_APP,nate,legacy,싱글 5년차 60대가 사람 만나는 법,https://m.pann.nate.com/talk/375376843
100,noise,R01_REVIEWED_NOT_ABOUT_SOMOIM_APP,nate,legacy,학창시절 내내 왕따였다는 애인,https://m.pann.nate.com/talk/374887676
101,noise,R01_REVIEWED_NOT_ABOUT_SOMOIM_APP,nate,legacy,이거 여미새 맞지..?,https://m.pann.nate.com/talk/375380780
102,noise,R01_REVIEWED_NOT_ABOUT_SOMOIM_APP,nate,legacy,별거 아닌 한마디세 서운하고 외로워요. 남친과다툼,https://m.pann.nate.com/talk/375186564
103,noise,R01_REVIEWED_NOT_ABOUT_SOMOIM_APP,nate,legacy,친구가 모임어플로 사람만난다하면 정떨어짐??,https://m.pann.nate.com/talk/375422194
104,noise,R01_REVIEWED_NOT_ABOUT_SOMOIM_APP,nate,legacy,엑소 카이 이시국에 친목생파해서 논란남ㅋㅋ,https://m.pann.nate.com/talk/356924385
105,noise,R01_REVIEWED_NOT_ABOUT_SOMOIM_APP,nate,legacy,별거아닌데 다툰거같은 남친반응에 서러움,https://m.pann.nate.com/talk/375186583
106,noise,R01_REVIEWED_NOT_ABOUT_SOMOIM_APP,nate,legacy,제꿈이왜 사회복지사 인줄 아세요?,https://m.pann.nate.com/talk/115813681
107,noise,R01_REVIEWED_NOT_ABOUT_SOMOIM_APP,nate,legacy,대학에선 여고처럼 여자들끼리의 우정 없네요??????,https://m.pann.nate.com/talk/316115188
108,noise,R01_REVIEWED_NOT_ABOUT_SOMOIM_APP,nate,legacy,제 말이 배려가 없는건가요?,https://m.pann.nate.com/talk/374482590
109,noise,R01_REVIEWED_NOT_ABOUT_SOMOIM_APP,nate,legacy,이성을 트이터에서 만난 사이라는게 뭔뜻이야?,https://m.pann.nate.com/talk/375091021
110,noise,R01_REVIEWED_NOT_ABOUT_SOMOIM_APP,nate,legacy,32살 여자 이혼 찐후기,https://m.pann.nate.com/talk/374086744
111,noise,R01_REVIEWED_NOT_ABOUT_SOMOIM_APP,nate,legacy,청하 코로나 ㄹㅇ에바참치네ㅋㅋ,https://m.pann.nate.com/talk/355986475
112,noise,R01_REVIEWED_NOT_ABOUT_SOMOIM_APP,nate,legacy,26학번이 반드시 알아야할 정보,https://m.pann.nate.com/talk/374875312
113,noise,R01_REVIEWED_NOT_ABOUT_SOMOIM_APP,nate,legacy,+추추가)+추가)제가 진짜 남편을 너무 잡는건가요?,https://m.pann.nate.com/talk/343180774
114,noise,R01_REVIEWED_NOT_ABOUT_SOMOIM_APP,nate,legacy,H.O.T. 명함한번보실래요? (사진 有),https://m.pann.nate.com/talk/3868103
115,noise,R01_REVIEWED_NOT_ABOUT_SOMOIM_APP,nate,legacy,☞여기 커플매니저가 그렇게 잘 엮는다며?☜,https://m.pann.nate.com/talk/202381296
116,noise,R01_REVIEWED_NOT_ABOUT_SOMOIM_APP,nate,legacy,어디든,https://m.pann.nate.com/talk/374984906
117,noise,R01_REVIEWED_NOT_ABOUT_SOMOIM_APP,nate,legacy,이제 12학번이 될 예비 대학생들에게!,https://m.pann.nate.com/talk/313931851
118,noise,R01_REVIEWED_NOT_ABOUT_SOMOIM_APP,nate,legacy,사이비 구별 하는 방법 알려줌,https://m.pann.nate.com/talk/372479090
119,noise,R01_REVIEWED_NOT_ABOUT_SOMOIM_APP,nate,legacy,"[단독]'골때녀' 기적 이룬 소유미, 679일 만에 골→해트트릭 ""이게 되네요?""(인터...",https://m.pann.nate.com/talk/374940549
120,noise,R01_REVIEWED_NOT_ABOUT_SOMOIM_APP,nate,legacy,(매우 긴 글 주의) 제가 친구에게 실수한걸까요?,https://m.pann.nate.com/talk/374465413
121,noise,R01_REVIEWED_NOT_ABOUT_SOMOIM_APP,nate,legacy,"[단독]'골때녀' 소유미 ""父 소명, 679 만의 골 너무 좋아해…징크스는 인정 NO""(인...",https://m.pann.nate.com/talk/374940550
122,noise,R01_REVIEWED_NOT_ABOUT_SOMOIM_APP,nate,legacy,집주인때문에 울고싶습니다.(본문밑에 추가글올립니다.),https://m.pann.nate.com/talk/350834926
123,noise,R01_REVIEWED_NOT_ABOUT_SOMOIM_APP,nate,legacy,여잔데 여초모임이 너무 안맞아요..,https://m.pann.nate.com/talk/370271128
124,noise,R01_REVIEWED_NOT_ABOUT_SOMOIM_APP,nate,legacy,성희롱2차 가해자일까 VS 피해망상일까,https://m.pann.nate.com/talk/372915398
125,noise,R01_REVIEWED_NOT_ABOUT_SOMOIM_APP,nate,legacy,같이 일하는 부부 문제 (+추가 있습니다,https://m.pann.nate.com/talk/372644437
126,noise,R01_REVIEWED_NOT_ABOUT_SOMOIM_APP,nate,legacy,가슴이 큰 것때문에 미치겟습니다>_<;;,https://m.pann.nate.com/talk/2260944
127,noise,R01_REVIEWED_NOT_ABOUT_SOMOIM_APP,nate,legacy,남친이 제가 나가는 캠핑모임을 반대해요,https://m.pann.nate.com/talk/373405006
128,noise,R01_REVIEWED_NOT_ABOUT_SOMOIM_APP,nate,legacy,25학번이 꼭 알아야할 대학교 팁,https://m.pann.nate.com/talk/373347081
129,noise,R01_REVIEWED_NOT_ABOUT_SOMOIM_APP,nate,legacy,직장인 취미생활 뭐 하세요?,https://m.pann.nate.com/talk/365549998
130,noise,R01_REVIEWED_NOT_ABOUT_SOMOIM_APP,nate,legacy,9년동안 전화연락만 하고 한번도 보자고 안하는 남자의 심리는 뭔가요?,https://m.pann.nate.com/talk/1447102
131,noise,R01_REVIEWED_NOT_ABOUT_SOMOIM_APP,nate,legacy,사이비인 애들 특징,https://m.pann.nate.com/talk/372213498
132,noise,R01_REVIEWED_NOT_ABOUT_SOMOIM_APP,nate,legacy,이 연애를 계속 하는게 맞는걸까요? (긴글주의),https://m.pann.nate.com/talk/371265105
133,noise,R01_REVIEWED_NOT_ABOUT_SOMOIM_APP,nate,legacy,새내기들한테 대학교 꿀팁 알려줌,https://m.pann.nate.com/talk/372235800
134,noise,R01_REVIEWED_NOT_ABOUT_SOMOIM_APP,nate,legacy,일상 생활이 외로워요,https://m.pann.nate.com/talk/352402662
135,noise,R01_REVIEWED_NOT_ABOUT_SOMOIM_APP,nate,legacy,이야기방 대화中 게시판에 대한 이슈 제의,https://m.pann.nate.com/talk/119755141
136,noise,R01_REVIEWED_NOT_ABOUT_SOMOIM_APP,nate,legacy,♡부산경남쏠로 ! 내사람찾기+친목도모♡,https://m.pann.nate.com/talk/201198536
137,noise,R01_REVIEWED_NOT_ABOUT_SOMOIM_APP,nate,legacy,아무도 나를 찾지 않아,https://m.pann.nate.com/talk/365103253
138,noise,R01_REVIEWED_NOT_ABOUT_SOMOIM_APP,nate,legacy,다들 남자 어디서 어떻게 만나는지,https://m.pann.nate.com/talk/348601765
139,noise,R01_REVIEWED_NOT_ABOUT_SOMOIM_APP,nate,legacy,남편의 온라인 바람,https://m.pann.nate.com/talk/370263991
140,noise,R01_REVIEWED_NOT_ABOUT_SOMOIM_APP,nate,legacy,42탄 머리카락,https://m.pann.nate.com/talk/319524187
141,noise,R01_REVIEWED_NOT_ABOUT_SOMOIM_APP,nate,legacy,친구 단 한명도 없는 사람 있어요?,https://m.pann.nate.com/talk/366906007
142,noise,R01_REVIEWED_NOT_ABOUT_SOMOIM_APP,nate,legacy,이제 22살인데 내 인생이 남들에 비해 좀 많이 꼬인 채로 시작하는듯,https://m.pann.nate.com/talk/368899845
143,noise,R01_REVIEWED_NOT_ABOUT_SOMOIM_APP,nate,legacy,이게 강간일까요,https://m.pann.nate.com/talk/342306160
144,noise,R01_REVIEWED_NOT_ABOUT_SOMOIM_APP,nate,legacy,"빽가, 시상식 공연 중 호응 無... ""이런 행사 안 한다"" 어땠길래? (라디오쇼)[종합]",https://m.pann.nate.com/talk/374764696
145,noise,R01_REVIEWED_NOT_ABOUT_SOMOIM_APP,nate,legacy,아 이거 보고 진짜 뒤집어졌음 ㅋㅋㅋㅋㅋㅋ,https://m.pann.nate.com/talk/201475670
146,noise,R01_REVIEWED_NOT_ABOUT_SOMOIM_APP,nate,legacy,부모님이 너무 심하게 간섭합니다… 조언 부탁드려요,https://m.pann.nate.com/talk/369398888
147,noise,R01_REVIEWED_NOT_ABOUT_SOMOIM_APP,nate,legacy,결혼할수있을까요?,https://m.pann.nate.com/talk/374594445
148,noise,R01_REVIEWED_NOT_ABOUT_SOMOIM_APP,nate,legacy,N번방 방지법 검열 사이트 목록,https://m.pann.nate.com/talk/364005541
149,noise,R01_REVIEWED_NOT_ABOUT_SOMOIM_APP,nate,legacy,"돈없는 남자친구, 제가 어디까지 이해할 수 있을까요?",https://m.pann.nate.com/talk/346087104
150,noise,R01_REVIEWED_NOT_ABOUT_SOMOIM_APP,nate,legacy,현실적인 여대 생활에 대해 알려줄께~ 대학 선택 시 참고하길..,https://m.pann.nate.com/talk/333680013
151,noise,R01_REVIEWED_NOT_ABOUT_SOMOIM_APP,nate,legacy,살찐 여자와 마른 남자의 전쟁같은 사랑,https://m.pann.nate.com/talk/367827799
152,noise,R01_REVIEWED_NOT_ABOUT_SOMOIM_APP,nate,legacy,전남친 전여친 잊는법 알려드림,https://m.pann.nate.com/talk/364693713
153,noise,R01_REVIEWED_NOT_ABOUT_SOMOIM_APP,nate,legacy,31살 남자가 말해주는 진짜 괜찮은 남자 만날 수 있는 장소,https://m.pann.nate.com/talk/365277936
154,noise,R01_REVIEWED_NOT_ABOUT_SOMOIM_APP,nate,legacy,마음이 안내키는 결혼식 가야할까요?,https://m.pann.nate.com/talk/369311342
155,noise,R01_REVIEWED_NOT_ABOUT_SOMOIM_APP,nate,legacy,같은 조건 사람 찾는것도 힘들다,https://m.pann.nate.com/talk/374494575
156,noise,R01_REVIEWED_NOT_ABOUT_SOMOIM_APP,nate,legacy,5년만난 남자친구가 게이인거 같아요..,https://m.pann.nate.com/talk/355358340
157,noise,R01_REVIEWED_NOT_ABOUT_SOMOIM_APP,nate,legacy,30대 연애는 어떻게 시작하나요?,https://m.pann.nate.com/talk/355653354
158,noise,R01_REVIEWED_NOT_ABOUT_SOMOIM_APP,nate,legacy,다들 어디서 사람 만남?? 사람 만나기 위해 해 본 정말 여러 가지 썰 품 (추천 /비추천),https://m.pann.nate.com/talk/366838103
159,noise,R01_REVIEWED_NOT_ABOUT_SOMOIM_APP,nate,legacy,언니랑 비교한다는 여자친구입니다.,https://m.pann.nate.com/talk/363125147
160,noise,R01_REVIEWED_NOT_ABOUT_SOMOIM_APP,nate,legacy,사내연애만 4번째....어떤가요?,https://m.pann.nate.com/talk/348797776
161,noise,R01_REVIEWED_NOT_ABOUT_SOMOIM_APP,nate,legacy,[추천] 흔녀 얼짱되는법!! (239),https://m.pann.nate.com/talk/316670316
162,noise,R01_REVIEWED_NOT_ABOUT_SOMOIM_APP,nate,legacy,30대 언니들한테 인간관계 조언 받고 싶어요.,https://m.pann.nate.com/talk/344665903
163,noise,R01_REVIEWED_NOT_ABOUT_SOMOIM_APP,nate,legacy,5년만난 남자친구 게이아니겠죠...?,https://m.pann.nate.com/talk/355355145
164,noise,R01_REVIEWED_NOT_ABOUT_SOMOIM_APP,nate,legacy,유기견보호소 운영실태,https://m.pann.nate.com/talk/111527285
165,noise,R01_REVIEWED_NOT_ABOUT_SOMOIM_APP,nate,legacy,동호회에서 강퇴 당했습니다,https://m.pann.nate.com/talk/347556885
166,noise,R01_REVIEWED_NOT_ABOUT_SOMOIM_APP,nate,legacy,"짝사랑썰 풀고 가봐,,",https://m.pann.nate.com/talk/346709654
167,noise,R01_REVIEWED_NOT_ABOUT_SOMOIM_APP,nate,legacy,33 직딩남입니다. 단조로운 생활을 하는데 재미가 없어요..,https://m.pann.nate.com/talk/363752922
168,noise,R01_REVIEWED_NOT_ABOUT_SOMOIM_APP,nate,legacy,이혼하면 후회할까요 ?,https://m.pann.nate.com/talk/363016097
169,noise,R01_REVIEWED_NOT_ABOUT_SOMOIM_APP,nate,legacy,30대 남자입니다 다들 어떻게 살고 계신가요,https://m.pann.nate.com/talk/346261005
170,noise,R01_REVIEWED_NOT_ABOUT_SOMOIM_APP,nate,legacy,사진有) 명랑이 찾았어요ㅠ ㅠ 너무너무 감사합니다.,https://m.pann.nate.com/talk/311449834
171,noise,R01_REVIEWED_NOT_ABOUT_SOMOIM_APP,nate,legacy,아이유-BTS 진 억대 기부·조인성 운동화 선물…어린이날 선행,https://m.pann.nate.com/talk/374322061
172,noise,R01_REVIEWED_NOT_ABOUT_SOMOIM_APP,nate,legacy,지방 내려와서 새로운 인맥쌓기 다들 어떻게해?,https://m.pann.nate.com/talk/349845516
173,noise,R01_REVIEWED_NOT_ABOUT_SOMOIM_APP,nate,legacy,온라인 여포들 보다 떠오른 고딩 때 찐따 썰,https://m.pann.nate.com/talk/374132494
174,noise,R01_REVIEWED_NOT_ABOUT_SOMOIM_APP,nate,legacy,[세상에 이런 모임이..] 카카오톡 오픈채팅모임을 해보셨나요? 꼭 보세요.,https://m.pann.nate.com/talk/359403583
175,noise,R01_REVIEWED_NOT_ABOUT_SOMOIM_APP,nate,legacy,89 90 91 92 년생들 컴 온 !! !! !!!!,https://m.pann.nate.com/talk/310761903
176,noise,R01_REVIEWED_NOT_ABOUT_SOMOIM_APP,nate,legacy,모임 회비를 다 써비린 총무 이야기,https://m.pann.nate.com/talk/837036
177,keep,K01_REVIEWED_APP_EXPERIENCE,nate,legacy,30살 여자 성격이 변해가는 것 같아 슬픕니다.,https://m.pann.nate.com/talk/348483065
178,noise,R01_REVIEWED_NOT_ABOUT_SOMOIM_APP,nate,legacy,"☆★특별한 우리 동아리, 얘기 좀 들어보실래요?☆★ (사진 + 동영상 有)",https://m.pann.nate.com/talk/314497094
179,noise,R01_REVIEWED_NOT_ABOUT_SOMOIM_APP,nate,legacy,등산 좋아하면 좋은사람 만날수 있나요? 여름을 맞이하는 일상,https://m.pann.nate.com/talk/374278293
180,noise,R01_REVIEWED_NOT_ABOUT_SOMOIM_APP,nate,legacy,난 대학교 왕따다....,https://m.pann.nate.com/talk/120713638
181,noise,R01_REVIEWED_NOT_ABOUT_SOMOIM_APP,nate,legacy,남친뒷조사햇는데.. 제가 잘못한거일까요,https://m.pann.nate.com/talk/345104542
182,noise,R01_REVIEWED_NOT_ABOUT_SOMOIM_APP,nate,legacy,★★★★축구장에서 훈남 번호딴 흔흔흔흔녀★★★★,https://m.pann.nate.com/talk/312665960
183,noise,R01_REVIEWED_NOT_ABOUT_SOMOIM_APP,nate,legacy,영국에서 들었던 무서운 이야기,https://m.pann.nate.com/talk/202582190
184,noise,R01_REVIEWED_NOT_ABOUT_SOMOIM_APP,nate,legacy,오늘  제가 가장 좋아하는 연예인을 우연히 만났어요.,https://m.pann.nate.com/talk/202435418
185,noise,R01_REVIEWED_NOT_ABOUT_SOMOIM_APP,nate,legacy,자퇴하고싶다.,https://m.pann.nate.com/talk/322537205
186,noise,R01_REVIEWED_NOT_ABOUT_SOMOIM_APP,nate,legacy,((조언 감사했습니다.) 가계부 예산보고 조언이랑 살림 팁 공유해주세요.^^,https://m.pann.nate.com/talk/325787562
187,noise,R01_REVIEWED_NOT_ABOUT_SOMOIM_APP,nate,legacy,89 90 91 년생  컴온.....!!!,https://m.pann.nate.com/talk/310360300
188,noise,R01_REVIEWED_NOT_ABOUT_SOMOIM_APP,nate,legacy,추가 + 대기업 다니는 남자친구 바람 (카톡유),https://m.pann.nate.com/talk/341024098
189,noise,R01_REVIEWED_NOT_ABOUT_SOMOIM_APP,nate,legacy,*우리과에서 최고로 웃긴 내친구 김도다다오에요ㅋ,https://m.pann.nate.com/talk/312257355
190,noise,R01_REVIEWED_NOT_ABOUT_SOMOIM_APP,nate,legacy,[사진有] 집나가서 개고생한 사연 ㅋㅋㅋㅋㅋㅋㅋㅋ,https://m.pann.nate.com/talk/200691713
191,noise,R01_REVIEWED_NOT_ABOUT_SOMOIM_APP,nate,legacy,덧글좀..내외모 얼마나 별로인걸까,https://m.pann.nate.com/talk/342203282
192,noise,R01_REVIEWED_NOT_ABOUT_SOMOIM_APP,nate,legacy,어떻게 썸남 생기는지 알려줄게,https://m.pann.nate.com/talk/312825752
193,noise,R01_REVIEWED_NOT_ABOUT_SOMOIM_APP,nate,legacy,남편의 인터넷 바람,https://m.pann.nate.com/talk/370268001
194,noise,R01_REVIEWED_NOT_ABOUT_SOMOIM_APP,nate,legacy,30대초반 남자 입니다. 혹 비혼 주위거나 비혼을 생각하시는 분들 생각 궁굼합니다.,https://m.pann.nate.com/talk/340230805
195,noise,R01_REVIEWED_NOT_ABOUT_SOMOIM_APP,nate,legacy,◆◆◆ 89 90 91 92 ALL RAE  ◆◆◆,https://m.pann.nate.com/talk/311275344
196,noise,R01_REVIEWED_NOT_ABOUT_SOMOIM_APP,nate,legacy,♥♥♥ 89 . 90 . 91 . 92 ♥♥♥ 올래!!,https://m.pann.nate.com/talk/311116860
197,noise,R01_REVIEWED_NOT_ABOUT_SOMOIM_APP,nate,legacy,이런게성형휴유증인가요,https://m.pann.nate.com/talk/2948856
198,noise,R01_REVIEWED_NOT_ABOUT_SOMOIM_APP,nate,legacy,★★ 사진有) 감사하고 소중한 내팬들★★,https://m.pann.nate.com/talk/315349295
199,noise,R01_REVIEWED_NOT_ABOUT_SOMOIM_APP,nate,legacy,이틀 전에 3개월된 남자 친구랑 헤어졌는데 잘 되었는지 모르겠네요....,https://m.pann.nate.com/talk/337043859
200,keep,K01_REVIEWED_APP_EXPERIENCE,nate,legacy,여자친구의 술모임..어디까지?,https://m.pann.nate.com/talk/340755592
201,noise,R01_REVIEWED_NOT_ABOUT_SOMOIM_APP,nate,legacy,25세. 부모님의 간섭이 너무 심해요.,https://m.pann.nate.com/talk/342281506
202,noise,R01_REVIEWED_NOT_ABOUT_SOMOIM_APP,nate,legacy,다들 친구 어디서 사귀냐?,https://m.pann.nate.com/talk/372398692
203,noise,R01_REVIEWED_NOT_ABOUT_SOMOIM_APP,nate,legacy,◆◆◆ 92 91 90 89 ALL RAE ◆◆◆,https://m.pann.nate.com/talk/311207989
204,noise,R01_REVIEWED_NOT_ABOUT_SOMOIM_APP,nate,legacy,일본 오사카 여행을 여친이 반대를 합니다용 ㅠㅠ  고견 구합니다... 나컴백함!!!,https://m.pann.nate.com/talk/337920934
205,noise,R01_REVIEWED_NOT_ABOUT_SOMOIM_APP,nate,legacy,나보다 인생망한 사람 있냐 나와봐 ㅋㅋㅋㅋㅋㅋ,https://m.pann.nate.com/talk/337952216
206,noise,R01_REVIEWED_NOT_ABOUT_SOMOIM_APP,nate,legacy,89 90 91 92년생들 컴온!!,https://m.pann.nate.com/talk/310362192
207,noise,R01_REVIEWED_NOT_ABOUT_SOMOIM_APP,nate,legacy,[강북맛집]서울시 강북구 수유리에 위치한 일본 이자까야 맛집 '쿄우' 추천!,https://m.pann.nate.com/talk/311293665
208,noise,R01_REVIEWED_NOT_ABOUT_SOMOIM_APP,nate,legacy,저는 에이즈 환자입니다.,https://m.pann.nate.com/talk/2535679
209,noise,R01_REVIEWED_NOT_ABOUT_SOMOIM_APP,nate,legacy,오피에서 대학후배 만난썰,https://m.pann.nate.com/talk/329054679
210,noise,R01_REVIEWED_NOT_ABOUT_SOMOIM_APP,nate,legacy,양아치 테크 타는 사촌동생 참교육 당한 썰,https://m.pann.nate.com/talk/336036701
211,noise,R01_REVIEWED_NOT_ABOUT_SOMOIM_APP,nate,legacy,새내기들 이래서 cc는 하지말라는거야,https://m.pann.nate.com/talk/310613879
212,noise,R01_REVIEWED_NOT_ABOUT_SOMOIM_APP,nate,legacy,흔해 빠진 캠퍼스커플의 낭만이야기 - 1탄,https://m.pann.nate.com/talk/317930899
213,noise,R01_REVIEWED_NOT_ABOUT_SOMOIM_APP,nate,legacy,모임어플 혹시 써본사람ㅠㅠ?,https://m.pann.nate.com/talk/373939717
214,noise,R01_REVIEWED_NOT_ABOUT_SOMOIM_APP,nate,legacy,＠＠＠ 89 90 91 92 @@@ 올래!,https://m.pann.nate.com/talk/311132994
215,noise,R01_REVIEWED_NOT_ABOUT_SOMOIM_APP,nate,legacy,89 90 91년생들 컴온요,https://m.pann.nate.com/talk/310266139
216,noise,R01_REVIEWED_NOT_ABOUT_SOMOIM_APP,nate,legacy,◆◆◆ 89 90 91 92 ALL RAE! ◆◆◆,https://m.pann.nate.com/talk/311886793
217,noise,R01_REVIEWED_NOT_ABOUT_SOMOIM_APP,nate,legacy,[스압주의] 연애 어떻게시작할까? 연애루트 총정리* (캠퍼스커플/사내커플/헌팅/소개팅/모임/어플),https://m.pann.nate.com/talk/335784020
218,noise,R01_REVIEWED_NOT_ABOUT_SOMOIM_APP,nate,legacy,안면인식장애가있는女입니다,https://m.pann.nate.com/talk/4251547
219,noise,R01_REVIEWED_NOT_ABOUT_SOMOIM_APP,nate,legacy,연애하고싶은 30대 여자는 어디서 사람 찾나요~~,https://m.pann.nate.com/talk/339137418
220,noise,R01_REVIEWED_NOT_ABOUT_SOMOIM_APP,nate,legacy,"▶87,88,89,90,91,92◀ 엔돌핀모두모두모여랑~♠",https://m.pann.nate.com/talk/312896541
221,noise,R01_REVIEWED_NOT_ABOUT_SOMOIM_APP,nate,legacy,"89 90 91 컴온요,.,.",https://m.pann.nate.com/talk/310268288
222,noise,R01_REVIEWED_NOT_ABOUT_SOMOIM_APP,nate,legacy,89 90 91 92 년 생 들 컴온!!!!,https://m.pann.nate.com/talk/310807465
223,noise,R01_REVIEWED_NOT_ABOUT_SOMOIM_APP,nate,legacy,▶▶▶▶ 89 90 91 92 93 어여와여,https://m.pann.nate.com/talk/314248586
224,noise,R01_REVIEWED_NOT_ABOUT_SOMOIM_APP,nate,legacy,11학번 공대녀가 12학번 공대녀에게 -2-,https://m.pann.nate.com/talk/314241802
225,noise,R01_REVIEWED_NOT_ABOUT_SOMOIM_APP,nate,legacy,여친땜에 교회가는데 진짜 싫다,https://m.pann.nate.com/talk/317952793
226,noise,R01_REVIEWED_NOT_ABOUT_SOMOIM_APP,nate,legacy,●●●●89 90 91 92년생 컴온!!●●●●,https://m.pann.nate.com/talk/313781265
227,noise,R01_REVIEWED_NOT_ABOUT_SOMOIM_APP,nate,legacy,*** 92 91 90 89 *** 친목 올래!,https://m.pann.nate.com/talk/311159596
228,keep,K01_REVIEWED_APP_EXPERIENCE,nate,legacy,어떤 활동을 해야할까요,https://m.pann.nate.com/talk/371551182
229,noise,R01_REVIEWED_NOT_ABOUT_SOMOIM_APP,nate,legacy,대학생활 원레 이리 외로운거였나요?,https://m.pann.nate.com/talk/315424032
230,noise,R01_REVIEWED_NOT_ABOUT_SOMOIM_APP,nate,legacy,발표울렁증있으신 분들 꼭 보세요! 극복법있음 ㅋㅋ,https://m.pann.nate.com/talk/322889677
231,noise,R01_REVIEWED_NOT_ABOUT_SOMOIM_APP,nate,legacy,◆◆◆ 89 90 91 92 ALL RAE! ◆◆◆,https://m.pann.nate.com/talk/312228741
232,noise,R01_REVIEWED_NOT_ABOUT_SOMOIM_APP,nate,legacy,●●●● 89 90 91 92 93 ALLRAE ●●●●,https://m.pann.nate.com/talk/314722918
233,noise,R01_REVIEWED_NOT_ABOUT_SOMOIM_APP,nate,legacy,♥♥♥ 89 . 90 . 91 . 92 ♥♥♥ 오thㅔ요!!,https://m.pann.nate.com/talk/310971738
234,noise,R01_REVIEWED_NOT_ABOUT_SOMOIM_APP,nate,legacy,(결론내렸습니다..) 종교문제가 이렇게 클 줄은 몰랐습니다..,https://m.pann.nate.com/talk/202365621
235,noise,R01_REVIEWED_NOT_ABOUT_SOMOIM_APP,nate,legacy,●●●● 89.90.91.92.93 컴온 ●●●●,https://m.pann.nate.com/talk/314856544
236,noise,R01_REVIEWED_NOT_ABOUT_SOMOIM_APP,nate,legacy,데뷔음반 내자마자.. 오늘 군대갑니다.ㅡㅡ;,https://m.pann.nate.com/talk/310663994
237,noise,R01_REVIEWED_NOT_ABOUT_SOMOIM_APP,nate,legacy,홍익대!!!! 한번만 읽어주세요..,https://m.pann.nate.com/talk/310406521
238,noise,R01_REVIEWED_NOT_ABOUT_SOMOIM_APP,nate,legacy,●●●● 89 90 91 92 콤온요 ●●●●,https://m.pann.nate.com/talk/313815651
239,noise,R01_REVIEWED_NOT_ABOUT_SOMOIM_APP,nate,legacy,◆◆◆ 89 90 91 92 ALL RAE! ◆◆◆,https://m.pann.nate.com/talk/312173676
240,noise,R01_REVIEWED_NOT_ABOUT_SOMOIM_APP,nate,legacy,92.91.90.89 come on!!!!!!!!!!!!!!!!,https://m.pann.nate.com/talk/310825076
241,noise,R01_REVIEWED_NOT_ABOUT_SOMOIM_APP,nate,legacy,--- 친목굳 89 90 91 92 고고 ---,https://m.pann.nate.com/talk/311173424
242,noise,R01_REVIEWED_NOT_ABOUT_SOMOIM_APP,nate,legacy,"89,90,91,92,93 모여라~~~~~",https://m.pann.nate.com/talk/317290344
243,noise,R01_REVIEWED_NOT_ABOUT_SOMOIM_APP,nate,legacy,외국인을 이상하게 쳐다보지 맙시다. 지하철에서 있던일,https://m.pann.nate.com/talk/3063930
244,noise,R01_REVIEWED_NOT_ABOUT_SOMOIM_APP,nate,legacy,●● 93 92 91 90 89 오thㅔyo! ●●,https://m.pann.nate.com/talk/314082140
245,noise,R01_REVIEWED_NOT_ABOUT_SOMOIM_APP,nate,legacy,●●●● 93 92 91 90 89 컴온!! ●●●●,https://m.pann.nate.com/talk/314055368
246,noise,R01_REVIEWED_NOT_ABOUT_SOMOIM_APP,nate,legacy,◆◆◆◆89 90 91 92 93 컴컴! ◆◆◆◆,https://m.pann.nate.com/talk/314351780
247,noise,R01_REVIEWED_NOT_ABOUT_SOMOIM_APP,nate,legacy,헤어진 남친 썸타는 중,https://m.pann.nate.com/talk/373726613
248,noise,R01_REVIEWED_NOT_ABOUT_SOMOIM_APP,nate,legacy,"수도권모임 스쳐도 운명, TheDestiny 86 87 88 89 90 91 92 입니다+_+",https://m.pann.nate.com/talk/313769278
249,noise,R01_REVIEWED_NOT_ABOUT_SOMOIM_APP,nate,legacy,◎◎ 89.90.91.92.93 얼른와연 ◎◎,https://m.pann.nate.com/talk/315997442
250,noise,R01_REVIEWED_NOT_ABOUT_SOMOIM_APP,nate,legacy,"89,90,91,92,93 모여라~~~~~",https://m.pann.nate.com/talk/317305512
251,noise,R01_REVIEWED_NOT_ABOUT_SOMOIM_APP,nate,legacy,◆◆◆ 89 90 91 92 ALL RAE! ◆◆◆,https://m.pann.nate.com/talk/312324950
252,noise,R01_REVIEWED_NOT_ABOUT_SOMOIM_APP,nate,legacy,망할 웨이터. 망한 소개팅..,https://m.pann.nate.com/talk/4198523
253,noise,R01_REVIEWED_NOT_ABOUT_SOMOIM_APP,nate,legacy,89~93年생 모여라!!!,https://m.pann.nate.com/talk/317325546
254,noise,R01_REVIEWED_NOT_ABOUT_SOMOIM_APP,nate,legacy,◆◆◆ 89 90 91 92 ALL RAE! ◆◆◆,https://m.pann.nate.com/talk/311227738
255,noise,R01_REVIEWED_NOT_ABOUT_SOMOIM_APP,nate,legacy,"100%실화, 후배라는 이름의 노예",https://m.pann.nate.com/talk/202544980
256,noise,R01_REVIEWED_NOT_ABOUT_SOMOIM_APP,nate,legacy,"▶86,87,88,89,90,91 수도권人들 모여랑~♡",https://m.pann.nate.com/talk/316165943
257,noise,R01_REVIEWED_NOT_ABOUT_SOMOIM_APP,nate,legacy,직장 동료(남녀) 와의 연락,https://m.pann.nate.com/talk/361084401
258,noise,R01_REVIEWED_NOT_ABOUT_SOMOIM_APP,nate,legacy,♥♥♥ 89 . 90 . 91 . 92 ♥♥♥ 오thㅔ요!!,https://m.pann.nate.com/talk/310971690
259,noise,R01_REVIEWED_NOT_ABOUT_SOMOIM_APP,nate,legacy,"▶86,87,88,89,90,91 수도권人들 모여랑~♡",https://m.pann.nate.com/talk/315670191
260,noise,R01_REVIEWED_NOT_ABOUT_SOMOIM_APP,nate,legacy,◆◆◆ 89 90 91 92 ALL RAE! ◆◆◆,https://m.pann.nate.com/talk/311324552
261,noise,R01_REVIEWED_NOT_ABOUT_SOMOIM_APP,nate,legacy,직장상사랑 옆의 언니랑... 난 어찌하나 ㅠ.ㅠ,https://m.pann.nate.com/talk/3134063
262,noise,R01_REVIEWED_NOT_ABOUT_SOMOIM_APP,nate,legacy,◆◆◆ 89 90 91 92 ALL RAE ◆◆◆,https://m.pann.nate.com/talk/311301940
263,noise,R01_REVIEWED_NOT_ABOUT_SOMOIM_APP,nate,legacy,♥♥♥ 89 . 90 . 91 . 92 ♥♥♥ 올래!!,https://m.pann.nate.com/talk/311124367
264,noise,R01_REVIEWED_NOT_ABOUT_SOMOIM_APP,nate,legacy,지방대 다닐 때 보고 느낀 점,https://m.pann.nate.com/talk/203003642
265,noise,R01_REVIEWED_NOT_ABOUT_SOMOIM_APP,nate,legacy,◆◆◆ 89 90 91 92 ALL RAE! ◆◆◆,https://m.pann.nate.com/talk/312187871
266,noise,R01_REVIEWED_NOT_ABOUT_SOMOIM_APP,nate,legacy,맛있는 맛집과 요리.조리법 모음 1만개,https://m.pann.nate.com/talk/201011218
267,noise,R01_REVIEWED_NOT_ABOUT_SOMOIM_APP,nate,legacy,실직에서 빨리 탈출하는 기술!,https://m.pann.nate.com/talk/3827534
268,noise,R01_REVIEWED_NOT_ABOUT_SOMOIM_APP,nate,legacy,89.90.91.92.93 오thㅔ요!,https://m.pann.nate.com/talk/315502472
269,noise,R01_REVIEWED_NOT_ABOUT_SOMOIM_APP,nate,legacy,연세대 동아리 종류,https://m.pann.nate.com/talk/329567953
270,noise,R01_REVIEWED_NOT_ABOUT_SOMOIM_APP,nate,legacy,봉사로 부려먹는걸 당연하게 여기는 목사,https://m.pann.nate.com/talk/373555692
271,noise,R01_REVIEWED_NOT_ABOUT_SOMOIM_APP,nate,legacy,◆◆◆ 89 90 91 92 ALL-RAE! ◆◆◆,https://m.pann.nate.com/talk/311345583
272,noise,R01_REVIEWED_NOT_ABOUT_SOMOIM_APP,nate,legacy,◆◆◆ 92 91 90 89 ALL RAE ◆◆◆,https://m.pann.nate.com/talk/311246682
273,noise,R01_REVIEWED_NOT_ABOUT_SOMOIM_APP,nate,legacy,성 관련 전문용어들.,https://m.pann.nate.com/talk/113751729
274,noise,R01_REVIEWED_NOT_ABOUT_SOMOIM_APP,nate,legacy,"▶86,87,88,89,90,91 수도권人들 모여랑~♡",https://m.pann.nate.com/talk/316218030
275,noise,R01_REVIEWED_NOT_ABOUT_SOMOIM_APP,nate,legacy,친구 님친 생일선물 줘야됨?,https://m.pann.nate.com/talk/373250442
276,noise,R01_REVIEWED_NOT_ABOUT_SOMOIM_APP,nate,legacy,"▶86,87,88,89,90,91 수도권人들 모여랑~♡",https://m.pann.nate.com/talk/316241540
277,noise,R01_REVIEWED_NOT_ABOUT_SOMOIM_APP,nate,legacy,천국의 계단의 최지우 아역 '박신혜' 최근 사진과 인터뷰,https://m.pann.nate.com/talk/3724746
278,noise,R01_REVIEWED_NOT_ABOUT_SOMOIM_APP,nate,legacy,김연경 선수를 살립시다. 흥국생명 배구단의 만행을 알립니다.,https://m.pann.nate.com/talk/316475543
279,noise,R01_REVIEWED_NOT_ABOUT_SOMOIM_APP,nate,legacy,동거 시즌. 엔조이,https://m.pann.nate.com/talk/3032350
280,noise,R01_REVIEWED_NOT_ABOUT_SOMOIM_APP,nate,legacy,진짜 상사병 걸려서 미칠것 같습니다,https://m.pann.nate.com/talk/327434973
281,noise,R01_REVIEWED_NOT_ABOUT_SOMOIM_APP,nate,legacy,"▶86,87,88,89,90,91 수도권人들 모여랑~♡",https://m.pann.nate.com/talk/316195925
282,noise,R01_REVIEWED_NOT_ABOUT_SOMOIM_APP,nate,legacy,●●●● 93 92 91 90 89 헤쳐모여! ●●●●,https://m.pann.nate.com/talk/314001616
283,noise,R01_REVIEWED_NOT_ABOUT_SOMOIM_APP,nate,legacy,*■■■■*89.90.91.92 오thㅔ요*■■■■*,https://m.pann.nate.com/talk/313897044
284,noise,R01_REVIEWED_NOT_ABOUT_SOMOIM_APP,nate,legacy,●●89.90.91.92.93 오셔요!,https://m.pann.nate.com/talk/315529095
285,noise,R01_REVIEWED_NOT_ABOUT_SOMOIM_APP,nate,legacy,24살 찐따의 인생이야기,https://m.pann.nate.com/talk/347653467
286,noise,R01_REVIEWED_NOT_ABOUT_SOMOIM_APP,nate,legacy,◎◎ 89 90 91 92 93 오세연 ◎◎,https://m.pann.nate.com/talk/315899798
287,noise,R01_REVIEWED_NOT_ABOUT_SOMOIM_APP,nate,legacy,"▶86,87,88,89,90,91 수도권人들 모여랑~♡",https://m.pann.nate.com/talk/316233693
288,noise,R01_REVIEWED_NOT_ABOUT_SOMOIM_APP,nate,legacy,당근마켓 신천지 조심하세요!,https://m.pann.nate.com/talk/370522189
289,noise,R01_REVIEWED_NOT_ABOUT_SOMOIM_APP,nate,legacy,대학 오니까 술을 진짜 ㅈㄴ마심,https://m.pann.nate.com/talk/369465057
290,noise,R01_REVIEWED_NOT_ABOUT_SOMOIM_APP,nate,legacy,●●●● 89 90 91 92 93 헤쳐모여!! ●●●●,https://m.pann.nate.com/talk/314015755
291,noise,R01_REVIEWED_NOT_ABOUT_SOMOIM_APP,nate,legacy,"▶86,87,88,89,90,91 수도권人들 모여랑~♡",https://m.pann.nate.com/talk/316188321
292,noise,R01_REVIEWED_NOT_ABOUT_SOMOIM_APP,nate,legacy,★★★★89.90.91.92.93 헤쳐모여!!★★★★,https://m.pann.nate.com/talk/315368359
293,noise,R01_REVIEWED_NOT_ABOUT_SOMOIM_APP,nate,legacy,●●● 89 90 91 92 93 컴컴 ●●●●,https://m.pann.nate.com/talk/315720256
294,noise,R01_REVIEWED_NOT_ABOUT_SOMOIM_APP,nate,legacy,[폐교실화]동검국민학교를 아시나요..?,https://m.pann.nate.com/talk/202556860
295,noise,R01_REVIEWED_NOT_ABOUT_SOMOIM_APP,nate,legacy,"▶86,87,88,89,90,91 수도권人들 모여랑~♡",https://m.pann.nate.com/talk/316173554
296,noise,R01_REVIEWED_NOT_ABOUT_SOMOIM_APP,nate,legacy,"89,90,91,92,93 모여라~~~~~",https://m.pann.nate.com/talk/317260116
297,noise,R01_REVIEWED_NOT_ABOUT_SOMOIM_APP,nate,legacy,와...30대 중후반인데 이 나이에 친구 만들수 있나?,https://m.pann.nate.com/talk/354042719
298,noise,R01_REVIEWED_NOT_ABOUT_SOMOIM_APP,nate,legacy,●●●● 93 92 91 90 89 오thㅔyo! ●●●●,https://m.pann.nate.com/talk/314176234
299,noise,R01_REVIEWED_NOT_ABOUT_SOMOIM_APP,nate,legacy,군필과 미필의 차이???,https://m.pann.nate.com/talk/372665898
300,noise,R01_REVIEWED_NOT_ABOUT_SOMOIM_APP,nate,legacy,25살이나먹고 허언증에 따라쟁이인 동아리동기..,https://m.pann.nate.com/talk/334552997
301,noise,R01_REVIEWED_NOT_ABOUT_SOMOIM_APP,nate,legacy,전남친을 다시 붙잡고 싶어요,https://m.pann.nate.com/talk/367477442
302,keep,K01_REVIEWED_APP_EXPERIENCE,nate,legacy,길거리 사이비 유형들(조심)!!!,https://m.pann.nate.com/talk/334860091
303,noise,R01_REVIEWED_NOT_ABOUT_SOMOIM_APP,nate,legacy,*■■■■*89.90.91.92 오thㅔ요*■■■■*,https://m.pann.nate.com/talk/313827603
304,noise,R01_REVIEWED_NOT_ABOUT_SOMOIM_APP,nate,legacy,★★★★★팔구 구공 구일 구이 구삼년생분들은 클릭해보는걸로~★★★★★,https://m.pann.nate.com/talk/316608576
305,noise,R01_REVIEWED_NOT_ABOUT_SOMOIM_APP,nate,legacy,친구 없는 20후 30초 사람들은 어디서 이성 만나나요?,https://m.pann.nate.com/talk/372242215
306,noise,R01_REVIEWED_NOT_ABOUT_SOMOIM_APP,nate,legacy,버거운 남친의 취미,https://m.pann.nate.com/talk/961393
307,noise,R01_REVIEWED_NOT_ABOUT_SOMOIM_APP,nate,legacy,자기 잘못을 모르는 개념없는 직장 동료,https://m.pann.nate.com/talk/342618575
308,noise,R01_REVIEWED_NOT_ABOUT_SOMOIM_APP,nate,legacy,♥♥♥♥ 89 90 91 92 93 오thㅔyo! ♥♥♥♥,https://m.pann.nate.com/talk/314909351
309,noise,R01_REVIEWED_NOT_ABOUT_SOMOIM_APP,nate,legacy,★★★89 90 91 92 93 헤쳐모여★★★,https://m.pann.nate.com/talk/315354235
310,noise,R01_REVIEWED_NOT_ABOUT_SOMOIM_APP,nate,legacy,"▶87,88,89,90,91,92◀엔돌핀 모두모두모여랑~♥",https://m.pann.nate.com/talk/312909339
311,noise,R01_REVIEWED_NOT_ABOUT_SOMOIM_APP,nate,legacy,사이비 종교 탈퇴 경험담 3탄,https://m.pann.nate.com/talk/340100188
312,noise,R01_REVIEWED_NOT_ABOUT_SOMOIM_APP,nate,legacy,니 조카 민폐 동아리원임,https://m.pann.nate.com/talk/372369325
313,noise,R01_REVIEWED_NOT_ABOUT_SOMOIM_APP,nate,legacy,5살 연하남.. 괜찮을까요?,https://m.pann.nate.com/talk/347746914
314,noise,R01_REVIEWED_NOT_ABOUT_SOMOIM_APP,nate,legacy,연애 어디서 시작하나요?,https://m.pann.nate.com/talk/365880009
315,noise,R01_REVIEWED_NOT_ABOUT_SOMOIM_APP,nate,legacy,★★★ 89 90 91 92 93 오thㅔyo! ★★★,https://m.pann.nate.com/talk/314388800
316,noise,R01_REVIEWED_NOT_ABOUT_SOMOIM_APP,nate,legacy,남편의 온라인 바람,https://m.pann.nate.com/talk/370264044
317,noise,R01_REVIEWED_NOT_ABOUT_SOMOIM_APP,nate,legacy,속좁은 제가 싫어요ㅠ,https://m.pann.nate.com/talk/369655707
318,noise,R01_REVIEWED_NOT_ABOUT_SOMOIM_APP,nate,legacy,고양이 괜히 키우지 마세요,https://m.pann.nate.com/talk/370101691
319,keep,K02_REVIEWED_APP_QUESTION,nate,legacy,스키 동호회 같은거 가입한사람  있으신가요?,https://m.pann.nate.com/talk/371467367
320,noise,R01_REVIEWED_NOT_ABOUT_SOMOIM_APP,nate,legacy,어플로 남자 만나보신분들ㅎ,https://m.pann.nate.com/talk/362958524
321,noise,R01_REVIEWED_NOT_ABOUT_SOMOIM_APP,nate,legacy,어플에서 만난 사람,https://m.pann.nate.com/talk/371660748
322,noise,R01_REVIEWED_NOT_ABOUT_SOMOIM_APP,nate,legacy,예쁜 여자 옆에 뚱뚱한 여자 얘기,https://m.pann.nate.com/talk/348141430
323,noise,R01_REVIEWED_NOT_ABOUT_SOMOIM_APP,nate,legacy,●●●● 89 90 91 92 ALL-Rae ●●●●,https://m.pann.nate.com/talk/313919003
324,noise,R01_REVIEWED_NOT_ABOUT_SOMOIM_APP,nate,legacy,불륜,https://m.pann.nate.com/talk/347876592
325,noise,R01_REVIEWED_NOT_ABOUT_SOMOIM_APP,nate,legacy,공대녀는 아싸도 맘대로 못하나요? ㅜㅜ,https://m.pann.nate.com/talk/200169648
326,noise,R01_REVIEWED_NOT_ABOUT_SOMOIM_APP,nate,legacy,어제 여의도에 벚꽃보러갔다온놈입니다.,https://m.pann.nate.com/talk/1547498
327,noise,R01_REVIEWED_NOT_ABOUT_SOMOIM_APP,nate,legacy,30대 취미 뭐하시는지,https://m.pann.nate.com/talk/370679571
328,noise,R01_REVIEWED_NOT_ABOUT_SOMOIM_APP,nate,legacy,●●●89.90.91.92.93 오세연●●●,https://m.pann.nate.com/talk/315772328
329,noise,R01_REVIEWED_NOT_ABOUT_SOMOIM_APP,nate,legacy,--89.90.91.92.93 오thㅔ요--,https://m.pann.nate.com/talk/315561661
330,noise,R01_REVIEWED_NOT_ABOUT_SOMOIM_APP,nate,legacy,●●●● 89.90.91.92.93 혼저옵서예 ●●●●,https://m.pann.nate.com/talk/315431037
331,noise,R01_REVIEWED_NOT_ABOUT_SOMOIM_APP,nate,legacy,건국대 건축과에 관심있는 모든사람들에게,https://m.pann.nate.com/talk/201912195
332,noise,R01_REVIEWED_NOT_ABOUT_SOMOIM_APP,nate,legacy,수능 끝났는데 친구가 없습니다,https://m.pann.nate.com/talk/368594698
333,noise,R01_REVIEWED_NOT_ABOUT_SOMOIM_APP,nate,legacy,당근 ㅅㅊㅈ 포교 과정,https://m.pann.nate.com/talk/370344046
334,noise,R01_REVIEWED_NOT_ABOUT_SOMOIM_APP,nate,legacy,여자들이 싫어하는 여자는 어떤스타일이예요?,https://m.pann.nate.com/talk/315036514
335,noise,R01_REVIEWED_NOT_ABOUT_SOMOIM_APP,nate,legacy,30대 여자 짜증만 느는것 같아 슬픕니다,https://m.pann.nate.com/talk/353923741
336,noise,R01_REVIEWED_NOT_ABOUT_SOMOIM_APP,nate,legacy,사진有) 음슴체 초보 남치니 기억하시나요?,https://m.pann.nate.com/talk/317805528
337,noise,R01_REVIEWED_NOT_ABOUT_SOMOIM_APP,nate,legacy,"숨차뉴스 1171 박근혜에게는 2심 선고를, 이명박에게는 1심 선고를",https://m.pann.nate.com/talk/344233497
338,noise,R01_REVIEWED_NOT_ABOUT_SOMOIM_APP,nate,legacy,제 사연입니다.  믿기어려우시면 문자나 연락주셔도 됩니다.,https://m.pann.nate.com/talk/320855139
339,keep,K01_REVIEWED_APP_EXPERIENCE,theqoo,full_post,소모임 어플 사용해본 덬들 후기와 조언이 필요해!,https://theqoo.net/review/2967004089
340,keep,K01_REVIEWED_APP_EXPERIENCE,theqoo,full_post,소모임 어플 사용해본 후기가 궁금한 후기,https://theqoo.net/review/843397272
341,noise,R01_REVIEWED_NOT_ABOUT_SOMOIM_APP,theqoo,full_post,소모임하는덬들 어떤 어플? 경로로 하는지 궁금한 초기,https://theqoo.net/review/2646297857
342,keep,K01_REVIEWED_APP_EXPERIENCE,theqoo,full_post,어제 소모임 어플 보고 오늘 원데이 다녀온 후기!,https://theqoo.net/review/1218508797
343,keep,K01_REVIEWED_APP_EXPERIENCE,theqoo,full_post,내가 모임장이 되어 소모임 만들어볼까하는데 궁금한 초기,https://theqoo.net/review/2295673809
344,keep,K03_REVIEWED_APP_EVALUATION,theqoo,full_post,보겜 소모임 운영 후기,https://theqoo.net/review/2911923117
345,keep,K02_REVIEWED_APP_QUESTION,theqoo,full_post,직딩덬으로 소모임 활동하는 것에 대해 물어보고 싶은 후기,https://theqoo.net/review/408030931
346,keep,K01_REVIEWED_APP_EXPERIENCE,theqoo,full_post,영어 공부 소모임 후기,https://theqoo.net/review/2584850519
347,keep,K01_REVIEWED_APP_EXPERIENCE,theqoo,full_post,소모임 어플로 다녀온 두번째 원데이 레진공예 키링 만든 후기,https://theqoo.net/review/1236778481
348,keep,K02_REVIEWED_APP_QUESTION,theqoo,full_post,나같은 성격인데 소모임 해본 혹은 만들어본 덬 있나 궁금한 후기,https://theqoo.net/review/2401142083
349,keep,K01_REVIEWED_APP_EXPERIENCE,theqoo,full_post,혼캠러 소모임 멤버들과 같이 캠핑다녀온 후기 !!,https://theqoo.net/review/2049921824
350,noise,R01_REVIEWED_NOT_ABOUT_SOMOIM_APP,theqoo,full_post,이십대 후반 타향살이 중인데 친구 만들고 싶은 중기,https://theqoo.net/review/3006942646
351,noise,R01_REVIEWED_NOT_ABOUT_SOMOIM_APP,theqoo,full_post,퇴근시간 30분 남았는데 시간이 안가서 쓰는 2년차 클라이밍 후기,https://theqoo.net/review/4288170908
352,keep,K01_REVIEWED_APP_EXPERIENCE,theqoo,full_post,mbti I는 소모임을 나가도 크게 즐겁진 않구나 하는 중기,https://theqoo.net/review/3715787656
353,keep,K02_REVIEWED_APP_QUESTION,theqoo,full_post,아는사람 하나 없는 지역 왔는데 친구 사귈방법 뭐가 있을까 궁금한 후기ㅠㅠ,https://theqoo.net/review/1559720194
354,noise,R01_REVIEWED_NOT_ABOUT_SOMOIM_APP,theqoo,full_post,내향성인데 사람이 이제 좀 만나고 싶은 중기,https://theqoo.net/review/2757641660
355,noise,R01_REVIEWED_NOT_ABOUT_SOMOIM_APP,theqoo,full_post,직장인 나이의 덬들중 친한 친구들 사귄 루트들 알고싶은 초기,https://theqoo.net/review/2966862980
356,noise,R01_REVIEWED_NOT_ABOUT_SOMOIM_APP,theqoo,full_post,"새로운 사람들을 만나고, 친해지고 싶은데 어떻게 해야할 지 모르겠는 중기",https://theqoo.net/review/2184897406
357,noise,R01_REVIEWED_NOT_ABOUT_SOMOIM_APP,theqoo,full_post,성인덬 직장 문제로 연고없는 타지 왔는데 인맥 늘리는 법 알고싶은 후기 ㅜ...,https://theqoo.net/review/2418494599
358,keep,K01_REVIEWED_APP_EXPERIENCE,theqoo,full_post,이것저것 소모임 후기,https://theqoo.net/review/1330716715
359,noise,R01_REVIEWED_NOT_ABOUT_SOMOIM_APP,theqoo,full_post,소도시에서 오픈톡방 소모임 했었던 후기,https://theqoo.net/review/3582089570
360,noise,R01_REVIEWED_NOT_ABOUT_SOMOIM_APP,theqoo,full_post,소모임 들어가기 전에 엄청 고민했는데 막상 활동해보니 너무 재밌는 후기,https://theqoo.net/review/3101088301
361,noise,R01_REVIEWED_NOT_ABOUT_SOMOIM_APP,theqoo,full_post,소모임 창설한 후기,https://theqoo.net/review/2483923352
362,noise,R01_REVIEWED_NOT_ABOUT_SOMOIM_APP,theqoo,full_post,여자들 많고 소소한 소모임 추천받는 초기,https://theqoo.net/review/3359795879
363,noise,R01_REVIEWED_NOT_ABOUT_SOMOIM_APP,theqoo,full_post,덬들 해본 소모임 동호회중에 만족도 높고 친구 많이 사귄 소모임 뭐였는지 궁금한 중기,https://theqoo.net/review/2498633571
364,noise,R01_REVIEWED_NOT_ABOUT_SOMOIM_APP,theqoo,full_post,나 같은 사람도 모쏠 탈출이 가능할지 궁금한 후기,https://theqoo.net/review/2062727930
365,noise,R01_REVIEWED_NOT_ABOUT_SOMOIM_APP,theqoo,full_post,30대 미혼덬 또래친구들 만날 소모임이나 교류장소 찾는중기,https://theqoo.net/review/4098742036
366,noise,R01_REVIEWED_NOT_ABOUT_SOMOIM_APP,theqoo,full_post,동아리랑 소모임 하는거에 현타(?) 오는 후기,https://theqoo.net/review/650533619
367,noise,R01_REVIEWED_NOT_ABOUT_SOMOIM_APP,theqoo,full_post,동호회나 소모임이 궁금한 중기 (경험자덬 조언 구함!),https://theqoo.net/review/3331299870
368,noise,R01_REVIEWED_NOT_ABOUT_SOMOIM_APP,theqoo,full_post,동네친구가 없어서 너무너무 만들고 싶은 중기 ㅠㅠ,https://theqoo.net/review/2833164181
369,noise,R01_REVIEWED_NOT_ABOUT_SOMOIM_APP,theqoo,full_post,소모임 가입했는데 원래 이런건지 궁금한 중기,https://theqoo.net/review/1248583808
370,noise,R01_REVIEWED_NOT_ABOUT_SOMOIM_APP,theqoo,full_post,친목모임에 잘 못끼는 것 같아서 소모임에 참여하겠다고 톡해버린 중기,https://theqoo.net/review/792786846
371,noise,R01_REVIEWED_NOT_ABOUT_SOMOIM_APP,theqoo,full_post,보드게임 동호회 들어가고 싶은 초기,https://theqoo.net/review/2817317728
372,noise,R01_REVIEWED_NOT_ABOUT_SOMOIM_APP,theqoo,full_post,영어회화소모임 나가도되나 고민하는 후기,https://theqoo.net/review/1309230729
373,noise,R01_REVIEWED_NOT_ABOUT_SOMOIM_APP,theqoo,full_post,타지에서 친구만들고 싶은 중기,https://theqoo.net/review/1583974483
374,noise,R01_REVIEWED_NOT_ABOUT_SOMOIM_APP,theqoo,full_post,가지가지하는 모임원 후기,https://theqoo.net/review/3286123602
375,noise,R01_REVIEWED_NOT_ABOUT_SOMOIM_APP,theqoo,full_post,성당에 가고싶은데 쉽지않아 속상한 후기,https://theqoo.net/review/2702420094
376,noise,R01_REVIEWED_NOT_ABOUT_SOMOIM_APP,theqoo,full_post,대놓고 그림 평가(?)받아 기분 불쾌한 후기,https://theqoo.net/review/2813658339
377,noise,R01_REVIEWED_NOT_ABOUT_SOMOIM_APP,theqoo,full_post,외로움 많이 타지만 피상적인 대인관계가 싫은 사람들은 나이들면서 어떻게 사람 사귀고 지내는지 궁금한 초기,https://theqoo.net/review/3796348385
378,noise,R01_REVIEWED_NOT_ABOUT_SOMOIM_APP,theqoo,full_post,괜찮은 남자는 어디서 만나는지 궁금한 중기,https://theqoo.net/review/3045845675
379,noise,R01_REVIEWED_NOT_ABOUT_SOMOIM_APP,theqoo,full_post,"소모임, 운영해보면서 느낀 행복과 고난의 여정",https://theqoo.net/review/3133645470
380,noise,R01_REVIEWED_NOT_ABOUT_SOMOIM_APP,theqoo,full_post,요즘 삶에서 모든게 다 잘 안되는 후기,https://theqoo.net/review/1109334836
381,noise,R01_REVIEWED_NOT_ABOUT_SOMOIM_APP,theqoo,full_post,연애를 하려면 살부터 빼야하는건지 궁금한 초기,https://theqoo.net/review/1612284664
382,noise,R01_REVIEWED_NOT_ABOUT_SOMOIM_APP,theqoo,full_post,내가 다른 사람들에 비해 병적으로(?) 정이 과하게 많은건지.. 궁금한 중기ㅠㅠ,https://theqoo.net/review/2503938847
383,noise,R01_REVIEWED_NOT_ABOUT_SOMOIM_APP,theqoo,full_post,중고등학교/대학교 나온 지역이 아닌 곳에서 사는 덬 있나 궁금한 중기,https://theqoo.net/review/2243968868
384,noise,R01_REVIEWED_NOT_ABOUT_SOMOIM_APP,theqoo,full_post,내 인생이 실패자인것 같은 후기.,https://theqoo.net/review/1427401642
385,noise,R01_REVIEWED_NOT_ABOUT_SOMOIM_APP,theqoo,full_post,결혼도 못하면서 임출육에 대한 걱정이 계속 반복되는 중기,https://theqoo.net/review/3888763916
386,noise,R01_REVIEWED_NOT_ABOUT_SOMOIM_APP,daum,search_preview,"소모임 어플 커피타임. 완성률 90% (회원관리, 대리점관리. , 외상값관리)",https://cafe.daum.net/singlechristian/TleI/8572
387,noise,R01_REVIEWED_NOT_ABOUT_SOMOIM_APP,daum,search_preview,프립 frip 이라는 어플 아시나요?,https://cafe.daum.net/rocksoccer/ADrt/918110
388,keep,K02_REVIEWED_APP_QUESTION,daum,search_preview,소모임 어플로 모임 가입 해 본 눈아 있어?,https://cafe.daum.net/baemilytory/8zMg/10161258
389,noise,R01_REVIEWED_NOT_ABOUT_SOMOIM_APP,daum,search_preview,붓다의 호흡 명상과 불교성전 소모임 독서회 안내,https://cafe.daum.net/bgpogyosadan/55ex/1310
390,keep,K02_REVIEWED_APP_QUESTION,daum,search_preview,소모임 어플로 정모 ? 가 본 우동있니,https://cafe.daum.net/weareshower/ZEn5/5453426
391,keep,K02_REVIEWED_APP_QUESTION,daum,search_preview,소모임 어플 동네 런닝크루 같은거 들어가면 재밌을까?,https://cafe.daum.net/ok1221/8lcX/91353104
392,noise,R01_REVIEWED_NOT_ABOUT_SOMOIM_APP,daum,search_preview,요즘은 소모임 같은 거 다 어플 로 찾나요?,https://cafe.daum.net/dotax/D8UA/5696068
393,keep,K02_REVIEWED_APP_QUESTION,daum,search_preview,야구직관 목적으로 소모임,https://cafe.daum.net/zoomin62/GN37/3511516
394,keep,K01_REVIEWED_APP_EXPERIENCE,daum,search_preview,친구 사귀는데 소모임 어플 좋다해서 가입했다가 대략 15번 정도 당황한 썰,https://cafe.daum.net/subdued20club/ReHf/3863554
395,keep,K01_REVIEWED_APP_EXPERIENCE,daum,search_preview,소모임 어플 로 모임나가면 흔하게 볼수있는루트,https://cafe.daum.net/dotax/Elgq/3788734
396,noise,R01_REVIEWED_NOT_ABOUT_SOMOIM_APP,daum,search_preview,소모임 어플 의 특징,https://cafe.daum.net/rocksoccer/ADs1/1192208
397,noise,R01_REVIEWED_NOT_ABOUT_SOMOIM_APP,daum,search_preview,"소모임 (어플)에 관한 의견을 듣고 싶어요(봉사관련, 홍보아님)",https://cafe.daum.net/jabimunjung7/HTER/138
398,keep,K02_REVIEWED_APP_QUESTION,daum,search_preview,아무리 여성친구 구해도 당근이나 소모임 어플 에서 구하면,https://cafe.daum.net/Tlwkftlqkftlldlqkf/919A/7201021
399,keep,K01_REVIEWED_APP_EXPERIENCE,daum,search_preview,소모임 어플 정모 후기,https://cafe.daum.net/ssaumjil/EpQf/11641
400,noise,R01_REVIEWED_NOT_ABOUT_SOMOIM_APP,daum,search_preview,카페운영중단 및 소모임 어플 가입안내,https://cafe.daum.net/nanum36.5/M0xT/39
401,noise,R01_REVIEWED_NOT_ABOUT_SOMOIM_APP,daum,search_preview,5. 성남따세 소모임 어플 운영,https://cafe.daum.net/snddase/NSMH/21
402,noise,R01_REVIEWED_NOT_ABOUT_SOMOIM_APP,daum,search_preview,"아천사 소모임 어플 , 카카오톡오픈채팅방",https://cafe.daum.net/chunsa3/5siS/299
403,noise,R01_REVIEWED_NOT_ABOUT_SOMOIM_APP,daum,search_preview,소모임 어플에 가입부탁드려요~~,https://cafe.daum.net/BTF/TzFw/25
404,keep,K02_REVIEWED_APP_QUESTION,daum,search_preview,소모임 들아 소모임 어플 오프라인 나가봄??,https://cafe.daum.net/Tlwkftlqkftlldlqkf/8uze/29887
405,noise,R01_REVIEWED_NOT_ABOUT_SOMOIM_APP,daum,search_preview,소모임 어플 에서 초보 볼링 소모임 만들었다~- 소모임 식제 했다,https://cafe.daum.net/kolanut/EGQH/521
406,keep,K02_REVIEWED_APP_QUESTION,daum,search_preview,소모임 어플 보는데 미술치료 모임있어서 ..,https://cafe.daum.net/hodu0728/EBPi/48610
407,noise,R01_REVIEWED_NOT_ABOUT_SOMOIM_APP,daum,search_preview,안산/시화/시흥/주변경기도 취고기회원분들끼리 소모임 이라는 어플 같이 하실분들 계신가요!??,https://cafe.daum.net/chra2678/1ask/103739
408,noise,R01_REVIEWED_NOT_ABOUT_SOMOIM_APP,daum,search_preview,[광진구] PTP FC팀에서 신규 팀원을 모집 합니다,https://cafe.daum.net/skfootball/IxUf/118249
409,noise,R01_REVIEWED_NOT_ABOUT_SOMOIM_APP,daum,search_preview,한국 소모임 어플 처럼 취미공유 어플 이나 모임있을까요?,https://cafe.daum.net/japantokyo/NHM/165592
410,keep,K02_REVIEWED_APP_QUESTION,daum,search_preview,소모임 어플 해보신분 계신가요?,https://cafe.daum.net/ASMONACOFC/g0oX/834293
411,keep,K02_REVIEWED_APP_QUESTION,daum,search_preview,소모임 어플 이나 밴드 지역모임 해보신 분,https://cafe.daum.net/educationstudy/CMKL/201989
412,noise,R01_REVIEWED_NOT_ABOUT_SOMOIM_APP,daum,search_preview,"""아샤벨리댄스"" - 소모임 어플로 초대합니다~^^",https://cafe.daum.net/bellymove/AZhX/109
413,noise,R01_REVIEWED_NOT_ABOUT_SOMOIM_APP,daum,search_preview,도약하는 스윙!!!! 소모임 어플 가입해 볼까요~ㅎ,https://cafe.daum.net/4446/5gX0/6827
414,noise,R01_REVIEWED_NOT_ABOUT_SOMOIM_APP,daum,search_preview,와 오늘 문토 2탕뛰었다 질문받음( 소모임 어플 ),https://cafe.daum.net/weareshower/ZEn4/395800
415,keep,K02_REVIEWED_APP_QUESTION,daum,search_preview,소모임 어플,https://cafe.daum.net/ok211/682o/32690965
416,noise,R01_REVIEWED_NOT_ABOUT_SOMOIM_APP,daum,search_preview,카페 내 소모임 신청 (그룹 어플 등),https://cafe.daum.net/baemilytory/8zMU/195
417,keep,K02_REVIEWED_APP_QUESTION,daum,search_preview,소모임 어플 로 모임 가본적 있으신가요??,https://cafe.daum.net/dieselmania/JTgk/354978
418,noise,R01_REVIEWED_NOT_ABOUT_SOMOIM_APP,daum,search_preview,[인천] 금요일 20시~22시 게스트모집,https://cafe.daum.net/dongarry/Dilr/334198
419,noise,R01_REVIEWED_NOT_ABOUT_SOMOIM_APP,daum,search_preview,[속보] 서울 어플 소모임 관련 누적 확진자 22명으로 늘어,https://cafe.daum.net/zoomin62/GNO8/508428
420,noise,R01_REVIEWED_NOT_ABOUT_SOMOIM_APP,daum,search_preview,2026 4월 정모 후기,https://cafe.daum.net/JOBNOM/tKWm/48
421,noise,R01_REVIEWED_NOT_ABOUT_SOMOIM_APP,daum,search_preview,소모임 이란 어플 에서,https://cafe.daum.net/WorldcupLove/IC6M/7816675
422,noise,R01_REVIEWED_NOT_ABOUT_SOMOIM_APP,daum,search_preview,소모임 관련 처리결과입니다.,https://cafe.daum.net/aminsnow/3syo/1139
423,noise,R01_REVIEWED_NOT_ABOUT_SOMOIM_APP,daum,search_preview,엊그제 어플 소모임 다녀왔어요,https://cafe.daum.net/mercedesbenz/2Kex/38343
424,noise,R01_REVIEWED_NOT_ABOUT_SOMOIM_APP,daum,search_preview,● '초심으로 돌아가다',https://cafe.daum.net/ilovesanorg/qXLc/25
425,noise,R01_REVIEWED_NOT_ABOUT_SOMOIM_APP,daum,search_preview,"신임 회장님의 행보, 그 목적과 의도를 분석해 봅니다.",https://cafe.daum.net/songpasquash/splH/121
426,noise,R01_REVIEWED_NOT_ABOUT_SOMOIM_APP,daum,search_preview,유용한 어플소개 30가지,https://cafe.daum.net/hochy/JIX8/397
427,noise,R01_REVIEWED_NOT_ABOUT_SOMOIM_APP,daum,search_preview,대구(경북) 교사 모임...＜슬기로운 교사생활＞ 소모임 개설^^,https://cafe.daum.net/teacherexam/5yG5/61568
428,noise,R01_REVIEWED_NOT_ABOUT_SOMOIM_APP,daum,search_preview,소모임 에서 레슨선생님 구합니다.,https://cafe.daum.net/pianolf/J0Kd/107671
429,noise,R01_REVIEWED_NOT_ABOUT_SOMOIM_APP,daum,search_preview,소모임 후기 - 조직상담34기 소모임 후기,https://cafe.daum.net/counsellors/OHVV/10
430,noise,R01_REVIEWED_NOT_ABOUT_SOMOIM_APP,daum,search_preview,소모임 'LOL CAKE' 에서 신입 멤버를 모집중입니다,https://cafe.daum.net/dotax/LaVM/1342421
431,noise,R01_REVIEWED_NOT_ABOUT_SOMOIM_APP,daum,search_preview,서울 2030여자 배구 동호회 배짱이 팀원 모집합니다 🔥,https://cafe.daum.net/volleyballsok/IfzY/3685
432,keep,K01_REVIEWED_APP_EXPERIENCE,daum,search_preview,직관메이트 인만추 후기 쓰면 볼사람,https://cafe.daum.net/ok1221/8mNz/720658
433,noise,R01_REVIEWED_NOT_ABOUT_SOMOIM_APP,daum,search_preview,중국버전 소모임 개발팀입니다! 중국분들과 여러가지 모임을 즐겨보세요!,https://cafe.daum.net/studentinbejing/9hpT/19230
434,noise,R01_REVIEWED_NOT_ABOUT_SOMOIM_APP,daum,search_preview,3040 어디야 소모임 개설 안내,https://cafe.daum.net/yourfiend/DbmC/52
435,keep,K02_REVIEWED_APP_QUESTION,daum,search_preview,수원 소모임 어떻게 들어갈 수 있을까요?,https://cafe.daum.net/WorldcupLove/R6/1271427
436,keep,K02_REVIEWED_APP_QUESTION,daum,search_preview,소모임 이나 친목 동호회 어떻게 생각하세요?,https://cafe.daum.net/zoomin62/GN37/188839
437,noise,R01_REVIEWED_NOT_ABOUT_SOMOIM_APP,daum,search_preview,소개팅 어플 흥하는이유 확실히 남자 인구 과잉이 원인인것같다,https://cafe.daum.net/ok1221/8lcX/58732000
438,noise,R01_REVIEWED_NOT_ABOUT_SOMOIM_APP,daum,search_preview,소모임 동호회 에도 신천지 조심해,https://cafe.daum.net/ok1221/8lcX/71756001
439,keep,K02_REVIEWED_APP_QUESTION,daum,search_preview,취미활동 같이할 친구 구하기 어렵네요..,https://cafe.daum.net/zoomin62/GN37/3525575
440,noise,R01_REVIEWED_NOT_ABOUT_SOMOIM_APP,daum,search_preview,Show of the music 소모임 초대합니다ㅎ,https://cafe.daum.net/pianolf/J0Kd/117395
441,noise,R01_REVIEWED_NOT_ABOUT_SOMOIM_APP,daum,search_preview,아댄스 소모임 을 아시나요?,https://cafe.daum.net/ilovedancesports/5jX/92677
442,noise,R01_REVIEWED_NOT_ABOUT_SOMOIM_APP,daum,search_preview,Show of the music 소모임 레슨생 모집합니다ㅎ,https://cafe.daum.net/pianolf/J0Kd/117436
443,noise,R01_REVIEWED_NOT_ABOUT_SOMOIM_APP,daum,search_preview,일본에서 친구는 어떻게 사귀나요?,https://cafe.daum.net/japantokyo/NHM/174796
444,keep,K02_REVIEWED_APP_QUESTION,daum,search_preview,여자들만 있는 소모임 같은건 왜 없냐,https://cafe.daum.net/Tlwkftlqkftlldlqkf/919A/8332289
445,noise,R01_REVIEWED_NOT_ABOUT_SOMOIM_APP,daum,search_preview,소모임 같이 가실 분ㅎ,https://cafe.daum.net/tjmatzip/Gaz/8256
446,noise,R01_REVIEWED_NOT_ABOUT_SOMOIM_APP,daum,search_preview,뇌섹시대 소모임 같이 가실 분,https://cafe.daum.net/tjmatzip/Gaz/8257
447,noise,R01_REVIEWED_NOT_ABOUT_SOMOIM_APP,daum,search_preview,소모임 관심있으신분,https://cafe.daum.net/tjmatzip/Gaz/8262
448,noise,R01_REVIEWED_NOT_ABOUT_SOMOIM_APP,daum,search_preview,소모임 관심 있으신분,https://cafe.daum.net/tjmatzip/i9d/148
449,noise,R01_REVIEWED_NOT_ABOUT_SOMOIM_APP,daum,search_preview,추천 어플 입니다,https://cafe.daum.net/sbb88/EwCk/6906
450,noise,R01_REVIEWED_NOT_ABOUT_SOMOIM_APP,daum,search_preview,소모임 같이 갑시다,https://cafe.daum.net/tjmatzip/W1Y/1060
451,keep,K02_REVIEWED_APP_QUESTION,daum,search_preview,소모임,https://cafe.daum.net/dotax/D8UA/5162313
452,keep,K02_REVIEWED_APP_QUESTION,daum,search_preview,취미 소모임 잘 하고 있는 친구들아,https://cafe.daum.net/ok1221/8lcX/91215872
453,noise,R01_REVIEWED_NOT_ABOUT_SOMOIM_APP,daum,search_preview,"고양, 파주 2030대 소모임 을 만들고자합니다.",https://cafe.daum.net/gottsa/EmFl/1379
454,noise,R01_REVIEWED_NOT_ABOUT_SOMOIM_APP,daum,search_preview,다들 이 어플 로 야구 즐겨보세요 ~,https://cafe.daum.net/baseball0999/FelD/1031
455,noise,R01_REVIEWED_NOT_ABOUT_SOMOIM_APP,daum,search_preview,🌿,https://cafe.daum.net/SF9/EXNC/1359278
456,keep,K02_REVIEWED_APP_QUESTION,daum,search_preview,새 친구 사귀기에 동아리 소모임 같은거 괜찮아?,https://cafe.daum.net/ok1221/8lcX/90449771
457,noise,R01_REVIEWED_NOT_ABOUT_SOMOIM_APP,daum,search_preview,오프라인에서 주식 어플 보는법 주식사는법 파는법 이런거 일대일로 배우고싶은데,https://cafe.daum.net/subdued20club/W1Lc/243892
458,keep,K02_REVIEWED_APP_QUESTION,daum,search_preview,독서 소모임 가입해서 사람 사귀는거 괜찮지?,https://cafe.daum.net/ok1221/8lcX/41701631
459,keep,K02_REVIEWED_APP_QUESTION,daum,search_preview,동호회 어플,https://cafe.daum.net/ok1221/8lcX/71111620
460,noise,R01_REVIEWED_NOT_ABOUT_SOMOIM_APP,daum,search_preview,동네에서 친목다질수있는 어플 뭐있지?,https://cafe.daum.net/weareshower/ZEn4/491988
461,noise,R01_REVIEWED_NOT_ABOUT_SOMOIM_APP,daum,search_preview,12월 10일 토 오후 7시 영등포 소모임 서울 경기 인천 선생님 함께해요,https://cafe.daum.net/teacherexam/5yG5/19972
462,noise,R01_REVIEWED_NOT_ABOUT_SOMOIM_APP,daum,search_preview,일이삼 소모임 오픈했습니다,https://cafe.daum.net/isan123/AeFB/20
463,noise,R01_REVIEWED_NOT_ABOUT_SOMOIM_APP,daum,search_preview,카톡 단체방대신 만든 어플,https://cafe.daum.net/motarder/b7QV/2932
464,noise,R01_REVIEWED_NOT_ABOUT_SOMOIM_APP,daum,search_preview,소모임 같은 웹 소모임 or 1km뭐가 더 좋을까요??,https://cafe.daum.net/zoomin62/GN37/2014259
465,noise,R01_REVIEWED_NOT_ABOUT_SOMOIM_APP,daum,search_preview,전북팬분들 소모임 이런거어디서찾나요,https://cafe.daum.net/ASMONACOFC/g0oc/744412
466,noise,R01_REVIEWED_NOT_ABOUT_SOMOIM_APP,daum,search_preview,"신천지, '연애 미끼 포교' 확산…청년층 노린 위장 소개팅 주의보",https://cafe.daum.net/OKLIMChurch/QxXz/236
467,keep,K02_REVIEWED_APP_QUESTION,daum,search_preview,다들 모임가입 어디서 해?,https://cafe.daum.net/baemilytory/8zMg/10620213
468,noise,R01_REVIEWED_NOT_ABOUT_SOMOIM_APP,daum,search_preview,＜의정부＞ 볼링클럽 GAG(개그)에서 신입회원을 모집합니다!!,https://cafe.daum.net/bowlingevent/LGp7/1202
469,noise,R01_REVIEWED_NOT_ABOUT_SOMOIM_APP,daum,search_preview,2단계/4주차/조영상/나은이 모임 나가기 /2권 독서,https://cafe.daum.net/beric/WD1m/33
470,noise,R01_REVIEWED_NOT_ABOUT_SOMOIM_APP,daum,search_preview,[동대문] BMF 클럽 2030 회원모집,https://cafe.daum.net/bowlingevent/LGp7/1201
471,noise,R01_REVIEWED_NOT_ABOUT_SOMOIM_APP,daum,search_preview,매주 화요일🎳열정볼러 회원모집🎳,https://cafe.daum.net/bowlingevent/LGp7/1133
472,noise,R01_REVIEWED_NOT_ABOUT_SOMOIM_APP,daum,search_preview,가벼운 고민에 도움 말씀 부탁드릴게요,https://cafe.daum.net/korealovecom/6Ufz/5616
473,keep,K01_REVIEWED_APP_EXPERIENCE,daum,search_preview,오프에서 취미 모임 어찌 가입 하시나요?,https://cafe.daum.net/Wdkstkdy/Vjz0/2867
474,noise,R01_REVIEWED_NOT_ABOUT_SOMOIM_APP,daum,search_preview,친구없는 도파민 중독자들 있니,https://cafe.daum.net/ok1221/8lcX/91372252
475,noise,R01_REVIEWED_NOT_ABOUT_SOMOIM_APP,daum,search_preview,서울중구 2030 볼러 신입모집합니다,https://cafe.daum.net/bowlingevent/LGp7/1165
476,noise,R01_REVIEWED_NOT_ABOUT_SOMOIM_APP,daum,search_preview,[마포구] 🎳볼링라이프🎳 신입모집합니다🤗,https://cafe.daum.net/bowlingevent/LGp7/1106
477,noise,R01_REVIEWED_NOT_ABOUT_SOMOIM_APP,daum,search_preview,입만열면뉴욕에서 한분 충원합니다.,https://cafe.daum.net/Sangkoya/bO2d/30
478,noise,R01_REVIEWED_NOT_ABOUT_SOMOIM_APP,daum,search_preview,혼자 돌아다니는거 거부감없고 삶에 무료함 느낀다면 내글봐줘,https://cafe.daum.net/subdued20club/ReHf/5569984
479,noise,R01_REVIEWED_NOT_ABOUT_SOMOIM_APP,daum,search_preview,(충원)입만열면 뉴욕에서 한 분 충원합니다,https://cafe.daum.net/Sangkoya/bO2d/29
480,noise,R01_REVIEWED_NOT_ABOUT_SOMOIM_APP,daum,search_preview,"허접한 스팩, 하지만 NHN 합격(+어플 홍보 쪼금)",https://cafe.daum.net/breakjob/D2y/5661
481,noise,R01_REVIEWED_NOT_ABOUT_SOMOIM_APP,daum,search_preview,어플 추천/ Insight Timer (명상 어플 ),https://cafe.daum.net/femihealth/VztK/1233
482,noise,R01_REVIEWED_NOT_ABOUT_SOMOIM_APP,daum,search_preview,혼자 돌아다니는거 거부감없고 삶에 무료함 느낀다면 내글봐줘,https://cafe.daum.net/subdued20club/ReHf/5727220
483,noise,R01_REVIEWED_NOT_ABOUT_SOMOIM_APP,daum,search_preview,혼자 돌아다니는거 거부감없고 삶에 무료함 느낀다면 내글봐줘,https://cafe.daum.net/subdued20club/ReHf/5693476
484,noise,R01_REVIEWED_NOT_ABOUT_SOMOIM_APP,daum,search_preview,사당 플라워 레슨 후기,https://cafe.daum.net/subdued20club/LxCT/255512
485,noise,R01_REVIEWED_NOT_ABOUT_SOMOIM_APP,daum,search_preview,혼자 돌아다니는거 거부감없고 삶에 무료함 느낀다면 내글봐줘,https://cafe.daum.net/subdued20club/ReHf/5580099
486,noise,R01_REVIEWED_NOT_ABOUT_SOMOIM_APP,daum,search_preview,"""램블러"" 어플 활용해서 하남 임장하기:)",https://cafe.daum.net/happy-tech/QdvU/5247
487,noise,R01_REVIEWED_NOT_ABOUT_SOMOIM_APP,daum,search_preview,[공공70기] 사이먼 입니다^~^,https://cafe.daum.net/kwbsht/K7X3/1864
488,noise,R01_REVIEWED_NOT_ABOUT_SOMOIM_APP,daum,search_preview,101기 미키입니다!,https://cafe.daum.net/kwbsht/K7X3/3074
489,noise,R01_REVIEWED_NOT_ABOUT_SOMOIM_APP,daum,search_preview,**스마트폰에 관심있고 고양이를 사랑하는 사람들의 모임=＞ 아이고 소모임 을 개설했습니다^^,https://cafe.daum.net/hongbd/G7HU/12927
490,noise,R01_REVIEWED_NOT_ABOUT_SOMOIM_APP,daum,search_preview,"스마트 어플 ""밴드원""모집합니다(대구경북)",https://cafe.daum.net/dongdou/2BKa/23604
491,noise,R01_REVIEWED_NOT_ABOUT_SOMOIM_APP,daum,search_preview,[대전]투데이 무비 소모임 🥰,https://cafe.daum.net/tjmatzip/W1Y/1258
492,noise,R01_REVIEWED_NOT_ABOUT_SOMOIM_APP,daum,search_preview,"[갤럭시S 추천 어플 ] ""클리앙(끌량)"", 최고 얼리어답터 커뮤니티를 모바일로!!",https://cafe.daum.net/KYC0454/LIAI/6077
493,noise,R01_REVIEWED_NOT_ABOUT_SOMOIM_APP,daum,search_preview,강대 아이팟 아이폰 사용자 모임 소모임 같은거 만들고 싶은데 어떠세요?? 혹시 이미 있는데 저만 모르는거 아니죠? ㅋ,https://cafe.daum.net/kangwonlike/3UZN/10872
494,noise,R01_REVIEWED_NOT_ABOUT_SOMOIM_APP,daum,search_preview,대전 영화 소모임 !!👋,https://cafe.daum.net/liveinbook/Xwq/2557
495,noise,R01_REVIEWED_NOT_ABOUT_SOMOIM_APP,daum,search_preview,인스모 5월 골프 소모임 대회 시상식,https://cafe.daum.net/insmo2/_album/5558
496,noise,R01_REVIEWED_NOT_ABOUT_SOMOIM_APP,daum,search_preview,대전 영화 소모임 !!👋,https://cafe.daum.net/tjmatzip/Gaz/10571
497,noise,R01_REVIEWED_NOT_ABOUT_SOMOIM_APP,daum,search_preview,only 20대만을 위해 준비한 어플.... 소개팅 앱 입니다..,https://cafe.daum.net/japantokyo/ND0l/3686
498,noise,R01_REVIEWED_NOT_ABOUT_SOMOIM_APP,daum,search_preview,[2011-07-20] 연도사의 아이폰 오늘만 무료 어플 (오후),https://cafe.daum.net/honamjoin/9mAE/5016
499,noise,R01_REVIEWED_NOT_ABOUT_SOMOIM_APP,daum,search_preview,아이폰 소모임 이 개설되었습니다. 아이폰 오너분은 가입하세요~,https://cafe.daum.net/lovesmarts/181e/6675
500,noise,R01_REVIEWED_NOT_ABOUT_SOMOIM_APP,daum,search_preview,[일본어 소모임 ] 토니카쿠아미가 11월부터 월2회 모입니다!,https://cafe.daum.net/femihealth/S2Cq/1716
501,noise,R01_REVIEWED_NOT_ABOUT_SOMOIM_APP,daum,search_preview,집밥 챙겨먹는 소모임 충원하오!,https://cafe.daum.net/Sangkoya/b1HC/23686
502,noise,R01_REVIEWED_NOT_ABOUT_SOMOIM_APP,daum,search_preview,2단계8주차/김해윤/유튜브 나은이에게 질문과 제안을 함,https://cafe.daum.net/beric/WD1m/80
503,noise,R01_REVIEWED_NOT_ABOUT_SOMOIM_APP,daum,search_preview,[NO MORE DRINK] 2023년 7월 10일 월요일 금주 소모임 햏들 찾소 ㅠㅠ,https://cafe.daum.net/Sangkoya/b1L7/489
504,noise,R01_REVIEWED_NOT_ABOUT_SOMOIM_APP,daum,search_preview,교회 소모임 !!,https://cafe.daum.net/Bigchurch/LZk9/47751
505,noise,R01_REVIEWED_NOT_ABOUT_SOMOIM_APP,daum,search_preview,2025년 노동약자 일터개선 지원사업 참여기관(민간) 추가 모집 연장 공고_고용노동부,https://cafe.daum.net/policyfund/6fQL/32706
506,noise,R01_REVIEWED_NOT_ABOUT_SOMOIM_APP,daum,search_preview,부천지역을 중심으로한 캐치볼 소모임 입니다.,https://cafe.daum.net/catchballkorea/cmq4/1129
507,noise,R01_REVIEWED_NOT_ABOUT_SOMOIM_APP,daum,search_preview,중국모임어플회사에서 유학생 인턴 채용 ( 중국회사 ),https://cafe.daum.net/studentinbejing/5J6v/26879
508,noise,R01_REVIEWED_NOT_ABOUT_SOMOIM_APP,daum,search_preview,Re:Wireless LAN 소모임 에 대한 건의 사항,https://cafe.daum.net/studyarm/8Y34/27
509,noise,R01_REVIEWED_NOT_ABOUT_SOMOIM_APP,daum,search_preview,2006년도 광명y 도서 소모임 계획,https://cafe.daum.net/myoajo/HFHi/411
510,noise,R01_REVIEWED_NOT_ABOUT_SOMOIM_APP,daum,search_preview,"12일(월)~16일(금) 용산에서 풋살하실 개인,팀 모집 ☆ ASD 풋살 소모임 게시판을 찾아주세요",https://cafe.daum.net/skfootball/IxUe/21975
511,noise,R01_REVIEWED_NOT_ABOUT_SOMOIM_APP,daum,search_preview,[네이트판] 친구가 마흔살 돌싱여자랑 결혼한다고 합니다. 어떻게 말려야할까요? (베플ㅇ),https://cafe.daum.net/subdued20club/ReHf/1384904
512,noise,R01_REVIEWED_NOT_ABOUT_SOMOIM_APP,daum,search_preview,"내일 13일(화) 용산에서 풋살하실 개인,팀 모집 + 수~금 인원도 모집 ★ASD풋살 소모임 게시판",https://cafe.daum.net/skfootball/IxUe/22050
513,noise,R01_REVIEWED_NOT_ABOUT_SOMOIM_APP,daum,search_preview,"내일 6일(화) 용산에서 풋살하실 개인,팀 모집 + 수~금 인원도 모집 ☆ ASD풋살 소모임 게시판을 확인하세요",https://cafe.daum.net/skfootball/IxUe/21848
514,noise,R01_REVIEWED_NOT_ABOUT_SOMOIM_APP,daum,search_preview,교회 소모임 !!,https://cafe.daum.net/911pt/AosC/1128
515,noise,R01_REVIEWED_NOT_ABOUT_SOMOIM_APP,daum,search_preview,1월 26일 영어 소모임 후기입니다...^^,https://cafe.daum.net/hairshop/D2kV/1609
516,noise,R01_REVIEWED_NOT_ABOUT_SOMOIM_APP,daum,search_preview,1월 26일 영어 소모임 후기입니다...^^,https://cafe.daum.net/hairshop/Idp/913
517,noise,R01_REVIEWED_NOT_ABOUT_SOMOIM_APP,daum,search_preview,소통의 방법을 연구하는 소모임 제안,https://cafe.daum.net/ndcommunity/JrQg/29
518,noise,R01_REVIEWED_NOT_ABOUT_SOMOIM_APP,daum,search_preview,프립이라는 어플 알아? 모임하는건데,https://cafe.daum.net/baemilytory/8zMg/365979
519,noise,R01_REVIEWED_NOT_ABOUT_SOMOIM_APP,daum,search_preview,사진 동호회 운영진하면서 울며 겨자먹기로 사진배우며 찍은 사진들 (유럽여행주의),https://cafe.daum.net/subdued20club/Scxl/52440
520,noise,R01_REVIEWED_NOT_ABOUT_SOMOIM_APP,daum,search_preview,"락싸님들 ""소모님"" 어플 해보신분?",https://cafe.daum.net/ASMONACOFC/g0oX/1417699
521,noise,R01_REVIEWED_NOT_ABOUT_SOMOIM_APP,daum,search_preview,소모임 가보신 분 있나요 ㅇㅇ,https://cafe.daum.net/liverpoolfc/4Uo4/107001
522,noise,R01_REVIEWED_NOT_ABOUT_SOMOIM_APP,daum,search_preview,"자만추, 소모임 통해 만나 84일 연애중인 후기",https://cafe.daum.net/wfwijs/5JvX/11614
523,noise,R01_REVIEWED_NOT_ABOUT_SOMOIM_APP,daum,search_preview,대학생들 스터디나 소모임 동아리 이런거 어디서 찾아봐야해?ㅠㅠㅠ,https://cafe.daum.net/Tlwkftlqkftlldlqkf/919A/2403648
524,noise,R01_REVIEWED_NOT_ABOUT_SOMOIM_APP,daum,search_preview,소모임 동호회 들까 생각만하다가,https://cafe.daum.net/dotax/D8UA/4259405
525,noise,R01_REVIEWED_NOT_ABOUT_SOMOIM_APP,daum,search_preview,[울산통기타친구]울산기타 동호회 7월11일 화요모임 후기,https://cafe.daum.net/ulsantongchin/53kq/1951
526,noise,R01_REVIEWED_NOT_ABOUT_SOMOIM_APP,daum,search_preview,소모임 동아리 같은거지? 이거 현실에서 애들한테 말하면,https://cafe.daum.net/ok1221/8lcX/90819756
527,noise,R01_REVIEWED_NOT_ABOUT_SOMOIM_APP,daum,search_preview,Let's 95 썬칩입니다.,https://cafe.daum.net/kwbsht/K7X3/2920
528,noise,R01_REVIEWED_NOT_ABOUT_SOMOIM_APP,daum,search_preview,자존감을 갖으세요,https://cafe.daum.net/pinogada/DK5T/60100
529,noise,R01_REVIEWED_NOT_ABOUT_SOMOIM_APP,daum,search_preview,*여자 친구 사귀는법 공유*(장문),https://cafe.daum.net/dotax/D8UA/4432034
530,noise,R01_REVIEWED_NOT_ABOUT_SOMOIM_APP,daum,search_preview,제이슨 자소서(급하게 복붙 나중에 시간되면 추가할게요 ^^),https://cafe.daum.net/LP/62UN/6367
531,noise,R01_REVIEWED_NOT_ABOUT_SOMOIM_APP,daum,search_preview,올리버님과 제프리님 중에 누가 착합니까?,https://cafe.daum.net/4446/5Cdp/21274
532,noise,R01_REVIEWED_NOT_ABOUT_SOMOIM_APP,daum,search_preview,106기 레비입니다,https://cafe.daum.net/latinboston/G9M6/13874
533,noise,R01_REVIEWED_NOT_ABOUT_SOMOIM_APP,daum,search_preview,102기 제이슨 자소서입니다.,https://cafe.daum.net/LP/62UN/6152
534,noise,R01_REVIEWED_NOT_ABOUT_SOMOIM_APP,daum,search_preview,(장문)How to make new friends,https://cafe.daum.net/dotax/D8UA/4570590
535,noise,R01_REVIEWED_NOT_ABOUT_SOMOIM_APP,daum,search_preview,제주 5년차 미만 현직입니다.,https://cafe.daum.net/educationstudy/LqPf/7899
536,noise,R01_REVIEWED_NOT_ABOUT_SOMOIM_APP,daum,search_preview,어느 의상디자이너 이야기 4,https://cafe.daum.net/cs11sz/LG19/328016
537,noise,R01_REVIEWED_NOT_ABOUT_SOMOIM_APP,daum,search_preview,어느 의상디자이너 이야기 4,https://cafe.daum.net/ok1221/9Zdf/1279317
538,noise,R01_REVIEWED_NOT_ABOUT_SOMOIM_APP,daum,search_preview,어느 의상디자이너 이야기 4,https://cafe.daum.net/ok1221/9Zdf/1179977
539,noise,R01_REVIEWED_NOT_ABOUT_SOMOIM_APP,daum,search_preview,2018.11.4 새로운만남,https://cafe.daum.net/bikemania/CO9/49742
540,noise,R01_REVIEWED_NOT_ABOUT_SOMOIM_APP,daum,search_preview,카야니라고 앎?? 신종 다단계 후기 찜ㅎㅎ (폰여시주의),https://cafe.daum.net/subdued20club/LxCT/112306
541,noise,R01_REVIEWED_NOT_ABOUT_SOMOIM_APP,daum,search_preview,95기 막내 반장 겸 기수 총 막내 비앙카님의 생일을 축하해 주세요~,https://cafe.daum.net/kwbsht/FYZK/4008
542,noise,R01_REVIEWED_NOT_ABOUT_SOMOIM_APP,daum,search_preview,11월 정모후기 2편!!,https://cafe.daum.net/JOBNOM/tKWm/11
543,noise,R01_REVIEWED_NOT_ABOUT_SOMOIM_APP,daum,search_preview,잘 지내고 계십니까요들레이↗히→?,https://cafe.daum.net/richmajak/6Q2L/4785
544,noise,R01_REVIEWED_NOT_ABOUT_SOMOIM_APP,daum,search_preview,비혼을 생각하고 있는 밀토 회원이라면 참고해볼 기사,https://cafe.daum.net/baemilytory/91cd/139881
545,noise,R01_REVIEWED_NOT_ABOUT_SOMOIM_APP,daum,search_preview,수저별 리포트 (퍼온글),https://cafe.daum.net/dotax/Elgq/1225001
546,noise,R01_REVIEWED_NOT_ABOUT_SOMOIM_APP,daum,search_preview,[종로구 창신동]*한성드럼스튜디오* 드럼 레슨 연습실 렌탈 밴드 합주실 (6개월 레슨 프로잭트로 나도 드러머!),https://cafe.daum.net/drdrum/LQw/136419
547,noise,R01_REVIEWED_NOT_ABOUT_SOMOIM_APP,daum,search_preview,[종로구 창신동]*한성드럼스튜디오* 드럼 레슨 연습실 렌탈 밴드 합주실 (6개월 레슨 프로잭트로 나도 드러머!),https://cafe.daum.net/drdrum/LQw/136544
548,noise,R01_REVIEWED_NOT_ABOUT_SOMOIM_APP,daum,search_preview,[종로구 창신동]*한성드럼스튜디오* 드럼 레슨 연습실 렌탈 밴드 합주실 (6개월 레슨 프로잭트로 나도 드러머!),https://cafe.daum.net/drdrum/LQw/136472
549,noise,R01_REVIEWED_NOT_ABOUT_SOMOIM_APP,daum,search_preview,[종로구 창신동]*한성드럼스튜디오* 드럼 레슨 연습실 렌탈 밴드 합주실 (6개월 레슨 프로잭트로 나도 드러머!),https://cafe.daum.net/drdrum/LQw/136523
550,noise,R01_REVIEWED_NOT_ABOUT_SOMOIM_APP,daum,search_preview,[종로구 창신동]*한성드럼스튜디오* 드럼 레슨 연습실 렌탈 밴드 합주실 (6개월 레슨 프로잭트로 나도 드러머!),https://cafe.daum.net/drdrum/LQw/136126
551,noise,R01_REVIEWED_NOT_ABOUT_SOMOIM_APP,daum,search_preview,[종로구 창신동]*한성드럼스튜디오* 드럼 레슨 연습실 렌탈 밴드 합주실 (6개월 레슨 프로잭트로 나도 드러머!),https://cafe.daum.net/drdrum/LQw/136070
552,noise,R01_REVIEWED_NOT_ABOUT_SOMOIM_APP,daum,search_preview,[종로구 창신동]*한성드럼스튜디오* 드럼 레슨 연습실렌탈 밴드 합주실 (6개월 레슨 프로잭트로 나도 드러머!),https://cafe.daum.net/drdrum/LQw/136303
553,noise,R01_REVIEWED_NOT_ABOUT_SOMOIM_APP,daum,search_preview,[종로구 창신동]*한성드럼스튜디오* 드럼 레슨 연습실 렌탈 밴드 합주실 (6개월 레슨 프로잭트로 나도 드러머!),https://cafe.daum.net/drdrum/LQw/136496
554,noise,R01_REVIEWED_NOT_ABOUT_SOMOIM_APP,daum,search_preview,[종로구 창신동]*한성드럼스튜디오* 드럼 레슨 연습실 렌탈 밴드 합주실 (6개월 레슨 프로잭트로 나도 드러머!),https://cafe.daum.net/drdrum/LQw/135841
555,noise,R01_REVIEWED_NOT_ABOUT_SOMOIM_APP,daum,search_preview,[종로구 창신동]*한성드럼스튜디오* 드럼 레슨 연습실 렌탈 밴드 합주실 (6개월 레슨 프로잭트로 나도 드러머!),https://cafe.daum.net/drdrum/LQw/136283
556,noise,R01_REVIEWED_NOT_ABOUT_SOMOIM_APP,daum,search_preview,[종로구 창신동]*한성드럼스튜디오* 드럼 레슨 연습실 렌탈 밴드 합주실 (6개월 레슨 프로잭트로 나도 드러머!),https://cafe.daum.net/drdrum/LQw/135772
557,noise,R01_REVIEWED_NOT_ABOUT_SOMOIM_APP,daum,search_preview,[종로구 창신동]*한성드럼스튜디오* 드럼 레슨 연습실 렌탈 밴드 합주실 (6개월 레슨 프로잭트로 나도 드러머!),https://cafe.daum.net/drdrum/LQw/136110
558,noise,R01_REVIEWED_NOT_ABOUT_SOMOIM_APP,daum,search_preview,[종로구 창신동]*한성드럼스튜디오* 드럼 레슨 연습실 렌탈 밴드 합주실 (6개월 레슨 프로잭트로 나도 드러머!),https://cafe.daum.net/drdrum/LQw/135741
559,noise,R01_REVIEWED_NOT_ABOUT_SOMOIM_APP,daum,search_preview,[종로구 창신동]*한성드럼스튜디오* 드럼 레슨 연습실 렌탈 밴드 합주실 (6개월 레슨 프로잭트로 나도 드러머!),https://cafe.daum.net/drdrum/LQw/136187
560,noise,R01_REVIEWED_NOT_ABOUT_SOMOIM_APP,daum,search_preview,[종로구 창신동]*한성드럼스튜디오* 드럼 레슨 연습실 렌탈 밴드 합주실 (6개월 레슨 프로잭트로 나도 드러머!),https://cafe.daum.net/drdrum/LQw/136385
561,noise,R01_REVIEWED_NOT_ABOUT_SOMOIM_APP,daum,search_preview,[종로구 창신동]*한성드럼스튜디오* 드럼 레슨 연습실 렌탈 밴드 합주실 (6개월 레슨 프로잭트로 나도 드러머!),https://cafe.daum.net/drdrum/LQw/136040
562,noise,R01_REVIEWED_NOT_ABOUT_SOMOIM_APP,daum,search_preview,[종로구 창신동]*한성드럼스튜디오* 드럼 레슨 연습실 렌탈 밴드 합주실 (6개월 레슨 프로잭트로 나도 드러머!),https://cafe.daum.net/drdrum/LQw/136014
563,noise,R01_REVIEWED_NOT_ABOUT_SOMOIM_APP,daum,search_preview,[종로구 창신동]*한성드럼스튜디오* 드럼 레슨 연습실 렌탈 밴드 합주실 (6개월 레슨 프로잭트로 나도 드러머!),https://cafe.daum.net/drdrum/LQw/135801
564,noise,R01_REVIEWED_NOT_ABOUT_SOMOIM_APP,daum,search_preview,[종로구 창신동]*한성드럼스튜디오* 드럼 레슨 연습실 렌탈 밴드 합주실 (6개월 레슨 프로잭트로 나도 드러머!),https://cafe.daum.net/drdrum/LQw/136354
565,noise,R01_REVIEWED_NOT_ABOUT_SOMOIM_APP,daum,search_preview,[종로구 창신동]*한성드럼스튜디오* 드럼 레슨 연습실 렌탈 밴드 합주실 (6개월 레슨 프로잭트로 나도 드러머!),https://cafe.daum.net/drdrum/LQw/135902
566,noise,R01_REVIEWED_NOT_ABOUT_SOMOIM_APP,daum,search_preview,[종로구 창신동]*한성드럼스튜디오* 드럼 레슨 연습실 렌탈 밴드 합주실 (6개월 레슨 프로잭트로 나도 드러머!),https://cafe.daum.net/drdrum/LQw/135865
567,noise,R01_REVIEWED_NOT_ABOUT_SOMOIM_APP,daum,search_preview,[종로구 창신동]*한성드럼스튜디오* 드럼 레슨 연습실 렌탈 밴드 합주실 (6개월 레슨 프로잭트로 나도 드러머!),https://cafe.daum.net/drdrum/LQw/135920
568,noise,R01_REVIEWED_NOT_ABOUT_SOMOIM_APP,daum,search_preview,[종로구 창신동]*한성드럼스튜디오* 드럼 레슨 연습실 렌탈 밴드 합주실 (6개월 레슨 프로잭트로 나도 드러머!),https://cafe.daum.net/drdrum/LQw/135951
569,noise,R01_REVIEWED_NOT_ABOUT_SOMOIM_APP,daum,search_preview,[종로구 창신동]*한성드럼스튜디오* 드럼 레슨 연습실 렌탈 밴드 합주실 (6개월 레슨 프로잭트로 나도 드러머!),https://cafe.daum.net/drdrum/LQw/135678
570,noise,R01_REVIEWED_NOT_ABOUT_SOMOIM_APP,daum,search_preview,[종로구 창신동]*한성드럼스튜디오* 드럼 레슨 연습실 렌탈 밴드 합주실 (6개월 레슨 프로잭트로 나도 드러머!),https://cafe.daum.net/drdrum/LQw/136216
571,noise,R01_REVIEWED_NOT_ABOUT_SOMOIM_APP,daum,search_preview,[종로구 창신동]*한성드럼스튜디오* 드럼 레슨 연습실 렌탈 밴드 합주실 (6개월 레슨 프로잭트로 나도 드러머!),https://cafe.daum.net/drdrum/LQw/135725
572,noise,R01_REVIEWED_NOT_ABOUT_SOMOIM_APP,daum,search_preview,[종로구 창신동]*한성드럼스튜디오* 드럼 레슨 연습실 렌탈 밴드 합주실 (6개월 레슨 프로잭트로 나도 드러머!),https://cafe.daum.net/drdrum/LQw/135975
573,noise,R01_REVIEWED_NOT_ABOUT_SOMOIM_APP,daum,search_preview,[종로구 창신동]*한성드럼스튜디오* 드럼 레슨 연습실 렌탈 밴드 합주실 (6개월 레슨 프로잭트로 나도 드러머!),https://cafe.daum.net/drdrum/LQw/136451
574,noise,R01_REVIEWED_NOT_ABOUT_SOMOIM_APP,daum,search_preview,[종로구 창신동]*한성드럼스튜디오* 드럼 레슨 연습실 렌탈 밴드 합주실 (6개월 레슨 프로잭트로 나도 드러머!),https://cafe.daum.net/drdrum/LQw/136154
575,noise,R01_REVIEWED_NOT_ABOUT_SOMOIM_APP,daum,search_preview,[종로구 창신동]*한성드럼스튜디오* 드럼 레슨 연습실 렌탈 밴드 합주실 (6개월 레슨 프로잭트로 나도 드러머!),https://cafe.daum.net/drdrum/LQw/136250
576,noise,R01_REVIEWED_NOT_ABOUT_SOMOIM_APP,daum,search_preview,[종로구 창신동]*한성드럼스튜디오* 드럼 레슨 연습실 렌탈 밴드 합주실 (6개월 레슨 프로잭트로 나도 드러머!),https://cafe.daum.net/drdrum/LQw/135883
577,noise,R01_REVIEWED_NOT_ABOUT_SOMOIM_APP,daum,search_preview,"고민수거, 고민해결! 신통방통한 '이웃자판기'가 잠수교",https://cafe.daum.net/haidong.pal/Xn8y/3202
578,noise,R01_REVIEWED_NOT_ABOUT_SOMOIM_APP,daum,search_preview,2018년 10월 누리사랑나눔 사진~~,https://cafe.daum.net/nurisarangcafe/IzQp/887
579,noise,R01_REVIEWED_NOT_ABOUT_SOMOIM_APP,daum,search_preview,[종로구 창신동]*한성드럼스튜디오* 드럼 레슨 연습실 렌탈 밴드 합주실 (6개월 레슨 프로잭트로 나도 드러머!),https://cafe.daum.net/drdrum/LQw/135602
580,noise,R01_REVIEWED_NOT_ABOUT_SOMOIM_APP,daum,search_preview,[종로구 창신동]*한성드럼스튜디오* 드럼 레슨 연습실 렌탈 밴드 합주실 (6개월 레슨 프로잭트로 나도 드러머!),https://cafe.daum.net/drdrum/LQw/135580
581,noise,R01_REVIEWED_NOT_ABOUT_SOMOIM_APP,daum,search_preview,[종로구 창신동]*한성드럼스튜디오* 드럼 레슨 연습실 렌탈 밴드 합주실 (6개월 레슨 프로잭트로 나도 드러머!),https://cafe.daum.net/drdrum/LQw/135526
582,noise,R01_REVIEWED_NOT_ABOUT_SOMOIM_APP,daum,search_preview,[종로구 창신동]*한성드럼스튜디오* 드럼 레슨 연습실 렌탈 밴드 합주실 (6개월 레슨 프로잭트로 나도 드러머!),https://cafe.daum.net/drdrum/LQw/135593
583,noise,R01_REVIEWED_NOT_ABOUT_SOMOIM_APP,daum,search_preview,[종로구 창신동]*한성드럼스튜디오* 드럼 레슨 연습실 렌탈 밴드 합주실 (6개월 레슨 프로잭트로 나도 드러머!),https://cafe.daum.net/drdrum/LQw/135640
584,noise,R01_REVIEWED_NOT_ABOUT_SOMOIM_APP,daum,search_preview,[종로구 창신동]*한성드럼스튜디오* 드럼 레슨 연습실 렌탈 밴드 합주실 (6개월 레슨 프로잭트로 나도 드러머!),https://cafe.daum.net/drdrum/LQw/135559
585,noise,R01_REVIEWED_NOT_ABOUT_SOMOIM_APP,daum,search_preview,[종로구 창신동]*한성드럼스튜디오* 드럼 레슨 연습실 렌탈 밴드 합주실 (6개월 레슨 프로잭트로 나도 드러머!),https://cafe.daum.net/drdrum/LQw/135618
586,noise,R01_REVIEWED_NOT_ABOUT_SOMOIM_APP,daum,search_preview,[종로구 창신동]*한성드럼스튜디오* 드럼 레슨 연습실 렌탈 밴드 합주실 (6개월 레슨 프로잭트로 나도 드러머!),https://cafe.daum.net/drdrum/LQw/135518
587,noise,R01_REVIEWED_NOT_ABOUT_SOMOIM_APP,daum,search_preview,[종로구 창신동]*한성드럼스튜디오* 드럼 레슨 연습실 렌탈 밴드 합주실 (6개월 레슨 프로잭트로 나도 드러머!),https://cafe.daum.net/drdrum/LQw/135657
588,noise,R01_REVIEWED_NOT_ABOUT_SOMOIM_APP,daum,search_preview,[종로구 창신동]*한성드럼스튜디오* 드럼 레슨 연습실 렌탈 밴드 합주실 (6개월 레슨 프로잭트로 나도 드러머!),https://cafe.daum.net/drdrum/LQw/135501
589,noise,R01_REVIEWED_NOT_ABOUT_SOMOIM_APP,daum,search_preview,[종로구 창신동]*한성드럼스튜디오* 드럼 레슨 연습실 렌탈 밴드 합주실 (6개월 레슨 프로잭트로 나도 드러머!),https://cafe.daum.net/drdrum/LQw/135535
590,noise,R01_REVIEWED_NOT_ABOUT_SOMOIM_APP,daum,search_preview,37대 운영진 회계감사 결과,https://cafe.daum.net/swingfever/16qF/720
591,noise,R01_REVIEWED_NOT_ABOUT_SOMOIM_APP,daum,search_preview,외로움이 돈이 되는 시대,https://cafe.daum.net/woouwoou2021/XH9d/60504
592,noise,R01_REVIEWED_NOT_ABOUT_SOMOIM_APP,daum,search_preview,2023.06 수라댄 운영진 현황,https://cafe.daum.net/dk2094/RK33/8
593,noise,R01_REVIEWED_NOT_ABOUT_SOMOIM_APP,daum,search_preview,[종로구 창신동]*한성드럼스튜디오* 드럼 레슨 연습실 렌탈 밴드 합주실 (6개월 레슨 프로잭트로 나도 드러머!),https://cafe.daum.net/drdrum/LQw/135477
594,noise,R01_REVIEWED_NOT_ABOUT_SOMOIM_APP,daum,search_preview,[종로구 창신동]*한성드럼스튜디오* 드럼 레슨 연습실렌탈 밴드 합주실 (6개월 레슨 프로잭트로 나도 드러머!),https://cafe.daum.net/drdrum/LQw/135469
595,noise,R01_REVIEWED_NOT_ABOUT_SOMOIM_APP,daum,search_preview,[종로구 창신동]*한성드럼스튜디오* 드럼 레슨 연습실렌탈 밴드 합주실 (6개월 레슨 프로잭트로 나도 밴드 드러머!),https://cafe.daum.net/drdrum/LQw/135456
596,noise,R01_REVIEWED_NOT_ABOUT_SOMOIM_APP,daum,search_preview,싱글분들 요즘 어떻게 지내세요?,https://cafe.daum.net/mmnix/Edty/4335
597,noise,R01_REVIEWED_NOT_ABOUT_SOMOIM_APP,daum,search_preview,9월 위더스 볼링모임 행사및 전달사항 ~,https://cafe.daum.net/3040withus/Qf8j/634
598,noise,R01_REVIEWED_NOT_ABOUT_SOMOIM_APP,daum,search_preview,상계동 피아노&악기&연습실대여로 유명한 교습소 팝니다 600/60/1500,https://cafe.daum.net/pianolf/1do/17847
599,noise,R01_REVIEWED_NOT_ABOUT_SOMOIM_APP,daum,search_preview,제1회 우리들이 만드는 캘리그라피 회원전 '안녕전',https://cafe.daum.net/gongjeon21c/XPfO/949
600,noise,R01_REVIEWED_NOT_ABOUT_SOMOIM_APP,daum,search_preview,두근두근 왕초보온라인독서모임리더들을 위한 모임 1기 마쳤어요~~,https://cafe.daum.net/wfwijs/Es50/62
601,noise,R01_REVIEWED_NOT_ABOUT_SOMOIM_APP,daum,search_preview,[중국어회화][종로/회기]中韩语言交流会！중국인과 함께 하는 중국어 회화!!|◐,https://cafe.daum.net/zhaolaoshi/8lI4/1849
602,noise,R01_REVIEWED_NOT_ABOUT_SOMOIM_APP,daum,search_preview,"게임에서 여미새, 여왕벌 문제 나오는건 성비가 맞을 수가 없기 때문 같음 ㅋㅋㅋㅋ",https://cafe.daum.net/dotax/D8UA/5168534
603,noise,R01_REVIEWED_NOT_ABOUT_SOMOIM_APP,daum,search_preview,"FC독사] 강동,송파,광진,강남,서초,하남,성남 전지역 일요일 팀원 모집!",https://cafe.daum.net/skfootball/IxUf/96151
604,noise,R01_REVIEWED_NOT_ABOUT_SOMOIM_APP,daum,search_preview,30대는 여자 어케만나죠?,https://cafe.daum.net/ASMONACOFC/g0oX/2124786
605,noise,R01_REVIEWED_NOT_ABOUT_SOMOIM_APP,daum,search_preview,"FC독사] 강동,송파,광진,강남,서초,하남,성남 전지역 일요일 팀원 모집!",https://cafe.daum.net/skfootball/IxUf/95967
606,noise,R01_REVIEWED_NOT_ABOUT_SOMOIM_APP,daum,search_preview,2014.10.01(수) 볼링공지,https://cafe.daum.net/isan123/NCnp/64
607,noise,R01_REVIEWED_NOT_ABOUT_SOMOIM_APP,daum,search_preview,84기 하나입니다~*^^*,https://cafe.daum.net/4446/QtIo/8460
608,noise,R01_REVIEWED_NOT_ABOUT_SOMOIM_APP,daum,search_preview,지터벅 12기를 마무리 하며 후기 남겨요,https://cafe.daum.net/Lindyhopscool/3iCi/368
609,noise,R01_REVIEWED_NOT_ABOUT_SOMOIM_APP,daum,search_preview,대한민국 테니스계의 앞날은...(2편),https://cafe.daum.net/dhtennis7330/dgmb/77
610,noise,R01_REVIEWED_NOT_ABOUT_SOMOIM_APP,daum,search_preview,[시청] 초보 영어회화스터디 비글리쉬!,https://cafe.daum.net/breakjob/BNc/482550
611,noise,R01_REVIEWED_NOT_ABOUT_SOMOIM_APP,daum,search_preview,🧑🏻‍🎨대전 그림 모임 [차차 드로우] 모집해요! 초보자도 할 수 있다!,https://cafe.daum.net/vmffotl/D8KE/120312
612,noise,R01_REVIEWED_NOT_ABOUT_SOMOIM_APP,daum,search_preview,지터벅 10기 후기 입니다!,https://cafe.daum.net/Lindyhopscool/3iCi/181
613,noise,R01_REVIEWED_NOT_ABOUT_SOMOIM_APP,daum,search_preview,몇 가지 말씀을 드리려 합니다.,https://cafe.daum.net/sharesaeron/hBuf/74
614,noise,R01_REVIEWED_NOT_ABOUT_SOMOIM_APP,daum,search_preview,🧑🏻‍🎨대전 그림 모임 [차차 드로우] 모집해요! 초보자도 할 수 있다!,https://cafe.daum.net/account2000/4Meq/4404
615,noise,R01_REVIEWED_NOT_ABOUT_SOMOIM_APP,daum,search_preview,[모집중] 돈 버는 독서모임 함께 하실래요?,https://cafe.daum.net/wfwijs/AVeS/1300
616,noise,R01_REVIEWED_NOT_ABOUT_SOMOIM_APP,daum,search_preview,진실탁과 나그네탁의 2차 교류전 이야기,https://cafe.daum.net/bbabbabbatakgu/puPs/3
617,noise,R01_REVIEWED_NOT_ABOUT_SOMOIM_APP,daum,search_preview,방학 며칠 안 됐는데 벌써 심심하네요ㅠㅠ 모이실래요?,https://cafe.daum.net/educationstudy/CMKL/194281
618,noise,R01_REVIEWED_NOT_ABOUT_SOMOIM_APP,daum,search_preview,"(마감)홍대입구, 합정 초등교사 보드게임 모임 회원 모집합니다~",https://cafe.daum.net/educationstudy/CMKL/223914
619,noise,R01_REVIEWED_NOT_ABOUT_SOMOIM_APP,daum,search_preview,당신의 취미는 안녕하신가요?,https://cafe.daum.net/kys1005/4B2H/36308
620,noise,R01_REVIEWED_NOT_ABOUT_SOMOIM_APP,daum,search_preview,탁구모임을 운영하다보면 생기는 갖가지 일들,https://cafe.daum.net/toktak/HZKS/6057
621,noise,R01_REVIEWED_NOT_ABOUT_SOMOIM_APP,daum,search_preview,홍대 교사 보드게임 모임 모집합니다~,https://cafe.daum.net/teacherexam/5yG5/59662
622,noise,R01_REVIEWED_NOT_ABOUT_SOMOIM_APP,daum,search_preview,홍대/합정 독서모임 같이하실 분 모집합니다.,https://cafe.daum.net/teacherexam/5yG5/85264
623,noise,R01_REVIEWED_NOT_ABOUT_SOMOIM_APP,daum,search_preview,🧑🏻‍🎨대전 그림 모임 [차차 드로우] 모집해요! 생초보자 환영합니다~,https://cafe.daum.net/vmffotl/D8KE/120281
624,noise,R01_REVIEWED_NOT_ABOUT_SOMOIM_APP,daum,search_preview,🧑🏻‍🎨대전 그림 모임 [차차 드로우] 모집해요! 생초보자 환영합니다~,https://cafe.daum.net/account2000/4Meq/4403
625,noise,R01_REVIEWED_NOT_ABOUT_SOMOIM_APP,daum,search_preview,■서울강남■미드를 활용영어훈련&원어민회화 스터디■소개사진첨부■,https://cafe.daum.net/breakjob/BNc/448696
626,noise,R01_REVIEWED_NOT_ABOUT_SOMOIM_APP,daum,search_preview,■서울강남■미드를 활용영어훈련&원어민회화 스터디■소개사진첨부■,https://cafe.daum.net/breakjob/BNc/448846
627,noise,R01_REVIEWED_NOT_ABOUT_SOMOIM_APP,daum,search_preview,어쩌다보니 삼십대 중반,https://cafe.daum.net/teacherexam/5lBg/121266
628,noise,R01_REVIEWED_NOT_ABOUT_SOMOIM_APP,daum,search_preview,🧑🏻‍🎨대전 그림 모임 [차차 드로우] 모집해요! 초보자도 할 수 있다!,https://cafe.daum.net/tjmatzip/Gaz/10895
629,noise,R01_REVIEWED_NOT_ABOUT_SOMOIM_APP,daum,search_preview,"홍대입구, 합정 교사 보드게임 모임 모집합니다~ 놀러 오세요~",https://cafe.daum.net/educationstudy/CMKL/234769
630,noise,R01_REVIEWED_NOT_ABOUT_SOMOIM_APP,daum,search_preview,몇가지 전달사항이 있어 올립니다 ~,https://cafe.daum.net/3040withus/Qf8j/652
631,noise,R01_REVIEWED_NOT_ABOUT_SOMOIM_APP,daum,search_preview,2021년 1월~3월 SDA 운영방침 안내드립니다,https://cafe.daum.net/sdamu/1nCx/816
632,noise,R01_REVIEWED_NOT_ABOUT_SOMOIM_APP,daum,search_preview,서울 서부권 초등교사 보드게임 동호회 회원 모집합니다~,https://cafe.daum.net/educationstudy/CMKL/215941
633,noise,R01_REVIEWED_NOT_ABOUT_SOMOIM_APP,daum,search_preview,106기 초급 개강했습니다~~~,https://cafe.daum.net/latinboston/LlzO/25488
634,noise,R01_REVIEWED_NOT_ABOUT_SOMOIM_APP,daum,search_preview,홍대 합정 초등교사 보드게임 모임 회원 모집 중! 어서 오세요~ ^^,https://cafe.daum.net/educationstudy/CMKL/223878
635,noise,R01_REVIEWED_NOT_ABOUT_SOMOIM_APP,daum,search_preview,2016. 10. 09 나라사랑 월례회,https://cafe.daum.net/inyec/kGsQ/92
636,noise,R01_REVIEWED_NOT_ABOUT_SOMOIM_APP,daum,search_preview,기도의 해 사목자료 요약본 (주교회의),https://cafe.daum.net/ujangsanorg/fNvg/42
637,noise,R01_REVIEWED_NOT_ABOUT_SOMOIM_APP,daum,search_preview,★2030강탁 리그전 8월 25일 토요일 2시★,https://cafe.daum.net/hhtabletennis/Edv5/2568
638,noise,R01_REVIEWED_NOT_ABOUT_SOMOIM_APP,daum,search_preview,"홍대입구, 합정 초등교사 보드게임 모임 회원 모집합니다~",https://cafe.daum.net/educationstudy/CMKL/219554
639,noise,R01_REVIEWED_NOT_ABOUT_SOMOIM_APP,daum,search_preview,★ 아샤벨리 벨리작품반(초급/중급)+평일복습반 ★ 홍대 벨리댄스 5월 시작!!,https://cafe.daum.net/osalsa/MSyb/1053
640,noise,R01_REVIEWED_NOT_ABOUT_SOMOIM_APP,daum,search_preview,홍대 교사 보드게임 모임 모집합니다~ 놀러 오세요~,https://cafe.daum.net/teacherexam/5yG5/59335
641,noise,R01_REVIEWED_NOT_ABOUT_SOMOIM_APP,daum,search_preview,홍대 교사 보드게임 모임 회원 모집합니다~,https://cafe.daum.net/teacherexam/5yG5/59451
642,noise,R01_REVIEWED_NOT_ABOUT_SOMOIM_APP,daum,search_preview,홍대/종로3가 위주로 활동하는 교사 보드게임 모임 하실 분 모집합니다~,https://cafe.daum.net/teacherexam/5yG5/84291
643,noise,R01_REVIEWED_NOT_ABOUT_SOMOIM_APP,daum,search_preview,"홍대, 합정 교사 보드게임 모임 모집합니다~ 오세요~",https://cafe.daum.net/teacherexam/5yG5/59064
644,noise,R01_REVIEWED_NOT_ABOUT_SOMOIM_APP,daum,search_preview,홍대 교사 보드게임 모임 홍보합니다~,https://cafe.daum.net/teacherexam/5yG5/61232
645,noise,R01_REVIEWED_NOT_ABOUT_SOMOIM_APP,daum,search_preview,■서울강남■미드를 활용영어훈련&원어민회화 스터디■소개사진첨부■,https://cafe.daum.net/breakjob/BNc/448626
646,noise,R01_REVIEWED_NOT_ABOUT_SOMOIM_APP,daum,search_preview,■서울강남■미드를 활용영어훈련&원어민회화 스터디■소개사진첨부■,https://cafe.daum.net/breakjob/BNc/448469
647,noise,R01_REVIEWED_NOT_ABOUT_SOMOIM_APP,daum,search_preview,■서울강남■미드를 활용영어훈련&원어민회화 스터디■소개사진첨부■,https://cafe.daum.net/breakjob/BNc/448649
648,noise,R01_REVIEWED_NOT_ABOUT_SOMOIM_APP,daum,search_preview,■서울강남■미드를 활용영어훈련&원어민회화 스터디■소개사진첨부■,https://cafe.daum.net/breakjob/BNc/448532
649,noise,R01_REVIEWED_NOT_ABOUT_SOMOIM_APP,daum,search_preview,■서울강남■미드를 활용영어훈련&원어민회화 스터디■소개사진첨부■,https://cafe.daum.net/breakjob/BNc/448524
650,noise,R01_REVIEWED_NOT_ABOUT_SOMOIM_APP,daum,search_preview,서울 홍대/종로3가에서 활동하는 교사 보드게임 모임 모집합니다.,https://cafe.daum.net/teacherexam/5yG5/81341
651,noise,R01_REVIEWED_NOT_ABOUT_SOMOIM_APP,daum,search_preview,◆ 2018년 9월 운영진회의 결과보고 ◆,https://cafe.daum.net/gloriousdays/ae6q/106
652,noise,R01_REVIEWED_NOT_ABOUT_SOMOIM_APP,daum,search_preview,★ 아샤벨리 벨리작품반(초급/중급)+평일복습반 ★ 홍대 벨리댄스 5월 시작!!,https://cafe.daum.net/bellysesang/KClj/351
653,noise,R01_REVIEWED_NOT_ABOUT_SOMOIM_APP,daum,search_preview,■서울강남■미드를 활용한 문장훈련 영어회화 스터디■소개사진첨부■,https://cafe.daum.net/breakjob/BNc/445300
654,noise,R01_REVIEWED_NOT_ABOUT_SOMOIM_APP,daum,search_preview,■서울강남■미드를 활용한 문장훈련 영어회화 스터디■소개사진첨부■,https://cafe.daum.net/breakjob/BNc/445425
655,noise,R01_REVIEWED_NOT_ABOUT_SOMOIM_APP,daum,search_preview,■서울강남■미드를 활용한 문장훈련 영어회화 스터디■소개사진첨부■,https://cafe.daum.net/breakjob/BNc/447724
656,noise,R01_REVIEWED_NOT_ABOUT_SOMOIM_APP,daum,search_preview,■서울강남■미드를 활용한 문장훈련 영어회화 스터디■소개사진첨부■,https://cafe.daum.net/breakjob/BNc/446080
657,noise,R01_REVIEWED_NOT_ABOUT_SOMOIM_APP,daum,search_preview,■서울강남■미드를 활용한 문장훈련 영어회화 스터디■소개사진첨부■,https://cafe.daum.net/breakjob/BNc/447060
658,noise,R01_REVIEWED_NOT_ABOUT_SOMOIM_APP,daum,search_preview,■서울강남■미드를 활용한 문장훈련 영어회화 스터디■소개사진첨부■,https://cafe.daum.net/breakjob/BNc/447412
659,noise,R01_REVIEWED_NOT_ABOUT_SOMOIM_APP,daum,search_preview,■서울강남■미드를 활용한 문장훈련 영어회화 스터디■소개사진첨부■,https://cafe.daum.net/breakjob/BNc/445070
660,noise,R01_REVIEWED_NOT_ABOUT_SOMOIM_APP,daum,search_preview,■서울강남■미드를 활용한 문장훈련 영어회화 스터디■소개사진첨부■,https://cafe.daum.net/breakjob/BNc/446858
661,noise,R01_REVIEWED_NOT_ABOUT_SOMOIM_APP,daum,search_preview,■서울강남■미드를 활용한 문장훈련 영어회화 스터디■소개사진첨부■,https://cafe.daum.net/breakjob/BNc/447704
662,noise,R01_REVIEWED_NOT_ABOUT_SOMOIM_APP,daum,search_preview,■서울강남■미드를 활용한 문장훈련 영어회화 스터디■소개사진첨부■,https://cafe.daum.net/breakjob/BNc/445953
663,noise,R01_REVIEWED_NOT_ABOUT_SOMOIM_APP,daum,search_preview,■서울강남■미드를 활용한 문장훈련 영어회화 스터디■소개사진첨부■,https://cafe.daum.net/breakjob/BNc/445838
664,noise,R01_REVIEWED_NOT_ABOUT_SOMOIM_APP,daum,search_preview,■서울강남■미드를 활용한 문장훈련 영어회화 스터디■소개사진첨부■,https://cafe.daum.net/breakjob/BNc/445189
665,noise,R01_REVIEWED_NOT_ABOUT_SOMOIM_APP,daum,search_preview,■서울강남■미드를 활용한 문장훈련 영어회화 스터디■소개사진첨부■,https://cafe.daum.net/breakjob/BNc/446648
666,noise,R01_REVIEWED_NOT_ABOUT_SOMOIM_APP,daum,search_preview,■서울강남■미드를 활용한 문장훈련 영어회화 스터디■소개사진첨부■,https://cafe.daum.net/breakjob/BNc/446493
667,noise,R01_REVIEWED_NOT_ABOUT_SOMOIM_APP,daum,search_preview,■서울강남■미드를 활용한 문장훈련 영어회화 스터디■소개사진첨부■,https://cafe.daum.net/breakjob/BNc/446713
668,noise,R01_REVIEWED_NOT_ABOUT_SOMOIM_APP,daum,search_preview,■서울강남■미드를 활용한 문장훈련 영어회화 스터디■소개사진첨부■,https://cafe.daum.net/breakjob/BNc/445514
669,noise,R01_REVIEWED_NOT_ABOUT_SOMOIM_APP,daum,search_preview,■서울강남■미드를 활용한 문장훈련 영어회화 스터디■소개사진첨부■,https://cafe.daum.net/breakjob/BNc/445112
670,noise,R01_REVIEWED_NOT_ABOUT_SOMOIM_APP,daum,search_preview,■서울강남■미드를 활용한 문장훈련 영어회화 스터디■소개사진첨부■,https://cafe.daum.net/breakjob/BNc/445722
671,noise,R01_REVIEWED_NOT_ABOUT_SOMOIM_APP,daum,search_preview,■서울강남■미드를 활용한 문장훈련 영어회화 스터디■소개사진첨부■,https://cafe.daum.net/breakjob/BNc/445919
672,noise,R01_REVIEWED_NOT_ABOUT_SOMOIM_APP,daum,search_preview,■서울강남■미드를 활용한 문장훈련 영어회화 스터디■소개사진첨부■,https://cafe.daum.net/breakjob/BNc/445825
673,noise,R01_REVIEWED_NOT_ABOUT_SOMOIM_APP,daum,search_preview,■서울강남■미드를 활용한 문장훈련 영어회화 스터디■소개사진첨부■,https://cafe.daum.net/breakjob/BNc/445130
674,noise,R01_REVIEWED_NOT_ABOUT_SOMOIM_APP,daum,search_preview,■서울강남■미드를 활용한 문장훈련 영어회화 스터디■소개사진첨부■,https://cafe.daum.net/breakjob/BNc/445032
675,noise,R01_REVIEWED_NOT_ABOUT_SOMOIM_APP,daum,search_preview,■서울강남■미드를 활용한 문장훈련 영어회화 스터디■소개사진첨부■,https://cafe.daum.net/breakjob/BNc/446290
676,noise,R01_REVIEWED_NOT_ABOUT_SOMOIM_APP,daum,search_preview,서울 서부권 초등교사 보드게임 동호회 회원 모집합니다.,https://cafe.daum.net/educationstudy/CMKL/214554
677,noise,R01_REVIEWED_NOT_ABOUT_SOMOIM_APP,daum,search_preview,서울 서부권 보드게임 동호회 회원 모집합니다~,https://cafe.daum.net/educationstudy/CMKL/214239
678,noise,R01_REVIEWED_NOT_ABOUT_SOMOIM_APP,daum,search_preview,서울 서부권 초등교사 보드게임 동호회 회원 모집합니다~,https://cafe.daum.net/educationstudy/CMKL/215301
679,noise,R01_REVIEWED_NOT_ABOUT_SOMOIM_APP,daum,search_preview,서울 서부권 초등교사 보드게임 동호회 회원 모집합니다.,https://cafe.daum.net/educationstudy/CMKL/215719
680,noise,R01_REVIEWED_NOT_ABOUT_SOMOIM_APP,daum,search_preview,■서울강남■타지역 온라인■미드를 활용한 문장훈련 영어회화 스터디■소개사진첨부■,https://cafe.daum.net/breakjob/BNc/444883
681,noise,R01_REVIEWED_NOT_ABOUT_SOMOIM_APP,daum,search_preview,호두들 동호회 이런거 들어봤니?,https://cafe.daum.net/hodu0728/EBPi/34945
682,noise,R01_REVIEWED_NOT_ABOUT_SOMOIM_APP,daum,search_preview,이사람들 신천지 맞는지 봐봐 쉬바,https://cafe.daum.net/ok1221/8lcX/91155700
683,noise,R01_REVIEWED_NOT_ABOUT_SOMOIM_APP,daum,search_preview,＜홍대 #라틴로드＞ #살사댄스 #초중급 레벨 2 토요반 모집- 비단쌤 & 플룻쌤과 함께 해요,https://cafe.daum.net/osalsa/KEkV/979
684,noise,R01_REVIEWED_NOT_ABOUT_SOMOIM_APP,daum,search_preview,■서울강남■미드를 활용한 문장훈련 영어회화 스터디■소개사진첨부■,https://cafe.daum.net/breakjob/BNc/444991
685,noise,R01_REVIEWED_NOT_ABOUT_SOMOIM_APP,daum,search_preview,■서울강남■미드를 활용한 문장훈련 영어회화 스터디■소개사진첨부■,https://cafe.daum.net/breakjob/BNc/444928
686,noise,R01_REVIEWED_NOT_ABOUT_SOMOIM_APP,daum,search_preview,내가 갔던 동호회 및 모임 후기,https://cafe.daum.net/dotax/D8UA/3760494
687,noise,R01_REVIEWED_NOT_ABOUT_SOMOIM_APP,daum,search_preview,7월 20일 시간낭비+ 개인봉사자,https://cafe.daum.net/nurisarangcafe/2vwz/359
688,noise,R01_REVIEWED_NOT_ABOUT_SOMOIM_APP,daum,search_preview,홍대 교사 보드게임 모임 모집합니다~,https://cafe.daum.net/teacherexam/5yG5/59573
689,noise,R01_REVIEWED_NOT_ABOUT_SOMOIM_APP,daum,search_preview,홍대 교사 보드게임 모임 회원 모집합니다.,https://cafe.daum.net/teacherexam/5yG5/61797
690,noise,R01_REVIEWED_NOT_ABOUT_SOMOIM_APP,daum,search_preview,홍대 교사 보드게임 동호회 회원 모집합니다.,https://cafe.daum.net/teacherexam/5yG5/61620
691,noise,R01_REVIEWED_NOT_ABOUT_SOMOIM_APP,daum,search_preview,"홍대, 합정 교사 보드게임 모임 회원 모집합니다~",https://cafe.daum.net/teacherexam/gGz/126737
692,noise,R01_REVIEWED_NOT_ABOUT_SOMOIM_APP,daum,search_preview,"홍대, 합정 교사 보드게임 모임 모집합니다~",https://cafe.daum.net/teacherexam/5yG5/59133
693,noise,R01_REVIEWED_NOT_ABOUT_SOMOIM_APP,daum,search_preview,＜홍대 라틴로드＞ 살사댄스 레벨 3 (준중급 2) 금요반 - 비단쌤 & 무타선쌤과 함께 해요,https://cafe.daum.net/osalsa/KEkV/981
694,noise,R01_REVIEWED_NOT_ABOUT_SOMOIM_APP,daum,search_preview,"★서울,광명★ 매주 수요일 저녁 20-24 풋살 팀원 모집합니다.",https://cafe.daum.net/skfootball/Uc8A/4645
695,noise,R01_REVIEWED_NOT_ABOUT_SOMOIM_APP,daum,search_preview,"★서울,광명★ 매주 수요일 저녁 재미있게 즐길 팀원 모집합니다.",https://cafe.daum.net/skfootball/Uc8A/4584
696,noise,R01_REVIEWED_NOT_ABOUT_SOMOIM_APP,daum,search_preview,"★서울,광명★ 매주 수요일 저녁 20-24 풋살 팀원 모집합니다.",https://cafe.daum.net/skfootball/Uc8A/4594
697,noise,R01_REVIEWED_NOT_ABOUT_SOMOIM_APP,daum,search_preview,"★서울,광명★ 매주 수요일 저녁 재미있게 즐길 팀원 모집합니다.",https://cafe.daum.net/skfootball/Uc8A/4586
698,noise,R01_REVIEWED_NOT_ABOUT_SOMOIM_APP,daum,search_preview,"★서울,광명★ 매주 수요일 저녁 재미있게 즐길 팀원 모집합니다.",https://cafe.daum.net/skfootball/IxUf/80623
699,noise,R01_REVIEWED_NOT_ABOUT_SOMOIM_APP,daum,search_preview,"★서울,광명★ 매주 수요일 저녁 재미있게 즐길 팀원 모집합니다.",https://cafe.daum.net/skfootball/IxUf/80629
700,noise,R01_REVIEWED_NOT_ABOUT_SOMOIM_APP,daum,search_preview,"★ 서울,광명 ★ 매주 수요일 20-24 풋살 팀원 구합니다.",https://cafe.daum.net/skfootball/IxUf/80650
701,noise,R01_REVIEWED_NOT_ABOUT_SOMOIM_APP,daum,search_preview,"★서울,광명★ 매주 수요일 저녁 20-24 풋살 팀원 모집합니다.",https://cafe.daum.net/skfootball/IxUf/80880
702,noise,R01_REVIEWED_NOT_ABOUT_SOMOIM_APP,daum,search_preview,"★서울,광명★ 매주 수요일 저녁 재미있게 즐길 팀원 모집합니다.",https://cafe.daum.net/skfootball/IxUf/80619
703,noise,R01_REVIEWED_NOT_ABOUT_SOMOIM_APP,daum,search_preview,2024년 ‘기도의 해’ 사목 자료 요약문,https://cafe.daum.net/ahnchangyul/F7fq/3852
704,noise,R01_REVIEWED_NOT_ABOUT_SOMOIM_APP,daum,search_preview,"교황, 2024년 ‘기도의 해’ 사목 자료 요약문",https://cafe.daum.net/DivineVolition/9rqy/711
705,noise,R01_REVIEWED_NOT_ABOUT_SOMOIM_APP,daum,search_preview,3/11 정모후기,https://cafe.daum.net/ilketennis/1n0z/12518
706,noise,R01_REVIEWED_NOT_ABOUT_SOMOIM_APP,daum,search_preview,🧑🏻‍🎨대전 그림 모임 [차차 드로우] 모집해요! 생초보자 환영합니다~,https://cafe.daum.net/tjmatzip/Gaz/10893
707,noise,R01_REVIEWED_NOT_ABOUT_SOMOIM_APP,daum,search_preview,★ 아샤벨리 벨리작품반(초급/중급)+평일복습반 ★ 홍대 벨리댄스 5월 시작!!,https://cafe.daum.net/skylatin/P4D/1971
708,noise,R01_REVIEWED_NOT_ABOUT_SOMOIM_APP,daum,search_preview,서울 서부권 초등교사 보드게임 동호회 회원 모집합니다~,https://cafe.daum.net/educationstudy/CMKL/215122
709,noise,R01_REVIEWED_NOT_ABOUT_SOMOIM_APP,daum,search_preview,■서울강남■타지역 온라인■미드를 활용한 문장훈련 영어회화 스터디■소개사진첨부■,https://cafe.daum.net/breakjob/BNc/444750
710,noise,R01_REVIEWED_NOT_ABOUT_SOMOIM_APP,daum,search_preview,■서울강남■타지역 온라인■미드를 활용한 문장훈련 영어회화 스터디■소개사진첨부■,https://cafe.daum.net/breakjob/BNc/444646
711,noise,R01_REVIEWED_NOT_ABOUT_SOMOIM_APP,daum,search_preview,■서울강남■타지역 온라인■미드를 활용한 문장훈련 영어회화 스터디■소개사진첨부■,https://cafe.daum.net/breakjob/BNc/444613
712,noise,R01_REVIEWED_NOT_ABOUT_SOMOIM_APP,daum,search_preview,■서울강남■타지역 온라인■미드를 활용한 문장훈련 영어회화 스터디■소개사진첨부■,https://cafe.daum.net/breakjob/BNc/444709
713,noise,R01_REVIEWED_NOT_ABOUT_SOMOIM_APP,daum,search_preview,■서울강남■타지역 온라인■미드를 활용한 문장훈련 영어회화 스터디■소개사진첨부■,https://cafe.daum.net/breakjob/BNc/444674
714,noise,R01_REVIEWED_NOT_ABOUT_SOMOIM_APP,daum,search_preview,■서울강남■타지역 온라인■미드를 활용한 문장훈련 영어회화 스터디■소개사진첨부■,https://cafe.daum.net/breakjob/BNc/444460
715,noise,R01_REVIEWED_NOT_ABOUT_SOMOIM_APP,daum,search_preview,■서울강남■타지역 온라인■미드를 활용한 문장훈련 영어회화 스터디■소개사진첨부■,https://cafe.daum.net/breakjob/BNc/444339
716,noise,R01_REVIEWED_NOT_ABOUT_SOMOIM_APP,daum,search_preview,■서울강남■타지역 온라인■미드를 활용한 문장훈련 영어회화 스터디■소개사진첨부■,https://cafe.daum.net/breakjob/BNc/444249
717,noise,R01_REVIEWED_NOT_ABOUT_SOMOIM_APP,daum,search_preview,■서울강남■타지역 온라인■미드를 활용한 문장훈련 영어회화 스터디■소개사진첨부■,https://cafe.daum.net/breakjob/BNc/444568
718,noise,R01_REVIEWED_NOT_ABOUT_SOMOIM_APP,daum,search_preview,■서울강남■타지역 온라인■미드를 활용한 문장훈련 영어회화 스터디■소개사진첨부■,https://cafe.daum.net/breakjob/BNc/444286
719,noise,R01_REVIEWED_NOT_ABOUT_SOMOIM_APP,daum,search_preview,"★서울,광명★ 매주 수요일 저녁 재미있게 즐길 팀원 모집합니다.",https://cafe.daum.net/skfootball/Uc8A/4576
720,noise,R01_REVIEWED_NOT_ABOUT_SOMOIM_APP,daum,search_preview,"★서울,광명★ 매주 수요일 저녁 재미있게 즐길 팀원 모집합니다.",https://cafe.daum.net/skfootball/Uc8A/4582
721,noise,R01_REVIEWED_NOT_ABOUT_SOMOIM_APP,daum,search_preview,"★서울,광명★ 매주 수요일 저녁 재미있게 즐길 팀원 모집합니다.",https://cafe.daum.net/skfootball/IxUf/80563
722,noise,R01_REVIEWED_NOT_ABOUT_SOMOIM_APP,daum,search_preview,"★서울,광명★ 매주 수요일 저녁 재미있게 즐길 팀원 모집합니다.",https://cafe.daum.net/skfootball/IxUf/80609
723,noise,R01_REVIEWED_NOT_ABOUT_SOMOIM_APP,daum,search_preview,얼마전에 신천지한테 당한거 생각하면 열받는다 ㅅㅂ,https://cafe.daum.net/ok1221/8lcX/91152003
724,noise,R01_REVIEWED_NOT_ABOUT_SOMOIM_APP,daum,search_preview,🧑🏻‍🎨대전 그림 모임 [차차 드로우] 모집해요! 초보자도 할 수 있다!,https://cafe.daum.net/tjcitizen/iR5m/131
725,noise,R01_REVIEWED_NOT_ABOUT_SOMOIM_APP,daum,search_preview,부천 농구동아리 DEEP THREE 팀원 및 12.2 게스트 모십니다,https://cafe.daum.net/dongarry/Dilr/202526
726,noise,R01_REVIEWED_NOT_ABOUT_SOMOIM_APP,daum,search_preview,2024년 '기도의 해' 사목 자료 요약문＜출처 : 수원교구＞,https://cafe.daum.net/theSpiritofGod/LxFX/823
727,noise,R01_REVIEWED_NOT_ABOUT_SOMOIM_APP,daum,search_preview,진심 인생 헛살았나 동네 친구가 없어,https://cafe.daum.net/weareshower/ZEn5/4668286
728,noise,R01_REVIEWED_NOT_ABOUT_SOMOIM_APP,daum,search_preview,한남달글 없어? 그럼 내가 여기다 밝혀도돼?,https://cafe.daum.net/ok1221/8lcX/84347664
729,noise,R01_REVIEWED_NOT_ABOUT_SOMOIM_APP,daum,search_preview,준회원 신청합니다.,https://cafe.daum.net/gloriousdays/ae5f/1379
730,noise,R01_REVIEWED_NOT_ABOUT_SOMOIM_APP,daum,search_preview,홍대/종로3가 위주로 활동하는 교사 보드게임 모임 하실 분 모집합니다~,https://cafe.daum.net/educationstudy/CMKL/284196
731,noise,R01_REVIEWED_NOT_ABOUT_SOMOIM_APP,daum,search_preview,◈인천 부평 볼링스퀘어 볼링클럽에서 신입회원을 모집합니다. ◈,https://cafe.daum.net/bowlingevent/LGp7/1080
732,noise,R01_REVIEWED_NOT_ABOUT_SOMOIM_APP,daum,search_preview,직장인 극단을 들어갔습니다,https://cafe.daum.net/junchin/c1vF/900
733,noise,R01_REVIEWED_NOT_ABOUT_SOMOIM_APP,daum,search_preview,■서울강남■타지역 온라인■미드를 활용한 문장훈련 영어회화 스터디■소개사진첨부■,https://cafe.daum.net/breakjob/BNc/444182
734,noise,R01_REVIEWED_NOT_ABOUT_SOMOIM_APP,daum,search_preview,■서울강남■타지역 온라인■미드를 활용한 문장훈련 영어회화 스터디■소개사진첨부■,https://cafe.daum.net/breakjob/BNc/444218
735,noise,R01_REVIEWED_NOT_ABOUT_SOMOIM_APP,daum,search_preview,■서울강남■타지역 온라인■미드를 활용한 문장훈련 영어회화 스터디■소개사진첨부■,https://cafe.daum.net/breakjob/BNc/444143
736,noise,R01_REVIEWED_NOT_ABOUT_SOMOIM_APP,daum,search_preview,[경기 안산] 새로생긴 엘크(Elk)볼링센터에서 볼링치는 Nomercy클럽 회원모집!~(신생클럽!),https://cafe.daum.net/bowlingevent/LGp7/231
737,noise,R01_REVIEWED_NOT_ABOUT_SOMOIM_APP,daum,search_preview,서울 홍대/종로3가에서 활동하는 교사 보드게임 모임 모집합니다.,https://cafe.daum.net/educationstudy/CMKL/279316
738,noise,R01_REVIEWED_NOT_ABOUT_SOMOIM_APP,daum,search_preview,인천 매주 일요일 오후 가좌브니엘Fc 팀원모집합니다.,https://cafe.daum.net/skfootball/Uc89/8770
739,noise,R01_REVIEWED_NOT_ABOUT_SOMOIM_APP,daum,search_preview,■서울강남■타지역 온라인■미드를 활용한 문장훈련 영어회화 스터디■소개사진첨부■,https://cafe.daum.net/breakjob/BNc/443849
740,noise,R01_REVIEWED_NOT_ABOUT_SOMOIM_APP,daum,search_preview,■서울강남■타지역 온라인■미드를 활용한 문장훈련 영어회화 스터디■소개사진첨부■,https://cafe.daum.net/breakjob/BNc/443911
741,noise,R01_REVIEWED_NOT_ABOUT_SOMOIM_APP,daum,search_preview,"★서울,광명★ 매주 수요일 저녁 20-24 재미있게 즐길 팀원 모집합니다.",https://cafe.daum.net/skfootball/IxUf/80664
742,noise,R01_REVIEWED_NOT_ABOUT_SOMOIM_APP,daum,search_preview,그냥유명하지않은 웹툰작가하고잇는 사람한테 메인로고그림하나 그려달라하는데 3만원이면 할거야?,https://cafe.daum.net/ok1221/8lcX/29375572
743,noise,R01_REVIEWED_NOT_ABOUT_SOMOIM_APP,daum,search_preview,■서울강남■타지역 온라인■미드를 활용한 문장훈련 영어회화 스터디■소개사진첨부■,https://cafe.daum.net/breakjob/BNc/444038
744,noise,R01_REVIEWED_NOT_ABOUT_SOMOIM_APP,daum,search_preview,55기 청춘기타 강습반 모집합니다. 2020.01.17(1-11일 1차 수정),https://cafe.daum.net/busantongli/OoRF/37
745,noise,R01_REVIEWED_NOT_ABOUT_SOMOIM_APP,daum,search_preview,2018년 10월 누리사랑나눔 사진~~,https://cafe.daum.net/nanum36.5/M0Sp/436
746,noise,R01_REVIEWED_NOT_ABOUT_SOMOIM_APP,daum,search_preview,금요 미팅에 대한 FAQ,https://cafe.daum.net/trendsystem/FN84/38
747,noise,R01_REVIEWED_NOT_ABOUT_SOMOIM_APP,daum,search_preview,2023년 2월 운영위원회,https://cafe.daum.net/nbaram/JxWN/146
748,noise,R01_REVIEWED_NOT_ABOUT_SOMOIM_APP,daum,search_preview,2024년 ‘기도의 해’ 사목 자료 요약문,https://cafe.daum.net/jybnagne/46Rz/19996
749,noise,R01_REVIEWED_NOT_ABOUT_SOMOIM_APP,daum,search_preview,🧑🏻‍🎨대전 그림 모임 [차차 드로우] 모집해요! 초보자도 할 수 있다!,https://cafe.daum.net/gunsystem/3Vy/41431
750,noise,R01_REVIEWED_NOT_ABOUT_SOMOIM_APP,daum,search_preview,봉사활동 신청 및 문의,https://cafe.daum.net/korealovecom/J0lp/831
751,noise,R01_REVIEWED_NOT_ABOUT_SOMOIM_APP,daum,search_preview,의정부 호원 볼원볼링장 JTB.C 회원모집,https://cafe.daum.net/bowlingevent/LGp7/961
752,noise,R01_REVIEWED_NOT_ABOUT_SOMOIM_APP,daum,search_preview,■서울강남■타지역 온라인■미드를 활용한 문장훈련 영어회화 스터디■소개사진첨부■,https://cafe.daum.net/breakjob/BNc/444090
753,noise,R01_REVIEWED_NOT_ABOUT_SOMOIM_APP,daum,search_preview,소개팅 주선해주는 지인 있는사람이 부럽다.,https://cafe.daum.net/dotax/D8UA/5307615
754,noise,R01_REVIEWED_NOT_ABOUT_SOMOIM_APP,daum,search_preview,[여의도] 볼링팀 브루클린에서 회원을 모집합니다.,https://cafe.daum.net/bowlingevent/LGp7/380
755,noise,R01_REVIEWED_NOT_ABOUT_SOMOIM_APP,daum,search_preview,[중국어회화][종로/회기]中韩语言交流会！중국인과 함께 하는 중국어 회화!!,https://cafe.daum.net/zhaolaoshi/2btR/1521
756,noise,R01_REVIEWED_NOT_ABOUT_SOMOIM_APP,daum,search_preview,"[부천,시흥] 농구팀 딥쓰리 초창기 팀원 모집합니다~ 토18~22시",https://cafe.daum.net/dongarry/bWL/99066
757,noise,R01_REVIEWED_NOT_ABOUT_SOMOIM_APP,daum,search_preview,준회원 등급업 부탁드려여 ^^,https://cafe.daum.net/gloriousdays/ae5f/1486
758,noise,R01_REVIEWED_NOT_ABOUT_SOMOIM_APP,daum,search_preview,2015. 02. 28 신림체육센터 정모,https://cafe.daum.net/thisistheswim/FJt5/88
759,noise,R01_REVIEWED_NOT_ABOUT_SOMOIM_APP,daum,search_preview,★2017년 임마누엘집 봉사규칙★,https://cafe.daum.net/gloriousdays/cZGv/149
760,noise,R01_REVIEWED_NOT_ABOUT_SOMOIM_APP,daum,search_preview,네이버 밴드 PC버전 (www.band.us) 이 나왔습니다,https://cafe.daum.net/shdrkajrthl/KHAl/3
761,noise,R01_REVIEWED_NOT_ABOUT_SOMOIM_APP,daum,search_preview,잉친이 내일 인싸모임 나간다…,https://cafe.daum.net/ingsfriend/pr4o/227301
762,noise,R01_REVIEWED_NOT_ABOUT_SOMOIM_APP,daum,search_preview,[중국어회화][종로/회기]中韩语言交流会！중국인과 함께 하는 중국어 회화!!,https://cafe.daum.net/zhaolaoshi/8lI4/1851
763,noise,R01_REVIEWED_NOT_ABOUT_SOMOIM_APP,daum,search_preview,(서울 송파) 핀팡볼링클럽 회원모집합니다.,https://cafe.daum.net/bowlingevent/LGp7/292
764,noise,R01_REVIEWED_NOT_ABOUT_SOMOIM_APP,daum,search_preview,"사업, 장사하시는 사장님 모임 - 4월 13일(목) 오전 10시/저녁 10시",https://cafe.daum.net/busanc/IzEp/992
765,noise,R01_REVIEWED_NOT_ABOUT_SOMOIM_APP,daum,search_preview,준회원신청합니다,https://cafe.daum.net/gloriousdays/ae5f/984
766,noise,R01_REVIEWED_NOT_ABOUT_SOMOIM_APP,daum,search_preview,3월11일 정모후기 늦었어요!ㅠㅠ,https://cafe.daum.net/ilketennis/1n0z/12525
767,noise,R01_REVIEWED_NOT_ABOUT_SOMOIM_APP,daum,search_preview,"수원 아지트볼링장 상주클럽 "" 팀빌런 "" 에서 신입회원 모집합니다.",https://cafe.daum.net/bowlingevent/LGp7/712
768,noise,R01_REVIEWED_NOT_ABOUT_SOMOIM_APP,daum,search_preview,신청합니다,https://cafe.daum.net/gloriousdays/ae5f/953
769,noise,R01_REVIEWED_NOT_ABOUT_SOMOIM_APP,daum,search_preview,🧑🏻‍🎨대전 그림 모임 [차차 드로우] 모집해요! 생초보자 환영합니다~,https://cafe.daum.net/gunsystem/3Vy/41428
770,noise,R01_REVIEWED_NOT_ABOUT_SOMOIM_APP,daum,search_preview,준회원신청합니다,https://cafe.daum.net/gloriousdays/ae5f/1183
771,noise,R01_REVIEWED_NOT_ABOUT_SOMOIM_APP,daum,search_preview,수도권 교사 책모임. 서영책 안내글.,https://cafe.daum.net/teacherexam/5yG5/37589
772,noise,R01_REVIEWED_NOT_ABOUT_SOMOIM_APP,daum,search_preview,준회원 신청합니다.,https://cafe.daum.net/gloriousdays/ae5f/1018
773,noise,R01_REVIEWED_NOT_ABOUT_SOMOIM_APP,daum,search_preview,"서울,광명 ) 매주 수요일 저녁 재미있게 즐길 팀원 모집합니다.",https://cafe.daum.net/skfootball/Uc8A/4568
774,noise,R01_REVIEWED_NOT_ABOUT_SOMOIM_APP,daum,search_preview,★매주 수요일 저녁 광명에서 재미있게 즐길 팀원 모집합니다.,https://cafe.daum.net/skfootball/IxUf/80533
775,noise,R01_REVIEWED_NOT_ABOUT_SOMOIM_APP,daum,search_preview,[취미생활] 당신의 취미는 안녕하신가요?_통계청,https://cafe.daum.net/mka007/WDua/32
776,noise,R01_REVIEWED_NOT_ABOUT_SOMOIM_APP,daum,search_preview,(청주)Team cheong ju 신입회원분들 모집합니다~~!!,https://cafe.daum.net/bowlingevent/LGp7/235
777,noise,R01_REVIEWED_NOT_ABOUT_SOMOIM_APP,daum,search_preview,＜홍대 라틴로드＞ 살사댄스 초급 모집 - 토요반- 모집 중 - 비단쌤 플룻쌤과 함께해요,https://cafe.daum.net/osalsa/KEkV/978
778,noise,R01_REVIEWED_NOT_ABOUT_SOMOIM_APP,daum,search_preview,＜라틴로드＞ 9월 살사댄스 준중급 2 - 홍대 금요반 개강합니다,https://cafe.daum.net/salsai/VjuM/37
779,noise,R01_REVIEWED_NOT_ABOUT_SOMOIM_APP,daum,search_preview,＜라틴로드＞ 9월 라틴로드 2기 모집 살사댄스 초중급 개강 - 토요반,https://cafe.daum.net/salsai/VjuM/36
780,noise,R01_REVIEWED_NOT_ABOUT_SOMOIM_APP,daum,search_preview,＜홍대 #라틴로드＞ #살사댄스 #초중급 레벨 2 토요반 모집- 비단쌤 & 플룻쌤과 함께 해요,https://cafe.daum.net/macondo/P79E/6811
781,noise,R01_REVIEWED_NOT_ABOUT_SOMOIM_APP,daum,search_preview,인천부평구 2030 신입회원 모집중~~(볼링스퀘어),https://cafe.daum.net/bowlingevent/LGp7/747
782,noise,R01_REVIEWED_NOT_ABOUT_SOMOIM_APP,daum,search_preview,🧑🏻‍🎨대전 그림 모임 [차차 드로우] 모집해요! 생초보자 환영합니다~,https://cafe.daum.net/tjcitizen/iR5m/129
783,noise,R01_REVIEWED_NOT_ABOUT_SOMOIM_APP,daum,search_preview,교사 책모임 ‘서영책’ 신규회원 모집합니다.,https://cafe.daum.net/teacherexam/5yG5/35166
784,noise,R01_REVIEWED_NOT_ABOUT_SOMOIM_APP,daum,search_preview,준회원 신청합니다.,https://cafe.daum.net/gloriousdays/ae5f/1020
785,noise,R01_REVIEWED_NOT_ABOUT_SOMOIM_APP,daum,search_preview,Cosmetics 관련 직무 스터디 및 DIY모임 충원합니다.(마지막),https://cafe.daum.net/hugo1103/DDuf/19381
786,noise,R01_REVIEWED_NOT_ABOUT_SOMOIM_APP,daum,search_preview,준회원 신청 합니다~,https://cafe.daum.net/gloriousdays/ae5f/1035
787,noise,R01_REVIEWED_NOT_ABOUT_SOMOIM_APP,daum,search_preview,준회원 신청,https://cafe.daum.net/gloriousdays/ae5f/416
788,noise,R01_REVIEWED_NOT_ABOUT_SOMOIM_APP,daum,search_preview,운동 스터디 친목 함께해요,https://cafe.daum.net/teacherexam/5yG5/32145
789,noise,R01_REVIEWED_NOT_ABOUT_SOMOIM_APP,daum,search_preview,정기 모임 함께해요!!!,https://cafe.daum.net/teacherexam/5yG5/32177
790,noise,R01_REVIEWED_NOT_ABOUT_SOMOIM_APP,daum,search_preview,그 웹사이트 이름 뭐엿더라 당일에 취미 맞는 사람끼리 만나서 하루만 같이 운동하거나 독서모임 하는거!,https://cafe.daum.net/Tlwkftlqkftlldlqkf/919A/6000917
791,noise,R01_REVIEWED_NOT_ABOUT_SOMOIM_APP,daum,search_preview,준회원신청합니당~~,https://cafe.daum.net/gloriousdays/ae5f/415
792,noise,R01_REVIEWED_NOT_ABOUT_SOMOIM_APP,daum,search_preview,＜확인 공지＞ 금요 미팅,https://cafe.daum.net/trendsystem/FN84/39
793,noise,R01_REVIEWED_NOT_ABOUT_SOMOIM_APP,daum,search_preview,3/11 감사일기,https://cafe.daum.net/counseling0511/IJfp/4880
794,noise,R01_REVIEWED_NOT_ABOUT_SOMOIM_APP,daum,search_preview,준회원 신청합니다,https://cafe.daum.net/gloriousdays/ae5f/1391
795,noise,R01_REVIEWED_NOT_ABOUT_SOMOIM_APP,daum,search_preview,동호회 같은건 보통 어디서 찾나요...??,https://cafe.daum.net/rocksoccer/ADrt/360472
796,noise,R01_REVIEWED_NOT_ABOUT_SOMOIM_APP,daum,search_preview,준회원 신청합니다.^^,https://cafe.daum.net/gloriousdays/ae5f/1023
797,noise,R01_REVIEWED_NOT_ABOUT_SOMOIM_APP,daum,search_preview,준회원 신청합니다.,https://cafe.daum.net/gloriousdays/ae5f/1008
798,noise,R01_REVIEWED_NOT_ABOUT_SOMOIM_APP,daum,search_preview,다시 작성해요~,https://cafe.daum.net/gloriousdays/ae5f/1402
799,noise,R01_REVIEWED_NOT_ABOUT_SOMOIM_APP,daum,search_preview,[강서/양천] 신입회원 모집합니다!,https://cafe.daum.net/bowlingevent/LGp7/1069
800,noise,R01_REVIEWED_NOT_ABOUT_SOMOIM_APP,daum,search_preview,이태훈 신청합니다,https://cafe.daum.net/gloriousdays/ae5f/1077
801,noise,R01_REVIEWED_NOT_ABOUT_SOMOIM_APP,daum,search_preview,준회원 신청합니다.,https://cafe.daum.net/gloriousdays/ae5f/1273
802,noise,R01_REVIEWED_NOT_ABOUT_SOMOIM_APP,daum,search_preview,준회원 신청합니다~,https://cafe.daum.net/gloriousdays/ae5f/1292
803,noise,R01_REVIEWED_NOT_ABOUT_SOMOIM_APP,daum,search_preview,준회원 신청합니다..^^,https://cafe.daum.net/gloriousdays/ae5f/1050
804,noise,R01_REVIEWED_NOT_ABOUT_SOMOIM_APP,daum,search_preview,준회원 신청합니다,https://cafe.daum.net/gloriousdays/ae5f/1042
805,noise,R01_REVIEWED_NOT_ABOUT_SOMOIM_APP,daum,search_preview,오픈카톡 운동방 같은데 들어가도 괜찮아?,https://cafe.daum.net/weareshower/ZEn5/1304389
806,noise,R01_REVIEWED_NOT_ABOUT_SOMOIM_APP,daum,search_preview,준회원 신청합니다,https://cafe.daum.net/gloriousdays/ae5f/1171
807,noise,R01_REVIEWED_NOT_ABOUT_SOMOIM_APP,daum,search_preview,준회원 신청해용^^,https://cafe.daum.net/gloriousdays/ae5f/1038
808,noise,R01_REVIEWED_NOT_ABOUT_SOMOIM_APP,daum,search_preview,＞＞강서구 밤꽃클럽 회원모집＜＜,https://cafe.daum.net/hhjg/BF1b/2308
809,noise,R01_REVIEWED_NOT_ABOUT_SOMOIM_APP,daum,search_preview,Cosmetics 관련 직무 스터디 및 DIY모임 충원합니다. :),https://cafe.daum.net/hugo1103/DDuf/19336
810,noise,R01_REVIEWED_NOT_ABOUT_SOMOIM_APP,daum,search_preview,준회원신청합니다~,https://cafe.daum.net/gloriousdays/ae5f/1013
811,noise,R01_REVIEWED_NOT_ABOUT_SOMOIM_APP,daum,search_preview,등업부탁합니다,https://cafe.daum.net/gloriousdays/ae5f/1069
812,noise,R01_REVIEWED_NOT_ABOUT_SOMOIM_APP,daum,search_preview,2014년 11월 16일 일요일 신림체육센터 번개입니다.,https://cafe.daum.net/thisistheswim/FJt5/82
813,noise,R01_REVIEWED_NOT_ABOUT_SOMOIM_APP,daum,search_preview,준회원 신청합니다^^,https://cafe.daum.net/gloriousdays/ae5f/1006
814,noise,R01_REVIEWED_NOT_ABOUT_SOMOIM_APP,daum,search_preview,왕십리 F.O.W 축구팀 모집합니다,https://cafe.daum.net/skfootball/IxUg/5293
815,noise,R01_REVIEWED_NOT_ABOUT_SOMOIM_APP,daum,search_preview,왕십리 F.O.W 축구팀 모집합니다,https://cafe.daum.net/skfootball/IxUf/48492
816,noise,R01_REVIEWED_NOT_ABOUT_SOMOIM_APP,daum,search_preview,준회원 신청합니다~,https://cafe.daum.net/gloriousdays/ae5f/304
817,noise,R01_REVIEWED_NOT_ABOUT_SOMOIM_APP,daum,search_preview,준회원 신청이요,https://cafe.daum.net/gloriousdays/ae5f/919
818,noise,R01_REVIEWED_NOT_ABOUT_SOMOIM_APP,daum,search_preview,준회원신청요,https://cafe.daum.net/gloriousdays/ae5f/1043
819,noise,R01_REVIEWED_NOT_ABOUT_SOMOIM_APP,daum,search_preview,저처럼 동호회체질아니신분들 계시나요?,https://cafe.daum.net/10in10/DrC3/446545
820,noise,R01_REVIEWED_NOT_ABOUT_SOMOIM_APP,daum,search_preview,준회원 신청합니다.,https://cafe.daum.net/gloriousdays/ae5f/1053
821,noise,R01_REVIEWED_NOT_ABOUT_SOMOIM_APP,daum,search_preview,준회원 신청합니다,https://cafe.daum.net/gloriousdays/ae5f/2202
822,noise,R01_REVIEWED_NOT_ABOUT_SOMOIM_APP,daum,search_preview,준회원 신청합니다,https://cafe.daum.net/gloriousdays/ae5f/2203
823,noise,R01_REVIEWED_NOT_ABOUT_SOMOIM_APP,daum,search_preview,준회원 신청요청 드립니다,https://cafe.daum.net/gloriousdays/ae5f/1375
824,noise,R01_REVIEWED_NOT_ABOUT_SOMOIM_APP,daum,search_preview,준회원신청합니다,https://cafe.daum.net/gloriousdays/ae5f/1479
825,noise,R01_REVIEWED_NOT_ABOUT_SOMOIM_APP,daum,search_preview,준회원 신청 합니다,https://cafe.daum.net/gloriousdays/ae5f/1283
826,noise,R01_REVIEWED_NOT_ABOUT_SOMOIM_APP,daum,search_preview,준회원 신청드립니다,https://cafe.daum.net/gloriousdays/ae5f/1188
827,noise,R01_REVIEWED_NOT_ABOUT_SOMOIM_APP,daum,search_preview,준회원 신청합니다~!^^,https://cafe.daum.net/gloriousdays/ae5f/2007
828,noise,R01_REVIEWED_NOT_ABOUT_SOMOIM_APP,daum,search_preview,준회원 신청합니다,https://cafe.daum.net/gloriousdays/ae5f/1388
829,noise,R01_REVIEWED_NOT_ABOUT_SOMOIM_APP,daum,search_preview,준회원 신청합니다.,https://cafe.daum.net/gloriousdays/ae5f/1407
830,noise,R01_REVIEWED_NOT_ABOUT_SOMOIM_APP,daum,search_preview,준회원 신청합니다!!,https://cafe.daum.net/gloriousdays/ae5f/1907
831,noise,R01_REVIEWED_NOT_ABOUT_SOMOIM_APP,daum,search_preview,2015.03.28 신림체육센터 새벽수영,https://cafe.daum.net/thisistheswim/FJt5/94
832,noise,R01_REVIEWED_NOT_ABOUT_SOMOIM_APP,daum,search_preview,준회원 신청합니다. ^^,https://cafe.daum.net/gloriousdays/ae5f/1095
833,noise,R01_REVIEWED_NOT_ABOUT_SOMOIM_APP,daum,search_preview,신청합니다^^,https://cafe.daum.net/gloriousdays/ae5f/957
834,noise,R01_REVIEWED_NOT_ABOUT_SOMOIM_APP,daum,search_preview,준회원신청합니다,https://cafe.daum.net/gloriousdays/ae5f/1123
835,noise,R01_REVIEWED_NOT_ABOUT_SOMOIM_APP,daum,search_preview,준회원 신청합니다^^,https://cafe.daum.net/gloriousdays/ae5f/912
836,noise,R01_REVIEWED_NOT_ABOUT_SOMOIM_APP,daum,search_preview,준회원 신청합니다!!!,https://cafe.daum.net/gloriousdays/ae5f/2225
837,noise,R01_REVIEWED_NOT_ABOUT_SOMOIM_APP,daum,search_preview,준회원 신청합니다,https://cafe.daum.net/gloriousdays/ae5f/885
838,noise,R01_REVIEWED_NOT_ABOUT_SOMOIM_APP,daum,search_preview,준회원 신청함다^^,https://cafe.daum.net/gloriousdays/ae5f/1312
839,noise,R01_REVIEWED_NOT_ABOUT_SOMOIM_APP,daum,search_preview,준회원 신청해요.,https://cafe.daum.net/gloriousdays/ae5f/1559
840,noise,R01_REVIEWED_NOT_ABOUT_SOMOIM_APP,daum,search_preview,준회원 신청합니다.,https://cafe.daum.net/gloriousdays/ae5f/1030
841,noise,R01_REVIEWED_NOT_ABOUT_SOMOIM_APP,daum,search_preview,준회원 신청해요,https://cafe.daum.net/gloriousdays/ae5f/1010
842,noise,R01_REVIEWED_NOT_ABOUT_SOMOIM_APP,daum,search_preview,준회원 신청입니다!,https://cafe.daum.net/gloriousdays/ae5f/1131
843,noise,R01_REVIEWED_NOT_ABOUT_SOMOIM_APP,daum,search_preview,준화원신청합니다,https://cafe.daum.net/gloriousdays/ae5f/1290
844,noise,R01_REVIEWED_NOT_ABOUT_SOMOIM_APP,daum,search_preview,신청,https://cafe.daum.net/gloriousdays/ae5f/1047
845,noise,R01_REVIEWED_NOT_ABOUT_SOMOIM_APP,daum,search_preview,안녕하세요,https://cafe.daum.net/gloriousdays/ae5f/1975
846,noise,R01_REVIEWED_NOT_ABOUT_SOMOIM_APP,daum,search_preview,안녕하세요,https://cafe.daum.net/gloriousdays/ae5f/1103
847,noise,R01_REVIEWED_NOT_ABOUT_SOMOIM_APP,daum,search_preview,준회원 신청합니다^^,https://cafe.daum.net/gloriousdays/ae5f/1293
848,noise,R01_REVIEWED_NOT_ABOUT_SOMOIM_APP,daum,search_preview,준회원 신청 합니다.,https://cafe.daum.net/gloriousdays/ae5f/983
849,noise,R01_REVIEWED_NOT_ABOUT_SOMOIM_APP,daum,search_preview,준회원 신청합니다,https://cafe.daum.net/gloriousdays/ae5f/1041
850,noise,R01_REVIEWED_NOT_ABOUT_SOMOIM_APP,daum,search_preview,준회원 신청 드립니다,https://cafe.daum.net/gloriousdays/ae5f/2179
851,noise,R01_REVIEWED_NOT_ABOUT_SOMOIM_APP,daum,search_preview,준회원 신청합니다.,https://cafe.daum.net/gloriousdays/ae5f/1313
852,noise,R01_REVIEWED_NOT_ABOUT_SOMOIM_APP,daum,search_preview,신청합니다.,https://cafe.daum.net/gloriousdays/ae5f/1393
853,noise,R01_REVIEWED_NOT_ABOUT_SOMOIM_APP,daum,search_preview,신청이요,https://cafe.daum.net/gloriousdays/ae5f/988
854,noise,R01_REVIEWED_NOT_ABOUT_SOMOIM_APP,daum,search_preview,안녕하세요 준회원 신청합니다~,https://cafe.daum.net/gloriousdays/ae5f/1146
855,noise,R01_REVIEWED_NOT_ABOUT_SOMOIM_APP,daum,search_preview,준회원 신청합니다,https://cafe.daum.net/gloriousdays/ae5f/1084
856,noise,R01_REVIEWED_NOT_ABOUT_SOMOIM_APP,daum,search_preview,준회원신청합니다,https://cafe.daum.net/gloriousdays/ae5f/2228
857,noise,R01_REVIEWED_NOT_ABOUT_SOMOIM_APP,daum,search_preview,여기 심심하시는 분 많은 것 같은데 .. 모임 스터디 공유해요 집에서 벗어나고 싶어요,https://cafe.daum.net/breakjob/8SIW/263538
858,noise,R01_REVIEWED_NOT_ABOUT_SOMOIM_APP,daum,search_preview,준회원 신청합니다!,https://cafe.daum.net/gloriousdays/ae5f/452
859,noise,R01_REVIEWED_NOT_ABOUT_SOMOIM_APP,daum,search_preview,살사로 「살사 첫걸음 1기」 홍보 협조 요청 -각자의 동네에 당근 소모임 을 만들어 주세요,https://cafe.daum.net/salsaro/Hlt0/9020
860,noise,R01_REVIEWED_NOT_ABOUT_SOMOIM_APP,daum,search_preview,소모임 원래 많이들 사진공개 필수인가요…?,https://cafe.daum.net/zoomin62/GN37/3498533
861,noise,R01_REVIEWED_NOT_ABOUT_SOMOIM_APP,daum,search_preview,[2020 지카] 소모임 앱 가입 이벤트!,https://cafe.daum.net/acaworcle/4SRW/431
862,noise,R01_REVIEWED_NOT_ABOUT_SOMOIM_APP,daum,search_preview,[연봉보다 워라밸 4] 소확행 위한 취미‧ 소모임 앱 BEST 5,https://cafe.daum.net/truepicture/13/39396
863,noise,R01_REVIEWED_NOT_ABOUT_SOMOIM_APP,daum,search_preview,소모임 앱 카페 모임 검색 방법,https://cafe.daum.net/trendsystem/FN84/43
864,noise,R01_REVIEWED_NOT_ABOUT_SOMOIM_APP,daum,search_preview,"저희 동호회 는 단톡방, 소모임 앱으로 소통합니다.",https://cafe.daum.net/NazClub/R5uy/1
865,noise,R01_REVIEWED_NOT_ABOUT_SOMOIM_APP,daum,search_preview,소모임 앱 다운받아서보니 별게 다있는데..,https://cafe.daum.net/ASMONACOFC/g0oX/1811238
866,noise,R01_REVIEWED_NOT_ABOUT_SOMOIM_APP,daum,search_preview,소모임 앱 활동하기 빡시네요.,https://cafe.daum.net/liverpoolfc/4Uo4/116166
867,noise,R01_REVIEWED_NOT_ABOUT_SOMOIM_APP,daum,search_preview,3040 친목모임 어디야 소모임 ( 앱 )을 개설했습니다.,https://cafe.daum.net/yourfiend/DbmC/51
868,noise,R01_REVIEWED_NOT_ABOUT_SOMOIM_APP,daum,search_preview,"안녕하세요. "" 소모임 "" 앱 타고 들어왔습니다. 등업 부탁드려요. :)",https://cafe.daum.net/kjsogae/44oo/4590
869,noise,R01_REVIEWED_NOT_ABOUT_SOMOIM_APP,daum,search_preview,소모임 앱 놀러오세용~,https://cafe.daum.net/4446/5Cdp/22074
870,noise,R01_REVIEWED_NOT_ABOUT_SOMOIM_APP,daum,search_preview,소모임 앱 ...으로 실제로 모임 나가본사람???,https://cafe.daum.net/ok1221/8lcX/47754494
871,noise,R01_REVIEWED_NOT_ABOUT_SOMOIM_APP,daum,search_preview,소모임 이라는 앱 아세요?,https://cafe.daum.net/zzangbuddy/IMjS/52721
872,noise,R01_REVIEWED_NOT_ABOUT_SOMOIM_APP,daum,search_preview,모임 모임 소모임 ?,https://cafe.daum.net/dotax/D8UA/5751702
873,noise,R01_REVIEWED_NOT_ABOUT_SOMOIM_APP,daum,search_preview,라떼님들도와줘ㅜㅜㅜㅜ(세요..) (부제: 소모임 후기),https://cafe.daum.net/zisoo/kBWI/102
874,noise,R01_REVIEWED_NOT_ABOUT_SOMOIM_APP,daum,search_preview,'본당수첩 앱 '과 관련한 문의사항 안내와 앱 을 통한 소모임 인명록 사용 안내,https://cafe.daum.net/catholicpangyo/KIOq/797
875,noise,R01_REVIEWED_NOT_ABOUT_SOMOIM_APP,daum,search_preview,1단계4주차/김해윤/당근문의1건/AI애니영상만들어 유튜브올리기,https://cafe.daum.net/beric/WD1m/245
876,noise,R01_REVIEWED_NOT_ABOUT_SOMOIM_APP,daum,search_preview,황학동 볼링볼링 상주클럽 '볼라썸,https://cafe.daum.net/bowlingevent/LGp7/1358
877,noise,R01_REVIEWED_NOT_ABOUT_SOMOIM_APP,daum,search_preview,케이티 인기짱 소모임 조사 결과 (흥미진진함),https://cafe.daum.net/ok1221/8mNz/54795
878,noise,R01_REVIEWED_NOT_ABOUT_SOMOIM_APP,daum,search_preview,[회의록]2016년 10월 9일 소모임 운영 회의,https://cafe.daum.net/gloriousdays/ae7Y/54
879,noise,R01_REVIEWED_NOT_ABOUT_SOMOIM_APP,daum,search_preview,"( 소모임 )2030공무원,교사들의 신나는 모임",https://cafe.daum.net/teacherexam/5yG5/13106
880,noise,R01_REVIEWED_NOT_ABOUT_SOMOIM_APP,daum,search_preview,안녕하십니까~^^ 재능나눔 소모임 행사 홍보 합니다^^,https://cafe.daum.net/LawFamily/8Oex/778
881,noise,R01_REVIEWED_NOT_ABOUT_SOMOIM_APP,daum,search_preview,웹& 앱 기획 소그룹 멘토링,https://cafe.daum.net/breakjob/8X10/30636
882,noise,R01_REVIEWED_NOT_ABOUT_SOMOIM_APP,daum,search_preview,소모임,https://cafe.daum.net/stalking21/3wxi/11209
883,noise,R01_REVIEWED_NOT_ABOUT_SOMOIM_APP,daum,search_preview,2025년 미넬독토 송년회 공지,https://cafe.daum.net/minedokto/Enfy/866
884,noise,R01_REVIEWED_NOT_ABOUT_SOMOIM_APP,daum,search_preview,북경유학하시면서 중국친구분들 만나기 힘드시죠? 중국버전 소모임 입니다.,https://cafe.daum.net/studentinbejing/3ANA/4610
885,noise,R01_REVIEWED_NOT_ABOUT_SOMOIM_APP,daum,search_preview,소모임 에서 알려드립니다.,https://cafe.daum.net/gloriousdays/ae65/50
886,noise,R01_REVIEWED_NOT_ABOUT_SOMOIM_APP,daum,search_preview,"[학생게시판] 방통대 9월 2학기 공부 루틴, 형성평가·출석수업·과제물·기말평가(기출문제) 총정리",https://cafe.daum.net/sknou/6ptZ/316
887,noise,R01_REVIEWED_NOT_ABOUT_SOMOIM_APP,daum,search_preview,[필독] 요즘 사람들은 다 한다는 SNS★ 오렌지도 한다!!,https://cafe.daum.net/orangeswing/B34t/1618
888,noise,R01_REVIEWED_NOT_ABOUT_SOMOIM_APP,daum,search_preview,[취미활동] 그림모임 찾기-1,https://cafe.daum.net/peacehistory/tJFR/80
889,noise,R01_REVIEWED_NOT_ABOUT_SOMOIM_APP,daum,search_preview,적극적으로 대인관계의 폭을 넓혀 나가는 구체적인 방법은?,https://cafe.daum.net/ubiblelandcom/bbLw/514
890,noise,R01_REVIEWED_NOT_ABOUT_SOMOIM_APP,daum,search_preview,제13강 1회차: 바울의 우주적 교회론 서론과 기독론적 기초,https://cafe.daum.net/JMWON1003/V5Vw/161
891,noise,R01_REVIEWED_NOT_ABOUT_SOMOIM_APP,daum,search_preview,서울 동대문구 미르 V.C 남녀회원 모집,https://cafe.daum.net/volleyballsok/IfzY/3083
892,noise,R01_REVIEWED_NOT_ABOUT_SOMOIM_APP,daum,search_preview,Find your match in just 10 minutes 단 10분 만에 상대방을 찾아보자,https://cafe.daum.net/careerplanning-WJK/CqCi/248
893,noise,R01_REVIEWED_NOT_ABOUT_SOMOIM_APP,daum,search_preview,[사회] 2026 그림모임 찾기 -2,https://cafe.daum.net/peacehistory/o93n/92
894,noise,R01_REVIEWED_NOT_ABOUT_SOMOIM_APP,daum,search_preview,대학생 취준생 방학시즌 유용한 앱 5개 .list,https://cafe.daum.net/dotax/OUBq/1743
895,noise,R01_REVIEWED_NOT_ABOUT_SOMOIM_APP,daum,search_preview,[세정일보]최병곤 인천세무사회장의 ‘광폭 행보’…“회원 권익침해 어떤 불법 행위도 단호히 대응”,https://cafe.daum.net/213519/p4fK/848
896,noise,R01_REVIEWED_NOT_ABOUT_SOMOIM_APP,daum,search_preview,[4차시 과제 : 에세이] 나를 움직이는 것들,https://cafe.daum.net/metaphorbook/kejM/102
897,noise,R01_REVIEWED_NOT_ABOUT_SOMOIM_APP,daum,search_preview,8월 5일 부산/경남 소모임 후기,https://cafe.daum.net/yogicflying/SGGv/1471
898,noise,R01_REVIEWED_NOT_ABOUT_SOMOIM_APP,daum,search_preview,전국 지회지부 활동소식_2026.03.,https://cafe.daum.net/kjdonghwa/3o48/1060
899,noise,R01_REVIEWED_NOT_ABOUT_SOMOIM_APP,daum,search_preview,전국 지회지부 활동소식_2026.03.,https://cafe.daum.net/jejubookchild/7JjC/258
900,noise,R01_REVIEWED_NOT_ABOUT_SOMOIM_APP,daum,search_preview,전국 지회지부 활동소식_2026.03.,https://cafe.daum.net/incheondongwha/HONC/771
901,noise,R01_REVIEWED_NOT_ABOUT_SOMOIM_APP,daum,search_preview,전국 지회지부 활동소식_2026.03.,https://cafe.daum.net/daegudh/mB5/151
902,noise,R01_REVIEWED_NOT_ABOUT_SOMOIM_APP,daum,search_preview,전국 지회지부 활동소식_2026.03.,https://cafe.daum.net/childboook-s/48bw/276
903,noise,R01_REVIEWED_NOT_ABOUT_SOMOIM_APP,daum,search_preview,전국 지회지부 활동소식_2026.03.,https://cafe.daum.net/ehdghkahdla/Rret/639
904,noise,R01_REVIEWED_NOT_ABOUT_SOMOIM_APP,daum,search_preview,전국 지회지부 활동소식_2026.03.,https://cafe.daum.net/child2013spring/VV6N/428
905,noise,R01_REVIEWED_NOT_ABOUT_SOMOIM_APP,daum,search_preview,내가 참여하려고 정리한 소모임 찾는곳,https://cafe.daum.net/subdued20club/ReHf/3400420
906,noise,R01_REVIEWED_NOT_ABOUT_SOMOIM_APP,daum,search_preview,한국 내에 공식적인 흡연자 단체가 있나요?,https://cafe.daum.net/selfstudybaduk/cQQZ/1
907,noise,R01_REVIEWED_NOT_ABOUT_SOMOIM_APP,daum,search_preview,91기 화요 입니다~~~,https://cafe.daum.net/kwbsht/K7X3/2716
908,noise,R01_REVIEWED_NOT_ABOUT_SOMOIM_APP,daum,search_preview,금요 소모임 후기 있긔 없긔?? ㅎㅎ ㅎㅎ,https://cafe.daum.net/busantongli/4afe/36433
909,noise,R01_REVIEWED_NOT_ABOUT_SOMOIM_APP,daum,search_preview,2017년 12월 23일 지온보육원 자원봉사 신청공지,https://cafe.daum.net/gloriousdays/cLoi/325
910,noise,R01_REVIEWED_NOT_ABOUT_SOMOIM_APP,daum,search_preview,2017년 6월 24일 지온보육원 자원봉사활동 신청공지,https://cafe.daum.net/gloriousdays/cLoi/311
911,noise,R01_REVIEWED_NOT_ABOUT_SOMOIM_APP,daum,search_preview,당구 소모임 2차 예고,https://cafe.daum.net/ifc-zzang/ICON/17417
912,noise,R01_REVIEWED_NOT_ABOUT_SOMOIM_APP,daum,search_preview,미용커플 16주년 함께 축하해주세요~ ^^,https://cafe.daum.net/dorje76/Nstm/288
913,noise,R01_REVIEWED_NOT_ABOUT_SOMOIM_APP,daum,search_preview,2017년 3월 25일 지온 보육원 봉사 신청공지..,https://cafe.daum.net/gloriousdays/cLoi/303
914,noise,R01_REVIEWED_NOT_ABOUT_SOMOIM_APP,daum,search_preview,2017년 7월 22일 지온보육원 자원봉사활동 신청공지,https://cafe.daum.net/gloriousdays/cLoi/313
915,noise,R01_REVIEWED_NOT_ABOUT_SOMOIM_APP,daum,search_preview,황도연(44) 당근 대표 '3500만명 국민 앱 ' 20230829 조선外,https://cafe.daum.net/bondong1920/8dIJ/6431
916,noise,R01_REVIEWED_NOT_ABOUT_SOMOIM_APP,daum,search_preview,2017년 2월 25일 지온 보육원 봉사 신청공지..,https://cafe.daum.net/gloriousdays/cLoi/299
917,noise,R01_REVIEWED_NOT_ABOUT_SOMOIM_APP,daum,search_preview,2017년 9월 23일 지온 자원봉사 신청공지,https://cafe.daum.net/gloriousdays/cLoi/317
918,noise,R01_REVIEWED_NOT_ABOUT_SOMOIM_APP,daum,search_preview,칼럼을 빙자한 카페 앱 사용설명서! + 자소서 피드백 프로그램 홍보,https://cafe.daum.net/snuelove/Wl9z/12
919,noise,R01_REVIEWED_NOT_ABOUT_SOMOIM_APP,daum,search_preview,2017년 5월 27일 지온보육원 자원봉사활동 신청공지,https://cafe.daum.net/gloriousdays/cLoi/309
920,noise,R01_REVIEWED_NOT_ABOUT_SOMOIM_APP,daum,search_preview,Mania축구팀에서 꼭 써야 할 아이패드용 앱 .,https://cafe.daum.net/lovebmw/3Dhs/42156
921,noise,R01_REVIEWED_NOT_ABOUT_SOMOIM_APP,daum,search_preview,[좌담회] 72. 영어 학습 앱 관련 좌담회 (6월17일-19일 남여 20세-45세),https://cafe.daum.net/jsresearch/OZZm/40072
922,noise,R01_REVIEWED_NOT_ABOUT_SOMOIM_APP,daum,search_preview,소모임 교재 관련 질문 드립니다.,https://cafe.daum.net/nswenglish/55Vd/1054
923,noise,R01_REVIEWED_NOT_ABOUT_SOMOIM_APP,daum,search_preview,[보드게임 소모임 - 마을교육활동연구회] 전성호 선생님이 알려주시는 'class123' 후기,https://cafe.daum.net/cbedufactory/GcmF/281
924,noise,R01_REVIEWED_NOT_ABOUT_SOMOIM_APP,daum,search_preview,"“ 앱 센터, 설립 운동 두 달 만에 100곳 돌파”",https://cafe.daum.net/bu35/QJhy/35
925,noise,R01_REVIEWED_NOT_ABOUT_SOMOIM_APP,daum,search_preview,이화회(광주서중일고38회 소모임 )의 하루 /서울둘레길 8-2(서경대역~우이동역) 구간,https://cafe.daum.net/dslcd1001/KxL3/817
926,noise,R01_REVIEWED_NOT_ABOUT_SOMOIM_APP,daum,search_preview,미가엘반주기 앱 연동 실행영상 입니다,https://cafe.daum.net/SmDm1004/WDja/6
927,noise,R01_REVIEWED_NOT_ABOUT_SOMOIM_APP,daum,search_preview,비대면 회의를 위한 줌(Zoom) 앱 의 설치 요청,https://cafe.daum.net/bok66/A4ap/383
928,noise,R01_REVIEWED_NOT_ABOUT_SOMOIM_APP,daum,search_preview,◈2016년 12월 유용한 무료 앱 모음◈,https://cafe.daum.net/Moneyclinic/RLUd/3249
929,noise,R01_REVIEWED_NOT_ABOUT_SOMOIM_APP,daum,search_preview,[정규직&인턴] 소셜 앱 서비스 운영팀 모집(한국인),https://cafe.daum.net/studentinbejing/5J6v/27904
930,noise,R01_REVIEWED_NOT_ABOUT_SOMOIM_APP,daum,search_preview,2017년 4월 22일 지온보육원 자원봉사활동 신청공지,https://cafe.daum.net/gloriousdays/cLoi/306
931,noise,R01_REVIEWED_NOT_ABOUT_SOMOIM_APP,daum,search_preview,2017년 8월 22일 지온보육원 자원봉사활동 신청공지,https://cafe.daum.net/gloriousdays/cLoi/315
932,noise,R01_REVIEWED_NOT_ABOUT_SOMOIM_APP,daum,search_preview,2017년 4월 8일 (둘째주 토요일) 에델마을 봉사공지,https://cafe.daum.net/gloriousdays/cLop/36
933,noise,R01_REVIEWED_NOT_ABOUT_SOMOIM_APP,daum,search_preview,★2019년 2월 지온보육원 봉사 공지★,https://cafe.daum.net/gloriousdays/cLoi/362
934,noise,R01_REVIEWED_NOT_ABOUT_SOMOIM_APP,daum,search_preview,5월 8일 일요일 일산 소모임 엽니다.,https://cafe.daum.net/gripboard/TdyY/1089
935,noise,R01_REVIEWED_NOT_ABOUT_SOMOIM_APP,daum,search_preview,소모임 운영 중단됐나봐요 ㅠㅁㅠ,https://cafe.daum.net/md2014/JMcQ/1236
936,noise,R01_REVIEWED_NOT_ABOUT_SOMOIM_APP,daum,search_preview,★2019년 1월 지온보육원 봉사 공지★,https://cafe.daum.net/gloriousdays/cLoi/360
937,noise,R01_REVIEWED_NOT_ABOUT_SOMOIM_APP,daum,search_preview,11월 12일 토요일 일산 소모임 엽니다.,https://cafe.daum.net/gripboard/TdyY/1293
938,noise,R01_REVIEWED_NOT_ABOUT_SOMOIM_APP,daum,search_preview,7월 26일 화요일 일산 소모임 엽니다.,https://cafe.daum.net/gripboard/TdyY/1179
939,noise,R01_REVIEWED_NOT_ABOUT_SOMOIM_APP,daum,search_preview,부활을 축하하면서 - 소모임 과 강론,https://cafe.daum.net/FBkorea/JDLU/1402
940,noise,R01_REVIEWED_NOT_ABOUT_SOMOIM_APP,daum,search_preview,"내일 30일(수) 용산에서 풋살하실 개인,팀 모집 ★ASD 풋살 소모임 게시판 참조★",https://cafe.daum.net/skfootball/IxUe/21640
941,noise,R01_REVIEWED_NOT_ABOUT_SOMOIM_APP,daum,search_preview,ZOOM 과 같은 온라인 화상회의 앱 을 통한 그룹모임 안내,https://cafe.daum.net/Inchonbible/A9J9/396
942,noise,R01_REVIEWED_NOT_ABOUT_SOMOIM_APP,daum,search_preview,"내일 9일(금) 용산에서 풋살하실 개인,팀 모집 ★ 카페내 ASD풋살 소모임 게시판",https://cafe.daum.net/skfootball/IxUe/21889
943,noise,R01_REVIEWED_NOT_ABOUT_SOMOIM_APP,daum,search_preview,"내일 13일(화) 구파발 누캄프에서 풋살하실 개인,팀 모집 + 금 인원도 모집 ★ASD풋살 소모임 게시판",https://cafe.daum.net/skfootball/IxUe/22051
944,noise,R01_REVIEWED_NOT_ABOUT_SOMOIM_APP,daum,search_preview,"내일 9일(금) 구파발 누캄프에서 풋살하실 개인,팀 모집 ★ 카페내 ASD풋살 소모임 게시판을 찾아주세요",https://cafe.daum.net/skfootball/IxUe/21890
945,noise,R01_REVIEWED_NOT_ABOUT_SOMOIM_APP,daum,search_preview,"내일 13일(화) 수원역 AK&에서 풋살하실 개인,팀 모집+ 15일(목) 인원도 모집 ★ASD풋살 소모임 게시판",https://cafe.daum.net/skfootball/IxUe/22052
946,noise,R01_REVIEWED_NOT_ABOUT_SOMOIM_APP,daum,search_preview,"내일 6일(화) 구파발 누캄프에서 풋살하실 개인,팀 모집+ 금 인원도 모집 ☆ ASD풋살 소모임 게시판을 확인하세요",https://cafe.daum.net/skfootball/IxUe/21849
947,noise,R01_REVIEWED_NOT_ABOUT_SOMOIM_APP,daum,search_preview,"13일(화) 구파발역 누캄프에서 풋살하실 개인,팀 모집 + 금 인원도 모집 ☆ ASD 풋살 소모임 게시판을 찾아주세요",https://cafe.daum.net/skfootball/IxUe/21976
948,noise,R01_REVIEWED_NOT_ABOUT_SOMOIM_APP,daum,search_preview,"13일(화) 수원역 AK&에서 풋살하실 개인,팀 모집+ 15일(목) 인원도 모집 ☆ASD 풋살 소모임 게시판을 찾아주세요",https://cafe.daum.net/skfootball/IxUe/21977
949,noise,R01_REVIEWED_NOT_ABOUT_SOMOIM_APP,daum,search_preview,2017년 6월 10일 (둘째주 토요일) 에델마을 봉사공지,https://cafe.daum.net/gloriousdays/cLop/39
950,noise,R01_REVIEWED_NOT_ABOUT_SOMOIM_APP,daum,search_preview,★2019년 4월 지온보육원 봉사 공지★,https://cafe.daum.net/gloriousdays/cLoi/366
951,noise,R01_REVIEWED_NOT_ABOUT_SOMOIM_APP,daum,search_preview,★2019년 3월 지온보육원 봉사 공지★,https://cafe.daum.net/gloriousdays/cLoi/364
952,noise,R01_REVIEWED_NOT_ABOUT_SOMOIM_APP,daum,search_preview,안녕하세요~ 자동차 소모임 추가인원 모집합니다~,https://cafe.daum.net/602van/EfUD/8260
953,noise,R01_REVIEWED_NOT_ABOUT_SOMOIM_APP,daum,search_preview,지온보육원 11월 봉사 공지 입니다.,https://cafe.daum.net/gloriousdays/cLoi/322
954,noise,R01_REVIEWED_NOT_ABOUT_SOMOIM_APP,daum,search_preview,2018년 05월 05일(토) 성가복지병원 봉사 신청 공지,https://cafe.daum.net/gloriousdays/ae4y/141
955,noise,R01_REVIEWED_NOT_ABOUT_SOMOIM_APP,daum,search_preview,앞으로 대리 운전 변화,https://cafe.daum.net/DreamDriver/BZWM/40459
956,noise,R01_REVIEWED_NOT_ABOUT_SOMOIM_APP,daum,search_preview,11. 정말 실현이 가능 한가요?,https://cafe.daum.net/refarm/QHa/232917
957,noise,R01_REVIEWED_NOT_ABOUT_SOMOIM_APP,daum,search_preview,연예인들처럼 친한애들 끼리 모여서 소모임 하고 영상찍어서 추억박제하고싶다,https://cafe.daum.net/ok1221/8lcX/68902660
958,noise,R01_REVIEWED_NOT_ABOUT_SOMOIM_APP,daum,search_preview,4월21일(토) 북한산 숨은벽 & 외국인 등산모임 조인 시도해 봅니다~~,https://cafe.daum.net/qkfkadmlvkdlxj/DdzK/2870
959,noise,R01_REVIEWED_NOT_ABOUT_SOMOIM_APP,daum,search_preview,[재수정]2017년 5월 13일 (둘째주 토요일) 에델마을 봉사공지,https://cafe.daum.net/gloriousdays/cLop/37
960,noise,R01_REVIEWED_NOT_ABOUT_SOMOIM_APP,daum,search_preview,소모임 방 밴드 가입하세요,https://cafe.daum.net/daerimoim/M0NT/4
961,noise,R01_REVIEWED_NOT_ABOUT_SOMOIM_APP,daum,search_preview,2017년 7월 8일 (둘째주 토요일) 에델마을 봉사공지,https://cafe.daum.net/gloriousdays/cLop/40
962,noise,R01_REVIEWED_NOT_ABOUT_SOMOIM_APP,daum,search_preview,2018년 04월 07일(토) 성가복지병원 봉사 신청 공지,https://cafe.daum.net/gloriousdays/ae4y/137
963,noise,R01_REVIEWED_NOT_ABOUT_SOMOIM_APP,daum,search_preview,2018년 02월 03일(토) 성가복지병원 봉사 신청 공지,https://cafe.daum.net/gloriousdays/ae4y/131
964,noise,R01_REVIEWED_NOT_ABOUT_SOMOIM_APP,daum,search_preview,★2019년 5월 지온보육원 봉사 공지★,https://cafe.daum.net/gloriousdays/cLoi/368
965,noise,R01_REVIEWED_NOT_ABOUT_SOMOIM_APP,daum,search_preview,2017년 12월 09일(둘째주 토요일) 에델마을 봉사공지,https://cafe.daum.net/gloriousdays/cLop/51
966,noise,R01_REVIEWED_NOT_ABOUT_SOMOIM_APP,daum,search_preview,"6월6일 현충일 외국인 등산보임 동참산행 ""불암산"" 갑니다~~~",https://cafe.daum.net/qkfkadmlvkdlxj/EOLB/1362
967,noise,R01_REVIEWED_NOT_ABOUT_SOMOIM_APP,daum,search_preview,시즌3종료. 소감 나누기 및 앞으로 나아갈 길,https://cafe.daum.net/T.G./fIu7/8
968,noise,R01_REVIEWED_NOT_ABOUT_SOMOIM_APP,daum,search_preview,2017년 10월 28일 (넷째주 토요일) 에델마을 봉사공지,https://cafe.daum.net/gloriousdays/cLop/48
969,noise,R01_REVIEWED_NOT_ABOUT_SOMOIM_APP,daum,search_preview,"7월14일 외국인 등산모임 동참산행 ""아차산"" 갑니다~~~~",https://cafe.daum.net/qkfkadmlvkdlxj/DdzK/2924
970,noise,R01_REVIEWED_NOT_ABOUT_SOMOIM_APP,daum,search_preview,"8월11일(토) 외국인 등산모임 동참산행 ""수락산""갑니다~~",https://cafe.daum.net/qkfkadmlvkdlxj/DdzK/2944
971,noise,R01_REVIEWED_NOT_ABOUT_SOMOIM_APP,daum,search_preview,2017년 11월 11일(둘째주 토요일) 에델마을 봉사공지,https://cafe.daum.net/gloriousdays/cLop/49
972,noise,R01_REVIEWED_NOT_ABOUT_SOMOIM_APP,daum,search_preview,★2019년 6월 지온보육원 봉사 공지★,https://cafe.daum.net/gloriousdays/cLoi/370
973,noise,R01_REVIEWED_NOT_ABOUT_SOMOIM_APP,daum,search_preview,★2019년 8월 지온보육원 봉사 공지★,https://cafe.daum.net/gloriousdays/cLoi/376
974,noise,R01_REVIEWED_NOT_ABOUT_SOMOIM_APP,daum,search_preview,** 삼농실버마을 3월 18일 (일) 봉사활동 공지 **,https://cafe.daum.net/gloriousdays/cLqE/45
975,noise,R01_REVIEWED_NOT_ABOUT_SOMOIM_APP,daum,search_preview,무엇을 하고 싶은가,https://cafe.daum.net/overcomebreastcancer/dzdI/4541
976,noise,R01_REVIEWED_NOT_ABOUT_SOMOIM_APP,daum,search_preview,2017년 9월 9일 (둘째주 토요일) 에델마을 봉사공지,https://cafe.daum.net/gloriousdays/cLop/45
977,noise,R01_REVIEWED_NOT_ABOUT_SOMOIM_APP,daum,search_preview,2017년 7월 셋째주(07월 15일) 안나의집 봉사신청 공지,https://cafe.daum.net/gloriousdays/j3jw/1
978,noise,R01_REVIEWED_NOT_ABOUT_SOMOIM_APP,daum,search_preview,[당첨 발표] 미용커플 16주년 이벤트 당첨자 발표 ~^^,https://cafe.daum.net/dorje76/Nstm/52
979,noise,R01_REVIEWED_NOT_ABOUT_SOMOIM_APP,daum,search_preview,◆ 2016년 11-12월 운영진회의 결과보고 ◆,https://cafe.daum.net/gloriousdays/ae6q/71
980,noise,R01_REVIEWED_NOT_ABOUT_SOMOIM_APP,daum,search_preview,2018년 03월 03일(토) 성가복지병원 봉사 신청 공지,https://cafe.daum.net/gloriousdays/ae4y/135
981,noise,R01_REVIEWED_NOT_ABOUT_SOMOIM_APP,daum,search_preview,** 삼농실버마을 7월 15일 (일) 봉사활동 공지 **,https://cafe.daum.net/gloriousdays/cLqE/50
982,noise,R01_REVIEWED_NOT_ABOUT_SOMOIM_APP,daum,search_preview,미용커플 16주년 함께 축하해주세요~ ^^,https://cafe.daum.net/dorje76/4gGZ/29939
983,noise,R01_REVIEWED_NOT_ABOUT_SOMOIM_APP,daum,search_preview,2018 11월 파프 빕스모임VIP 후기에요~,https://cafe.daum.net/kjsogae/FhgB/7426
984,noise,R01_REVIEWED_NOT_ABOUT_SOMOIM_APP,daum,search_preview,** 삼농실버마을 4월 15일 (일) 봉사활동 공지 **,https://cafe.daum.net/gloriousdays/cLqE/46
985,noise,R01_REVIEWED_NOT_ABOUT_SOMOIM_APP,daum,search_preview,[당첨 발표] 미용커플 16주년 이벤트 당첨자 발표 ~^^,https://cafe.daum.net/dorje76/Nstm/54
986,noise,R01_REVIEWED_NOT_ABOUT_SOMOIM_APP,daum,search_preview,** 삼농실버마을 6월 17일 (일) 봉사활동 공지 **,https://cafe.daum.net/gloriousdays/cLqE/49
987,noise,R01_REVIEWED_NOT_ABOUT_SOMOIM_APP,daum,search_preview,** 삼농실버마을 5월 20일 (일) 봉사활동 공지 **,https://cafe.daum.net/gloriousdays/cLqE/48
988,noise,R01_REVIEWED_NOT_ABOUT_SOMOIM_APP,daum,search_preview,[필독] 요즘 사람들은 다 한다는 SNS★ 오렌지도 한다!!,https://cafe.daum.net/orangeswing/B34t/1430
989,noise,R01_REVIEWED_NOT_ABOUT_SOMOIM_APP,daum,search_preview,＜＜＜2019년 1월 05일(토) 성가복지병원 봉사 신청 공지＞＞＞,https://cafe.daum.net/gloriousdays/ae4y/159
990,noise,R01_REVIEWED_NOT_ABOUT_SOMOIM_APP,daum,search_preview,2018년 11월 03일(토) 성가복지병원 봉사 신청 공지,https://cafe.daum.net/gloriousdays/ae4y/155
991,noise,R01_REVIEWED_NOT_ABOUT_SOMOIM_APP,daum,search_preview,2018년 10월 06일(토) 성가복지병원 봉사 신청 공지,https://cafe.daum.net/gloriousdays/ae4y/153
992,noise,R01_REVIEWED_NOT_ABOUT_SOMOIM_APP,daum,search_preview,2018년 07월 07일(토) 성가복지병원 봉사 신청 공지,https://cafe.daum.net/gloriousdays/ae4y/148
993,noise,R01_REVIEWED_NOT_ABOUT_SOMOIM_APP,daum,search_preview,2018년 09월 01일(토) 성가복지병원 봉사 신청 공지,https://cafe.daum.net/gloriousdays/ae4y/151
994,noise,R01_REVIEWED_NOT_ABOUT_SOMOIM_APP,daum,search_preview,** 삼농실버마을 9월 16일 (일) 봉사활동 공지 **,https://cafe.daum.net/gloriousdays/cLqE/52
995,noise,R01_REVIEWED_NOT_ABOUT_SOMOIM_APP,daum,search_preview,2017년 8월 26일 (넷째주 토요일) 에델마을 봉사공지,https://cafe.daum.net/gloriousdays/cLop/44
996,noise,R01_REVIEWED_NOT_ABOUT_SOMOIM_APP,daum,search_preview,＜＜＜2019년 6월 01일(토) 성가복지병원 봉사 신청 공지＞＞＞,https://cafe.daum.net/gloriousdays/ae4y/166
997,noise,R01_REVIEWED_NOT_ABOUT_SOMOIM_APP,daum,search_preview,"1/16 수요일 모임, 우사이 연습",https://cafe.daum.net/playhbg/_album/1300
998,noise,R01_REVIEWED_NOT_ABOUT_SOMOIM_APP,daum,search_preview,◆ 2016년 8-9월 운영진회의 결과보고 ◆,https://cafe.daum.net/gloriousdays/ae6q/66
999,noise,R01_REVIEWED_NOT_ABOUT_SOMOIM_APP,daum,search_preview,** 삼농실버마을 1월 21일 (일) 봉사활동 공지 **,https://cafe.daum.net/gloriousdays/cLqE/43
1000,noise,R01_REVIEWED_NOT_ABOUT_SOMOIM_APP,daum,search_preview,◆ 2017년 4월 운영진회의 신청(공지) ◆,https://cafe.daum.net/gloriousdays/ae6q/84
1001,noise,R01_REVIEWED_NOT_ABOUT_SOMOIM_APP,daum,search_preview,미용커플 16주년 함께 축하해주세요~ ^^,https://cafe.daum.net/dorje76/4gGZ/39329
1002,noise,R01_REVIEWED_NOT_ABOUT_SOMOIM_APP,daum,search_preview,＜＜＜2019년 5월 04일(토) 성가복지병원 봉사 신청 공지＞＞＞,https://cafe.daum.net/gloriousdays/ae4y/164
1003,noise,R01_REVIEWED_NOT_ABOUT_SOMOIM_APP,daum,search_preview,2018년 08월 04일(토) 성가복지병원 봉사 신청 공지,https://cafe.daum.net/gloriousdays/ae4y/149
1004,noise,R01_REVIEWED_NOT_ABOUT_SOMOIM_APP,daum,search_preview,대구(경북) 교사 친목 모임(처총회) 안내,https://cafe.daum.net/teacherexam/5yG5/79043
1005,noise,R01_REVIEWED_NOT_ABOUT_SOMOIM_APP,daum,search_preview,취미가 운동이라 엘리트 운동 까는글에 대한 매우~ 불편한 시선,https://cafe.daum.net/shogun/8jpK/106331
1006,noise,R01_REVIEWED_NOT_ABOUT_SOMOIM_APP,daum,search_preview,2018년 06월 02일(토) 성가복지병원 봉사 신청 공지,https://cafe.daum.net/gloriousdays/ae4y/145
1007,noise,R01_REVIEWED_NOT_ABOUT_SOMOIM_APP,daum,search_preview,미용커플 16주년 함께 축하해주세요~ ^^,https://cafe.daum.net/dorje76/4gGZ/43022
1008,noise,R01_REVIEWED_NOT_ABOUT_SOMOIM_APP,daum,search_preview,2018년 12월 01일(토) 성가복지병원 봉사 신청 공지,https://cafe.daum.net/gloriousdays/ae4y/157
1009,noise,R01_REVIEWED_NOT_ABOUT_SOMOIM_APP,daum,search_preview,◆ 2016년 3월 운영진회의 결과보고 ◆,https://cafe.daum.net/gloriousdays/ae6q/56
1010,noise,R01_REVIEWED_NOT_ABOUT_SOMOIM_APP,daum,search_preview,◆ 2016년 10월 운영진회의 결과보고 ◆,https://cafe.daum.net/gloriousdays/ae6q/68
1011,noise,R01_REVIEWED_NOT_ABOUT_SOMOIM_APP,daum,search_preview,10/24 활동,https://cafe.daum.net/playhbg/_album/1256
1012,noise,R01_REVIEWED_NOT_ABOUT_SOMOIM_APP,daum,search_preview,＜＜＜2019년 4월 06일(토) 성가복지병원 봉사 신청 공지＞＞＞,https://cafe.daum.net/gloriousdays/ae4y/163
1013,noise,R01_REVIEWED_NOT_ABOUT_SOMOIM_APP,daum,search_preview,◆ 2016년 3월 운영진회의 신청(공지) ◆,https://cafe.daum.net/gloriousdays/ae6q/55
1014,noise,R01_REVIEWED_NOT_ABOUT_SOMOIM_APP,daum,search_preview,◆ 2016년 8-9월 운영진회의 신청(공지) ◆,https://cafe.daum.net/gloriousdays/ae6q/65
1015,noise,R01_REVIEWED_NOT_ABOUT_SOMOIM_APP,daum,search_preview,** 삼농실버마을 4월 21일 (일) 봉사활동 공지 **,https://cafe.daum.net/gloriousdays/cLqE/60
1016,noise,R01_REVIEWED_NOT_ABOUT_SOMOIM_APP,daum,search_preview,◆ 2016년 7월 운영진회의 결과보고 ◆,https://cafe.daum.net/gloriousdays/ae6q/64
1017,noise,R01_REVIEWED_NOT_ABOUT_SOMOIM_APP,daum,search_preview,＜＜＜2019년 2월 02일(토) 성가복지병원 봉사 신청 공지＞＞＞,https://cafe.daum.net/gloriousdays/ae4y/160
1018,noise,R01_REVIEWED_NOT_ABOUT_SOMOIM_APP,daum,search_preview,◆ 2016년 11-12월 운영진회의 신청(공지) ◆,https://cafe.daum.net/gloriousdays/ae6q/69
1019,noise,R01_REVIEWED_NOT_ABOUT_SOMOIM_APP,daum,search_preview,＜＜＜2019년 3월 02일(토) 성가복지병원 봉사 신청 공지＞＞＞,https://cafe.daum.net/gloriousdays/ae4y/162
1020,noise,R01_REVIEWED_NOT_ABOUT_SOMOIM_APP,daum,search_preview,조선일보는 '미인계 영업 중개업소' 기사의 진실을 밝혀라! 사실인가? 픽션인가? 공인중개사 음해인가?,https://cafe.daum.net/ejutaek/Jn4N/7751
1021,noise,R01_REVIEWED_NOT_ABOUT_SOMOIM_APP,daum,search_preview,[2023' 프로젝트 공연] 공연 공지 및 안내 (수정 - 뒷풀이장소 추가),https://cafe.daum.net/acaworcle/4SRW/460
1022,noise,R01_REVIEWED_NOT_ABOUT_SOMOIM_APP,daum,search_preview,♥배구에 꽂히다!!!♥성동배구클럽 신입모집!!!,https://cafe.daum.net/volleyballsok/IfzY/640
1023,noise,R01_REVIEWED_NOT_ABOUT_SOMOIM_APP,daum,search_preview,◆ 2018년 2월 운영진회의 신청(공지) ◆,https://cafe.daum.net/gloriousdays/ae6q/96
1024,noise,R01_REVIEWED_NOT_ABOUT_SOMOIM_APP,daum,search_preview,** 삼농실버마을 12월 16일 (일) 봉사활동 공지 **,https://cafe.daum.net/gloriousdays/cLqE/56
1025,noise,R01_REVIEWED_NOT_ABOUT_SOMOIM_APP,daum,search_preview,◆ 2017년 1월 운영진회의 겸 예비정기총회 신청(공지) ◆,https://cafe.daum.net/gloriousdays/ae6q/72
1026,noise,R01_REVIEWED_NOT_ABOUT_SOMOIM_APP,daum,search_preview,◆ 2016년 10월 운영진회의 신청(공지) ◆,https://cafe.daum.net/gloriousdays/ae6q/67
1027,noise,R01_REVIEWED_NOT_ABOUT_SOMOIM_APP,daum,search_preview,★2019년 11월 지온보육원 봉사 공지★,https://cafe.daum.net/gloriousdays/cLoi/381
1028,noise,R01_REVIEWED_NOT_ABOUT_SOMOIM_APP,daum,search_preview,미용커플 16주년 함께 축하해주세요~ ^^,https://cafe.daum.net/dorje76/Nstm/211
1029,noise,R01_REVIEWED_NOT_ABOUT_SOMOIM_APP,daum,search_preview,[성가소비녀회] 2019년 07월 06일 성가복지병원 봉사신청 공지,https://cafe.daum.net/gloriousdays/ae4y/167
1030,noise,R01_REVIEWED_NOT_ABOUT_SOMOIM_APP,daum,search_preview,** 삼농실버마을 2월 17일 (일) 봉사활동 공지 **,https://cafe.daum.net/gloriousdays/cLqE/58
1031,noise,R01_REVIEWED_NOT_ABOUT_SOMOIM_APP,daum,search_preview,★2019년 10월 지온보육원 봉사 공지★,https://cafe.daum.net/gloriousdays/cLoi/379
1032,noise,R01_REVIEWED_NOT_ABOUT_SOMOIM_APP,daum,search_preview,◆ 2018년 9월 운영진회의 공지(신청) ◆,https://cafe.daum.net/gloriousdays/ae6q/105
1033,noise,R01_REVIEWED_NOT_ABOUT_SOMOIM_APP,daum,search_preview,★2019년 12월 지온보육원 봉사 공지★,https://cafe.daum.net/gloriousdays/cLoi/383
1034,noise,R01_REVIEWED_NOT_ABOUT_SOMOIM_APP,daum,search_preview,내가 겪어본 사이비 ssul.blind,https://cafe.daum.net/subdued20club/ReHf/4408851
1035,noise,R01_REVIEWED_NOT_ABOUT_SOMOIM_APP,daum,search_preview,◆ 2018년 2월 운영진회의 결과보고 ◆,https://cafe.daum.net/gloriousdays/ae6q/97
1036,noise,R01_REVIEWED_NOT_ABOUT_SOMOIM_APP,daum,search_preview,◆ 2018년 7월 운영진회의 공지(신청) ◆,https://cafe.daum.net/gloriousdays/ae6q/104
1037,noise,R01_REVIEWED_NOT_ABOUT_SOMOIM_APP,daum,search_preview,[2022 지카] 지카 온라인 플랫폼 다원화 관련 공지,https://cafe.daum.net/acaworcle/4SRW/445
1038,noise,R01_REVIEWED_NOT_ABOUT_SOMOIM_APP,daum,search_preview,◆ 2018년 3월 운영진회의 공지(신청) ◆,https://cafe.daum.net/gloriousdays/ae6q/98
1039,noise,R01_REVIEWED_NOT_ABOUT_SOMOIM_APP,daum,search_preview,◆ 2018년 4월 운영진회의 공지(신청) ◆,https://cafe.daum.net/gloriousdays/ae6q/100
1040,noise,R01_REVIEWED_NOT_ABOUT_SOMOIM_APP,daum,search_preview,** 삼농실버마을 3월 17일 (일) 봉사활동 공지 **,https://cafe.daum.net/gloriousdays/cLqE/59
1041,noise,R01_REVIEWED_NOT_ABOUT_SOMOIM_APP,daum,search_preview,◆ 2018년 6월 운영진회의 공지(신청) ◆,https://cafe.daum.net/gloriousdays/ae6q/102
1042,noise,R01_REVIEWED_NOT_ABOUT_SOMOIM_APP,daum,search_preview,◆ 2018년 11월 운영진회의 공지(신청) ◆,https://cafe.daum.net/gloriousdays/ae6q/107
1043,noise,R01_REVIEWED_NOT_ABOUT_SOMOIM_APP,daum,search_preview,◆ 2018년 3월 운영진회의 결과보고 ◆,https://cafe.daum.net/gloriousdays/ae6q/99
1044,noise,R01_REVIEWED_NOT_ABOUT_SOMOIM_APP,daum,search_preview,◆ 2018년 4월 운영진회의 결과보고 ◆,https://cafe.daum.net/gloriousdays/ae6q/101
1045,noise,R01_REVIEWED_NOT_ABOUT_SOMOIM_APP,daum,search_preview,10/3 활동,https://cafe.daum.net/playhbg/_album/1237
1046,noise,R01_REVIEWED_NOT_ABOUT_SOMOIM_APP,daum,search_preview,◆ 2018년 6월 운영진회의 결과보고 ◆,https://cafe.daum.net/gloriousdays/ae6q/103
1047,noise,R01_REVIEWED_NOT_ABOUT_SOMOIM_APP,daum,search_preview,23' 지카파티,https://cafe.daum.net/acaworcle/4SRW/473
1048,noise,R01_REVIEWED_NOT_ABOUT_SOMOIM_APP,daum,search_preview,** 삼농실버마을 11월 18일 (일) 봉사활동 공지 **,https://cafe.daum.net/gloriousdays/cLqE/55
1049,noise,R01_REVIEWED_NOT_ABOUT_SOMOIM_APP,daum,search_preview,[성가소비녀회] 2019년 08월 03일 성가복지병원 봉사신청 공지(취소),https://cafe.daum.net/gloriousdays/ae4y/168
1050,noise,R01_REVIEWED_NOT_ABOUT_SOMOIM_APP,daum,search_preview,서울 동대문구 배구 동호회 회원 모집,https://cafe.daum.net/volleyballsok/IfzY/3021
1051,noise,R01_REVIEWED_NOT_ABOUT_SOMOIM_APP,daum,search_preview,서울 동대문구 미르 배구클럽 회원 모집,https://cafe.daum.net/volleyballsok/IfzY/3045
1052,noise,R01_REVIEWED_NOT_ABOUT_SOMOIM_APP,daum,search_preview,[성가소비녀회] 2019년 10월 05일 성가복지병원 봉사신청 공지,https://cafe.daum.net/gloriousdays/ae4y/170
1053,noise,R01_REVIEWED_NOT_ABOUT_SOMOIM_APP,daum,search_preview,2016년 마음이 운영진 연락망,https://cafe.daum.net/gloriousdays/aeNc/21
1054,noise,R01_REVIEWED_NOT_ABOUT_SOMOIM_APP,daum,search_preview,** 삼농실버마을 6월 16일 (일) 봉사활동 공지 **,https://cafe.daum.net/gloriousdays/cLqE/62
1055,noise,R01_REVIEWED_NOT_ABOUT_SOMOIM_APP,daum,search_preview,[포프리4기] 뒤풀이 늦은 후기욤^^,https://cafe.daum.net/LnT/ReC2/278
1056,noise,R01_REVIEWED_NOT_ABOUT_SOMOIM_APP,daum,search_preview,◆ 2019년 3월 운영진회의 결과보고 ◆,https://cafe.daum.net/gloriousdays/ae6q/109
1057,noise,R01_REVIEWED_NOT_ABOUT_SOMOIM_APP,daum,search_preview,(끌올) 대구 경북 미혼쌤들 친목 모임 함께 해요~^^,https://cafe.daum.net/teacherexam/5yG5/81295
1058,noise,R01_REVIEWED_NOT_ABOUT_SOMOIM_APP,daum,search_preview,관악구 프렌즈에서 팀원을 모집합니다.,https://cafe.daum.net/dongarry/bWL/85181
1059,noise,R01_REVIEWED_NOT_ABOUT_SOMOIM_APP,daum,search_preview,관악구 프렌즈에서 팀원을 모집합니다.,https://cafe.daum.net/dongarry/bWL/90900
1060,noise,R01_REVIEWED_NOT_ABOUT_SOMOIM_APP,daum,search_preview,[토요미팅공지] 2013년 9월 28일,https://cafe.daum.net/trendsystem/FN84/54
1061,noise,R01_REVIEWED_NOT_ABOUT_SOMOIM_APP,daum,search_preview,관악구 프렌즈에서 팀원을 모집합니다.,https://cafe.daum.net/dongarry/bWL/82650
1062,noise,R01_REVIEWED_NOT_ABOUT_SOMOIM_APP,daum,search_preview,관악구 프렌즈에서 팀원을 모집합니다.,https://cafe.daum.net/dongarry/bWL/82009
1063,noise,R01_REVIEWED_NOT_ABOUT_SOMOIM_APP,daum,search_preview,관악구 프렌즈에서 팀원을 모집합니다.,https://cafe.daum.net/dongarry/bWL/85092
1064,noise,R01_REVIEWED_NOT_ABOUT_SOMOIM_APP,daum,search_preview,관악구 프렌즈에서 팀원을 모집합니다.,https://cafe.daum.net/dongarry/bWL/82465
1065,noise,R01_REVIEWED_NOT_ABOUT_SOMOIM_APP,daum,search_preview,관악구 프렌즈에서 팀원을 모집합니다.,https://cafe.daum.net/dongarry/bWL/84524
1066,noise,R01_REVIEWED_NOT_ABOUT_SOMOIM_APP,daum,search_preview,관악구 프렌즈에서 팀원을 모집합니다.,https://cafe.daum.net/dongarry/bWL/82425
1067,noise,R01_REVIEWED_NOT_ABOUT_SOMOIM_APP,daum,search_preview,관악구 프렌즈에서 팀원을 모집합니다.,https://cafe.daum.net/dongarry/bWL/84303
1068,noise,R01_REVIEWED_NOT_ABOUT_SOMOIM_APP,daum,search_preview,관악구 프렌즈에서 팀원을 모집합니다.,https://cafe.daum.net/dongarry/bWL/85035
1069,noise,R01_REVIEWED_NOT_ABOUT_SOMOIM_APP,daum,search_preview,관악구 프렌즈에서 팀원을 모집합니다.,https://cafe.daum.net/dongarry/bWL/81861
1070,noise,R01_REVIEWED_NOT_ABOUT_SOMOIM_APP,daum,search_preview,관악구 프렌즈에서 팀원을 모집합니다.,https://cafe.daum.net/dongarry/bWL/82199
1071,noise,R01_REVIEWED_NOT_ABOUT_SOMOIM_APP,daum,search_preview,** 삼농실버마을 10월 21일 (일) 봉사활동 공지 **,https://cafe.daum.net/gloriousdays/cLqE/53
1072,noise,R01_REVIEWED_NOT_ABOUT_SOMOIM_APP,daum,search_preview,2023년 4월 운영위원회,https://cafe.daum.net/nbaram/JxWN/148
1073,noise,R01_REVIEWED_NOT_ABOUT_SOMOIM_APP,daum,search_preview,[2024 지카] 2024년 봄맞이 지카 소풍 ☆ 4/10(수) ☆,https://cafe.daum.net/acaworcle/4SRW/481
1074,noise,R01_REVIEWED_NOT_ABOUT_SOMOIM_APP,daum,search_preview,금일 매매복기 및 주식스터디 안내,https://cafe.daum.net/10in10busan/9WVN/2505
1075,noise,R01_REVIEWED_NOT_ABOUT_SOMOIM_APP,daum,search_preview,사랑이찾아온순간(1화),https://cafe.daum.net/Queensofbest/dt6R/1
1076,noise,R01_REVIEWED_NOT_ABOUT_SOMOIM_APP,daum,search_preview,■ 다음카페 마음을 나누는 이야기 운영회칙 ■ (2017.07),https://cafe.daum.net/gloriousdays/ae5E/45
1077,noise,R01_REVIEWED_NOT_ABOUT_SOMOIM_APP,daum,search_preview,◆ 2019년 5월 운영진회의 결과보고 ◆,https://cafe.daum.net/gloriousdays/ae6q/114
1078,noise,R01_REVIEWED_NOT_ABOUT_SOMOIM_APP,daum,search_preview,■ 다음카페 마음을 나누는 이야기 운영회칙 ■ (2016.04),https://cafe.daum.net/gloriousdays/ae5E/16
1079,noise,R01_REVIEWED_NOT_ABOUT_SOMOIM_APP,daum,search_preview,마음이 2018년 운영진 연락망,https://cafe.daum.net/gloriousdays/aeNc/29
1080,noise,R01_REVIEWED_NOT_ABOUT_SOMOIM_APP,daum,search_preview,2017년 마음이 운영진 연락망,https://cafe.daum.net/gloriousdays/aeNc/25
1081,noise,R01_REVIEWED_NOT_ABOUT_SOMOIM_APP,daum,search_preview,유용한 어플소개 30가지,https://cafe.daum.net/hochy/JIX8/421
1082,noise,R01_REVIEWED_NOT_ABOUT_SOMOIM_APP,daum,search_preview,관악구 프렌즈에서 팀원을 모집합니다.,https://cafe.daum.net/dongarry/bWL/92516
1083,noise,R01_REVIEWED_NOT_ABOUT_SOMOIM_APP,daum,search_preview,일요일 3~5시 관악구 팀원 모집합니다.,https://cafe.daum.net/dongarry/bWL/92154
1084,noise,R01_REVIEWED_NOT_ABOUT_SOMOIM_APP,daum,search_preview,관악구 프렌즈에서 팀원을 모집합니다.,https://cafe.daum.net/dongarry/bWL/91972
1085,noise,R01_REVIEWED_NOT_ABOUT_SOMOIM_APP,daum,search_preview,관악구 프렌즈 팀원 모집합니다.,https://cafe.daum.net/dongarry/bWL/92552
1086,noise,R01_REVIEWED_NOT_ABOUT_SOMOIM_APP,daum,search_preview,[서울] 동대문구 31일 토요일 픽업게임 게스트 모집,https://cafe.daum.net/volleyballsok/IfzY/3056
1087,noise,R01_REVIEWED_NOT_ABOUT_SOMOIM_APP,daum,search_preview,금일 매매복기 및 주식스터디 안내,https://cafe.daum.net/10in10busan/9WVN/2502
1088,noise,R01_REVIEWED_NOT_ABOUT_SOMOIM_APP,daum,search_preview,** 삼농실버마을 7월 21일 (일) 봉사활동 공지 **,https://cafe.daum.net/gloriousdays/cLqE/63
1089,noise,R01_REVIEWED_NOT_ABOUT_SOMOIM_APP,daum,search_preview,관악구 프렌즈에서 팀원을 모집합니다.,https://cafe.daum.net/dongarry/bWL/85505
1090,noise,R01_REVIEWED_NOT_ABOUT_SOMOIM_APP,daum,search_preview,[토요미팅공지] 2013년 10월 5일,https://cafe.daum.net/trendsystem/FN84/57
1091,noise,R01_REVIEWED_NOT_ABOUT_SOMOIM_APP,daum,search_preview,준회원 재신청합니다~,https://cafe.daum.net/gloriousdays/ae5f/592
1092,noise,R01_REVIEWED_NOT_ABOUT_SOMOIM_APP,daum,search_preview,준회원 신청입니다.,https://cafe.daum.net/gloriousdays/ae5f/627
1093,noise,R01_REVIEWED_NOT_ABOUT_SOMOIM_APP,daum,search_preview,준회원 신청합니다,https://cafe.daum.net/gloriousdays/ae5f/630
1094,noise,R01_REVIEWED_NOT_ABOUT_SOMOIM_APP,daum,search_preview,준회원 신청합니다~,https://cafe.daum.net/gloriousdays/ae5f/547
1095,noise,R01_REVIEWED_NOT_ABOUT_SOMOIM_APP,daum,search_preview,“마음이(마음을 나누는 이야기)”오프닝 멘트-월후원금내용 추가,https://cafe.daum.net/gloriousdays/ae7Y/72
1096,noise,R01_REVIEWED_NOT_ABOUT_SOMOIM_APP,daum,search_preview,이성을 만나고싶은데 어디서 만나는게 좋을까요?,https://cafe.daum.net/rocksoccer/ADrt/572211
1097,noise,R01_REVIEWED_NOT_ABOUT_SOMOIM_APP,daum,search_preview,3월 23일 목요일,https://cafe.daum.net/chqh88/WR2t/1608
1098,noise,R01_REVIEWED_NOT_ABOUT_SOMOIM_APP,daum,search_preview,[서울] 동대문 미르 배구클럽 신규 회원 모집!,https://cafe.daum.net/knvf/OsN4/434
1099,noise,R01_REVIEWED_NOT_ABOUT_SOMOIM_APP,daum,search_preview,❤️❤️[수원 살사 바차타 ☆ 수라댄] 10월 28일 할로윈 파티 🧛🧛‍♀️ - 3년만에 파티~코로나전 280명이 왔던 그 파티❤️,https://cafe.daum.net/osalsa/NYQJ/431
1100,noise,R01_REVIEWED_NOT_ABOUT_SOMOIM_APP,daum,search_preview,3월 11일 정모후기,https://cafe.daum.net/ilketennis/1n0z/12543
1101,noise,R01_REVIEWED_NOT_ABOUT_SOMOIM_APP,daum,search_preview,유용한 어플소개 30가지,https://cafe.daum.net/happysingleclub/9f73/486
1102,noise,R01_REVIEWED_NOT_ABOUT_SOMOIM_APP,daum,search_preview,[2022 지카] 2023 지카의 미래는 당신의 선택에!,https://cafe.daum.net/acaworcle/4SRW/447
1103,noise,R01_REVIEWED_NOT_ABOUT_SOMOIM_APP,daum,search_preview,[금요미팅공지] 금요미팅53 - 프로트레이더되기 3,https://cafe.daum.net/trendsystem/FN84/47
1104,noise,R01_REVIEWED_NOT_ABOUT_SOMOIM_APP,daum,search_preview,❤️❤️[수원 살사☆수라댄] 살사 초급반(128기) 모집 - 역사와 전통을 자랑하는 수라댄❤️❤️,https://cafe.daum.net/osalsa/NYQK/823
1105,noise,R01_REVIEWED_NOT_ABOUT_SOMOIM_APP,daum,search_preview,❤️❤️수라댄☆바차타 Level2 모집(12~1월)❤️❤️,https://cafe.daum.net/osalsa/NYQK/863
1106,noise,R01_REVIEWED_NOT_ABOUT_SOMOIM_APP,daum,search_preview,❤️❤️[수원 살사☆수라댄] 살사 초중급반 모집 - 로이&불여우❤️❤️,https://cafe.daum.net/osalsa/NYQK/826
1107,noise,R01_REVIEWED_NOT_ABOUT_SOMOIM_APP,daum,search_preview,❤️❤️수라댄 ☆ 살사 초중급 모집(12~1월)❤️❤️,https://cafe.daum.net/osalsa/NYQK/861
1108,noise,R01_REVIEWED_NOT_ABOUT_SOMOIM_APP,daum,search_preview,❤️❤️수라댄☆바차타 Level1 (초급반) 모집❤️❤️,https://cafe.daum.net/osalsa/NYQK/860
1109,noise,R01_REVIEWED_NOT_ABOUT_SOMOIM_APP,daum,search_preview,❤️❤️[수원 살사☆수라댄] 살사 준중급반 모집 - 빨간바지& 마담 ❤️❤️,https://cafe.daum.net/osalsa/NYQK/827
1110,noise,R01_REVIEWED_NOT_ABOUT_SOMOIM_APP,daum,search_preview,"❤️❤️수원 살사 바차타☆수라댄 턴베이직 & 샤인 무브 시즌3 수업 안내(주희쌤, 알보로소)❤️❤️",https://cafe.daum.net/osalsa/NYQK/849
1111,noise,R01_REVIEWED_NOT_ABOUT_SOMOIM_APP,daum,search_preview,❤️❤️수라댄 ☆ 129기 살사 초급 모집❤️❤️,https://cafe.daum.net/osalsa/NYQK/859
1112,noise,R01_REVIEWED_NOT_ABOUT_SOMOIM_APP,daum,search_preview,❤️❤️수라댄 ☆ 살사 준중급 모집(12~1월)❤️❤️,https://cafe.daum.net/osalsa/NYQK/862
1113,noise,R01_REVIEWED_NOT_ABOUT_SOMOIM_APP,daum,search_preview,3월21일 모임,https://cafe.daum.net/playhbg/_album/1156
1114,noise,R01_REVIEWED_NOT_ABOUT_SOMOIM_APP,daum,search_preview,장전 주식 관련 이슈,https://cafe.daum.net/066570/JYsT/10242
1115,noise,R01_REVIEWED_NOT_ABOUT_SOMOIM_APP,daum,search_preview,2015년 3월 27일 더사세 정기모임 합니다~^^,https://cafe.daum.net/my30v/9Lhr/763
1116,noise,R01_REVIEWED_NOT_ABOUT_SOMOIM_APP,daum,search_preview,❤️❤️[수원 살사 바차타 ☆ 수라댄] 10월 14일 금요 정모 - 128기 살사 초급 20명과 놀고싶어❤️❤️,https://cafe.daum.net/osalsa/NYXo/1063
1117,noise,R01_REVIEWED_NOT_ABOUT_SOMOIM_APP,daum,search_preview,❤️❤️[수원 살사 바차타 ☆ 수라댄] 10월 7일 금요 정모 - 라플쌤 오픈강습❤️❤️,https://cafe.daum.net/osalsa/NYXo/1054
1118,noise,R01_REVIEWED_NOT_ABOUT_SOMOIM_APP,daum,search_preview,유용한 어플소개 30가지-휴대폰,https://cafe.daum.net/66gn/7oNm/31
1119,noise,R01_REVIEWED_NOT_ABOUT_SOMOIM_APP,daum,search_preview,♡와인모임소개♡,https://cafe.daum.net/mercedesbenz/2Kex/40522
1120,noise,R01_REVIEWED_NOT_ABOUT_SOMOIM_APP,daum,search_preview,❤️❤️[수원 바차타☆수라댄] 바차타 초급반 모집 ❤️❤️,https://cafe.daum.net/osalsa/NYQK/824
1121,noise,R01_REVIEWED_NOT_ABOUT_SOMOIM_APP,daum,search_preview,"❤️❤️[수원 살사 바차타 ☆ 수라댄] 9월 30일 금요 정모 - 초급,초중급,준중급 수료식 day👯‍♂️👯‍♀️ ❤️❤️",https://cafe.daum.net/osalsa/NYXo/1048
1122,noise,R01_REVIEWED_NOT_ABOUT_SOMOIM_APP,daum,search_preview,"❤️❤️수원 수라댄 월요일 주희 턴&베이직, 무브&샤인 트레이닝 시즌2❤️❤️",https://cafe.daum.net/osalsa/NYQK/819
1123,noise,R01_REVIEWED_NOT_ABOUT_SOMOIM_APP,daum,search_preview,"❤️❤️[수원 살사 바차타 ☆ 수라댄] 9월 23일 금요 정모 - 경기지역 라틴 소셜맛집, 정모인원 100명 수라댄🍷❤️❤️",https://cafe.daum.net/osalsa/NYXo/1042
1124,noise,R01_REVIEWED_NOT_ABOUT_SOMOIM_APP,daum,search_preview,❤️❤️라플쌤 바차타 레이디스타일링(반곡반) 수원 수라댄 금요일❤️❤️,https://cafe.daum.net/osalsa/NYQK/848
1125,noise,R01_REVIEWED_NOT_ABOUT_SOMOIM_APP,daum,search_preview,3월 18일 정모 후기,https://cafe.daum.net/ilketennis/1n0z/12546
1126,noise,R01_REVIEWED_NOT_ABOUT_SOMOIM_APP,daum,search_preview,❤️❤️[수원 살사 바차타☆수라댄] 9월 2 일 금요 정모♡수원 취미 라틴댄스 동호회 - 너랑 정말 놀고싶어! 샅(살)바로~ ❤️❤️,https://cafe.daum.net/osalsa/NYXo/1016
1127,noise,R01_REVIEWED_NOT_ABOUT_SOMOIM_APP,daum,search_preview,❤️❤️ 수원라틴댄스 동호회 수라댄 8월 19일 금요일 정모 - 수원에서 가장 큰 지상 라틴바에서 정모하는 수라댄 ❤️❤️,https://cafe.daum.net/osalsa/NYXo/1001
1128,noise,R01_REVIEWED_NOT_ABOUT_SOMOIM_APP,daum,search_preview,❤️❤️[수원 살사 바차타 ☆ 수라댄] 10월 21일 금요 정모 ❤️❤️,https://cafe.daum.net/osalsa/NYXo/1075
1129,noise,R01_REVIEWED_NOT_ABOUT_SOMOIM_APP,daum,search_preview,❤️❤️[수원 살사 바차타 ☆ 수라댄] 11월 18일 금요일 정모 - 고비를 이긴 당신 정모에서 춤을 💃🕺 ❤️❤️,https://cafe.daum.net/osalsa/NYXo/1107
1130,noise,R01_REVIEWED_NOT_ABOUT_SOMOIM_APP,daum,search_preview,❤️❤️[수원 살사 바차타 ☆ 수라댄] 11월 11일 금요일 정모 🥖🥖 - 빼빼로데이에 춤을 ❤️❤️,https://cafe.daum.net/osalsa/NYXo/1097
1131,noise,R01_REVIEWED_NOT_ABOUT_SOMOIM_APP,daum,search_preview,[팀원모집]어플리케이션 기획/개발에 관심 있으신 분 계신가요?_재업로드,https://cafe.daum.net/osakalife/2xAE/44628
1132,noise,R01_REVIEWED_NOT_ABOUT_SOMOIM_APP,daum,search_preview,❤️❤️수원 라틴 댄스 동호회 수라댄 살사 초중급 모집 -불여우&로이❤️❤️,https://cafe.daum.net/osalsa/NYQK/799
1133,noise,R01_REVIEWED_NOT_ABOUT_SOMOIM_APP,daum,search_preview,[수원 살사 바차타☆수라댄] 8월 19일 금요 정모♡수원 취미 라틴댄스 동호회,https://cafe.daum.net/dk2094/5YUX/701
1134,noise,R01_REVIEWED_NOT_ABOUT_SOMOIM_APP,daum,search_preview,[온라인 투표]마음이 단체조끼(성가소비녀회 사용분) 추가 구입 투표,https://cafe.daum.net/gloriousdays/ae7Y/75
1135,noise,R01_REVIEWED_NOT_ABOUT_SOMOIM_APP,daum,search_preview,❤️❤️수원 라틴 댄스 동호회 수라댄 살사 준중급 모집 - 마담&빨간바지❤️❤️,https://cafe.daum.net/osalsa/NYQK/798
1136,noise,R01_REVIEWED_NOT_ABOUT_SOMOIM_APP,daum,search_preview,❤️❤️[수원 살사 바차타☆수라댄] 9월 16일 금요 정모 ♡ 수원 취미 라틴댄스 동호회 - 살사로 지방 분해~ 경기 최대인원정모❤️❤,https://cafe.daum.net/osalsa/NYXo/1032
1137,noise,R01_REVIEWED_NOT_ABOUT_SOMOIM_APP,daum,search_preview,[온라인 투표]임마누엘집 장애인의달 특별봉사 티셔츠 구입 중앙지원금 투표,https://cafe.daum.net/gloriousdays/ae7Y/76
1138,noise,R01_REVIEWED_NOT_ABOUT_SOMOIM_APP,daum,search_preview,[온라인 투표] 지온보육원 3월 아이들과 함께하는 삼겹살 특별봉사 중앙지원금 신청 투표,https://cafe.daum.net/gloriousdays/ae7Y/74
1139,noise,R01_REVIEWED_NOT_ABOUT_SOMOIM_APP,daum,search_preview,[온라인 투표] 지온보육원 10월 삼겹살특별봉사 사업계획 관련,https://cafe.daum.net/gloriousdays/ae7Y/55
1140,noise,R01_REVIEWED_NOT_ABOUT_SOMOIM_APP,daum,search_preview,금일 매매복기 및 주식스터디 안내,https://cafe.daum.net/10in10busan/9WVN/2499
1141,noise,R01_REVIEWED_NOT_ABOUT_SOMOIM_APP,daum,search_preview,수완지구 직장인 스터디 Freetalking 멤버 모집해요~(충원완료),https://cafe.daum.net/Powerenglish/T0A/1251
1142,noise,R01_REVIEWED_NOT_ABOUT_SOMOIM_APP,daum,search_preview,타노시무 공지(2015.09.23),https://cafe.daum.net/tanosimu-ulsan/CGV5/48
1143,noise,R01_REVIEWED_NOT_ABOUT_SOMOIM_APP,daum,search_preview,오늘의 주요이슈,https://cafe.daum.net/KimTHG/3rRs/652
1144,noise,R01_REVIEWED_NOT_ABOUT_SOMOIM_APP,daum,search_preview,"2030공무원, 교사들의 신나는 모임",https://cafe.daum.net/freshbestpeople/IBYX/10614
1145,noise,R01_REVIEWED_NOT_ABOUT_SOMOIM_APP,daum,search_preview,연 후원금 및 참여회비 관련,https://cafe.daum.net/gloriousdays/ae7Y/40
1146,noise,R01_REVIEWED_NOT_ABOUT_SOMOIM_APP,daum,search_preview,❤️❤️ 수원라틴댄스 동호회 수라댄 8월 12일 금요일 정모 - 홍보영상 공유❤️❤️,https://cafe.daum.net/osalsa/NYXo/991
1147,noise,R01_REVIEWED_NOT_ABOUT_SOMOIM_APP,daum,search_preview,(수완영어회화스터디)스터디멤버충원합니다(충원완료됐습니다),https://cafe.daum.net/Powerenglish/T0A/1267
1148,noise,R01_REVIEWED_NOT_ABOUT_SOMOIM_APP,daum,search_preview,공감하는 연습하고 배우는 모임,https://cafe.daum.net/nvc-network/ffqV/40
1149,noise,R01_REVIEWED_NOT_ABOUT_SOMOIM_APP,daum,search_preview,[팀원모집]어플리케이션 기획/개발에 관심 있으신 분 계신가요?,https://cafe.daum.net/osakalife/2xAE/44536
1150,noise,R01_REVIEWED_NOT_ABOUT_SOMOIM_APP,daum,search_preview,3월23일 목요일)오늘의 주요이슈,https://cafe.daum.net/rookie2k1/JcC2/107
1151,noise,R01_REVIEWED_NOT_ABOUT_SOMOIM_APP,daum,search_preview,[토요미팅공지] 2013년 10월 12일,https://cafe.daum.net/trendsystem/FN84/59
1152,noise,R01_REVIEWED_NOT_ABOUT_SOMOIM_APP,daum,search_preview,❤❤수라댄 7월 8일 금요일 정모 - 오거나이져 수라댄 115기 이블리 ❤❤,https://cafe.daum.net/osalsa/NYXo/930
1153,noise,R01_REVIEWED_NOT_ABOUT_SOMOIM_APP,daum,search_preview,"❤️❤️수원 수라댄 월요일 주희 턴&베이직, 무브&샤인 트레이닝❤️❤️",https://cafe.daum.net/osalsa/NYQK/801
1154,noise,R01_REVIEWED_NOT_ABOUT_SOMOIM_APP,daum,search_preview,❤️❤️ 수원라틴댄스 동호회 수라댄 8월 19일 금요일 정모 ❤️❤️,https://cafe.daum.net/ansandanceclub/PBaG/5961
1155,noise,R01_REVIEWED_NOT_ABOUT_SOMOIM_APP,daum,search_preview,❤️❤️ 수원라틴댄스 동호회 수라댄 8월 19일 금요일 정모 ❤️❤️,https://cafe.daum.net/salsadolce/jcwf/269
1156,noise,R01_REVIEWED_NOT_ABOUT_SOMOIM_APP,daum,search_preview,❤❤수라댄 6월 17일 금요일 정모 - Geek in the pink 라인댄스 오픈강습❤❤,https://cafe.daum.net/osalsa/NYXo/902
1157,noise,R01_REVIEWED_NOT_ABOUT_SOMOIM_APP,daum,search_preview,❤❤수라댄 7월 1일 시샵님 생일 금요일 정모❤❤,https://cafe.daum.net/osalsa/NYXo/925
1158,noise,R01_REVIEWED_NOT_ABOUT_SOMOIM_APP,daum,search_preview,❤️❤️ 수원라틴댄스 동호회 수라댄 8월 5일 금요일 정모 - 베이비 라인댄스 오픈강습❤️❤️,https://cafe.daum.net/osalsa/NYXo/978
1159,noise,R01_REVIEWED_NOT_ABOUT_SOMOIM_APP,daum,search_preview,솔로에서 기혼으로...,https://cafe.daum.net/busanc/C4Vj/832
1160,noise,R01_REVIEWED_NOT_ABOUT_SOMOIM_APP,daum,search_preview,8월9일 대본리딩,https://cafe.daum.net/playhbg/_album/1210
1161,noise,R01_REVIEWED_NOT_ABOUT_SOMOIM_APP,daum,search_preview,❤️❤️[수원 살사 바차타☆수라댄] 9월 23일 금요 정모 - 100명넘은 정모인원 소셜맛집🍷 수라댄 ❤️❤️,https://cafe.daum.net/salsadolce/jcwf/282
1162,noise,R01_REVIEWED_NOT_ABOUT_SOMOIM_APP,daum,search_preview,❤수원 수라댄 살사 126기 초급 & 초중급 모집 6월 24일 개강❤,https://cafe.daum.net/osalsa/NYQK/773
1163,noise,R01_REVIEWED_NOT_ABOUT_SOMOIM_APP,daum,search_preview,서울 건대입구 소담 중국어 한국어 한중 언어교환 모임,https://cafe.daum.net/studentinbejing/4RN9/2273
1164,keep,K02_REVIEWED_APP_QUESTION,daum,search_preview,모임이나 친구 사구고 싶어서,https://cafe.daum.net/baemilytory/8zMg/3065720
1165,noise,R01_REVIEWED_NOT_ABOUT_SOMOIM_APP,daum,search_preview,12/5 모임,https://cafe.daum.net/playhbg/_album/1272
1166,noise,R01_REVIEWED_NOT_ABOUT_SOMOIM_APP,daum,search_preview,10월 지기회의 보고서,https://cafe.daum.net/jincoop/ctmv/32
1167,noise,R01_REVIEWED_NOT_ABOUT_SOMOIM_APP,daum,search_preview,[토요미팅공지] 2013년 10월 26일,https://cafe.daum.net/trendsystem/FN84/63
1168,noise,R01_REVIEWED_NOT_ABOUT_SOMOIM_APP,daum,search_preview,서울 건대입구 소담 중국어 한국어 한중 언어교환 모임,https://cafe.daum.net/hskedu/HPBU/812
1169,noise,R01_REVIEWED_NOT_ABOUT_SOMOIM_APP,daum,search_preview,인천 B2볼링장 상주 데굴데굴BC 회원모집합니다,https://cafe.daum.net/bowlingevent/6Lgr/25562
1170,noise,R01_REVIEWED_NOT_ABOUT_SOMOIM_APP,daum,search_preview,건대입구 소담 중국어＜ ＞ 한국어 한중 언어교환 모임,https://cafe.daum.net/zhaolaoshi/2btR/1543
1171,noise,R01_REVIEWED_NOT_ABOUT_SOMOIM_APP,daum,search_preview,건대입구 소담 중국어＜ ＞한국어 한중 언어교환 모임,https://cafe.daum.net/zhaolaoshi/2lb5/1589
1172,noise,R01_REVIEWED_NOT_ABOUT_SOMOIM_APP,daum,search_preview,건대입구 소담 중국어＜ ＞한국어 한중 언어교환 모임,https://cafe.daum.net/zhaolaoshi/8lI4/1923
1173,noise,R01_REVIEWED_NOT_ABOUT_SOMOIM_APP,daum,search_preview,❤️❤️수원 수라댄 살사 초중급 모집 -불여우&로이❤️❤️,https://cafe.daum.net/ansandanceclub/PBaG/5951
1174,noise,R01_REVIEWED_NOT_ABOUT_SOMOIM_APP,daum,search_preview,❤️❤️[수원 살사 바차타☆수라댄] 8월 26일 금요 정모♡수원 취미 라틴댄스 동호회 - 수원 소셜비 최저가 8천원❤️❤️,https://cafe.daum.net/salsadolce/jcwf/270
1175,noise,R01_REVIEWED_NOT_ABOUT_SOMOIM_APP,daum,search_preview,❤수원 수라댄 금요일 정훈 주희 살사 한곡반❤,https://cafe.daum.net/osalsa/NYQK/780
1176,noise,R01_REVIEWED_NOT_ABOUT_SOMOIM_APP,daum,search_preview,❤️❤️수원 수라댄 살사 초중급 모집 금요일 -불여우&로이❤️❤️,https://cafe.daum.net/salsadolce/jcwf/257
1177,noise,R01_REVIEWED_NOT_ABOUT_SOMOIM_APP,daum,search_preview,❤️❤️수원 수라댄 살사 준중급 모집 - 마담&빨간바지❤️❤️,https://cafe.daum.net/ansandanceclub/PBaG/5952
1178,noise,R01_REVIEWED_NOT_ABOUT_SOMOIM_APP,daum,search_preview,"❤️❤️수라댄 금요일 7월 22일 금요일 정모- 정훈&주희, 소라&달콩, 그루포 공연팀 초청 ❤️❤️",https://cafe.daum.net/osalsa/NYXo/952
1179,noise,R01_REVIEWED_NOT_ABOUT_SOMOIM_APP,daum,search_preview,❤❤ 수원 라틴 댄스 동호회 살사 바차타 수라댄 7월 15일 금요일 정모 ❤❤,https://cafe.daum.net/osalsa/NYXo/948
1180,noise,R01_REVIEWED_NOT_ABOUT_SOMOIM_APP,daum,search_preview,❤️❤️수원 수라댄 살사 준중급 모집 금요일 - 마담&빨간바지❤️❤️,https://cafe.daum.net/salsadolce/jcwf/258
1181,noise,R01_REVIEWED_NOT_ABOUT_SOMOIM_APP,daum,search_preview,❤️❤️[수원 살사 바차타☆수라댄] 9월 2 일 금요 정모♡수원 취미 라틴댄스 동호회 - 너랑 정말 놀고싶어! 샅(살)바로~ ❤️❤️,https://cafe.daum.net/salsadolce/jcwf/277
1182,noise,R01_REVIEWED_NOT_ABOUT_SOMOIM_APP,daum,search_preview,"금요모임53-프로트레이더되기, 8월 23일 금요일",https://cafe.daum.net/trendsystem/FN84/44
1183,noise,R01_REVIEWED_NOT_ABOUT_SOMOIM_APP,daum,search_preview,"20/08/07 수원교구, 9월부터 완화된 지침 발표 - 주교 사목방문과 주교 주례 미사 9월부터 재개",https://cafe.daum.net/cagonjiamalbum/D3Kt/9914
1184,noise,R01_REVIEWED_NOT_ABOUT_SOMOIM_APP,daum,search_preview,"천주교 수원교구, 9월부터 완화된 지침 발표",https://cafe.daum.net/yochurch/Ntox/144
1185,noise,R01_REVIEWED_NOT_ABOUT_SOMOIM_APP,daum,search_preview,"성남 수진볼링장 TPBC 회원모집합니다(분당,송파,위례,타지역)",https://cafe.daum.net/bowlingevent/LGp7/817
1186,noise,R01_REVIEWED_NOT_ABOUT_SOMOIM_APP,daum,search_preview,jeff,https://cafe.daum.net/icenglove/82H/3605
1187,noise,R01_REVIEWED_NOT_ABOUT_SOMOIM_APP,daum,search_preview,❤️❤️ 수원라틴댄스 동호회 수라댄 8월 12일 금요일 정모 - 홍보영상 공유❤️❤️,https://cafe.daum.net/salsadolce/jcwf/266
1188,noise,R01_REVIEWED_NOT_ABOUT_SOMOIM_APP,daum,search_preview,❤️❤️ 수원라틴댄스 동호회 수라댄 8월 12일 금요일 정모 - 홍보영상 공유❤️❤️,https://cafe.daum.net/ansandanceclub/PBaG/5956
1189,noise,R01_REVIEWED_NOT_ABOUT_SOMOIM_APP,daum,search_preview,"❤️❤️수원 수라댄 월요일 주희💃 턴&베이직, 무브&샤인 트레이닝❤️❤️",https://cafe.daum.net/ansandanceclub/PBaG/5953
1190,noise,R01_REVIEWED_NOT_ABOUT_SOMOIM_APP,daum,search_preview,"❤️❤️수원 수라댄 월요일 주희💃 턴&베이직, 무브&샤인 트레이닝❤️❤️",https://cafe.daum.net/salsadolce/jcwf/260
1191,noise,R01_REVIEWED_NOT_ABOUT_SOMOIM_APP,daum,search_preview,[2019.2.1] 스터디 출첵,https://cafe.daum.net/daretodisagree/FgNX/473
1192,noise,R01_REVIEWED_NOT_ABOUT_SOMOIM_APP,daum,search_preview,등산 크루와 관련하여,https://cafe.daum.net/mtjigi/SUzy/2362
1193,noise,R01_REVIEWED_NOT_ABOUT_SOMOIM_APP,daum,search_preview,2030 무료강습 무료입장 진행합니다,https://cafe.daum.net/osalsa/J4uJ/13863
1194,noise,R01_REVIEWED_NOT_ABOUT_SOMOIM_APP,daum,search_preview,2030 무료강습 무료입장 진행합니다,https://cafe.daum.net/LP/4t/45969
1195,noise,R01_REVIEWED_NOT_ABOUT_SOMOIM_APP,daum,search_preview,[2019.1.25] 스터디 출첵,https://cafe.daum.net/daretodisagree/FgNX/472
1196,noise,R01_REVIEWED_NOT_ABOUT_SOMOIM_APP,daum,search_preview,❤️❤️수원 수라댄 8월 5일 금요일 정모 - 베이비 라인댄스 오픈강습❤️❤️,https://cafe.daum.net/salsadolce/jcwf/259
1197,noise,R01_REVIEWED_NOT_ABOUT_SOMOIM_APP,daum,search_preview,2030 무료강습 무료입장 진행합니다,https://cafe.daum.net/LP/4t/45937
1198,noise,R01_REVIEWED_NOT_ABOUT_SOMOIM_APP,daum,search_preview,2030 무료강습 무료입장 진행합니다,https://cafe.daum.net/buls1004/3E0i/11607
1199,noise,R01_REVIEWED_NOT_ABOUT_SOMOIM_APP,daum,search_preview,창조주이시며 만물의 통치자이신 하나님을 찬양합니다.,https://cafe.daum.net/walkwithbible/OL05/2441
1200,noise,R01_REVIEWED_NOT_ABOUT_SOMOIM_APP,daum,search_preview,"즐기자, 봄날의 취미생활",https://cafe.daum.net/hpykim52/HEPN/1535
1201,noise,R01_REVIEWED_NOT_ABOUT_SOMOIM_APP,daum,search_preview,2030 무료강습 무료입장 진행합니다,https://cafe.daum.net/buls1004/3E0i/11583
1202,noise,R01_REVIEWED_NOT_ABOUT_SOMOIM_APP,daum,search_preview,라플의 메렝게쟁이들 오늘 마리솔서 모입니당~~~,https://cafe.daum.net/latinfloor/DYa5/8420
1203,noise,R01_REVIEWED_NOT_ABOUT_SOMOIM_APP,daum,search_preview,기독교 친구 구해요,https://cafe.daum.net/dorje76/NZA7/3301
1204,noise,R01_REVIEWED_NOT_ABOUT_SOMOIM_APP,daum,search_preview,방송일일댄스 커플로 배울한만곳,https://cafe.daum.net/dotax/D8UA/4793727
1205,noise,R01_REVIEWED_NOT_ABOUT_SOMOIM_APP,daum,search_preview,세대 대통합! 한승우씨,https://cafe.daum.net/X1official/pBDG/268620
1206,noise,R01_REVIEWED_NOT_ABOUT_SOMOIM_APP,daum,search_preview,서울 건대입구 소담 중국어 한국어 한중 언어교환 모임,https://cafe.daum.net/kcfriendskorea/QqQf/239
1207,noise,R01_REVIEWED_NOT_ABOUT_SOMOIM_APP,daum,search_preview,ENTJ의 집콕생활기 (부제 : 코로나로 인해 취미가 늘어난 2020년) 🦠🏠,https://cafe.daum.net/subdued20club/LxCT/285985
1208,noise,R01_REVIEWED_NOT_ABOUT_SOMOIM_APP,daum,search_preview,2030 무료강습 무료입장 진행합니다,https://cafe.daum.net/4446/CZMS/14672
1209,noise,R01_REVIEWED_NOT_ABOUT_SOMOIM_APP,daum,search_preview,2030 무료강습 무료입장 진행합니다,https://cafe.daum.net/salatin/gJM1/2621
1210,noise,R01_REVIEWED_NOT_ABOUT_SOMOIM_APP,daum,search_preview,2030 무료강습 무료입장 진행합니다,https://cafe.daum.net/4446/CZMS/14649
1211,noise,R01_REVIEWED_NOT_ABOUT_SOMOIM_APP,daum,search_preview,2030 무료강습 무료입장 진행합니다,https://cafe.daum.net/salatin/gJM1/2600
1212,noise,R01_REVIEWED_NOT_ABOUT_SOMOIM_APP,daum,search_preview,월드플렉스 볼링클럽-동서울 그랜드 볼링장,https://cafe.daum.net/bowlingevent/LGp7/897
1213,noise,R01_REVIEWED_NOT_ABOUT_SOMOIM_APP,daum,search_preview,직장인들은 친구 어디서 사겨 ?,https://cafe.daum.net/ok1221/8lcX/88609607
1214,noise,R01_REVIEWED_NOT_ABOUT_SOMOIM_APP,daum,search_preview,2030 무료강습 무료입장 진행합니다,https://cafe.daum.net/happylatin/E3iL/24514
1215,noise,R01_REVIEWED_NOT_ABOUT_SOMOIM_APP,daum,search_preview,2030 무료강습 무료입장 진행합니다,https://cafe.daum.net/bachatakorea/igPP/162
1216,noise,R01_REVIEWED_NOT_ABOUT_SOMOIM_APP,daum,search_preview,안녕하세요 2030 수도권 공무원 모임 모집합니다~^^,https://cafe.daum.net/9glade/KQMv/145516
1217,noise,R01_REVIEWED_NOT_ABOUT_SOMOIM_APP,daum,search_preview,마커스워십/어노인팅 찬양집회 같이 가요,https://cafe.daum.net/jumannam/L2te/89
1218,noise,R01_REVIEWED_NOT_ABOUT_SOMOIM_APP,daum,search_preview,나를 위한 하루 30분,https://cafe.daum.net/Sangkoya/b1L7/198
1219,noise,R01_REVIEWED_NOT_ABOUT_SOMOIM_APP,daum,search_preview,NBA GM 2014 댓글로 친구 등록하세요.,https://cafe.daum.net/ilovenba/2Sir/4253
1220,noise,R01_REVIEWED_NOT_ABOUT_SOMOIM_APP,daum,search_preview,20160320 롯데공연 후기 (공연후기가 아닐 수 있다는 점이 함정...),https://cafe.daum.net/junchin/c1vF/186
1221,noise,R01_REVIEWED_NOT_ABOUT_SOMOIM_APP,daum,search_preview,"벙주님들, 예비 벙주님들, 총무님들 벙개에 참석하시는 회원분들 ~~ 필독하시면 좋아요~~",https://cafe.daum.net/3040withus/6sau/9297
1222,noise,R01_REVIEWED_NOT_ABOUT_SOMOIM_APP,daum,search_preview,SLK 350 r171 후기형 판매합니다. 가격 인하,https://cafe.daum.net/koreaslkclub/18DV/14468
1223,noise,R01_REVIEWED_NOT_ABOUT_SOMOIM_APP,daum,search_preview,SLK 350 r171 후기형 판매합니다. 가격 인하,https://cafe.daum.net/koreaslkclub/18DV/14492
1224,noise,R01_REVIEWED_NOT_ABOUT_SOMOIM_APP,daum,search_preview,이사관계로급매합니다.,https://cafe.daum.net/dorje76/Ny6/76624
1225,noise,R01_REVIEWED_NOT_ABOUT_SOMOIM_APP,daum,search_preview,이사관계로급매합니다.,https://cafe.daum.net/dorje76/Ny6/76875
1226,noise,R01_REVIEWED_NOT_ABOUT_SOMOIM_APP,daum,search_preview,이사관계로급매합니다.남양주시별내동아파트상가,https://cafe.daum.net/dorje76/Ny6/77065
1227,noise,R01_REVIEWED_NOT_ABOUT_SOMOIM_APP,daum,search_preview,이사관계로급매합니다,https://cafe.daum.net/dorje76/Ny6/76993
1228,noise,R01_REVIEWED_NOT_ABOUT_SOMOIM_APP,daum,search_preview,이사관계로급매합니다.,https://cafe.daum.net/dorje76/Ny6/76685
1229,noise,R01_REVIEWED_NOT_ABOUT_SOMOIM_APP,daum,search_preview,클리앙)교회가 비대면 예배를 싫어하는 이유..,https://cafe.daum.net/dotax/Elgq/3508422
1230,noise,R01_REVIEWED_NOT_ABOUT_SOMOIM_APP,daum,search_preview,취향 존중의 시대 #살롱문화,https://cafe.daum.net/redtraintour/1fY7/1487
1231,noise,R01_REVIEWED_NOT_ABOUT_SOMOIM_APP,daum,search_preview,8월 천안 소모임 후기,https://cafe.daum.net/s.shool/WkJK/1044
1232,noise,R01_REVIEWED_NOT_ABOUT_SOMOIM_APP,daum,search_preview,260805 인천 영성학교 소모임 후기,https://cafe.daum.net/s.shool/WkJM/1351
1233,noise,R01_REVIEWED_NOT_ABOUT_SOMOIM_APP,daum,search_preview,'26년 8월 10일 울산영성학교 소모임 후기,https://cafe.daum.net/s.shool/WkJJ/425
1234,noise,R01_REVIEWED_NOT_ABOUT_SOMOIM_APP,daum,search_preview,배우님은 빛과 소금 바닐라는 떠날 수 없는 영원한 천국(2026 소모임 후기),https://cafe.daum.net/zisoo/kBWI/156
1235,noise,R01_REVIEWED_NOT_ABOUT_SOMOIM_APP,daum,search_preview,쟤만 나를 안 보네? G열 13번.. ˗ˋˏ내 앞으로 데려와.ˎˊ˗ (부제: 260419 소모임 후기 ),https://cafe.daum.net/zisoo/kYXV/92
1236,noise,R01_REVIEWED_NOT_ABOUT_SOMOIM_APP,daum,search_preview,"2026.01.14(수)17시30.서초구,방삼스. 소모임 후기.",https://cafe.daum.net/siwhe/k6FU/184
1237,noise,R01_REVIEWED_NOT_ABOUT_SOMOIM_APP,daum,search_preview,어제 비발디파크- 소모임 후기 .,https://cafe.daum.net/rocksoccer/ADrt/880150
1238,noise,R01_REVIEWED_NOT_ABOUT_SOMOIM_APP,daum,search_preview,"2025.11.10.(월)오후5시.서초구,방삼스, 소모임 , 후기 ..",https://cafe.daum.net/siwhe/k6HY/456
1239,noise,R01_REVIEWED_NOT_ABOUT_SOMOIM_APP,daum,search_preview,[25.3.15 ]징검다리 6주년 기념 소모임 후기,https://cafe.daum.net/sealove2019/s1jY/6195
1240,noise,R01_REVIEWED_NOT_ABOUT_SOMOIM_APP,daum,search_preview,소모임 포토 후기 + (금)AGO 갤러리 나잇 (토)라이브 재즈 콘서트 (토)지중해 브런치 초대,https://cafe.daum.net/skc67/36i9/535014
1241,noise,R01_REVIEWED_NOT_ABOUT_SOMOIM_APP,daum,search_preview,라임탱고 소모임 :도서 후기,https://cafe.daum.net/limetangocafe/YvIX/715
1242,noise,R01_REVIEWED_NOT_ABOUT_SOMOIM_APP,daum,search_preview,유익한 소모임 연수 진행 후기,https://cafe.daum.net/tubeampkit/Yn5x/5961
1243,noise,R01_REVIEWED_NOT_ABOUT_SOMOIM_APP,daum,search_preview,3. 31.(월) 전주 소모임 후기,https://cafe.daum.net/s.shool/WkJI/292
1244,noise,R01_REVIEWED_NOT_ABOUT_SOMOIM_APP,daum,search_preview,4.26일 소모임 후기,https://cafe.daum.net/moyamoya/S7H/201
1245,noise,R01_REVIEWED_NOT_ABOUT_SOMOIM_APP,daum,search_preview,차근차근 첫번째 소모임 [BUTTERFLY] 후기,https://cafe.daum.net/with.SOOKYUM/sidR/31
1246,noise,R01_REVIEWED_NOT_ABOUT_SOMOIM_APP,daum,search_preview,2024 경기도초등교육연구회 소모임 연수 후기,https://cafe.daum.net/keeta/eUti/30
1247,noise,R01_REVIEWED_NOT_ABOUT_SOMOIM_APP,daum,search_preview,전북녹색연합 10월 회원 소모임 ‘구멍을 살리는 바느질’ 후기,https://cafe.daum.net/jeonbukgreen/t9QP/2
1248,noise,R01_REVIEWED_NOT_ABOUT_SOMOIM_APP,daum,search_preview,전남 소모임 소식을 한달 후에 소개하네요. [25/02/15 전남영암],https://cafe.daum.net/beelove/RW1h/1181
1249,noise,R01_REVIEWED_NOT_ABOUT_SOMOIM_APP,daum,search_preview,2014.11.03 아르페지오 시즌6 - 소모임 후기 [엑박 풀었음! 수정완료]ㅋ,https://cafe.daum.net/busantongli/4afe/38633
1250,noise,R01_REVIEWED_NOT_ABOUT_SOMOIM_APP,daum,search_preview,★다이나마이트 11월2일 소모임 후기 ★,https://cafe.daum.net/gripboard/TdyR/1281
1251,noise,R01_REVIEWED_NOT_ABOUT_SOMOIM_APP,daum,search_preview,1월 15일 지산 소모임 후기 ~^♡^,https://cafe.daum.net/insmo2/EWv8/11444
1252,noise,R01_REVIEWED_NOT_ABOUT_SOMOIM_APP,daum,search_preview,4월17일 2632 레포츠 소모임 후기 [내용있음 ㅋㅋ],https://cafe.daum.net/2632age/DU/1277
1253,noise,R01_REVIEWED_NOT_ABOUT_SOMOIM_APP,daum,search_preview,( 후기 ) 날 울렸던 U 밴드 소모임 후기 ..,https://cafe.daum.net/3040yourspace/NR2g/340
1254,noise,R01_REVIEWED_NOT_ABOUT_SOMOIM_APP,daum,search_preview,2026 식생활활동가 역량강화연수 후기,https://cafe.daum.net/hansalimfoodlife/O48H/164
1255,noise,R01_REVIEWED_NOT_ABOUT_SOMOIM_APP,daum,search_preview,2월 2일 극단 내 소모임 정모 ♡,https://cafe.daum.net/playhbg/_album/1688
1256,noise,R01_REVIEWED_NOT_ABOUT_SOMOIM_APP,daum,search_preview,(서울강동) 송파지역 소모임 후기,https://cafe.daum.net/yogicflying/JxFb/879
1257,noise,R01_REVIEWED_NOT_ABOUT_SOMOIM_APP,daum,search_preview,상디의 면목동 소모임 후기,https://cafe.daum.net/62831004/PNRc/21226
1258,noise,R01_REVIEWED_NOT_ABOUT_SOMOIM_APP,daum,search_preview,⚽ 26.06.27(토) 비광전 후기 ⚽,https://cafe.daum.net/electfc/D4Ty/159
1259,noise,R01_REVIEWED_NOT_ABOUT_SOMOIM_APP,daum,search_preview,[돌봄공동체북클럽 5월 모임 후기 ],https://cafe.daum.net/bumoedul/kY5F/71
1260,noise,R01_REVIEWED_NOT_ABOUT_SOMOIM_APP,daum,search_preview,소모임 후기,https://cafe.daum.net/heyee/F80o/8177
1261,noise,R01_REVIEWED_NOT_ABOUT_SOMOIM_APP,daum,search_preview,서로돌봄카페 x 살림일본어 소모임 (동구리 와 쇼세츠노 코야) 일본문화교류의 낮,https://cafe.daum.net/femihealth/WMKP/160
1262,noise,R01_REVIEWED_NOT_ABOUT_SOMOIM_APP,daum,search_preview,수도권지역 소모임 후기,https://cafe.daum.net/keboard/KVd8/224
1263,noise,R01_REVIEWED_NOT_ABOUT_SOMOIM_APP,daum,search_preview,"""불후의명곡"" 소모임 후기 입니다.",https://cafe.daum.net/ulsantongchin/53kq/863
1264,noise,R01_REVIEWED_NOT_ABOUT_SOMOIM_APP,daum,search_preview,2009.07.14 여섯번째 볼링 소모임 후기,https://cafe.daum.net/cjskilove/GC4y/13765
1265,noise,R01_REVIEWED_NOT_ABOUT_SOMOIM_APP,daum,search_preview,양평 소모임 후기 입니다,https://cafe.daum.net/soccerz2/CT24/352
1266,noise,R01_REVIEWED_NOT_ABOUT_SOMOIM_APP,daum,search_preview,6/26(금) 목요반&금요반 버스킹 후기 ~♡,https://cafe.daum.net/ulsantongchin/DdSU/136
1267,noise,R01_REVIEWED_NOT_ABOUT_SOMOIM_APP,daum,search_preview,불같은 주말.. 금요일 사녹이랑 소모임 후기,https://cafe.daum.net/RealVIXX/AD6T/4113
1268,noise,R01_REVIEWED_NOT_ABOUT_SOMOIM_APP,daum,search_preview,[자.마.다] 서경 가족 소모임 후기 ^^*.,https://cafe.daum.net/01079088908/Ewd6/123
1269,noise,R01_REVIEWED_NOT_ABOUT_SOMOIM_APP,daum,search_preview,2012-12-2 서울 올드바이크 소모임 .- 후기,https://cafe.daum.net/mmm5785/6nbx/278
1270,noise,R01_REVIEWED_NOT_ABOUT_SOMOIM_APP,daum,search_preview,"[와인 소모임 후기 ]13.2.22 불금, 은평 초록길에 꽃송이가 피다~",https://cafe.daum.net/femihealth/S2Cq/830
1271,noise,R01_REVIEWED_NOT_ABOUT_SOMOIM_APP,daum,search_preview,서울방 정모 대신 이루어진 소모임 후기입니다**,https://cafe.daum.net/seedshare/HHIh/8368
1272,noise,R01_REVIEWED_NOT_ABOUT_SOMOIM_APP,daum,search_preview,스트로크 소모임 후기,https://cafe.daum.net/sonaguitar/gJD6/1668
1273,noise,R01_REVIEWED_NOT_ABOUT_SOMOIM_APP,daum,search_preview,일산 소모임 후기 2탄..,https://cafe.daum.net/bogumilbo/eI5P/15
1274,noise,R01_REVIEWED_NOT_ABOUT_SOMOIM_APP,daum,search_preview,서울/경기 지역 소모임 후기,https://cafe.daum.net/80000life/JXmp/14
1275,noise,R01_REVIEWED_NOT_ABOUT_SOMOIM_APP,daum,search_preview,골든웨스트mc에서 서울 소모임 후기,https://cafe.daum.net/mmm5785/hcm/2345
1276,noise,R01_REVIEWED_NOT_ABOUT_SOMOIM_APP,daum,search_preview,++ 아이마음읽기 소모임 후기 ++,https://cafe.daum.net/10in10/1pRl/908760
1277,noise,R01_REVIEWED_NOT_ABOUT_SOMOIM_APP,daum,search_preview,2013-05-11 에버랜드 소모임 후기 !~^^,https://cafe.daum.net/cjskilove/P8tw/2169
1278,noise,R01_REVIEWED_NOT_ABOUT_SOMOIM_APP,daum,search_preview,★다이너마이트 11월 5일 수요일 저녁 소모임 후기 ★,https://cafe.daum.net/gripboard/TdyR/1285
1279,noise,R01_REVIEWED_NOT_ABOUT_SOMOIM_APP,daum,search_preview,대전지역 3차 소모임 후기 올려요~~,https://cafe.daum.net/decorplaza/OFbs/4770
1280,noise,R01_REVIEWED_NOT_ABOUT_SOMOIM_APP,daum,search_preview,19일 소모임 후기 (19세 이상만),https://cafe.daum.net/busanc/2q0w/37084
1281,noise,R01_REVIEWED_NOT_ABOUT_SOMOIM_APP,daum,search_preview,* 양평 애완밸리 소모임 후기 ^^ *,https://cafe.daum.net/shibanara/421c/5181
1282,noise,R01_REVIEWED_NOT_ABOUT_SOMOIM_APP,daum,search_preview,1월 29일 지산 소모임 후기 ~^♡^,https://cafe.daum.net/insmo2/EWv8/11458
1283,noise,R01_REVIEWED_NOT_ABOUT_SOMOIM_APP,daum,search_preview,🎥첫만남은너무어려워🎞️ 설렘가득! 행정 OT 후기 글,https://cafe.daum.net/hula/9sS9/4
1284,noise,R01_REVIEWED_NOT_ABOUT_SOMOIM_APP,daum,search_preview,[칠곡북삼] 17년 02월 19일 충청지역 소모임 후기 입니다.,https://cafe.daum.net/shibanara/421c/5788
1285,noise,R01_REVIEWED_NOT_ABOUT_SOMOIM_APP,daum,search_preview,2011.양평사커즈 소모임 후기 !!!,https://cafe.daum.net/soccerz2/CT24/357
1286,noise,R01_REVIEWED_NOT_ABOUT_SOMOIM_APP,daum,search_preview,승진의 첫 볼링 소모임 후기 요~~~~,https://cafe.daum.net/hairshop/Idp/486
1287,noise,R01_REVIEWED_NOT_ABOUT_SOMOIM_APP,daum,search_preview,2010.09.29 F코드 소모임 후기 입니다! (F코드님들 필독),https://cafe.daum.net/ulsantongchin/4Cfr/618
1288,noise,R01_REVIEWED_NOT_ABOUT_SOMOIM_APP,daum,search_preview,4회차 청년 아토피안 소모임 후기 를 들려드립니다.^^,https://cafe.daum.net/atopy/OBSl/21
1289,noise,R01_REVIEWED_NOT_ABOUT_SOMOIM_APP,daum,search_preview,인천 소모임 후기,https://cafe.daum.net/sshbotary/PhVA/32
1290,noise,R01_REVIEWED_NOT_ABOUT_SOMOIM_APP,daum,search_preview,소모임 후기 요...,https://cafe.daum.net/soccerz2/CT24/277
1291,noise,R01_REVIEWED_NOT_ABOUT_SOMOIM_APP,daum,search_preview,우행시 4월 첫 소모임 후기 !!!,https://cafe.daum.net/ulsantongchin/53kq/1015
1292,noise,R01_REVIEWED_NOT_ABOUT_SOMOIM_APP,daum,search_preview,열한번째 볼링 소모임 후기 .....................ㅎㅎㅎ,https://cafe.daum.net/cjskilove/GC4y/13871
1293,noise,R01_REVIEWED_NOT_ABOUT_SOMOIM_APP,daum,search_preview,광주 소모임 후기,https://cafe.daum.net/gripboard/TXoN/3007
1294,noise,R01_REVIEWED_NOT_ABOUT_SOMOIM_APP,daum,search_preview,2010.10.28 에푸코드 (수) 소모임 후기 입니다!,https://cafe.daum.net/ulsantongchin/4Cfr/632
1295,noise,R01_REVIEWED_NOT_ABOUT_SOMOIM_APP,daum,search_preview,아토피 스타 9월 소모임 후기 를 이제야 올리네요. (어슬렁 정거장),https://cafe.daum.net/atopy/OBSl/42
1296,noise,R01_REVIEWED_NOT_ABOUT_SOMOIM_APP,daum,search_preview,2026년 7월 10일 금요일 모임 후기,https://cafe.daum.net/Polyamory/U9HQ/140
1297,noise,R01_REVIEWED_NOT_ABOUT_SOMOIM_APP,daum,search_preview,인천지역 소모임 후기,https://cafe.daum.net/AirRifle/A05/799
1298,noise,R01_REVIEWED_NOT_ABOUT_SOMOIM_APP,daum,search_preview,[칠곡북삼] 16년 4월 17일 시바나라 충청지역 소모임 후기 !!,https://cafe.daum.net/shibanara/421c/5467
1299,noise,R01_REVIEWED_NOT_ABOUT_SOMOIM_APP,daum,search_preview,소모임 후기,https://cafe.daum.net/soccerz2/CT24/276
1300,noise,R01_REVIEWED_NOT_ABOUT_SOMOIM_APP,daum,search_preview,2012.시작하는 첫 소모임 후기 !!!ㅎ,https://cafe.daum.net/soccerz2/CT24/449
1301,noise,R01_REVIEWED_NOT_ABOUT_SOMOIM_APP,daum,search_preview,[29기] '우리 다함께' 독서 친목 소모임 후기 입니다~!,https://cafe.daum.net/2007iji/13ZW/428
1302,noise,R01_REVIEWED_NOT_ABOUT_SOMOIM_APP,daum,search_preview,1차 주식 소모임 후기 및 결산,https://cafe.daum.net/phland1/IYZs/150
1303,noise,R01_REVIEWED_NOT_ABOUT_SOMOIM_APP,daum,search_preview,소통팀 소모임 후기,https://cafe.daum.net/2007iji/NbUL/69
1304,noise,R01_REVIEWED_NOT_ABOUT_SOMOIM_APP,daum,search_preview,[ 소모임 ]~경기/인천 소모임 후기 (2004년 9월)~,https://cafe.daum.net/epilepsy/1moE/449
1305,noise,R01_REVIEWED_NOT_ABOUT_SOMOIM_APP,daum,search_preview,8번째 볼링 소모임 후기 ~!!!!!,https://cafe.daum.net/cjskilove/GC4y/13800
1306,noise,R01_REVIEWED_NOT_ABOUT_SOMOIM_APP,daum,search_preview,★★★★★★18일 토요일 소모임 후기 ★★★★★★★,https://cafe.daum.net/Arsenal/8iqH/27945
1307,noise,R01_REVIEWED_NOT_ABOUT_SOMOIM_APP,daum,search_preview,11월 천안 소모임 후기,https://cafe.daum.net/paperparadise/NIJ3/44
1308,noise,R01_REVIEWED_NOT_ABOUT_SOMOIM_APP,daum,search_preview,"■ 광주, 전남 소모임 후기",https://cafe.daum.net/s.shool/WkJI/228
1309,noise,R01_REVIEWED_NOT_ABOUT_SOMOIM_APP,daum,search_preview,2023.3.18(토)중부지역(대전) 소모임 후기 입니다,https://cafe.daum.net/moyamoya/S7H/195
1310,noise,R01_REVIEWED_NOT_ABOUT_SOMOIM_APP,daum,search_preview,지역 소모임 후기,https://cafe.daum.net/okok8949/Mslk/1292
1311,noise,R01_REVIEWED_NOT_ABOUT_SOMOIM_APP,daum,search_preview,제 1회 강연 소모임 후기 .,https://cafe.daum.net/cjskilove/P8tw/2166
1312,noise,R01_REVIEWED_NOT_ABOUT_SOMOIM_APP,daum,search_preview,제 1회 한국 아키다 매니아 클럽 경상도 소모임 후기 ^^,https://cafe.daum.net/asamoakitas/O4so/17
1313,noise,R01_REVIEWED_NOT_ABOUT_SOMOIM_APP,daum,search_preview,대전(충남) 정기 소모임 후기,https://cafe.daum.net/gripboard/TdyR/13
1314,noise,R01_REVIEWED_NOT_ABOUT_SOMOIM_APP,daum,search_preview,오목교 소모임 후기,https://cafe.daum.net/gripboard/TdyR/36
1315,noise,R01_REVIEWED_NOT_ABOUT_SOMOIM_APP,daum,search_preview,[8월 화성 오산 소모임 ] 후기,https://cafe.daum.net/s.shool/WkJM/1042
1316,noise,R01_REVIEWED_NOT_ABOUT_SOMOIM_APP,daum,search_preview,동부권 소모임 후기 임다~,https://cafe.daum.net/rmflsvldk/5TUy/552
1317,noise,R01_REVIEWED_NOT_ABOUT_SOMOIM_APP,daum,search_preview,[07.28]일곱번째 볼링 소모임 후기 ~!!,https://cafe.daum.net/cjskilove/GC4y/13779
1318,noise,R01_REVIEWED_NOT_ABOUT_SOMOIM_APP,daum,search_preview,"서울,경인 소모임 후기",https://cafe.daum.net/keboard/KVd8/62
1319,noise,R01_REVIEWED_NOT_ABOUT_SOMOIM_APP,daum,search_preview,2012. 12. 21 와인 소모임 후기,https://cafe.daum.net/femihealth/S2Cq/762
1320,noise,R01_REVIEWED_NOT_ABOUT_SOMOIM_APP,daum,search_preview,2월15일 유스케잇 소모임 후기 ~~,https://cafe.daum.net/3040yourspace/NR2g/22
1321,noise,R01_REVIEWED_NOT_ABOUT_SOMOIM_APP,daum,search_preview,동경소녀 소모임 후기 - 아련한 월요일의 추억,https://cafe.daum.net/sonaguitar/gJD6/1110
1322,noise,R01_REVIEWED_NOT_ABOUT_SOMOIM_APP,daum,search_preview,충청 소모임 후기 .사진.,https://cafe.daum.net/ihave2jobs/DR7/39
1323,noise,R01_REVIEWED_NOT_ABOUT_SOMOIM_APP,daum,search_preview,개띠해 구봉도 첫 소모임 후기 ...,https://cafe.daum.net/yhyun105/HF9d/7
1324,noise,R01_REVIEWED_NOT_ABOUT_SOMOIM_APP,daum,search_preview,인천 다이나마이트 소모임 후기,https://cafe.daum.net/gripboard/TdyR/1434
1325,noise,R01_REVIEWED_NOT_ABOUT_SOMOIM_APP,daum,search_preview,서울 소모임 후기 _새빛섬에서 찍은 다캐 화보들...,https://cafe.daum.net/diecast/24Dk/43491
1326,noise,R01_REVIEWED_NOT_ABOUT_SOMOIM_APP,daum,search_preview,감사했던 충청 소모임 후기 ...,https://cafe.daum.net/tea3/5aoA/1558
1327,noise,R01_REVIEWED_NOT_ABOUT_SOMOIM_APP,daum,search_preview,2010.09.08 F코드 소모임 후기 (F코드님들 확인 부탁 드립니다!),https://cafe.daum.net/ulsantongchin/DM8P/3866
1328,noise,R01_REVIEWED_NOT_ABOUT_SOMOIM_APP,daum,search_preview,남부지역 소모임 후기,https://cafe.daum.net/bkyoon/37Nh/6159
1329,noise,R01_REVIEWED_NOT_ABOUT_SOMOIM_APP,daum,search_preview,울산 소모임 후기,https://cafe.daum.net/0115590089/DM6k/5343
1330,noise,R01_REVIEWED_NOT_ABOUT_SOMOIM_APP,daum,search_preview,5월 28일 당구 소모임 벙개 후기 입니다~^^,https://cafe.daum.net/3040yourspace/NR2g/360
1331,noise,R01_REVIEWED_NOT_ABOUT_SOMOIM_APP,daum,search_preview,자유로 소모임 후기,https://cafe.daum.net/keboard/KVd8/1721
1332,noise,R01_REVIEWED_NOT_ABOUT_SOMOIM_APP,daum,search_preview,수도권 소모임 후기 !20240504,https://cafe.daum.net/moyamoya/S7E/374
1333,noise,R01_REVIEWED_NOT_ABOUT_SOMOIM_APP,daum,search_preview,240226 소모임 후기,https://cafe.daum.net/zisoo/kBWI/69
1334,noise,R01_REVIEWED_NOT_ABOUT_SOMOIM_APP,daum,search_preview,와인 소모임 (!!) 후기 11/29,https://cafe.daum.net/femihealth/S2Cq/725
1335,noise,R01_REVIEWED_NOT_ABOUT_SOMOIM_APP,daum,search_preview,구미 첫 소모임 ( 후기 ),https://cafe.daum.net/kys1005/2YKn/1227
1336,noise,R01_REVIEWED_NOT_ABOUT_SOMOIM_APP,daum,search_preview,26일 소모임 후기 ...,https://cafe.daum.net/pinbreaker/73dE/13965
1337,noise,R01_REVIEWED_NOT_ABOUT_SOMOIM_APP,daum,search_preview,풍가기의 소모임 후기 ..,https://cafe.daum.net/yhyun105/HF9d/62
1338,noise,R01_REVIEWED_NOT_ABOUT_SOMOIM_APP,daum,search_preview,2010.10.06 F코드 소모임 후기 입니다!,https://cafe.daum.net/ulsantongchin/4Cfr/622
1339,noise,R01_REVIEWED_NOT_ABOUT_SOMOIM_APP,daum,search_preview,의왕과천 소모임 후기,https://cafe.daum.net/litops/TqNI/18
1340,noise,R01_REVIEWED_NOT_ABOUT_SOMOIM_APP,daum,search_preview,강남 소모임 후기 입니다~,https://cafe.daum.net/MINDMIRROR/GGTF/2911
1341,noise,R01_REVIEWED_NOT_ABOUT_SOMOIM_APP,daum,search_preview,서울.경기.인천 소모임 후기,https://cafe.daum.net/okok8949/Mslk/1285
1342,noise,R01_REVIEWED_NOT_ABOUT_SOMOIM_APP,daum,search_preview,2012년 06월 23일 풋풋 소모임 후기 입니다.,https://cafe.daum.net/femihealth/S2Cq/550
1343,noise,R01_REVIEWED_NOT_ABOUT_SOMOIM_APP,daum,search_preview,[비트] 10월 7일 금요일 소모임 후기 : 기초코드 무한반복& 우리들의겨울&뉴페이스,https://cafe.daum.net/ulsantongchin/DM8P/5672
1344,noise,R01_REVIEWED_NOT_ABOUT_SOMOIM_APP,daum,search_preview,[2005/12/10] 팔공산 소모임 후기 사진1 - 영천 어때골에서..... ㅋㅋ,https://cafe.daum.net/tea3/5aoA/1179
1345,noise,R01_REVIEWED_NOT_ABOUT_SOMOIM_APP,daum,search_preview,인천 소모임 후기 ~~~,https://cafe.daum.net/moyamoya/S7E/109
1346,noise,R01_REVIEWED_NOT_ABOUT_SOMOIM_APP,daum,search_preview,남동구 논현동 소모임 후기 (참석해주신 모든분들 감사드려요),https://cafe.daum.net/yogicflying/Gd3L/984
1347,noise,R01_REVIEWED_NOT_ABOUT_SOMOIM_APP,daum,search_preview,위기극복 소모임 번개 후기 ♡,https://cafe.daum.net/westriversalsa/ZBMl/1766
1348,noise,R01_REVIEWED_NOT_ABOUT_SOMOIM_APP,daum,search_preview,2010.11.03 F코드 소모임 후기 입니다!,https://cafe.daum.net/ulsantongchin/4Cfr/641
1349,noise,R01_REVIEWED_NOT_ABOUT_SOMOIM_APP,daum,search_preview,(5/8일) 일산 팔씨름 소모임 후기 !!!,https://cafe.daum.net/gripboard/TdyR/2197
1350,noise,R01_REVIEWED_NOT_ABOUT_SOMOIM_APP,daum,search_preview,대전 2차 소모임 후기 올려요~~~,https://cafe.daum.net/decorplaza/OFbs/5607
1351,noise,R01_REVIEWED_NOT_ABOUT_SOMOIM_APP,daum,search_preview,- 11월 22일(토욜) 대구 이천동 소모임 후기 -,https://cafe.daum.net/gripboard/TdyR/1318
1352,noise,R01_REVIEWED_NOT_ABOUT_SOMOIM_APP,daum,search_preview,소모임 후기 - 연구계획수립 / 논문 소모임 (안희리),https://cafe.daum.net/counsellors/OHVV/11
1353,noise,R01_REVIEWED_NOT_ABOUT_SOMOIM_APP,daum,search_preview,2010.12.01 F코드 소모임 후기,https://cafe.daum.net/ulsantongchin/4Cfr/670
1354,noise,R01_REVIEWED_NOT_ABOUT_SOMOIM_APP,daum,search_preview,강남 3차 소모임 후기 후덜덜덜 ~,https://cafe.daum.net/aktnftk/3KRB/317
1355,noise,R01_REVIEWED_NOT_ABOUT_SOMOIM_APP,daum,search_preview,3/22 U-Skate 소모임 후기 ~,https://cafe.daum.net/3040yourspace/NR2g/73
1356,noise,R01_REVIEWED_NOT_ABOUT_SOMOIM_APP,daum,search_preview,"(영등포 소모임 ) 후기 일빠따,,,",https://cafe.daum.net/jongsoo/QHif/562
1357,noise,R01_REVIEWED_NOT_ABOUT_SOMOIM_APP,daum,search_preview,3월 헤어샵 등산 소모임 후기 ( 동영상),https://cafe.daum.net/hairshop/5rvX/164
1358,noise,R01_REVIEWED_NOT_ABOUT_SOMOIM_APP,daum,search_preview,2011/07/26(화) 노원 소모임 후기,https://cafe.daum.net/yogicflying/Ge4a/47
1359,noise,R01_REVIEWED_NOT_ABOUT_SOMOIM_APP,daum,search_preview,첨 참석한 볼링 소모임 후기 ~^^*,https://cafe.daum.net/cjskilove/GC4y/12858
1360,noise,R01_REVIEWED_NOT_ABOUT_SOMOIM_APP,daum,search_preview,"3040부산경남 해외여행 소모임 후기 ,,~~",https://cafe.daum.net/drivingtour/2eLC/10943
1361,noise,R01_REVIEWED_NOT_ABOUT_SOMOIM_APP,daum,search_preview,충청도 소모임 참석 후기 올립니다. [23/11/28],https://cafe.daum.net/beelove/PptP/23118
1362,noise,R01_REVIEWED_NOT_ABOUT_SOMOIM_APP,daum,search_preview,부산 소모임 ..... 후기 글..,https://cafe.daum.net/bkyoon/37Nh/6141
1363,noise,R01_REVIEWED_NOT_ABOUT_SOMOIM_APP,daum,search_preview,제1회 대구산장 말띠 소모임 후기 임당~~,https://cafe.daum.net/daegumoimjjang/Ujx2/853
1364,noise,R01_REVIEWED_NOT_ABOUT_SOMOIM_APP,daum,search_preview,다선일여 호남권(전주) 9월 소모임 후기,https://cafe.daum.net/ruchang63/R3ai/7
1365,noise,R01_REVIEWED_NOT_ABOUT_SOMOIM_APP,daum,search_preview,6차 소모임 후기,https://cafe.daum.net/aktnftk/3KRB/409
1366,noise,R01_REVIEWED_NOT_ABOUT_SOMOIM_APP,daum,search_preview,울산·포항·경주 자체 소모임 후기,https://cafe.daum.net/s.shool/WkJJ/242
1367,noise,R01_REVIEWED_NOT_ABOUT_SOMOIM_APP,daum,search_preview,★11월 15일 토요일 다이너마이트 소모임 후기 ★,https://cafe.daum.net/gripboard/TdyR/1303
1368,noise,R01_REVIEWED_NOT_ABOUT_SOMOIM_APP,daum,search_preview,5차 소모임 후기,https://cafe.daum.net/aktnftk/3KRB/383
1369,noise,R01_REVIEWED_NOT_ABOUT_SOMOIM_APP,daum,search_preview,아홉번째 볼링 소모임 후기 !!,https://cafe.daum.net/cjskilove/GC4y/13810
1370,noise,R01_REVIEWED_NOT_ABOUT_SOMOIM_APP,daum,search_preview,"충청지역(제천, 충주) 소모임 후기 -2017.11.12",https://cafe.daum.net/moyamoya/S7H/155
1371,noise,R01_REVIEWED_NOT_ABOUT_SOMOIM_APP,daum,search_preview,＜ ＜ ＜낭만시대＞ ＞ ＞ 10/27(화) 소모임 후기 입니다^^,https://cafe.daum.net/ulsantongchin/53kq/1482
1372,noise,R01_REVIEWED_NOT_ABOUT_SOMOIM_APP,daum,search_preview,광주 소모임 후기 *^^*,https://cafe.daum.net/0115590089/Ep3O/23
1373,noise,R01_REVIEWED_NOT_ABOUT_SOMOIM_APP,daum,search_preview,부산대구영남권 지역 소모임 후기 입니다.,https://cafe.daum.net/okok8949/Mslk/1225
1374,noise,R01_REVIEWED_NOT_ABOUT_SOMOIM_APP,daum,search_preview,[울산통기타친구] 울산기타 2월 3일 월요 소모임 후기,https://cafe.daum.net/ulsantongchin/53kq/2569
1375,noise,R01_REVIEWED_NOT_ABOUT_SOMOIM_APP,daum,search_preview,어제 독산동 소모임 후기 입니다,https://cafe.daum.net/12778/TRmv/545
1376,noise,R01_REVIEWED_NOT_ABOUT_SOMOIM_APP,daum,search_preview,푸드웨어 담두만두 소모임 시식 후기 입니다.,https://cafe.daum.net/jejumam/K22b/3154
1377,noise,R01_REVIEWED_NOT_ABOUT_SOMOIM_APP,daum,search_preview,"[ 소모임 후기 ] 조직인의 일요일 밤 (봉민지, 손서현, 조소현, 홍자경)",https://cafe.daum.net/counsellors/OIzs/1
1378,noise,R01_REVIEWED_NOT_ABOUT_SOMOIM_APP,daum,search_preview,대전지역 첫 소모임 후기 올립니다.,https://cafe.daum.net/decorplaza/OFbs/4768
1379,noise,R01_REVIEWED_NOT_ABOUT_SOMOIM_APP,daum,search_preview,2회차 청년 아토피안 소모임 후기 를 들려드립니다~ (매뉴얼/일기첨부),https://cafe.daum.net/atopy/OBSl/19
1380,noise,R01_REVIEWED_NOT_ABOUT_SOMOIM_APP,daum,search_preview,늦은 소해맘 소모임 후기 ~~,https://cafe.daum.net/YS055/ST7G/27
1381,noise,R01_REVIEWED_NOT_ABOUT_SOMOIM_APP,daum,search_preview,1회차 청년 아토피안 소모임 후기 를 들려드립니다~,https://cafe.daum.net/atopy/OBSl/18
1382,noise,R01_REVIEWED_NOT_ABOUT_SOMOIM_APP,daum,search_preview,비즈니스 인맥 네트워크 3차 소모임 후기 [비전과 열정사이],https://cafe.daum.net/aktnftk/3KRB/310
1383,noise,R01_REVIEWED_NOT_ABOUT_SOMOIM_APP,daum,search_preview,꼬꼬 소모임 ( 후기 ),https://cafe.daum.net/inchonmam/Jep/855
1384,noise,R01_REVIEWED_NOT_ABOUT_SOMOIM_APP,daum,search_preview,소모임 후기,https://cafe.daum.net/franceantenne2/9w0n/1141
1385,noise,R01_REVIEWED_NOT_ABOUT_SOMOIM_APP,daum,search_preview,중화역 4/10 일요일 소모임 후기 !!,https://cafe.daum.net/gripboard/TdyR/2156
1386,noise,R01_REVIEWED_NOT_ABOUT_SOMOIM_APP,daum,search_preview,★5월 17일 다이너마이트 소모임 후기 ★,https://cafe.daum.net/gripboard/TdyR/1636
1387,noise,R01_REVIEWED_NOT_ABOUT_SOMOIM_APP,daum,search_preview,영화 소모임 후기 살포시 남겨볼랍니다.,https://cafe.daum.net/cjskilove/GC4y/13873
1388,noise,R01_REVIEWED_NOT_ABOUT_SOMOIM_APP,daum,search_preview,소모임 후기 ^^,https://cafe.daum.net/moyamoya/S7F/290
1389,noise,R01_REVIEWED_NOT_ABOUT_SOMOIM_APP,daum,search_preview,3회차 청년 아토피안 소모임 후기 를 들려드립니다.^^,https://cafe.daum.net/atopy/OBSl/20
1390,noise,R01_REVIEWED_NOT_ABOUT_SOMOIM_APP,daum,search_preview,크리스마스 소모임 후기 !,https://cafe.daum.net/gripboard/TdyR/39
1391,noise,R01_REVIEWED_NOT_ABOUT_SOMOIM_APP,daum,search_preview,☆ 유스케잇 6월3일 소모임 후기 영상,https://cafe.daum.net/3040yourspace/NR2g/130
1392,noise,R01_REVIEWED_NOT_ABOUT_SOMOIM_APP,daum,search_preview,알찬 소모임 후기 ^^*,https://cafe.daum.net/aktnftk/3KRB/61
1393,noise,R01_REVIEWED_NOT_ABOUT_SOMOIM_APP,daum,search_preview,12.12.29 ＜ 소모임 ＞ 후기 뽕빠짐 ㅎ,https://cafe.daum.net/bananalove.com/5sgk/939
1394,noise,R01_REVIEWED_NOT_ABOUT_SOMOIM_APP,daum,search_preview,충청지역 소모임 (2016.10.08) 후기,https://cafe.daum.net/moyamoya/S7H/137
1395,noise,R01_REVIEWED_NOT_ABOUT_SOMOIM_APP,daum,search_preview,RE:서울방 정모대신 이루어진 소모임 후기 입니다**,https://cafe.daum.net/seedshare/HHIh/8369
1396,noise,R01_REVIEWED_NOT_ABOUT_SOMOIM_APP,daum,search_preview,"전주 첫 소모임 후기 (2. 7 화, 낮 2시 )",https://cafe.daum.net/s.shool/WkJI/205
1397,noise,R01_REVIEWED_NOT_ABOUT_SOMOIM_APP,daum,search_preview,"""박상우 소모임 (가칭)"" 후기",https://cafe.daum.net/sonaguitar/jMaD/82
1398,noise,R01_REVIEWED_NOT_ABOUT_SOMOIM_APP,daum,search_preview,3월 23일 소모임 후기 *^^*,https://cafe.daum.net/pinbreaker/73dE/13587
1399,noise,R01_REVIEWED_NOT_ABOUT_SOMOIM_APP,daum,search_preview,지산 소모임 후기,https://cafe.daum.net/insmo2/EWv8/11349
1400,noise,R01_REVIEWED_NOT_ABOUT_SOMOIM_APP,daum,search_preview,* 발라당 파크 소모임 후기 ~^^,https://cafe.daum.net/shibanara/421c/4954
1401,noise,R01_REVIEWED_NOT_ABOUT_SOMOIM_APP,daum,search_preview,- 제 2회 청키드배 볼링 소모임 후기 -,https://cafe.daum.net/cjskilove/GC4y/13684
1402,noise,R01_REVIEWED_NOT_ABOUT_SOMOIM_APP,daum,search_preview,[영애선비량] 1차 소모임 후기,https://cafe.daum.net/2007iji/NbUL/104
1403,noise,R01_REVIEWED_NOT_ABOUT_SOMOIM_APP,daum,search_preview,♧4월5일다이나마이트 소모임 후기 ♧,https://cafe.daum.net/gripboard/TdyR/1589
1404,noise,R01_REVIEWED_NOT_ABOUT_SOMOIM_APP,daum,search_preview,송학 소모임 후기 & 남서부 정모 에도 갔었드랬어요...,https://cafe.daum.net/14realty/54Yb/3783
1405,noise,R01_REVIEWED_NOT_ABOUT_SOMOIM_APP,daum,search_preview,2012년 6월 23일 신촌 소모임 후기 입니다~~ ^^,https://cafe.daum.net/brisbane.kay/CA2W/84
1406,noise,R01_REVIEWED_NOT_ABOUT_SOMOIM_APP,daum,search_preview,[ 소모임 후기 ] 찐찐소,https://cafe.daum.net/counsellors/OIzs/3
1407,noise,R01_REVIEWED_NOT_ABOUT_SOMOIM_APP,daum,search_preview,♥2008-05-24일(토요일) 잠실카트번개및 인라인 소모임 ( 후기 ),https://cafe.daum.net/skiersdaum/6zQ4/516
1408,noise,R01_REVIEWED_NOT_ABOUT_SOMOIM_APP,daum,search_preview,2010.09.15 F코드 소모임 후기 입니다!,https://cafe.daum.net/ulsantongchin/DM8P/3888
1409,noise,R01_REVIEWED_NOT_ABOUT_SOMOIM_APP,daum,search_preview,2018 수도권지부 가을 소모임 후기,https://cafe.daum.net/moyamoya/S7E/350
1410,noise,R01_REVIEWED_NOT_ABOUT_SOMOIM_APP,daum,search_preview,논문 쓸 결심 소모임 후기,https://cafe.daum.net/counsellors/OIhr/2
1411,noise,R01_REVIEWED_NOT_ABOUT_SOMOIM_APP,daum,search_preview,스터디 소모임 후기 (4),https://cafe.daum.net/14realty/54Yb/3079
1412,noise,R01_REVIEWED_NOT_ABOUT_SOMOIM_APP,daum,search_preview,상민이가긴장좀하려나^^ 소모임 후기 한번날려봅니다^^,https://cafe.daum.net/insmo2/EWv8/11464
1413,noise,R01_REVIEWED_NOT_ABOUT_SOMOIM_APP,daum,search_preview,서울지역 소모임 후기,https://cafe.daum.net/moyamoya/S7E/302
1414,noise,R01_REVIEWED_NOT_ABOUT_SOMOIM_APP,daum,search_preview,일요일 소모임 후기 입니다~^^,https://cafe.daum.net/pinbreaker/73dE/12698
1415,noise,R01_REVIEWED_NOT_ABOUT_SOMOIM_APP,daum,search_preview,서울 인천 경기 소모임 후기 글 입니다~,https://cafe.daum.net/okok8949/Mslk/1286
1416,noise,R01_REVIEWED_NOT_ABOUT_SOMOIM_APP,daum,search_preview,영화 소모임 후기 와 모임 관련 사견입니다.,https://cafe.daum.net/cjskilove/GC4y/13738
1417,noise,R01_REVIEWED_NOT_ABOUT_SOMOIM_APP,daum,search_preview,소모임 후기 ...,https://cafe.daum.net/kbg21/5Pic/325
1418,noise,R01_REVIEWED_NOT_ABOUT_SOMOIM_APP,daum,search_preview,[울산통기타친구]울산기타 2월10일 월요 소모임 후기,https://cafe.daum.net/ulsantongchin/53kq/2575
1419,noise,R01_REVIEWED_NOT_ABOUT_SOMOIM_APP,daum,search_preview,"이제야 올리는 소모임 후기 ,,,^-^aa(장문ㅠㅠ)",https://cafe.daum.net/MOUSEFAM/IU3m/170
1420,noise,R01_REVIEWED_NOT_ABOUT_SOMOIM_APP,daum,search_preview,기획사 소모임 후기 참석해주신 모든분들 수고하셨습니다 ^^,https://cafe.daum.net/ilovedoumi/1UXv/6928
1421,noise,R01_REVIEWED_NOT_ABOUT_SOMOIM_APP,daum,search_preview,6월 11일 당구 소모임 후기 입니다,https://cafe.daum.net/3040yourspace/NR2g/364
1422,noise,R01_REVIEWED_NOT_ABOUT_SOMOIM_APP,daum,search_preview,"금요일, 토요일 소모임 후기 입니다~",https://cafe.daum.net/pinbreaker/73dE/12124
1423,noise,R01_REVIEWED_NOT_ABOUT_SOMOIM_APP,daum,search_preview,얼결에 맡게 된 와인 소모임 후기,https://cafe.daum.net/femihealth/S2Cq/760
1424,noise,R01_REVIEWED_NOT_ABOUT_SOMOIM_APP,daum,search_preview,소통 소모임 후기 입니당~^^,https://cafe.daum.net/2007iji/NbUL/37
1425,noise,R01_REVIEWED_NOT_ABOUT_SOMOIM_APP,daum,search_preview,죽전 소모임 후기 입니다!,https://cafe.daum.net/soccerz2/QJCz/441
1426,noise,R01_REVIEWED_NOT_ABOUT_SOMOIM_APP,daum,search_preview,"소모임 후기 - 각자의 다름이 모여 (허완, 이유진, 조배영, 오향화)",https://cafe.daum.net/counsellors/OIhr/1
1427,noise,R01_REVIEWED_NOT_ABOUT_SOMOIM_APP,daum,search_preview,4월 4일 소모임 후기,https://cafe.daum.net/pinbreaker/73dE/12366
1428,noise,R01_REVIEWED_NOT_ABOUT_SOMOIM_APP,daum,search_preview,나의 소모임 후기 ~~~,https://cafe.daum.net/yhyun105/HF9d/27
1429,noise,R01_REVIEWED_NOT_ABOUT_SOMOIM_APP,daum,search_preview,자! 이제 번지점프다...그리고 안동!!! 소모임 후기,https://cafe.daum.net/asite/km7/116
1430,noise,R01_REVIEWED_NOT_ABOUT_SOMOIM_APP,daum,search_preview,아리N호랑 시노마니아 소모임 후기 예요~,https://cafe.daum.net/shibanara/LrV/5939
1431,noise,R01_REVIEWED_NOT_ABOUT_SOMOIM_APP,daum,search_preview,조금은 뒷북스런 부산 소모임 .. 후기 .. ^^a,https://cafe.daum.net/0115590089/EmLj/6
1432,noise,R01_REVIEWED_NOT_ABOUT_SOMOIM_APP,daum,search_preview,영화 소모임 후기 를 남겨주세용 !,https://cafe.daum.net/cjskilove/GC4y/13694
1433,noise,R01_REVIEWED_NOT_ABOUT_SOMOIM_APP,daum,search_preview,12월 7일 그림 소모임 후기,https://cafe.daum.net/gimpolove/66AP/630
1434,noise,R01_REVIEWED_NOT_ABOUT_SOMOIM_APP,daum,search_preview,2011년 1월 4일 볼링 동부권 소모임 후기,https://cafe.daum.net/rmflsvldk/5TUy/1175
1435,noise,R01_REVIEWED_NOT_ABOUT_SOMOIM_APP,daum,search_preview,늦은 베드민턴 소모임 후기 번외편~~,https://cafe.daum.net/cjskilove/GC4y/16577
1436,noise,R01_REVIEWED_NOT_ABOUT_SOMOIM_APP,daum,search_preview,출사 소모임 후기 -^^,https://cafe.daum.net/cjskilove/GC4y/13713
1437,noise,R01_REVIEWED_NOT_ABOUT_SOMOIM_APP,daum,search_preview,경기남부지역 소모임 후기 및 결산보고,https://cafe.daum.net/safelmj/E3D0/9947
1438,noise,R01_REVIEWED_NOT_ABOUT_SOMOIM_APP,daum,search_preview,익산 소모임 후기 입니다~~^^,https://cafe.daum.net/s.shool/WkJI/74
1439,noise,R01_REVIEWED_NOT_ABOUT_SOMOIM_APP,daum,search_preview,팔공산 소모임 후기 ^^ 1.,https://cafe.daum.net/tea3/5aoA/1417
1440,noise,R01_REVIEWED_NOT_ABOUT_SOMOIM_APP,daum,search_preview,2월 26일 지산 마지막 소모임 & 시즌 총 후기 ^♡^,https://cafe.daum.net/insmo2/EWv8/11470
1441,noise,R01_REVIEWED_NOT_ABOUT_SOMOIM_APP,daum,search_preview,2009년 6월 27일 종로 토즈 워킹홀리데이 소모임 후기 & 사진~ ^_^,https://cafe.daum.net/ppuzik/3eyQ/881
1442,noise,R01_REVIEWED_NOT_ABOUT_SOMOIM_APP,daum,search_preview,강남 소모임 후기,https://cafe.daum.net/aktnftk/3KRB/245
1443,noise,R01_REVIEWED_NOT_ABOUT_SOMOIM_APP,daum,search_preview,음성 소모임 후기,https://cafe.daum.net/s.shool/WkJK/788
1444,noise,R01_REVIEWED_NOT_ABOUT_SOMOIM_APP,daum,search_preview,소소한 취미 공유 소모임 후기,https://cafe.daum.net/Studydaejeonmom/qK2Q/11
1445,noise,R01_REVIEWED_NOT_ABOUT_SOMOIM_APP,daum,search_preview,주말 소모임 후기 입니다~(2),https://cafe.daum.net/pinbreaker/73dE/12212
1446,noise,R01_REVIEWED_NOT_ABOUT_SOMOIM_APP,daum,search_preview,"11월 8일 소모임 후기 ,,,",https://cafe.daum.net/jongsoo/QHif/491
1447,noise,R01_REVIEWED_NOT_ABOUT_SOMOIM_APP,daum,search_preview,서경 소모임 다회 후기 ..인도의 생생함을 전달한 전령사와 함께...,https://cafe.daum.net/tea3/5aoA/1602
1448,noise,R01_REVIEWED_NOT_ABOUT_SOMOIM_APP,daum,search_preview,소모임 후기 -연구계획수립/논문 소모임 (박수진),https://cafe.daum.net/counsellors/OHVV/12
1449,noise,R01_REVIEWED_NOT_ABOUT_SOMOIM_APP,daum,search_preview,2011.01.12 F코드 소모임 후기,https://cafe.daum.net/ulsantongchin/4Cfr/693
1450,noise,R01_REVIEWED_NOT_ABOUT_SOMOIM_APP,daum,search_preview,2009년 6월 27일! 종로 워킹홀리데이 소모임 후기 입니다 ^_^,https://cafe.daum.net/ilovesydney/JM00/3263
1451,noise,R01_REVIEWED_NOT_ABOUT_SOMOIM_APP,daum,search_preview,[울산통기타친구] 9월28일 월요 소모임 후기,https://cafe.daum.net/ulsantongchin/53kq/2668
1452,noise,R01_REVIEWED_NOT_ABOUT_SOMOIM_APP,daum,search_preview,쿠쿳 > < 꺄ㅑㅑㅑㅑ늦게나마 ㅠ 소모임 후기 요 ! 많이 읽어주세여 > < ㅎㅎㅎ,https://cafe.daum.net/MOUSEFAM/IU3m/172
1453,noise,R01_REVIEWED_NOT_ABOUT_SOMOIM_APP,daum,search_preview,배우님을 만났던 월요일이 다시 돌아온기념 소모임 후기 🥰,https://cafe.daum.net/zisoo/kBWI/73
1454,noise,R01_REVIEWED_NOT_ABOUT_SOMOIM_APP,daum,search_preview,창평 소모임 후기 ...,https://cafe.daum.net/kwangjugolfclub/59r4/1570
1455,noise,R01_REVIEWED_NOT_ABOUT_SOMOIM_APP,daum,search_preview,경기도 안산시 소모임 후기 ....및 차후 모임일정 논의.,https://cafe.daum.net/gunplaworld/1Lrg/22390
1456,noise,R01_REVIEWED_NOT_ABOUT_SOMOIM_APP,daum,search_preview,- 2018년 07월 21일 관악산 소모임 후기 -,https://cafe.daum.net/ecoi/RAc0/13
1457,noise,R01_REVIEWED_NOT_ABOUT_SOMOIM_APP,daum,search_preview,핫한 퀴-페-폴 소모임 후기,https://cafe.daum.net/Polyamory/TUdi/19
1458,noise,R01_REVIEWED_NOT_ABOUT_SOMOIM_APP,daum,search_preview,소모임 후기 입니다~,https://cafe.daum.net/pinbreaker/73dE/12038
1459,noise,R01_REVIEWED_NOT_ABOUT_SOMOIM_APP,daum,search_preview,경남 진주 소모임 후기 글 올립니다,https://cafe.daum.net/kbg21/5Pig/75
1460,noise,R01_REVIEWED_NOT_ABOUT_SOMOIM_APP,daum,search_preview,2월 20일 광주 소모임 ? 후기 에욧!,https://cafe.daum.net/lovelovebird/8Msn/606
1461,noise,R01_REVIEWED_NOT_ABOUT_SOMOIM_APP,daum,search_preview,부산 소모임 후기,https://cafe.daum.net/bohhyun/3j1z/358
1462,noise,R01_REVIEWED_NOT_ABOUT_SOMOIM_APP,daum,search_preview,5월 화성/오산 영성학교 소모임 후기 (24.5.7),https://cafe.daum.net/s.shool/WkJM/1120
1463,noise,R01_REVIEWED_NOT_ABOUT_SOMOIM_APP,daum,search_preview,6월 4일 소모임 후기 ...*^^*,https://cafe.daum.net/pinbreaker/73dE/12527
1464,noise,R01_REVIEWED_NOT_ABOUT_SOMOIM_APP,daum,search_preview,"소모임 후기 -논문 소모임 (김진수, 박소현, 박진호)",https://cafe.daum.net/counsellors/OHVV/9
1465,noise,R01_REVIEWED_NOT_ABOUT_SOMOIM_APP,daum,search_preview,■﻿﻿ 9월 1일 목요일 제1회 경기남부 소모임 후기 ■﻿﻿,https://cafe.daum.net/yogicflying/GaY6/808
1466,noise,R01_REVIEWED_NOT_ABOUT_SOMOIM_APP,daum,search_preview,4월 2일 소모임 후기,https://cafe.daum.net/inny/F9/37030
1467,noise,R01_REVIEWED_NOT_ABOUT_SOMOIM_APP,daum,search_preview,22.11월 울산 소모임 후기 (목사님 말씀),https://cafe.daum.net/s.shool/WkJJ/227
1468,noise,R01_REVIEWED_NOT_ABOUT_SOMOIM_APP,daum,search_preview,[11월 화성 오산 소모임 ] 후기,https://cafe.daum.net/s.shool/WkJM/935
1469,noise,R01_REVIEWED_NOT_ABOUT_SOMOIM_APP,daum,search_preview,인라인 소모임 후기 !!,https://cafe.daum.net/cjskilove/GC4y/16530
1470,noise,R01_REVIEWED_NOT_ABOUT_SOMOIM_APP,daum,search_preview,Re:부산/경남 소모임 후기 ^^,https://cafe.daum.net/diabe/Hya/11510
1471,noise,R01_REVIEWED_NOT_ABOUT_SOMOIM_APP,daum,search_preview,SantaU 3/8 후기 (비회원의 소모임 관찰기?),https://cafe.daum.net/3040yourspace/NR2g/57
1472,noise,R01_REVIEWED_NOT_ABOUT_SOMOIM_APP,daum,search_preview,경상도 소모임 후기,https://cafe.daum.net/kigeyoo/EvQ/1930
1473,noise,R01_REVIEWED_NOT_ABOUT_SOMOIM_APP,daum,search_preview,BIL 소모임 후기 ^^,https://cafe.daum.net/aktnftk/3KRB/408
1474,noise,R01_REVIEWED_NOT_ABOUT_SOMOIM_APP,daum,search_preview,소모임 후기 후기 ~~,https://cafe.daum.net/aktnftk/3KRB/247
1475,noise,R01_REVIEWED_NOT_ABOUT_SOMOIM_APP,daum,search_preview,치우 소모임 후기 ^^,https://cafe.daum.net/gripboard/TdyR/53
1476,noise,R01_REVIEWED_NOT_ABOUT_SOMOIM_APP,daum,search_preview,충청도 소모임 후기,https://cafe.daum.net/tea3/5aoA/1353
1477,noise,R01_REVIEWED_NOT_ABOUT_SOMOIM_APP,daum,search_preview,오사카 소모임 후기 .~^^!!,https://cafe.daum.net/3626197/UDre/1138
1478,noise,R01_REVIEWED_NOT_ABOUT_SOMOIM_APP,daum,search_preview,Re: 묻어가는 소모임 후기 (인천앞 바다에 사이다 대신...),https://cafe.daum.net/0115590089/ErJj/9
1479,noise,R01_REVIEWED_NOT_ABOUT_SOMOIM_APP,daum,search_preview,[영애선비량] 2차 소모임 후기,https://cafe.daum.net/2007iji/NbUL/109
1480,noise,R01_REVIEWED_NOT_ABOUT_SOMOIM_APP,daum,search_preview,3월 포항경주울산 소모임 후기,https://cafe.daum.net/s.shool/WkJJ/245
1481,noise,R01_REVIEWED_NOT_ABOUT_SOMOIM_APP,daum,search_preview,28일 지산 소모임 후기,https://cafe.daum.net/insmo2/EWv8/11360
1482,noise,R01_REVIEWED_NOT_ABOUT_SOMOIM_APP,daum,search_preview,양평 양동 소모임 후기 입니다.....,https://cafe.daum.net/soccerz2/CT24/356
1483,noise,R01_REVIEWED_NOT_ABOUT_SOMOIM_APP,daum,search_preview,11월2일(토) 자수성가한 한인 여성사업가 '브랜디 송' 이야기 + 미국이민 정보공유 / 26일 소모임 후기,https://cafe.daum.net/usaimm/1tJa/217
1484,noise,R01_REVIEWED_NOT_ABOUT_SOMOIM_APP,daum,search_preview,"[영상,사진]대구이천동 소모임 후기",https://cafe.daum.net/gripboard/TdyR/1317
1485,noise,R01_REVIEWED_NOT_ABOUT_SOMOIM_APP,daum,search_preview,인천 소모임 후기,https://cafe.daum.net/ihave2jobs/Go6n/794
1486,noise,R01_REVIEWED_NOT_ABOUT_SOMOIM_APP,daum,search_preview,2005년 11월 4일 소모임 후기 ~~,https://cafe.daum.net/GUVCD/6kYm/3459
1487,noise,R01_REVIEWED_NOT_ABOUT_SOMOIM_APP,daum,search_preview,▷ 소모임 후기 ◁ 10월 16일 공예비엔날레 사진 몇장올립니다~,https://cafe.daum.net/cjskilove/P8tw/2012
1488,noise,R01_REVIEWED_NOT_ABOUT_SOMOIM_APP,daum,search_preview,숯가마 소모임 후기 . (미소에집.카나리아.하얀.크루제) 사진 몇장첨부!,https://cafe.daum.net/smilewithsun/3Aec/9110
1489,noise,R01_REVIEWED_NOT_ABOUT_SOMOIM_APP,daum,search_preview,0803 경기지회 소모임 후기,https://cafe.daum.net/0115590089/ErJk/67
1490,noise,R01_REVIEWED_NOT_ABOUT_SOMOIM_APP,daum,search_preview,컴퓨터 소모임 후기,https://cafe.daum.net/hairshop/5rvX/208
1491,noise,R01_REVIEWED_NOT_ABOUT_SOMOIM_APP,daum,search_preview,계산동 볼링 소모임 후기 임돠~~~~,https://cafe.daum.net/lola6115/6J2R/10
1492,noise,R01_REVIEWED_NOT_ABOUT_SOMOIM_APP,daum,search_preview,소모임 후기,https://cafe.daum.net/geopiad/FA87/8
1493,noise,R01_REVIEWED_NOT_ABOUT_SOMOIM_APP,daum,search_preview,[울산통기타친구] 8월3일 월요 소모임 후기,https://cafe.daum.net/ulsantongchin/53kq/2649
1494,noise,R01_REVIEWED_NOT_ABOUT_SOMOIM_APP,daum,search_preview,"남부지역 소모임 후기 ^^ (빠진 하루, 망고 사진 추가했어요.)",https://cafe.daum.net/shibanara/421c/4622
1495,noise,R01_REVIEWED_NOT_ABOUT_SOMOIM_APP,daum,search_preview,강남 소모임 후기,https://cafe.daum.net/aktnftk/3KRB/234
1496,noise,R01_REVIEWED_NOT_ABOUT_SOMOIM_APP,daum,search_preview,광주 소모임 후기 글 ...^^,https://cafe.daum.net/kbg21/5Pii/303
1497,noise,R01_REVIEWED_NOT_ABOUT_SOMOIM_APP,daum,search_preview,[울산통기타친구]울산기타 2월17일 월요 소모임 후기,https://cafe.daum.net/ulsantongchin/53kq/2581
1498,noise,R01_REVIEWED_NOT_ABOUT_SOMOIM_APP,daum,search_preview,전주 소모임 후기,https://cafe.daum.net/s.shool/WkJI/231
1499,noise,R01_REVIEWED_NOT_ABOUT_SOMOIM_APP,daum,search_preview,부산 소모임 후기 에요 ^^,https://cafe.daum.net/gmrwkdal0421/4VJS/5258
1500,noise,R01_REVIEWED_NOT_ABOUT_SOMOIM_APP,daum,search_preview,네번째 영화 소모임 후기 숑숑_!!,https://cafe.daum.net/cjskilove/GC4y/13719
1501,noise,R01_REVIEWED_NOT_ABOUT_SOMOIM_APP,daum,search_preview,소모임 후기 - 영화와 책을 통해서 상담을 배우다 (이주희),https://cafe.daum.net/counsellors/OHVV/3
1502,noise,R01_REVIEWED_NOT_ABOUT_SOMOIM_APP,daum,search_preview,광주 5월 소모임 후기,https://cafe.daum.net/s.shool/WkJI/189
1503,noise,R01_REVIEWED_NOT_ABOUT_SOMOIM_APP,daum,search_preview,12월 15일 즐거웠던 소모임 후기 입니당~~^0^*,https://cafe.daum.net/bedlington/BVHU/2360
1504,noise,R01_REVIEWED_NOT_ABOUT_SOMOIM_APP,daum,search_preview,26일 소모임 후기 ..,https://cafe.daum.net/pinbreaker/73dE/13202
1505,noise,R01_REVIEWED_NOT_ABOUT_SOMOIM_APP,daum,search_preview,[2005/01/22] 팔공산 소모임 후기 사진 - 청안에서.....,https://cafe.daum.net/tea3/5aoA/905
1506,noise,R01_REVIEWED_NOT_ABOUT_SOMOIM_APP,daum,search_preview,어제 소모임 후기 (2차 강남 소모임 ),https://cafe.daum.net/breakjob/449W/1624
1507,noise,R01_REVIEWED_NOT_ABOUT_SOMOIM_APP,daum,search_preview,[ 후기 ]5/6 월요 소모임 좋은day 후기 입니다ㅋㅋ....,https://cafe.daum.net/ulsantongchin/53kq/710
1508,noise,R01_REVIEWED_NOT_ABOUT_SOMOIM_APP,daum,search_preview,익산 소모임 후기,https://cafe.daum.net/s.shool/WkJI/139
1509,noise,R01_REVIEWED_NOT_ABOUT_SOMOIM_APP,daum,search_preview,"14년도 취업이민 쿼터 8,000개 추가/미국이민 정보공유 소모임 후기 /취업3순위 수속중단 문제해결",https://cafe.daum.net/usaimm/1tJa/214
1510,noise,R01_REVIEWED_NOT_ABOUT_SOMOIM_APP,daum,search_preview,다소 불성실하고도;;.. 제법 부실한;;;.. 대구 소모임 후기 -_-a,https://cafe.daum.net/0115590089/EnUr/10
1511,noise,R01_REVIEWED_NOT_ABOUT_SOMOIM_APP,daum,search_preview,3월 소모임 후기 입니다~,https://cafe.daum.net/s.shool/WkJI/103
1512,noise,R01_REVIEWED_NOT_ABOUT_SOMOIM_APP,daum,search_preview,Re:동부권 볼링 소모임 결산및 후기,https://cafe.daum.net/rmflsvldk/5TUy/1035
1513,noise,R01_REVIEWED_NOT_ABOUT_SOMOIM_APP,daum,search_preview,1월 22일 신림 소모임 후기 ~,https://cafe.daum.net/aktnftk/3KRB/544
1514,noise,R01_REVIEWED_NOT_ABOUT_SOMOIM_APP,daum,search_preview,[작은 소모임 후기 ] 안녕하세요 짱아치 입니다. ^^;,https://cafe.daum.net/mandol25/7nh/5852
1515,noise,R01_REVIEWED_NOT_ABOUT_SOMOIM_APP,daum,search_preview,천안 소모임 후기,https://cafe.daum.net/s.shool/WkJK/673
1516,noise,R01_REVIEWED_NOT_ABOUT_SOMOIM_APP,daum,search_preview,소모임 후기 ㅋㅋㅋ,https://cafe.daum.net/newkow/NVy2/7228
1517,noise,R01_REVIEWED_NOT_ABOUT_SOMOIM_APP,daum,search_preview,[울산통기타친구] 10월12일 월요 소모임 후기,https://cafe.daum.net/ulsantongchin/53kq/2673
1518,noise,R01_REVIEWED_NOT_ABOUT_SOMOIM_APP,daum,search_preview,[진주 소모임 ] 후기 ♪,https://cafe.daum.net/mythfamily/IpI9/36
1519,noise,R01_REVIEWED_NOT_ABOUT_SOMOIM_APP,daum,search_preview,3시30분에 볼링 소모임 후기 ..,https://cafe.daum.net/cjskilove/GC4y/12857
1520,noise,R01_REVIEWED_NOT_ABOUT_SOMOIM_APP,daum,search_preview,16-17일 소모임 후기,https://cafe.daum.net/pinbreaker/73dE/12555
1521,noise,R01_REVIEWED_NOT_ABOUT_SOMOIM_APP,daum,search_preview,늦은 강남 소모임 후기,https://cafe.daum.net/aktnftk/3KRB/282
1522,noise,R01_REVIEWED_NOT_ABOUT_SOMOIM_APP,daum,search_preview,대구 소모임 후기 ...,https://cafe.daum.net/lifebrother/RcYg/2608
1523,noise,R01_REVIEWED_NOT_ABOUT_SOMOIM_APP,daum,search_preview,[심방]1월 25일 와인 소모임 후기,https://cafe.daum.net/femihealth/S2Cq/800
1524,noise,R01_REVIEWED_NOT_ABOUT_SOMOIM_APP,daum,search_preview,2월 춘천 가시버시 소모임 후기 .....,https://cafe.daum.net/yhyun105/HF9d/9
1525,noise,R01_REVIEWED_NOT_ABOUT_SOMOIM_APP,daum,search_preview,첫 소모임 후기 입니다,https://cafe.daum.net/geopiad/FA87/6
1526,noise,R01_REVIEWED_NOT_ABOUT_SOMOIM_APP,daum,search_preview,Re:부산/경남 소모임 후기 올립니다...,https://cafe.daum.net/diabe/Hya/15721
1527,noise,R01_REVIEWED_NOT_ABOUT_SOMOIM_APP,daum,search_preview,영화 소모임 후기 -『터미네이터4』,https://cafe.daum.net/cjskilove/GC4y/13697
1528,noise,R01_REVIEWED_NOT_ABOUT_SOMOIM_APP,daum,search_preview,2006년 첫 소모임 후기 입니다.,https://cafe.daum.net/pinbreaker/73dE/12080
1529,noise,R01_REVIEWED_NOT_ABOUT_SOMOIM_APP,daum,search_preview,19일 소모임 후기 ..,https://cafe.daum.net/bpguide/9vf/87
1530,noise,R01_REVIEWED_NOT_ABOUT_SOMOIM_APP,daum,search_preview,2011/07/26(화) 노원 소모임 후기,https://cafe.daum.net/yogicflying/Ge4a/2320
1531,noise,R01_REVIEWED_NOT_ABOUT_SOMOIM_APP,daum,search_preview,익산 소모임 후기 입니다~,https://cafe.daum.net/s.shool/WkJI/71
1532,noise,R01_REVIEWED_NOT_ABOUT_SOMOIM_APP,daum,search_preview,호주 유학/이민 소모임 후기 /사진 (고등학생/조기유학 소모임 ),https://cafe.daum.net/jiwooe/a2z/3
1533,noise,R01_REVIEWED_NOT_ABOUT_SOMOIM_APP,daum,search_preview,6월 18일 천안 소모임 후기 랄까요^^..;;,https://cafe.daum.net/cafeCCC/2yP0/190
1534,noise,R01_REVIEWED_NOT_ABOUT_SOMOIM_APP,daum,search_preview,"많은 분들이 기대하고 있을, 신문명 소모임 준비모임 후기 + 1년 커리큘럼!",https://cafe.daum.net/femihealth/S2Cq/43
1535,noise,R01_REVIEWED_NOT_ABOUT_SOMOIM_APP,daum,search_preview,10월20일 중부지역(대전) 소모임 후기 입니다,https://cafe.daum.net/moyamoya/S7H/176
1536,noise,R01_REVIEWED_NOT_ABOUT_SOMOIM_APP,daum,search_preview,익산 소모임 후기 입니다~,https://cafe.daum.net/s.shool/WkJI/62
1537,noise,R01_REVIEWED_NOT_ABOUT_SOMOIM_APP,daum,search_preview,소모임 .. 맛있는 사랑나누기의 아홉번째 활동 후기 - 2월 20일 동구지역아동센터,https://cafe.daum.net/tklovefood/1LJy/29295
1538,noise,R01_REVIEWED_NOT_ABOUT_SOMOIM_APP,daum,search_preview,스노보드 타기 소모임 후기 ~ ^^,https://cafe.daum.net/1dang100/A3dc/95
1539,noise,R01_REVIEWED_NOT_ABOUT_SOMOIM_APP,daum,search_preview,송파 소모임 후기 ~ (Zean/파이터먹보/무에타이/그립지기/그립보드),https://cafe.daum.net/gripboard/TdyR/18
1540,noise,R01_REVIEWED_NOT_ABOUT_SOMOIM_APP,daum,search_preview,크리스마스이브 소모임 후기 입니다~,https://cafe.daum.net/pinbreaker/73dE/12027
1541,noise,R01_REVIEWED_NOT_ABOUT_SOMOIM_APP,daum,search_preview,"23.05.08 울산,경주,포항 기도 소모임 후기",https://cafe.daum.net/s.shool/WkJJ/259
1542,noise,R01_REVIEWED_NOT_ABOUT_SOMOIM_APP,daum,search_preview,책과 영화 소모임 후기,https://cafe.daum.net/Polyamory/TUdi/31
1543,noise,R01_REVIEWED_NOT_ABOUT_SOMOIM_APP,daum,search_preview,[2005/02/18] 팔공산 소모임 후기 사진 - 다연[茶緣]님댁 설담재에서.....,https://cafe.daum.net/tea3/5aoA/913
1544,noise,R01_REVIEWED_NOT_ABOUT_SOMOIM_APP,daum,search_preview,강남 소모임 후기 요 ~ ^^,https://cafe.daum.net/aktnftk/3KRB/276
1545,noise,R01_REVIEWED_NOT_ABOUT_SOMOIM_APP,daum,search_preview,익산 팔씨름 소모임 후기,https://cafe.daum.net/gripboard/TdyR/1543
1546,noise,R01_REVIEWED_NOT_ABOUT_SOMOIM_APP,daum,search_preview,광주 소모임 후기,https://cafe.daum.net/0115590089/Ep3O/142
1547,noise,R01_REVIEWED_NOT_ABOUT_SOMOIM_APP,daum,search_preview,[2005/03/18] 팔공산 소모임 후기 사진 1 - 연수[緣樹]네 공방서..,https://cafe.daum.net/tea3/5aoA/940
1548,noise,R01_REVIEWED_NOT_ABOUT_SOMOIM_APP,daum,search_preview,I'm yours 소모임 후기,https://cafe.daum.net/sonaguitar/gJD6/1451
1549,noise,R01_REVIEWED_NOT_ABOUT_SOMOIM_APP,daum,search_preview,"음식 소모임 후기 (명이나물, 파김치)",https://cafe.daum.net/poomasi/5Jo8/91
1550,noise,R01_REVIEWED_NOT_ABOUT_SOMOIM_APP,daum,search_preview,나도 소모임 후기 ^-^* (3일 외박한 경로가 들어있음 ㅠ),https://cafe.daum.net/LoveAffair2van/2IDx/2724
1551,noise,R01_REVIEWED_NOT_ABOUT_SOMOIM_APP,daum,search_preview,"우잉, 어제 소모임 후기 가 아직 업넹..",https://cafe.daum.net/pinbreaker/73dE/12200
1552,noise,R01_REVIEWED_NOT_ABOUT_SOMOIM_APP,daum,search_preview,"12월4일 탁구,배드민턴 소모임 결산 및 후기",https://cafe.daum.net/032plus/RdxR/83
1553,noise,R01_REVIEWED_NOT_ABOUT_SOMOIM_APP,daum,search_preview,[ 소모임 후기 ] 3/8(토) 신촌에서...,https://cafe.daum.net/unitednations/WHZ/36
1554,noise,R01_REVIEWED_NOT_ABOUT_SOMOIM_APP,daum,search_preview,"소모임 후기 !! (온사람 : LazyPet, 벚초, VIBE…♥)",https://cafe.daum.net/VIBE/JNsU/13868
1555,noise,R01_REVIEWED_NOT_ABOUT_SOMOIM_APP,daum,search_preview,다음 스터디 소모임 1번 예약합니다~^^(토즈 스터디 소모임 후기 ),https://cafe.daum.net/aktnftk/3KRB/59
1556,noise,R01_REVIEWED_NOT_ABOUT_SOMOIM_APP,daum,search_preview,소모임 후기 입니다.. 더불어..,https://cafe.daum.net/bpguide/FkCs/2438
1557,noise,R01_REVIEWED_NOT_ABOUT_SOMOIM_APP,daum,search_preview,대구 소모임 후기 (사진포함)ㅋㅋㅋ,https://cafe.daum.net/ihave2jobs/DOy/61
1558,noise,R01_REVIEWED_NOT_ABOUT_SOMOIM_APP,daum,search_preview,2월 춘천 가시버시 소모임 후기 2부,https://cafe.daum.net/yhyun105/HF9d/10
1559,noise,R01_REVIEWED_NOT_ABOUT_SOMOIM_APP,daum,search_preview,저도 소모임 후기 올려요~^^,https://cafe.daum.net/Lakemalawi/mp94/10
1560,noise,R01_REVIEWED_NOT_ABOUT_SOMOIM_APP,daum,search_preview,2015/2/22(일) 두번째 U-skate 소모임 후기 : 체험편,https://cafe.daum.net/3040yourspace/NR2g/39
1561,noise,R01_REVIEWED_NOT_ABOUT_SOMOIM_APP,daum,search_preview,중부지부(충청지역) 소모임 후기,https://cafe.daum.net/moyamoya/S7H/121
1562,noise,R01_REVIEWED_NOT_ABOUT_SOMOIM_APP,daum,search_preview,10월 소모임 후기 이제서야 올리네요 *^^*,https://cafe.daum.net/pusandslr/NEBU/491
1563,noise,R01_REVIEWED_NOT_ABOUT_SOMOIM_APP,daum,search_preview,4월 천안 소모임 후기,https://cafe.daum.net/s.shool/WkJK/694
1564,noise,R01_REVIEWED_NOT_ABOUT_SOMOIM_APP,daum,search_preview,3월 구미 대구 소모임 후기,https://cafe.daum.net/s.shool/WkJJ/318
1565,noise,R01_REVIEWED_NOT_ABOUT_SOMOIM_APP,daum,search_preview,[울산통기타친구] 7월13일 월요 소모임 후기,https://cafe.daum.net/ulsantongchin/53kq/2637
1566,noise,R01_REVIEWED_NOT_ABOUT_SOMOIM_APP,daum,search_preview,부산 소모임 후기 입니다.,https://cafe.daum.net/gripboard/TdyR/10
1567,noise,R01_REVIEWED_NOT_ABOUT_SOMOIM_APP,daum,search_preview,익산 소모임 후기 입니다~~^^,https://cafe.daum.net/s.shool/WkJI/65
1568,noise,R01_REVIEWED_NOT_ABOUT_SOMOIM_APP,daum,search_preview,대구-경북 소모임 후기,https://cafe.daum.net/moyamoya/S7F/318
1569,noise,R01_REVIEWED_NOT_ABOUT_SOMOIM_APP,daum,search_preview,12.11.(월) 전주 소모임 후기,https://cafe.daum.net/s.shool/WkJI/249
1570,noise,R01_REVIEWED_NOT_ABOUT_SOMOIM_APP,daum,search_preview,8월 천안 소모임 후기 (2023. 8.21),https://cafe.daum.net/s.shool/WkJK/748
1571,noise,R01_REVIEWED_NOT_ABOUT_SOMOIM_APP,daum,search_preview,대전 소모임 후기 입니다^^*,https://cafe.daum.net/soccerz2/CT24/282
1572,noise,R01_REVIEWED_NOT_ABOUT_SOMOIM_APP,daum,search_preview,익산 소모임 후기 입니당~^^,https://cafe.daum.net/s.shool/WkJI/59
1573,noise,R01_REVIEWED_NOT_ABOUT_SOMOIM_APP,daum,search_preview,지리산 소모임 후기,https://cafe.daum.net/djtjfvmstlaaksl/2lPF/294
1574,noise,R01_REVIEWED_NOT_ABOUT_SOMOIM_APP,daum,search_preview,엎치락 뒤치락 디베잇 소모임 후기 ^^,https://cafe.daum.net/englisholic/JxfU/3431
1575,noise,R01_REVIEWED_NOT_ABOUT_SOMOIM_APP,daum,search_preview,익산 소모임 후기,https://cafe.daum.net/s.shool/WkJI/121
1576,noise,R01_REVIEWED_NOT_ABOUT_SOMOIM_APP,daum,search_preview,"고운 마음 받았습니다~!(하동삼신녹차마을 무료체험행사, 이번 서울 소모임 후기 )",https://cafe.daum.net/tea3/5aoA/1064
1577,noise,R01_REVIEWED_NOT_ABOUT_SOMOIM_APP,daum,search_preview,[복지공무원 면접스터디 소모임 후기 펌글] - 아주 아주 뒤늦은 설시 면접 후기 올립니다....,https://cafe.daum.net/socw97/JRbk/152
1578,noise,R01_REVIEWED_NOT_ABOUT_SOMOIM_APP,daum,search_preview,( 소모임 후기 ) 달콤 살벌한 어느 멋진 날♡,https://cafe.daum.net/cjskilove/GC4y/16598
1579,noise,R01_REVIEWED_NOT_ABOUT_SOMOIM_APP,daum,search_preview,5월30일 소모임 후기 ~,https://cafe.daum.net/eden-center/TOG8/66
1580,noise,R01_REVIEWED_NOT_ABOUT_SOMOIM_APP,daum,search_preview,대구 소모임 후기 (사진 2차에서),https://cafe.daum.net/ihave2jobs/DOy/86
1581,noise,R01_REVIEWED_NOT_ABOUT_SOMOIM_APP,daum,search_preview,[영애선비량] 5차 소모임 후기,https://cafe.daum.net/2007iji/NbUL/120
1582,noise,R01_REVIEWED_NOT_ABOUT_SOMOIM_APP,daum,search_preview,"23.11.06 울산,경주 소모임 후기",https://cafe.daum.net/s.shool/WkJJ/299
1583,noise,R01_REVIEWED_NOT_ABOUT_SOMOIM_APP,daum,search_preview,★다이나마이트 소모임 후기 ★,https://cafe.daum.net/gripboard/TdyR/1392
1584,noise,R01_REVIEWED_NOT_ABOUT_SOMOIM_APP,daum,search_preview,대구 첫 소모임 후기 ^^,https://cafe.daum.net/80000life/JXlp/43
1585,noise,R01_REVIEWED_NOT_ABOUT_SOMOIM_APP,daum,search_preview,덤핑 소모임 후기 입니다^^,https://cafe.daum.net/esohobiz/ElGI/32
1586,noise,R01_REVIEWED_NOT_ABOUT_SOMOIM_APP,daum,search_preview,소모임 후기 - 영화와 책을 통해서 상담을 배우다 (손민정),https://cafe.daum.net/counsellors/OHVV/2
1587,noise,R01_REVIEWED_NOT_ABOUT_SOMOIM_APP,daum,search_preview,＜ 소모임 후기 ＞ day12. - 2 hot 부비 -,https://cafe.daum.net/bananalove.com/5sgk/1010
1588,noise,R01_REVIEWED_NOT_ABOUT_SOMOIM_APP,daum,search_preview,서경방 경기남부 지역 소모임 후기 및 결산보고,https://cafe.daum.net/safelmj/E3Bw/708
1589,noise,R01_REVIEWED_NOT_ABOUT_SOMOIM_APP,daum,search_preview,3월 헤어샵 등산 소모임 후기 ( 동영상),https://cafe.daum.net/hairshop/BqIL/92
1590,noise,R01_REVIEWED_NOT_ABOUT_SOMOIM_APP,daum,search_preview,"♣암사동 소모임 후기 와 수입,지출 안내 합니다..",https://cafe.daum.net/kbg21/5Pic/992
1591,noise,R01_REVIEWED_NOT_ABOUT_SOMOIM_APP,daum,search_preview,Re:[노래 소모임 후기 ] 오늘 있었던 노래 소모임 후기 입니다.,https://cafe.daum.net/norae/2P7/10859
1592,noise,R01_REVIEWED_NOT_ABOUT_SOMOIM_APP,daum,search_preview,역사 소모임 후기 (온달산성),https://cafe.daum.net/sin60/9N2n/46
1593,noise,R01_REVIEWED_NOT_ABOUT_SOMOIM_APP,daum,search_preview,몰아서 쓰는 기타 소모임 후기,https://cafe.daum.net/dobong-i/QikJ/90
1594,noise,R01_REVIEWED_NOT_ABOUT_SOMOIM_APP,daum,search_preview,대구 소모임 후기 를,https://cafe.daum.net/kys1005/2YKn/1001
1595,noise,R01_REVIEWED_NOT_ABOUT_SOMOIM_APP,daum,search_preview,서울 소모임 후기 .,https://cafe.daum.net/franceantenne2/9w0n/1122
1596,noise,R01_REVIEWED_NOT_ABOUT_SOMOIM_APP,daum,search_preview,논문스터디 소모임 후기 (찐찐소),https://cafe.daum.net/counsellors/OIhr/5
1597,noise,R01_REVIEWED_NOT_ABOUT_SOMOIM_APP,daum,search_preview,2월 전주 소모임 후기,https://cafe.daum.net/s.shool/WkJI/257
1598,noise,R01_REVIEWED_NOT_ABOUT_SOMOIM_APP,daum,search_preview,4월 3일 소모임 후기,https://cafe.daum.net/pinbreaker/73dE/13060
1599,noise,R01_REVIEWED_NOT_ABOUT_SOMOIM_APP,daum,search_preview,[울산통기타친구] 5월11일 월요 소모임 후기,https://cafe.daum.net/ulsantongchin/53kq/2600
1600,noise,R01_REVIEWED_NOT_ABOUT_SOMOIM_APP,daum,search_preview,소모임 .... 후기 ...(옥시네마),https://cafe.daum.net/meetingking/Byal/59
1601,noise,R01_REVIEWED_NOT_ABOUT_SOMOIM_APP,daum,search_preview,[8월 화성 오산 소모임 ] 후기,https://cafe.daum.net/s.shool/WkJM/903
1602,noise,R01_REVIEWED_NOT_ABOUT_SOMOIM_APP,daum,search_preview,2007. 1. 31 디베잇 소모임 후기,https://cafe.daum.net/englisholic/JxfU/3452
1603,noise,R01_REVIEWED_NOT_ABOUT_SOMOIM_APP,daum,search_preview,3월10일 음식 소모임 후기,https://cafe.daum.net/poomasi/5Jo8/83
1604,noise,R01_REVIEWED_NOT_ABOUT_SOMOIM_APP,daum,search_preview,10월 26일 미국이민 정보공유 소모임 후기,https://cafe.daum.net/usaimm/1pIP/83
1605,noise,R01_REVIEWED_NOT_ABOUT_SOMOIM_APP,daum,search_preview,네번째 볼링 소모임 후기 임돠....,https://cafe.daum.net/cjskilove/GC4y/13723
1606,noise,R01_REVIEWED_NOT_ABOUT_SOMOIM_APP,daum,search_preview,Re:부산/경남 소모임 후기 올립니다...,https://cafe.daum.net/diabe/Hya/15732
1607,noise,R01_REVIEWED_NOT_ABOUT_SOMOIM_APP,daum,search_preview,글쎄.. 22일 소모임 후기 랄까...?,https://cafe.daum.net/VIBE/JNsU/13870
1608,noise,R01_REVIEWED_NOT_ABOUT_SOMOIM_APP,daum,search_preview,인천부천 지역 볼링 소모임 후기,https://cafe.daum.net/boasboas/ELJl/575
1609,noise,R01_REVIEWED_NOT_ABOUT_SOMOIM_APP,daum,search_preview,팔공산 소모임 후기 ^^ 2.,https://cafe.daum.net/tea3/5aoA/1418
1610,noise,R01_REVIEWED_NOT_ABOUT_SOMOIM_APP,daum,search_preview,팔공산 소모임 후기 -phantopera 님의 글 ^^,https://cafe.daum.net/tea3/5aoA/967
1611,noise,R01_REVIEWED_NOT_ABOUT_SOMOIM_APP,daum,search_preview,★☆부산맘 1차 소모임 후기 ☆★,https://cafe.daum.net/womanking/38JN/23078
1612,noise,R01_REVIEWED_NOT_ABOUT_SOMOIM_APP,daum,search_preview,익산 소모임 후기,https://cafe.daum.net/s.shool/WkJI/135
1613,noise,R01_REVIEWED_NOT_ABOUT_SOMOIM_APP,daum,search_preview,주말 소모임 후기 입니다~(1),https://cafe.daum.net/pinbreaker/73dE/12210
1614,noise,R01_REVIEWED_NOT_ABOUT_SOMOIM_APP,daum,search_preview,2009년 12월5일 신촌 소모임 후기,https://cafe.daum.net/antifreemason/43XF/4
1615,noise,R01_REVIEWED_NOT_ABOUT_SOMOIM_APP,daum,search_preview,소모임 후기 - 연구계획수립 / 논문 소모임 (이주희),https://cafe.daum.net/counsellors/OHVV/4
1616,noise,R01_REVIEWED_NOT_ABOUT_SOMOIM_APP,daum,search_preview,[볼링 소모임 ] 토요일 볼링 소모임 후기 겸 인증동영상...^^,https://cafe.daum.net/sweetyswing/56mL/77
1617,noise,R01_REVIEWED_NOT_ABOUT_SOMOIM_APP,daum,search_preview,1월 둘째주 지산 소모임 후기 와 감사드리는 이야기..;;,https://cafe.daum.net/insmo2/EWv8/10810
1618,noise,R01_REVIEWED_NOT_ABOUT_SOMOIM_APP,daum,search_preview,[ 소모임 후기 ] 2/3 14시~ 강남 토즈에서...,https://cafe.daum.net/unitednations/WHZ/27
1619,noise,R01_REVIEWED_NOT_ABOUT_SOMOIM_APP,daum,search_preview,소모임 후기 ..ㅎㅎ,https://cafe.daum.net/cjskilove/GC4y/12831
1620,noise,R01_REVIEWED_NOT_ABOUT_SOMOIM_APP,daum,search_preview,익산 소모임 후기 입니다~,https://cafe.daum.net/s.shool/WkJI/128
1621,noise,R01_REVIEWED_NOT_ABOUT_SOMOIM_APP,daum,search_preview,[울산통기타친구] 5월25일 월요 소모임 후기,https://cafe.daum.net/ulsantongchin/53kq/2608
1622,noise,R01_REVIEWED_NOT_ABOUT_SOMOIM_APP,daum,search_preview,회원여러분과 함께한 3차 소모임 후기 ~,https://cafe.daum.net/jiwooe/Ls6E/2810
1623,noise,R01_REVIEWED_NOT_ABOUT_SOMOIM_APP,daum,search_preview,엎치락 뒤치락 디베잇 소모임 후기 ^^,https://cafe.daum.net/englisholic/8UBu/29
1624,noise,R01_REVIEWED_NOT_ABOUT_SOMOIM_APP,daum,search_preview,"익산, 전주 소모임 후기",https://cafe.daum.net/s.shool/WkJI/56
1625,noise,R01_REVIEWED_NOT_ABOUT_SOMOIM_APP,daum,search_preview,소모임 후기,https://cafe.daum.net/kwangjugolfclub/59r4/1727
1626,noise,R01_REVIEWED_NOT_ABOUT_SOMOIM_APP,daum,search_preview,전주 소모임 후기 (2회),https://cafe.daum.net/s.shool/WkJI/213
1627,noise,R01_REVIEWED_NOT_ABOUT_SOMOIM_APP,daum,search_preview,"10월 은점토, 폴리머 소모임 후기",https://cafe.daum.net/handscreft/6kbG/59
1628,noise,R01_REVIEWED_NOT_ABOUT_SOMOIM_APP,daum,search_preview,[복지공무원 면접스터디 소모임 후기 펌글] - 경기도 면접 후기 에요.. ^^,https://cafe.daum.net/socw97/JRbk/136
1629,noise,R01_REVIEWED_NOT_ABOUT_SOMOIM_APP,daum,search_preview,"""아름다운 서울"" 소모임 후기 (채훈님의 글)",https://cafe.daum.net/tea3/5aoA/544
1630,noise,R01_REVIEWED_NOT_ABOUT_SOMOIM_APP,daum,search_preview,소모임 후기 ( 천안 ),https://cafe.daum.net/486girlboy/JMjy/6714
1631,noise,R01_REVIEWED_NOT_ABOUT_SOMOIM_APP,daum,search_preview,[복지공무원 면접스터디 소모임 후기 펌글] - 경기도 파주시 합격 면접 후기 입니다...*^^*...,https://cafe.daum.net/socw97/JRbk/146
1632,noise,R01_REVIEWED_NOT_ABOUT_SOMOIM_APP,daum,search_preview,영등포 소모임 후기 (사진),https://cafe.daum.net/gripboard/TdyR/2536
1633,noise,R01_REVIEWED_NOT_ABOUT_SOMOIM_APP,daum,search_preview,익산 소모임 후기 입니다~~^^,https://cafe.daum.net/s.shool/WkJI/77
1634,noise,R01_REVIEWED_NOT_ABOUT_SOMOIM_APP,daum,search_preview,[울산통기타친구] 5월18일 월요 소모임 후기,https://cafe.daum.net/ulsantongchin/53kq/2604
1635,noise,R01_REVIEWED_NOT_ABOUT_SOMOIM_APP,daum,search_preview,서촌나들이 소모임 후기,https://cafe.daum.net/poomasi/3go0/54
1636,noise,R01_REVIEWED_NOT_ABOUT_SOMOIM_APP,daum,search_preview,익산 소모임 후기 입니당~~^^,https://cafe.daum.net/s.shool/WkJI/35
1637,noise,R01_REVIEWED_NOT_ABOUT_SOMOIM_APP,daum,search_preview,2015년 5월 31일 노원 공릉 소모임 후기,https://cafe.daum.net/gripboard/TXoN/3651
1638,noise,R01_REVIEWED_NOT_ABOUT_SOMOIM_APP,daum,search_preview,1월 2일 화요 소모임 후기 ...^^,https://cafe.daum.net/pinbreaker/73dE/12913
1639,noise,R01_REVIEWED_NOT_ABOUT_SOMOIM_APP,daum,search_preview,"상심아이지 ""공감"" 소모임 후기",https://cafe.daum.net/2007iji/NbUL/92
1640,noise,R01_REVIEWED_NOT_ABOUT_SOMOIM_APP,daum,search_preview,[노래 소모임 후기 ] 오늘 있었던 노래 소모임 후기 입니다.,https://cafe.daum.net/norae/2P7/10847
1641,noise,R01_REVIEWED_NOT_ABOUT_SOMOIM_APP,daum,search_preview,고농서 소모임 후기,https://cafe.daum.net/Kgreens/N2f0/501
1642,noise,R01_REVIEWED_NOT_ABOUT_SOMOIM_APP,daum,search_preview,12월 수원화성 소모임 후기,https://cafe.daum.net/s.shool/WkJM/368
1643,noise,R01_REVIEWED_NOT_ABOUT_SOMOIM_APP,daum,search_preview,광주전남 소모임 후기 (광주석곡주민센타),https://cafe.daum.net/jingijong/6tB6/681
1644,noise,R01_REVIEWED_NOT_ABOUT_SOMOIM_APP,daum,search_preview,11월 03일 - 대/경 재테크 소모임 후기 ㅋ,https://cafe.daum.net/dgrealproperty/EJDg/1992
1645,noise,R01_REVIEWED_NOT_ABOUT_SOMOIM_APP,daum,search_preview,음식 소모임 후기,https://cafe.daum.net/poomasi/5Jo8/68
1646,noise,R01_REVIEWED_NOT_ABOUT_SOMOIM_APP,daum,search_preview,너무 늦은 볼링 소모임 후기 ~~~,https://cafe.daum.net/cjskilove/GC4y/12899
1647,noise,R01_REVIEWED_NOT_ABOUT_SOMOIM_APP,daum,search_preview,매우 절라 간단 소모임 (?) 후기,https://cafe.daum.net/onekids/3N8a/15189
1648,noise,R01_REVIEWED_NOT_ABOUT_SOMOIM_APP,daum,search_preview,"2월26일 일요일 스무번째 ""미션출첵""입니다. 댓글 남겨주세요.+ 아작 오프라인 소모임 후기",https://cafe.daum.net/atopy/OHxN/214
1649,noise,R01_REVIEWED_NOT_ABOUT_SOMOIM_APP,daum,search_preview,06.19 울산기도 소모임 후기,https://cafe.daum.net/s.shool/WkJJ/270
1650,noise,R01_REVIEWED_NOT_ABOUT_SOMOIM_APP,daum,search_preview,부산 소모임 후기 입니다.~~~~,https://cafe.daum.net/pal9pal9/IUCO/3466
1651,noise,R01_REVIEWED_NOT_ABOUT_SOMOIM_APP,daum,search_preview,잠시 나라 걱정을 잊었다!( 소모임 후기 ),https://cafe.daum.net/bkyoon/37Nh/6145
1652,noise,R01_REVIEWED_NOT_ABOUT_SOMOIM_APP,daum,search_preview,부산/경남 소모임 후기 올립니다...,https://cafe.daum.net/diabe/Hya/15711
1653,noise,R01_REVIEWED_NOT_ABOUT_SOMOIM_APP,daum,search_preview,＜더 밝아질 세상＞ 노워리 아이들 소모임 후기,https://cafe.daum.net/no-worry/DEO7/116
1654,noise,R01_REVIEWED_NOT_ABOUT_SOMOIM_APP,daum,search_preview,[영애선비량] 3차 소모임 후기,https://cafe.daum.net/2007iji/NbUL/114
1655,noise,R01_REVIEWED_NOT_ABOUT_SOMOIM_APP,daum,search_preview,주안 소모임 후기 입니다.,https://cafe.daum.net/gripboard/TdyR/872
1656,noise,R01_REVIEWED_NOT_ABOUT_SOMOIM_APP,daum,search_preview,31일 대전 소모임 후기 (참석자10명),https://cafe.daum.net/moyamoya/S7H/166
1657,noise,R01_REVIEWED_NOT_ABOUT_SOMOIM_APP,daum,search_preview,갱상도 사나이 소모임 후기 ...,https://cafe.daum.net/mythfamily/IpI9/2
1658,noise,R01_REVIEWED_NOT_ABOUT_SOMOIM_APP,daum,search_preview,도봉독서 소모임 후기 를 옮기며...(댓글 복사),https://cafe.daum.net/sarangbang123/AT3/5370
1659,noise,R01_REVIEWED_NOT_ABOUT_SOMOIM_APP,daum,search_preview,5월 소모임 후기 입니다...,https://cafe.daum.net/nebineru/DWVH/4
1660,noise,R01_REVIEWED_NOT_ABOUT_SOMOIM_APP,daum,search_preview,10월 12일 미국이민 정보공유 소모임 후기,https://cafe.daum.net/usaimm/1pIP/81
1661,noise,R01_REVIEWED_NOT_ABOUT_SOMOIM_APP,daum,search_preview,충청 소모임 후기,https://cafe.daum.net/ihave2jobs/DR7/100
1662,noise,R01_REVIEWED_NOT_ABOUT_SOMOIM_APP,daum,search_preview,일본어 소모임 후기,https://cafe.daum.net/femihealth/S2Cq/288
1663,noise,R01_REVIEWED_NOT_ABOUT_SOMOIM_APP,daum,search_preview,[마이구미] 1차 Zoom 소모임 후기,https://cafe.daum.net/2007iji/NbUL/108
1664,noise,R01_REVIEWED_NOT_ABOUT_SOMOIM_APP,daum,search_preview,[울산통기타친구] 11월2일 월요 소모임 후기,https://cafe.daum.net/ulsantongchin/53kq/2686
1665,noise,R01_REVIEWED_NOT_ABOUT_SOMOIM_APP,daum,search_preview,회원여러분과 함께한 소모임 후기 ~,https://cafe.daum.net/myhoju/70NV/1000
1666,noise,R01_REVIEWED_NOT_ABOUT_SOMOIM_APP,daum,search_preview,'핫'한 일제 차량들이 주인공이었던 오늘 잠실 친목 소모임 간단 후기 ~,https://cafe.daum.net/diecast/24Dk/40994
1667,noise,R01_REVIEWED_NOT_ABOUT_SOMOIM_APP,daum,search_preview,2월 음성 소모임 후기,https://cafe.daum.net/s.shool/WkJK/802
1668,noise,R01_REVIEWED_NOT_ABOUT_SOMOIM_APP,daum,search_preview,[1월 화성 오산 소모임 ] 후기,https://cafe.daum.net/s.shool/WkJM/953
1669,noise,R01_REVIEWED_NOT_ABOUT_SOMOIM_APP,daum,search_preview,광주4월 소모임 후기,https://cafe.daum.net/s.shool/WkJI/186
1670,noise,R01_REVIEWED_NOT_ABOUT_SOMOIM_APP,daum,search_preview,고농서 소모임 후기,https://cafe.daum.net/Kgreens/N2f0/486
1671,noise,R01_REVIEWED_NOT_ABOUT_SOMOIM_APP,daum,search_preview,속닥한 급 소모임 후기,https://cafe.daum.net/clubwein/L30e/5270
1672,noise,R01_REVIEWED_NOT_ABOUT_SOMOIM_APP,daum,search_preview,[대전지역 5월 소모임 후기 ] 기도 응답은 언제 오는가 ?,https://cafe.daum.net/s.shool/WkJK/585
1673,noise,R01_REVIEWED_NOT_ABOUT_SOMOIM_APP,daum,search_preview,푸하하 9월 14일 소모임 후기,https://cafe.daum.net/1004drive/IeFh/34
1674,noise,R01_REVIEWED_NOT_ABOUT_SOMOIM_APP,daum,search_preview,세종 청주 소모임 후기 ( 12/27 ),https://cafe.daum.net/s.shool/WkJK/785
1675,noise,R01_REVIEWED_NOT_ABOUT_SOMOIM_APP,daum,search_preview,5월 전주 소모임 후기,https://cafe.daum.net/s.shool/WkJI/266
1676,noise,R01_REVIEWED_NOT_ABOUT_SOMOIM_APP,daum,search_preview,익산 소모임 후기,https://cafe.daum.net/s.shool/WkJI/160
1677,noise,R01_REVIEWED_NOT_ABOUT_SOMOIM_APP,daum,search_preview,활동중인모임 색깔구분하삼!( 후기 는 소모임 후기 방에!),https://cafe.daum.net/hairshop/5t7a/54
1678,noise,R01_REVIEWED_NOT_ABOUT_SOMOIM_APP,daum,search_preview,앗싸~ 소모임 후기 2번째!,https://cafe.daum.net/voice4u/HGA/8643
1679,noise,R01_REVIEWED_NOT_ABOUT_SOMOIM_APP,daum,search_preview,[복지공무원 면접스터디 소모임 후기 펌글] - 서울시 면접 후기 입니다 ^^,https://cafe.daum.net/socw97/JRbk/145
1680,noise,R01_REVIEWED_NOT_ABOUT_SOMOIM_APP,daum,search_preview,3차 소모임 후기,https://cafe.daum.net/aktnftk/3KRB/76
1681,noise,R01_REVIEWED_NOT_ABOUT_SOMOIM_APP,daum,search_preview,호주 유학/이민 소모임 후기 / 사진(일산 애니꼴에서 회원분들과 함께~),https://cafe.daum.net/jiwooe/a2z/4
1682,noise,R01_REVIEWED_NOT_ABOUT_SOMOIM_APP,daum,search_preview,[울산통기타친구] 11월23일 월요 소모임 후기,https://cafe.daum.net/ulsantongchin/53kq/2706
1683,noise,R01_REVIEWED_NOT_ABOUT_SOMOIM_APP,daum,search_preview,9월 강원 소모임 후기 (빈그릇님 글 옮겨 옴),https://cafe.daum.net/tea3/5aoA/1369
1684,noise,R01_REVIEWED_NOT_ABOUT_SOMOIM_APP,daum,search_preview,소모임 발표회 후기,https://cafe.daum.net/sonaguitar/gJD6/2263
1685,noise,R01_REVIEWED_NOT_ABOUT_SOMOIM_APP,daum,search_preview,[3월 화성 오산 소모임 ] 후기,https://cafe.daum.net/s.shool/WkJM/979
1686,noise,R01_REVIEWED_NOT_ABOUT_SOMOIM_APP,daum,search_preview,비즈 소모임 후기,https://cafe.daum.net/poomasi/2JIh/9
1687,noise,R01_REVIEWED_NOT_ABOUT_SOMOIM_APP,daum,search_preview,경기북부 왕깔때기파(가제) 소모임 후기,https://cafe.daum.net/yogicflying/KNPE/460
1688,noise,R01_REVIEWED_NOT_ABOUT_SOMOIM_APP,daum,search_preview,배드민턴 소모임 쫑파티 행사 후기 입니다. :-D,https://cafe.daum.net/cjskilove/GC4y/16934
1689,noise,R01_REVIEWED_NOT_ABOUT_SOMOIM_APP,daum,search_preview,순수반 첫 소모임 후기,https://cafe.daum.net/orumedu/JbBn/170
1690,noise,R01_REVIEWED_NOT_ABOUT_SOMOIM_APP,daum,search_preview,미디어 소모임 후기 (1)입니다,https://cafe.daum.net/beutysex21/jsH/824
1691,noise,R01_REVIEWED_NOT_ABOUT_SOMOIM_APP,daum,search_preview,☆… 소모임 후기 ──。(◎길어요◎),https://cafe.daum.net/MOUSEFAM/IU3m/168
1692,noise,R01_REVIEWED_NOT_ABOUT_SOMOIM_APP,daum,search_preview,23년 7월 11일 화요일 부산 소모임 후기,https://cafe.daum.net/s.shool/WkJJ/276
1693,noise,R01_REVIEWED_NOT_ABOUT_SOMOIM_APP,daum,search_preview,밀울타리 신년 소모임 후기 ~,https://cafe.daum.net/21prosales/4UK3/1062
1694,noise,R01_REVIEWED_NOT_ABOUT_SOMOIM_APP,daum,search_preview,2010.10.13 F코드 수요 소모임 후기 입니다~(F코드 필독),https://cafe.daum.net/ulsantongchin/4Cfr/628
1695,noise,R01_REVIEWED_NOT_ABOUT_SOMOIM_APP,daum,search_preview,‘24. 8. 5. 전주 소모임 후기,https://cafe.daum.net/s.shool/WkJI/273
1696,noise,R01_REVIEWED_NOT_ABOUT_SOMOIM_APP,daum,search_preview,6월 11일 다이나마이트 소모임 후기,https://cafe.daum.net/gripboard/TdyR/2256
1697,noise,R01_REVIEWED_NOT_ABOUT_SOMOIM_APP,daum,search_preview,8월 음성 소모임 후기,https://cafe.daum.net/s.shool/WkJK/849
1698,noise,R01_REVIEWED_NOT_ABOUT_SOMOIM_APP,daum,search_preview,[울산통기타친구] 11월16일 월요 소모임 후기,https://cafe.daum.net/ulsantongchin/53kq/2702
1699,noise,R01_REVIEWED_NOT_ABOUT_SOMOIM_APP,daum,search_preview,새신발의 엄청난 위력(?) + 소모임 후기,https://cafe.daum.net/pinbreaker/73dE/11518
1700,noise,R01_REVIEWED_NOT_ABOUT_SOMOIM_APP,daum,search_preview,1월 9일 소모임 후기 ...,https://cafe.daum.net/pinbreaker/73dE/12926
1701,noise,R01_REVIEWED_NOT_ABOUT_SOMOIM_APP,daum,search_preview,[복지공무원 면접스터디 소모임 후기 펌글] - 경기도 최종합격 면접 후기 입니다^^|,https://cafe.daum.net/socw97/JRbk/144
1702,noise,R01_REVIEWED_NOT_ABOUT_SOMOIM_APP,daum,search_preview,19일 공연 소모임 후기 .,https://cafe.daum.net/ocarina/1Gh/1759
1703,noise,R01_REVIEWED_NOT_ABOUT_SOMOIM_APP,daum,search_preview,수원 번개 소모임 후기,https://cafe.daum.net/mkh04/Sbsr/60
1704,noise,R01_REVIEWED_NOT_ABOUT_SOMOIM_APP,daum,search_preview,초초초 뒷북이지만 소모임 후기 && 판매전 후기,https://cafe.daum.net/Lmak/Qd5/15692
1705,noise,R01_REVIEWED_NOT_ABOUT_SOMOIM_APP,daum,search_preview,요리&제빵 소모임 후기,https://cafe.daum.net/ilovesydney/Gsf8/1731
1706,noise,R01_REVIEWED_NOT_ABOUT_SOMOIM_APP,daum,search_preview,[영애선비량] 6차 소모임 후기,https://cafe.daum.net/2007iji/NbUL/121
1707,noise,R01_REVIEWED_NOT_ABOUT_SOMOIM_APP,daum,search_preview,2008-06-06일(금요일) 인라인 소모임 번개 ( 후기 ),https://cafe.daum.net/skiersdaum/6zQ4/624
1708,noise,R01_REVIEWED_NOT_ABOUT_SOMOIM_APP,daum,search_preview,[6월 화성 오산 소모임 ] 후기,https://cafe.daum.net/s.shool/WkJM/880
1709,noise,R01_REVIEWED_NOT_ABOUT_SOMOIM_APP,daum,search_preview,디자인 소모임 후기 예여~,https://cafe.daum.net/hairshop/5rvX/210
1710,noise,R01_REVIEWED_NOT_ABOUT_SOMOIM_APP,daum,search_preview,막내가 쓰는 대구 소모임 후기,https://cafe.daum.net/0115590089/EnUr/8
1711,noise,R01_REVIEWED_NOT_ABOUT_SOMOIM_APP,daum,search_preview,화요일 소모임 후기 입니다~,https://cafe.daum.net/pinbreaker/73dE/12222
1712,noise,R01_REVIEWED_NOT_ABOUT_SOMOIM_APP,daum,search_preview,첫 소모임 후기 ..,https://cafe.daum.net/ulsantongchin/DM8P/6847
1713,noise,R01_REVIEWED_NOT_ABOUT_SOMOIM_APP,daum,search_preview,인천부천 볼링 소모임 후기,https://cafe.daum.net/boasboas/ELT8/108
1714,noise,R01_REVIEWED_NOT_ABOUT_SOMOIM_APP,daum,search_preview,6월 세종청주 소모임 후기,https://cafe.daum.net/s.shool/WkJK/838
1715,noise,R01_REVIEWED_NOT_ABOUT_SOMOIM_APP,daum,search_preview,한방엑스포와 소모임 후기 ...,https://cafe.daum.net/beehoneylove/2NI4/168
1716,noise,R01_REVIEWED_NOT_ABOUT_SOMOIM_APP,daum,search_preview,익산 소모임 후기,https://cafe.daum.net/s.shool/WkJI/132
1717,noise,R01_REVIEWED_NOT_ABOUT_SOMOIM_APP,daum,search_preview,[영애선비량] 4차 소모임 후기,https://cafe.daum.net/2007iji/NbUL/116
1718,noise,R01_REVIEWED_NOT_ABOUT_SOMOIM_APP,daum,search_preview,익산 소모임 후기 입니다~~^^,https://cafe.daum.net/s.shool/WkJI/68
1719,noise,R01_REVIEWED_NOT_ABOUT_SOMOIM_APP,daum,search_preview,7월 대구 경북 소모임 후기,https://cafe.daum.net/s.shool/WkJJ/219
1720,noise,R01_REVIEWED_NOT_ABOUT_SOMOIM_APP,daum,search_preview,늦었지만... 3월 3일 신천 소모임 후기 ~~!,https://cafe.daum.net/yogicflying/JxFb/893
1721,noise,R01_REVIEWED_NOT_ABOUT_SOMOIM_APP,daum,search_preview,경매 소모임 후기,https://cafe.daum.net/choijonson/Fs1d/38
1722,noise,R01_REVIEWED_NOT_ABOUT_SOMOIM_APP,daum,search_preview,인천 소모임 3차 후기 일빠따,https://cafe.daum.net/jongsoo/QHif/545
1723,noise,R01_REVIEWED_NOT_ABOUT_SOMOIM_APP,daum,search_preview,Re:부산/경남 소모임 후기 ^^,https://cafe.daum.net/diabe/Hya/11532
1724,noise,R01_REVIEWED_NOT_ABOUT_SOMOIM_APP,daum,search_preview,소모임 후기,https://cafe.daum.net/aktnftk/3KRB/143
1725,noise,R01_REVIEWED_NOT_ABOUT_SOMOIM_APP,daum,search_preview,[ 1박2일 여행 소모임 정모 4월11일(토) 오후7시 ]- 맛난고기먹자^^,https://cafe.daum.net/joyofboarding/Htre/242
1726,noise,R01_REVIEWED_NOT_ABOUT_SOMOIM_APP,daum,search_preview,2026년 08월 정모 안내,https://cafe.daum.net/2639814/RRQs/211
1727,noise,R01_REVIEWED_NOT_ABOUT_SOMOIM_APP,daum,search_preview,"[포토] MOCA 사진전 커피챗 만난 사람들 [초대] 주말 재즈 클럽, 와인 바 소모임",https://cafe.daum.net/skc67/36i9/538832
1728,noise,R01_REVIEWED_NOT_ABOUT_SOMOIM_APP,daum,search_preview,2024년 8월 15일 목요일 정모 ＜파타고니아＞&책풍경 생일파티,https://cafe.daum.net/book-culture/GDFQ/382
1729,noise,R01_REVIEWED_NOT_ABOUT_SOMOIM_APP,daum,search_preview,재테크(구 분양권) 소모임 출범 ( 정모 및 세미나 개최 : 리플요망):선착 50명,https://cafe.daum.net/jangshhouse/22Qx/75
1730,noise,R01_REVIEWED_NOT_ABOUT_SOMOIM_APP,daum,search_preview,4월 19일 (토) 스키사랑 4월 정모 및 소모임 발대식-장소 급변경^^;;,https://cafe.daum.net/skiersdaum/6nby/868
1731,noise,R01_REVIEWED_NOT_ABOUT_SOMOIM_APP,daum,search_preview,경기/인천 소모임 정모 후기,https://cafe.daum.net/epilepsy/1moE/431
1732,noise,R01_REVIEWED_NOT_ABOUT_SOMOIM_APP,daum,search_preview,[와인 소모임 정모 ]evening people 7/25 2007 청담동,https://cafe.daum.net/moviehunters/2jo/8603
1733,noise,R01_REVIEWED_NOT_ABOUT_SOMOIM_APP,daum,search_preview,시선집중]봉주타이거즈(야구 소모임 ) 정모 !!~새로운 지도 첨부,https://cafe.daum.net/yogicflying/TKUZ/9098
1734,noise,R01_REVIEWED_NOT_ABOUT_SOMOIM_APP,daum,search_preview,영국으로 가는 영국 소모임 참여방식....이번 주 토요일 오후 6시에 소모임 정모 합니다..,https://cafe.daum.net/freeman/HLd/2262
1735,noise,R01_REVIEWED_NOT_ABOUT_SOMOIM_APP,daum,search_preview,대구 소모임 정모 입니다 ! ㅅ_________________ㅅ,https://cafe.daum.net/midist/JYK/12921
1736,noise,R01_REVIEWED_NOT_ABOUT_SOMOIM_APP,daum,search_preview,"""충청 호남 소모임 "" 정모 있습니다.",https://cafe.daum.net/Aircon114/IGK/190
1737,noise,R01_REVIEWED_NOT_ABOUT_SOMOIM_APP,daum,search_preview,Re:부경떡만사 소모임 정모 ....,https://cafe.daum.net/ttuck/69oJ/3209
1738,noise,R01_REVIEWED_NOT_ABOUT_SOMOIM_APP,daum,search_preview,알바트로스 소모임 정모 에,https://cafe.daum.net/easygolf/DaIk/66
1739,noise,R01_REVIEWED_NOT_ABOUT_SOMOIM_APP,daum,search_preview,서울 플스매니아 소모임 ( 정모 )에 관한 글입니다.,https://cafe.daum.net/ps1/IuSo/1947
1740,noise,R01_REVIEWED_NOT_ABOUT_SOMOIM_APP,daum,search_preview,2005년 첫 소모임 정모 와 함께..,https://cafe.daum.net/iamceo/89nC/325
1741,noise,R01_REVIEWED_NOT_ABOUT_SOMOIM_APP,daum,search_preview,★경기도 소모임 정모 입니다★,https://cafe.daum.net/magic8/Rw4/1148
1742,noise,R01_REVIEWED_NOT_ABOUT_SOMOIM_APP,daum,search_preview,Re:부경 소모임 정모 후기입니다.,https://cafe.daum.net/diabe/Hya/28730
1743,noise,R01_REVIEWED_NOT_ABOUT_SOMOIM_APP,daum,search_preview,고기먹는 소모임 정모 회계보고 합니다. 어제 고기 먹기 동호회 에 모여 주신 회원 열분들 너무 행복한 시간이였습니다.,https://cafe.daum.net/shanghaivillage/2qcT/1848
1744,noise,R01_REVIEWED_NOT_ABOUT_SOMOIM_APP,daum,search_preview,"번개 , 소모임 , 정모 이후 ~~",https://cafe.daum.net/tourvillage2/EUZn/872
1745,noise,R01_REVIEWED_NOT_ABOUT_SOMOIM_APP,daum,search_preview,소모임 정모 에 대해서요..,https://cafe.daum.net/dx6340/Ldjr/125
1746,noise,R01_REVIEWED_NOT_ABOUT_SOMOIM_APP,daum,search_preview,스카이라인 소모임 정모 에 대해,https://cafe.daum.net/stingandstar/68wo/193
1747,noise,R01_REVIEWED_NOT_ABOUT_SOMOIM_APP,daum,search_preview,이제 소모임 orSF 정모 。 함하자..,https://cafe.daum.net/990701/J6y/14371
1748,noise,R01_REVIEWED_NOT_ABOUT_SOMOIM_APP,daum,search_preview,"금일 13일 (토요일) 소모임 , 정모 참석(특히 신규회원)을 권유합니다",https://cafe.daum.net/CancelDebt/Cy2A/2851
1749,noise,R01_REVIEWED_NOT_ABOUT_SOMOIM_APP,daum,search_preview,8/10 대전 소모임 정모 안내,https://cafe.daum.net/herbsoap/D45X/427
1750,noise,R01_REVIEWED_NOT_ABOUT_SOMOIM_APP,daum,search_preview,(>_-)[후기] 어제 소모임 정모 ....후기입니다..,https://cafe.daum.net/voice4u/HGA/8766
1751,noise,R01_REVIEWED_NOT_ABOUT_SOMOIM_APP,daum,search_preview,소모임 정모 궁금하시져?^^,https://cafe.daum.net/naegui/A9r/15987
1752,noise,R01_REVIEWED_NOT_ABOUT_SOMOIM_APP,daum,search_preview,4월 토방님댁에서의 예목회 소모임 정모,https://cafe.daum.net/seim007/9lo6/1148
1753,noise,R01_REVIEWED_NOT_ABOUT_SOMOIM_APP,daum,search_preview,3월27일 빅 정모,https://cafe.daum.net/osalsa/NYXo/2603
1754,noise,R01_REVIEWED_NOT_ABOUT_SOMOIM_APP,daum,search_preview,## 강남 소모임 정모 세미나 안내 7월 16일##,https://cafe.daum.net/10in10/A7Rr/2428
1755,noise,R01_REVIEWED_NOT_ABOUT_SOMOIM_APP,daum,search_preview,소모임 정모 안내(재테크모임 & 상가모임),https://cafe.daum.net/jangshhouse/PAu/22190
1756,noise,R01_REVIEWED_NOT_ABOUT_SOMOIM_APP,daum,search_preview,[ 소모임 정모 안내] 니가 디카를 알어! 소모임 정모 합니다.,https://cafe.daum.net/iianewtown/63JU/737
1757,noise,R01_REVIEWED_NOT_ABOUT_SOMOIM_APP,daum,search_preview,"부산, 경남 4월 소모임 정모 개최",https://cafe.daum.net/84611/DSKy/273
1758,noise,R01_REVIEWED_NOT_ABOUT_SOMOIM_APP,daum,search_preview,2009년 2월 요가 소모임 & SNPE 수료생 정모,https://cafe.daum.net/chiroup/8iE8/1084
1759,noise,R01_REVIEWED_NOT_ABOUT_SOMOIM_APP,daum,search_preview,소모임 정모 ....,https://cafe.daum.net/conwell/s0/4267
1760,noise,R01_REVIEWED_NOT_ABOUT_SOMOIM_APP,daum,search_preview,＜4월 26일 월요일밤 9시 30분 ＞ 헤어샵 소모임 정모 (신촌 서강 주점 ),https://cafe.daum.net/hairshop/27bF/730
1761,noise,R01_REVIEWED_NOT_ABOUT_SOMOIM_APP,daum,search_preview,10월 7일 금요일 볼링 소모임 정모 있습니다.. ^^,https://cafe.daum.net/kumilove/2Ia/52955
1762,noise,R01_REVIEWED_NOT_ABOUT_SOMOIM_APP,daum,search_preview,사진 소모임 정모 사진 업데이트를 마쳤습니다^^,https://cafe.daum.net/aminsnow/8eLN/6635
1763,noise,R01_REVIEWED_NOT_ABOUT_SOMOIM_APP,daum,search_preview,대전도 소모임 정모 하는데 청주도 한번해야지 않겠어요? ^^,https://cafe.daum.net/soccerz2/QJD1/27
1764,noise,R01_REVIEWED_NOT_ABOUT_SOMOIM_APP,daum,search_preview,리프트 소모임 정모 일정,https://cafe.daum.net/monsterbody/Iavq/2456
1765,noise,R01_REVIEWED_NOT_ABOUT_SOMOIM_APP,daum,search_preview,<5월 8일 화요일>특수머리 소모임 정모 일정 변경 안내 & 모델 모집,https://cafe.daum.net/hairshop/5cJV/208
1766,noise,R01_REVIEWED_NOT_ABOUT_SOMOIM_APP,daum,search_preview,인라인 소모임 정모 겸 강습,https://cafe.daum.net/snowlove/P3JA/123
1767,noise,R01_REVIEWED_NOT_ABOUT_SOMOIM_APP,daum,search_preview,내일은 소모임 정모 ...그리고 정팅날!!!,https://cafe.daum.net/maksim/DV55/7865
1768,noise,R01_REVIEWED_NOT_ABOUT_SOMOIM_APP,daum,search_preview,[ 소모임 정모 ] 씨네톡하우스 두번째 정모 이야기~,https://cafe.daum.net/cinetalk/7v32/2064
1769,noise,R01_REVIEWED_NOT_ABOUT_SOMOIM_APP,daum,search_preview,2026년 3월 정모 안내,https://cafe.daum.net/2639814/RRQs/206
1770,noise,R01_REVIEWED_NOT_ABOUT_SOMOIM_APP,daum,search_preview,"""""신도시아지메덜 소모임 정모 담주 월요일에 있어요...""""",https://cafe.daum.net/iianewtown/63JU/2862
1771,noise,R01_REVIEWED_NOT_ABOUT_SOMOIM_APP,daum,search_preview,2026년 01월 새해 첫 정모 안내,https://cafe.daum.net/2639814/RRQs/204
1772,noise,R01_REVIEWED_NOT_ABOUT_SOMOIM_APP,daum,search_preview,<7월16일>아이롱 소모임 정모 합니다!!!,https://cafe.daum.net/hairshop/5cJV/244
1773,noise,R01_REVIEWED_NOT_ABOUT_SOMOIM_APP,daum,search_preview,"<서울> 06년 1/4분기 소모임 정모 (12월 9일, 종로) 안내",https://cafe.daum.net/workingholiday/2j47/190
1774,noise,R01_REVIEWED_NOT_ABOUT_SOMOIM_APP,daum,search_preview,오늘은 프리(BSF) 소모임 정모 가 있는 날입니다 ^^,https://cafe.daum.net/baramsori/2VP/30052
1775,noise,R01_REVIEWED_NOT_ABOUT_SOMOIM_APP,daum,search_preview,<8월13일>아이롱 소모임 정모,https://cafe.daum.net/hairshop/5cJV/264
1776,noise,R01_REVIEWED_NOT_ABOUT_SOMOIM_APP,daum,search_preview,목요일은 바람소리 각 소모임 정모 가 있는 날입니다. 레이싱팀은 분당구청 트랙에서 모입니다.,https://cafe.daum.net/baramsori/2VP/30681
1777,noise,R01_REVIEWED_NOT_ABOUT_SOMOIM_APP,daum,search_preview,Re:미혼 소모임 정모 후기(여기다 올려두 되남?),https://cafe.daum.net/diabe/Hya/38732
1778,noise,R01_REVIEWED_NOT_ABOUT_SOMOIM_APP,daum,search_preview,목요일은 바람소리 각 소모임 정모 날입니다. 레이싱팀은 분당구청 트랙에서 모입니다.,https://cafe.daum.net/baramsori/2VP/30086
1779,noise,R01_REVIEWED_NOT_ABOUT_SOMOIM_APP,daum,search_preview,미혼 소모임 정모 후기(여기다 올려두 되남?),https://cafe.daum.net/diabe/Hya/38725
1780,noise,R01_REVIEWED_NOT_ABOUT_SOMOIM_APP,daum,search_preview,<6월 19일 화요일>특수머리 소모임 정모 가 취소 되었습니다.^^,https://cafe.daum.net/hairshop/5cJV/238
1781,noise,R01_REVIEWED_NOT_ABOUT_SOMOIM_APP,daum,search_preview,<4월2일>아이롱스타일 소모임 정모,https://cafe.daum.net/hairshop/5cJV/195
1782,noise,R01_REVIEWED_NOT_ABOUT_SOMOIM_APP,daum,search_preview,Re:미혼 소모임 정모 후기(?)라기 보다는... ^^;,https://cafe.daum.net/diabe/Hya/38794
1783,noise,R01_REVIEWED_NOT_ABOUT_SOMOIM_APP,daum,search_preview,미혼 소모임 정모 후기(?)라기 보다는... ^^;,https://cafe.daum.net/diabe/Hya/38734
1784,noise,R01_REVIEWED_NOT_ABOUT_SOMOIM_APP,daum,search_preview,^^; 소모임 정모 가 있었지요...,https://cafe.daum.net/sunchon/2ib/674
1785,noise,R01_REVIEWED_NOT_ABOUT_SOMOIM_APP,daum,search_preview,20.8.8 토 오후 6시30분 정모 겸 소모임 : 남녀 비율을 맞히고자 합니다.,https://cafe.daum.net/knspm/ci4o/929
1786,noise,R01_REVIEWED_NOT_ABOUT_SOMOIM_APP,daum,search_preview,6월 6일 천안RC 소모임 정모,https://cafe.daum.net/onroad/O0b/48222
1787,noise,R01_REVIEWED_NOT_ABOUT_SOMOIM_APP,daum,search_preview,2007시즌 소모임 911 오픈 정모 !!!장소확정,https://cafe.daum.net/joyofboarding/HQoT/522
1788,noise,R01_REVIEWED_NOT_ABOUT_SOMOIM_APP,daum,search_preview,신입분들.. 소모임 소모임 정모 있으니.. 참여 하구 싶은 분은.. 읽어 주세요~^^,https://cafe.daum.net/xd/4gm/4913
1789,noise,R01_REVIEWED_NOT_ABOUT_SOMOIM_APP,daum,search_preview,( 정모 신청)일상탈출 수원지역 소모임 정모 합니다.(아하님 정모 해요),https://cafe.daum.net/trip7788/A78H/61
1790,noise,R01_REVIEWED_NOT_ABOUT_SOMOIM_APP,daum,search_preview,7월에 각 소모임 정모 . 번개 후기를 올려주신 소모임 에 한해서 7월 지원금 이벤트를 합니다 ^^,https://cafe.daum.net/jejumam/Pead/511
1791,noise,R01_REVIEWED_NOT_ABOUT_SOMOIM_APP,daum,search_preview,소모임 정모 날인 목요일 입니다. 프리팀은 중앙공 시계탑에서 정모 합니다.,https://cafe.daum.net/baramsori/2VP/30755
1792,noise,R01_REVIEWED_NOT_ABOUT_SOMOIM_APP,daum,search_preview,3/1(화) 덕수궁미술관-피카소와 모던아트( 소모임 -온라인스터디방 정모 를 겸한 벙개),https://cafe.daum.net/adelle/HVp/934
1793,noise,R01_REVIEWED_NOT_ABOUT_SOMOIM_APP,daum,search_preview,오늘 소모임 정모 good!!,https://cafe.daum.net/specialfinger/FsKQ/201
1794,noise,R01_REVIEWED_NOT_ABOUT_SOMOIM_APP,daum,search_preview,스카이라인 소모임 정모 안내,https://cafe.daum.net/stingandstar/68wo/197
1795,noise,R01_REVIEWED_NOT_ABOUT_SOMOIM_APP,daum,search_preview,기차타고 대구꺼정~~(대구 소모임 정모 에 다녀와서),https://cafe.daum.net/minischool/DKUb/2710
1796,noise,R01_REVIEWED_NOT_ABOUT_SOMOIM_APP,daum,search_preview,어제 콘서트 후기라지요 아니 소모임 정모 후기라는게 맞나?,https://cafe.daum.net/cbetataewoo/1mJd/8594
1797,noise,R01_REVIEWED_NOT_ABOUT_SOMOIM_APP,daum,search_preview,9월 소모임 정모 안내,https://cafe.daum.net/EXCEL/1zQF/450
1798,noise,R01_REVIEWED_NOT_ABOUT_SOMOIM_APP,daum,search_preview,소모임 갱신 - Joy.Of.Fishing,https://cafe.daum.net/joyofboarding/HtXJ/55
1799,noise,R01_REVIEWED_NOT_ABOUT_SOMOIM_APP,daum,search_preview,소모임 정모 에 많은 참여 바랍니다.,https://cafe.daum.net/iamceo/6HGN/103
1800,noise,R01_REVIEWED_NOT_ABOUT_SOMOIM_APP,daum,search_preview,오카만들기 소모임 정모 입니다.,https://cafe.daum.net/ocarina/1Gf/13736
1801,noise,R01_REVIEWED_NOT_ABOUT_SOMOIM_APP,daum,search_preview,청주|충북 소모임 정모 입니다,https://cafe.daum.net/trip7788/A78H/432
1802,noise,R01_REVIEWED_NOT_ABOUT_SOMOIM_APP,daum,search_preview,태웅사랑 소모임 ... 정모 를 다녀왔습니다,https://cafe.daum.net/uhmsky/9BN/13410
1803,noise,R01_REVIEWED_NOT_ABOUT_SOMOIM_APP,daum,search_preview,그냥 소모임 / 정모 안해요,https://cafe.daum.net/TWICE9/cKR6/154051
1804,noise,R01_REVIEWED_NOT_ABOUT_SOMOIM_APP,daum,search_preview,20대 소모임 정모 를 하고자 합니다.,https://cafe.daum.net/uhmsky/8G2J/16180
1805,noise,R01_REVIEWED_NOT_ABOUT_SOMOIM_APP,daum,search_preview,소모임 정모 후기..지금은 정팅중...,https://cafe.daum.net/maksim/DV55/7881
1806,noise,R01_REVIEWED_NOT_ABOUT_SOMOIM_APP,daum,search_preview,서울 소모임 방 정모 후기-4차 모임 즐거운 시간이었습니다~,https://cafe.daum.net/kidneycancer/Ghiy/247
1807,noise,R01_REVIEWED_NOT_ABOUT_SOMOIM_APP,daum,search_preview,남구 소모임 정모 확정,https://cafe.daum.net/ulsanroom/ZOb/2575
1808,noise,R01_REVIEWED_NOT_ABOUT_SOMOIM_APP,daum,search_preview,소모임 정모 참석자분들 신고식....,https://cafe.daum.net/herbsoap/CzJx/1876
1809,noise,R01_REVIEWED_NOT_ABOUT_SOMOIM_APP,daum,search_preview,저희 소모임 정모 겸..공연 단관,https://cafe.daum.net/rltnfmfqnxkrgo/K04V/9
1810,noise,R01_REVIEWED_NOT_ABOUT_SOMOIM_APP,daum,search_preview,<4월23일>4월2차 아이롱 소모임 정모,https://cafe.daum.net/hairshop/5cJV/204
1811,noise,R01_REVIEWED_NOT_ABOUT_SOMOIM_APP,daum,search_preview,[ 소모임 정모 후기]솔즈베리 신청자 모임 후기,https://cafe.daum.net/paul153/LoF5/67
1812,noise,R01_REVIEWED_NOT_ABOUT_SOMOIM_APP,daum,search_preview,목요일은 바람소리 각 소모임 정모 가 있는 날입니다. 프리팀은 중앙공원에서 모입니다.,https://cafe.daum.net/baramsori/2VP/30194
1813,noise,R01_REVIEWED_NOT_ABOUT_SOMOIM_APP,daum,search_preview,배우님과 함께하는 정모 안내 [ coffeetime_with_zisoo ],https://cafe.daum.net/zisoo/kBlZ/174
1814,noise,R01_REVIEWED_NOT_ABOUT_SOMOIM_APP,daum,search_preview,소모임 정모 를 다녀와서...,https://cafe.daum.net/iamceo/89nC/116
1815,noise,R01_REVIEWED_NOT_ABOUT_SOMOIM_APP,daum,search_preview,J.O.B 911 소모임 마지막 정모 09월 30일 ~ 10월 01일 [ 1박2일 ],https://cafe.daum.net/joyofboarding/HQoT/472
1816,noise,R01_REVIEWED_NOT_ABOUT_SOMOIM_APP,daum,search_preview,얘들아 소모임 정모 하기로했는데 튀어도 되나.. 함 봐주라,https://cafe.daum.net/ok1221/8lcX/90381124
1817,noise,R01_REVIEWED_NOT_ABOUT_SOMOIM_APP,daum,search_preview,"'맛집 기행' 소모임 정모 합니다 (4/27 일요일 ,참가신청은 소모임 게시판으로~ )",https://cafe.daum.net/matmut/3Hi6/871
1818,noise,R01_REVIEWED_NOT_ABOUT_SOMOIM_APP,daum,search_preview,"비엠매냐,,골프 소모임 ,, 정모 에,,한분,,급초대,,",https://cafe.daum.net/lovebmw/3Dhs/23140
1819,noise,R01_REVIEWED_NOT_ABOUT_SOMOIM_APP,daum,search_preview,오카 만들기 소모임 정모 입니다.,https://cafe.daum.net/ocarina/1Gf/13710
1820,noise,R01_REVIEWED_NOT_ABOUT_SOMOIM_APP,daum,search_preview,80 소모임 정모 입니다..,https://cafe.daum.net/arari7936/C10r/366
1821,noise,R01_REVIEWED_NOT_ABOUT_SOMOIM_APP,daum,search_preview,이번주 3월 11일의 금요일 대경 도프세 소모임 정모 가 열립니다.^^,https://cafe.daum.net/21prosales/Ndqy/1081
1822,noise,R01_REVIEWED_NOT_ABOUT_SOMOIM_APP,daum,search_preview,하루코이 여행 소모임 .( 정모 후),https://cafe.daum.net/japantokyo/4ulc/4948
1823,noise,R01_REVIEWED_NOT_ABOUT_SOMOIM_APP,daum,search_preview,혹시 1박2일 정모 말고 당일에 만나는 소모임 정모 는 없나요?^^ 글구 함께가용~~,https://cafe.daum.net/busantongli/4ieb/4097
1824,noise,R01_REVIEWED_NOT_ABOUT_SOMOIM_APP,daum,search_preview,소모임 정모 가 있습니다 주절 주절~~,https://cafe.daum.net/deadpoets/sN/21940
1825,noise,R01_REVIEWED_NOT_ABOUT_SOMOIM_APP,daum,search_preview,공연 소모임 정모,https://cafe.daum.net/ocarina/_album/347
1826,noise,R01_REVIEWED_NOT_ABOUT_SOMOIM_APP,daum,search_preview,소모임 정모 를 한답니다.. 2월 4일 금요일,https://cafe.daum.net/educationparkKJ/7MwP/2642
1827,noise,R01_REVIEWED_NOT_ABOUT_SOMOIM_APP,daum,search_preview,소모임 정모 ..,https://cafe.daum.net/naegui/A9r/16021
1828,noise,R01_REVIEWED_NOT_ABOUT_SOMOIM_APP,daum,search_preview,Re:Re:Re: 소모임 정모 입니다.,https://cafe.daum.net/ocarina/1Gf/11273
1829,noise,R01_REVIEWED_NOT_ABOUT_SOMOIM_APP,daum,search_preview,3월 소모임 정모 관련(경주)....,https://cafe.daum.net/meetingking/BfqC/3424
1830,noise,R01_REVIEWED_NOT_ABOUT_SOMOIM_APP,daum,search_preview,<2월13일> 특수머리 소모임 정모 합니다!!!,https://cafe.daum.net/hairshop/5cJV/165
1831,noise,R01_REVIEWED_NOT_ABOUT_SOMOIM_APP,daum,search_preview,"제주, 광전 소모임 정모 참석",https://cafe.daum.net/oiltalk/OaDI/11
1832,noise,R01_REVIEWED_NOT_ABOUT_SOMOIM_APP,daum,search_preview,＜5월 31일 ＞ 헤어샵 정모 (각 소모임 뒷풀이 ) 장소 변경 ＞＞신촌 민들레영토,https://cafe.daum.net/hairshop/27bF/749
1833,noise,R01_REVIEWED_NOT_ABOUT_SOMOIM_APP,daum,search_preview,카페에 바란다 정모 / 소모임 관련 글 올립니다.,https://cafe.daum.net/austinlove/Cfqi/21
1834,noise,R01_REVIEWED_NOT_ABOUT_SOMOIM_APP,daum,search_preview,오늘... 소모임 정모 가 있는날!,https://cafe.daum.net/baramsori/2VP/33017
1835,noise,R01_REVIEWED_NOT_ABOUT_SOMOIM_APP,daum,search_preview,[싱글 소모임 ] 신년맞이 정모 (2월 6일 토요일) 합니다.,https://cafe.daum.net/10in10/DrC3/190828
1836,noise,R01_REVIEWED_NOT_ABOUT_SOMOIM_APP,daum,search_preview,오카리나 만들기 소모임 정모 입니다.,https://cafe.daum.net/ocarina/1Gf/13767
1837,noise,R01_REVIEWED_NOT_ABOUT_SOMOIM_APP,daum,search_preview,목요일은 바람소리 각 소모임 정모 가 있는 날입니다. 레이싱팀은 분당트랙에서 모입니다.,https://cafe.daum.net/baramsori/2VP/30263
1838,noise,R01_REVIEWED_NOT_ABOUT_SOMOIM_APP,daum,search_preview,소모임 운영방안 및 제2차 정모 에 대하여,https://cafe.daum.net/myyuulim/IgZd/30
1839,noise,R01_REVIEWED_NOT_ABOUT_SOMOIM_APP,daum,search_preview,소모임 정모 해피하세요~~^^,https://cafe.daum.net/diabe/Hya/15531
1840,noise,R01_REVIEWED_NOT_ABOUT_SOMOIM_APP,daum,search_preview,목요일~ 바람소리 각 소모임 정모 가 있는 날입니다. 레이싱팀도 정모 가 있습니다.,https://cafe.daum.net/baramsori/2VP/30928
1841,noise,R01_REVIEWED_NOT_ABOUT_SOMOIM_APP,daum,search_preview,7월 26일 영화 소모임 정모 !!!,https://cafe.daum.net/gimpolove/66AP/458
1842,noise,R01_REVIEWED_NOT_ABOUT_SOMOIM_APP,daum,search_preview,[싱글 소모임 ] 신년맞이 정모 (2월6일 토요일),https://cafe.daum.net/10in10/DrC3/191205
1843,noise,R01_REVIEWED_NOT_ABOUT_SOMOIM_APP,daum,search_preview,오늘은 바람소리 각 소모임 정모 가 있는 날입니다. 레이싱팀은 분당구청 트랙에서 모이지요.,https://cafe.daum.net/baramsori/2VP/31036
1844,noise,R01_REVIEWED_NOT_ABOUT_SOMOIM_APP,daum,search_preview,서울 소모임 정모 사진,https://cafe.daum.net/coca486/2T26/3676
1845,noise,R01_REVIEWED_NOT_ABOUT_SOMOIM_APP,daum,search_preview,목요일입니다. 바람소리 각 소모임 정모 가 있는 날입니다.,https://cafe.daum.net/baramsori/2VP/31221
1846,noise,R01_REVIEWED_NOT_ABOUT_SOMOIM_APP,daum,search_preview,~~ 7월 22일 7080 다시부르기 소모임 정모 입니다 ~~,https://cafe.daum.net/tongsamodaegu/GdfB/258
1847,noise,R01_REVIEWED_NOT_ABOUT_SOMOIM_APP,daum,search_preview,<6월4일>아이롱 소모임 정모 예정,https://cafe.daum.net/hairshop/5cJV/224
1848,noise,R01_REVIEWED_NOT_ABOUT_SOMOIM_APP,daum,search_preview,™ ♀ OWNER DRIVER ♂ ♥ 소모임 정모 에 관해~,https://cafe.daum.net/meetingking/BfqC/2707
1849,noise,R01_REVIEWED_NOT_ABOUT_SOMOIM_APP,daum,search_preview,* 9월17일 소모임 정모 & 19일 소모임 ..?? *,https://cafe.daum.net/pinbreaker/73dE/5811
1850,noise,R01_REVIEWED_NOT_ABOUT_SOMOIM_APP,daum,search_preview,목요일은 바람소리 각 소모임 정모 날입니다. 레이싱팀은 분당구청 트랙에서 모입니다.,https://cafe.daum.net/baramsori/2VP/30816
1851,noise,R01_REVIEWED_NOT_ABOUT_SOMOIM_APP,daum,search_preview,목요일은 바람소리 각 소모임 정모 가 있는 날입니다. 레이싱팀은 분당 구청 트랙에서 모입니다.,https://cafe.daum.net/baramsori/2VP/30121
1852,noise,R01_REVIEWED_NOT_ABOUT_SOMOIM_APP,daum,search_preview,울산 브런치 재테크( 소모임 ?? 정모 ?) 인원 충당 합니다..,https://cafe.daum.net/10in10busan/38YL/1082
1853,noise,R01_REVIEWED_NOT_ABOUT_SOMOIM_APP,daum,search_preview,소모임 정모 가 있는 목요일 입니다. 저희 프리팀은 중앙공원에서 있습니다 ^^,https://cafe.daum.net/baramsori/2VP/30265
1854,noise,R01_REVIEWED_NOT_ABOUT_SOMOIM_APP,daum,search_preview,목요일은 바람소리 각 소모임 정모 가 있는 날입니다.,https://cafe.daum.net/baramsori/2VP/31127
1855,noise,R01_REVIEWED_NOT_ABOUT_SOMOIM_APP,daum,search_preview,천연(비누)화장품만들기 소모임 정모 합니다.,https://cafe.daum.net/babymomfriends/8Z8E/9169
1856,noise,R01_REVIEWED_NOT_ABOUT_SOMOIM_APP,daum,search_preview,소모임 정모 에 대해서.,https://cafe.daum.net/shoses/BsL/8941
1857,noise,R01_REVIEWED_NOT_ABOUT_SOMOIM_APP,daum,search_preview,3월 11일 금요일~ 대경도프세 소모임 정모 를 공개합니다^^,https://cafe.daum.net/21prosales/4UK3/1072
1858,noise,R01_REVIEWED_NOT_ABOUT_SOMOIM_APP,daum,search_preview,부산회원님 최고경영자의 인맥지도 소모임 정모 에 같이 가시죠^^,https://cafe.daum.net/iamceo/6HGN/133
1859,noise,R01_REVIEWED_NOT_ABOUT_SOMOIM_APP,daum,search_preview,목요일은 바람소리 각 소모임 정모 가 있는 날입니다. 레이싱팀은 분당구청트랙에서 모입니다.,https://cafe.daum.net/baramsori/2VP/30192
1860,noise,R01_REVIEWED_NOT_ABOUT_SOMOIM_APP,daum,search_preview,10월 재테크 소모임 정모 알립니다..,https://cafe.daum.net/jangshhouse/PAu/15240
1861,noise,R01_REVIEWED_NOT_ABOUT_SOMOIM_APP,daum,search_preview,2002년 첫번째 서울/경기 소모임 정모 ..,https://cafe.daum.net/conwell/s0/2752
1862,noise,R01_REVIEWED_NOT_ABOUT_SOMOIM_APP,daum,search_preview,최강 소모임 MetroS 정모 후기...!!,https://cafe.daum.net/MetroS/13Sa/255
1863,noise,R01_REVIEWED_NOT_ABOUT_SOMOIM_APP,daum,search_preview,인천 소모임 정모 에 관하여,https://cafe.daum.net/magic8/Rw4/1640
1864,noise,R01_REVIEWED_NOT_ABOUT_SOMOIM_APP,daum,search_preview,[HOOK 정모 ] 소모임 HOOK 정모 를 실시합니다.(5/26~27),https://cafe.daum.net/park7050/In/36737
1865,noise,R01_REVIEWED_NOT_ABOUT_SOMOIM_APP,daum,search_preview,풍선 소모임 정모 합니다 꼭 필독^^ 안보면 후회^^,https://cafe.daum.net/wonju/5Jw7/353
1866,noise,R01_REVIEWED_NOT_ABOUT_SOMOIM_APP,daum,search_preview,소모임 ? 정모 ? 모냐????? ㅡ.ㅡ;;,https://cafe.daum.net/actorjung/XJh/7066
1867,noise,R01_REVIEWED_NOT_ABOUT_SOMOIM_APP,daum,search_preview,[ 정모 ]12월 인맥지도 소모임 정모 안내!!,https://cafe.daum.net/iamceo/6HGN/128
1868,noise,R01_REVIEWED_NOT_ABOUT_SOMOIM_APP,daum,search_preview,2015년 2월22일(일) 제2회 유스케잇(U-skate) 소모임 공지,https://cafe.daum.net/3040yourspace/NRef/36
1869,noise,R01_REVIEWED_NOT_ABOUT_SOMOIM_APP,daum,search_preview,"[번개, 소모임 ,비공식 정모 ] 서울/경기! 그 외 지역 환영!＜내용＞",https://cafe.daum.net/tpsxm/83AL/34249
1870,noise,R01_REVIEWED_NOT_ABOUT_SOMOIM_APP,daum,search_preview,[더빙 소모임 정모 ] 녹음실 오픈 기념 더빙 이벤트 정모 가 있읍니다. ^_^ /,https://cafe.daum.net/voice4u/HGA/8615
1871,noise,R01_REVIEWED_NOT_ABOUT_SOMOIM_APP,daum,search_preview,Re:어제 했던건 소모임 정모 입니다.^^,https://cafe.daum.net/ocarina/1Gh/777
1872,noise,R01_REVIEWED_NOT_ABOUT_SOMOIM_APP,daum,search_preview,[경기도 소모임 ] 정모 에관해.투표안하신분.,https://cafe.daum.net/magic8/Rw4/1077
1873,noise,R01_REVIEWED_NOT_ABOUT_SOMOIM_APP,daum,search_preview,<4월2일>아이론스타일 소모임 정모,https://cafe.daum.net/hairshop/5rvX/57
1874,noise,R01_REVIEWED_NOT_ABOUT_SOMOIM_APP,daum,search_preview,Re:Re: 소모임 정모 입니다.,https://cafe.daum.net/ocarina/1Gf/11279
1875,noise,R01_REVIEWED_NOT_ABOUT_SOMOIM_APP,daum,search_preview,어제 소모임 정모 후기 ㅋㅋㅋㅋㅋㅋㅋㅋㅋㅋㅋㅋ,https://cafe.daum.net/cafeCCC/1Y8/13601
1876,noise,R01_REVIEWED_NOT_ABOUT_SOMOIM_APP,daum,search_preview,부산 소모임 정모,https://cafe.daum.net/conwell/s0/3446
1877,noise,R01_REVIEWED_NOT_ABOUT_SOMOIM_APP,daum,search_preview,"인천,부천지역 소모임 정모 오후6시에 있습니다.",https://cafe.daum.net/webdesigner/5bQ/8322
1878,noise,R01_REVIEWED_NOT_ABOUT_SOMOIM_APP,daum,search_preview,<4월19일>볼링 소모임 정모,https://cafe.daum.net/hairshop/619F/8
1879,noise,R01_REVIEWED_NOT_ABOUT_SOMOIM_APP,daum,search_preview,9월 8일 오카리나 만들기 소모임 정모 입니다.,https://cafe.daum.net/ocarina/1Gi/219
1880,noise,R01_REVIEWED_NOT_ABOUT_SOMOIM_APP,daum,search_preview,안양 소모임 정모 입니다,https://cafe.daum.net/trip7788/A78H/406
1881,noise,R01_REVIEWED_NOT_ABOUT_SOMOIM_APP,daum,search_preview,목요일은 바람소리 각 소모임 정모 가 있는 날입니다.,https://cafe.daum.net/baramsori/2VP/30512
1882,noise,R01_REVIEWED_NOT_ABOUT_SOMOIM_APP,daum,search_preview,목요일은 바람소리 각 소모임 정모 가 있는 날입니다.,https://cafe.daum.net/baramsori/2VP/30431
1883,noise,R01_REVIEWED_NOT_ABOUT_SOMOIM_APP,daum,search_preview,제주 정모 전 지역 소모임 이벤트 합니다~!,https://cafe.daum.net/okok8949/Qsvm/1129
1884,noise,R01_REVIEWED_NOT_ABOUT_SOMOIM_APP,daum,search_preview,목요일은 바람소리 각 소모임 정모 날입니다. 레이싱팀은 분당구청 트랙에서 모입니다.,https://cafe.daum.net/baramsori/2VP/30997
1885,noise,R01_REVIEWED_NOT_ABOUT_SOMOIM_APP,daum,search_preview,Re:Re:Re: 소모임 첫 정모 - 마지막이야기,https://cafe.daum.net/diabe/Hya/15752
1886,noise,R01_REVIEWED_NOT_ABOUT_SOMOIM_APP,daum,search_preview,Re:12월 20일에 소모임 ( 정모 ) 있어요^^,https://cafe.daum.net/caraudio119/26on/4624
1887,noise,R01_REVIEWED_NOT_ABOUT_SOMOIM_APP,daum,search_preview,Re: 소모임 정모 입니다.,https://cafe.daum.net/ocarina/1Gf/11270
1888,noise,R01_REVIEWED_NOT_ABOUT_SOMOIM_APP,daum,search_preview,911 웨이크 소모임 정모 실시 ( 9월 9일~10일 ),https://cafe.daum.net/joyofboarding/7Mqm/9917
1889,noise,R01_REVIEWED_NOT_ABOUT_SOMOIM_APP,daum,search_preview,연극 소모임 첫번째 정모 공고합니다 ^^,https://cafe.daum.net/10in10/A7Rr/7312
1890,noise,R01_REVIEWED_NOT_ABOUT_SOMOIM_APP,daum,search_preview,오널 2006년 3번째 FLEX 소모임 정모 합니다,https://cafe.daum.net/baramsori/2VP/32152
1891,noise,R01_REVIEWED_NOT_ABOUT_SOMOIM_APP,daum,search_preview,Re:[ 소모임 정모 안내] 니가 디카를 알어! 소모임 정모 합니다.,https://cafe.daum.net/iianewtown/63JU/745
1892,noise,R01_REVIEWED_NOT_ABOUT_SOMOIM_APP,daum,search_preview,[T.L.S 소모임 8월 정모 M.T] 가자! 여름 바다로~,https://cafe.daum.net/4446/5gX0/3297
1893,noise,R01_REVIEWED_NOT_ABOUT_SOMOIM_APP,daum,search_preview,목요일은 바람소리 각 소모임 정모 가 있는 날입니다. 레이싱팀은 분당구청 트랙에서 모입니다.,https://cafe.daum.net/baramsori/2VP/30341
1894,noise,R01_REVIEWED_NOT_ABOUT_SOMOIM_APP,daum,search_preview,7월3일 소모임 정모,https://cafe.daum.net/mvpbaseball2003/_album/25
1895,noise,R01_REVIEWED_NOT_ABOUT_SOMOIM_APP,daum,search_preview,Re:<알림>부경 소모임 정모 를 연기합니다.,https://cafe.daum.net/diabe/Hya/33435
1896,noise,R01_REVIEWED_NOT_ABOUT_SOMOIM_APP,daum,search_preview,[ 소모임 ] EZ더빙 정모 를 빛내 줬던 여러분들 고생하셨읍니다.,https://cafe.daum.net/voice4u/HGA/8773
1897,noise,R01_REVIEWED_NOT_ABOUT_SOMOIM_APP,daum,search_preview,오늘은 목요일!!! 바람소리 각 소모임 정모 가 있는 날입니다... 레이싱팀은 분당구청트랙에서 모입니다.,https://cafe.daum.net/baramsori/2VP/30051
1898,noise,R01_REVIEWED_NOT_ABOUT_SOMOIM_APP,daum,search_preview,오늘은 목요일..!! 각 소모임 정모 가 있는 날!... 분당구청 트랙에서는 레이싱팀 정모 가 있습니다..!!,https://cafe.daum.net/baramsori/2VP/29912
1899,noise,R01_REVIEWED_NOT_ABOUT_SOMOIM_APP,daum,search_preview,경기지역 소모임 정모 !!!!(수정본),https://cafe.daum.net/urimin/GA7s/2950
1900,noise,R01_REVIEWED_NOT_ABOUT_SOMOIM_APP,daum,search_preview,패러글라이딩 소모임 정모 날짜연기,https://cafe.daum.net/joyofboarding/7Mqm/27431
1901,noise,R01_REVIEWED_NOT_ABOUT_SOMOIM_APP,daum,search_preview,7월3일 소모임 정모,https://cafe.daum.net/mvpbaseball2003/_album/26
1902,noise,R01_REVIEWED_NOT_ABOUT_SOMOIM_APP,daum,search_preview,Re: 소모임 첫 정모 - 마지막이야기,https://cafe.daum.net/diabe/Hya/15745
1903,noise,R01_REVIEWED_NOT_ABOUT_SOMOIM_APP,daum,search_preview,정모 및 트레킹 공지,https://cafe.daum.net/busan7179/eUNg/106
1904,noise,R01_REVIEWED_NOT_ABOUT_SOMOIM_APP,daum,search_preview,★☆부산 소모임 정모 장소 변경☆★,https://cafe.daum.net/womanking/38JN/30157
1905,noise,R01_REVIEWED_NOT_ABOUT_SOMOIM_APP,daum,search_preview,오늘은 목요일 각 소모임 정모 날입니다.. 프리 정모 는 중앙공원 시계탑에서 합니다.,https://cafe.daum.net/baramsori/2VP/30934
1906,noise,R01_REVIEWED_NOT_ABOUT_SOMOIM_APP,daum,search_preview,[야간비행] 소모임 정모 ^^,https://cafe.daum.net/GTS125/9ZCy/243
1907,noise,R01_REVIEWED_NOT_ABOUT_SOMOIM_APP,daum,search_preview,어제 넘 좋았습니다..^^ 울산 소모임 정모 ~~후~,https://cafe.daum.net/XGmembershipclub/oTN/223
1908,noise,R01_REVIEWED_NOT_ABOUT_SOMOIM_APP,daum,search_preview,Re: 소모임 정모 입니다.,https://cafe.daum.net/ocarina/1Gf/11271
1909,noise,R01_REVIEWED_NOT_ABOUT_SOMOIM_APP,daum,search_preview,소모임 회원 정모 회비 에 대해 .. ~~ ^^*,https://cafe.daum.net/epilepsy/2PvX/169
1910,noise,R01_REVIEWED_NOT_ABOUT_SOMOIM_APP,daum,search_preview,이제 텔레맨( 소모임 )도 정모 해야죠?!!!,https://cafe.daum.net/telewomen/2LYy/20
1911,noise,R01_REVIEWED_NOT_ABOUT_SOMOIM_APP,daum,search_preview,Re:쩡이의 부경 소모임 4th 정모 후기,https://cafe.daum.net/diabe/Hya/15740
1912,noise,R01_REVIEWED_NOT_ABOUT_SOMOIM_APP,daum,search_preview,( 소모임 정모 ) 제 27회 볼링 정모,https://cafe.daum.net/24station/6I5/912
1913,noise,R01_REVIEWED_NOT_ABOUT_SOMOIM_APP,daum,search_preview,( 소모임 정모 ) 제 29회 볼링 정모,https://cafe.daum.net/24station/6I5/922
1914,noise,R01_REVIEWED_NOT_ABOUT_SOMOIM_APP,daum,search_preview,서울 소모임 정모 후기입니다....,https://cafe.daum.net/beautynbeauty/1y7U/712
1915,noise,R01_REVIEWED_NOT_ABOUT_SOMOIM_APP,daum,search_preview,Re:쩡이의 부경 소모임 4th 정모 후기,https://cafe.daum.net/diabe/Hya/15737
1916,noise,R01_REVIEWED_NOT_ABOUT_SOMOIM_APP,daum,search_preview,[싱글 소모임 ] 봄 맞이 정모 (4월3일 토요일),https://cafe.daum.net/10in10/DrC3/197891
1917,noise,R01_REVIEWED_NOT_ABOUT_SOMOIM_APP,daum,search_preview,Re: 소모임 과 정모 .......그리고 ..운영진모집에 관하여 ...,https://cafe.daum.net/uhmsky/8G2J/554
1918,noise,R01_REVIEWED_NOT_ABOUT_SOMOIM_APP,daum,search_preview,사진 소모임 정모 사진..,https://cafe.daum.net/aminsnow/8eLN/6627
1919,noise,R01_REVIEWED_NOT_ABOUT_SOMOIM_APP,daum,search_preview,Re:어제 소모임 정모 에 눈치없이 깍두기로 나갔었슴돠..ㅠㅠ,https://cafe.daum.net/isan123/hp/2018
1920,noise,R01_REVIEWED_NOT_ABOUT_SOMOIM_APP,daum,search_preview,대구경북 소모임 2차 정모 - 9.7 경주 -,https://cafe.daum.net/disica/4mkY/1550
1921,noise,R01_REVIEWED_NOT_ABOUT_SOMOIM_APP,daum,search_preview,오늘...중공은 화창합니다. 각 소모임 정모 good,https://cafe.daum.net/baramsori/2VP/30936
1922,noise,R01_REVIEWED_NOT_ABOUT_SOMOIM_APP,daum,search_preview,소모임 정모 입니다.,https://cafe.daum.net/ocarina/1Gf/11269
1923,noise,R01_REVIEWED_NOT_ABOUT_SOMOIM_APP,daum,search_preview,대전에서 소모임 정모 잇습니다.(11월 6일),https://cafe.daum.net/canajob/2wEn/41
1924,noise,R01_REVIEWED_NOT_ABOUT_SOMOIM_APP,daum,search_preview,부산 소모임 정모 빠져서....,https://cafe.daum.net/womanking/38JN/28568
1925,noise,R01_REVIEWED_NOT_ABOUT_SOMOIM_APP,daum,search_preview,제주 정모 전 지역 소모임 이벤트 합니다~!,https://cafe.daum.net/okok8949/Qsvp/668
1926,noise,R01_REVIEWED_NOT_ABOUT_SOMOIM_APP,daum,search_preview,벙개나 소모임 정모 나??? 이런거 함 해요....네???,https://cafe.daum.net/MyActyon/BUDv/11
1927,noise,R01_REVIEWED_NOT_ABOUT_SOMOIM_APP,daum,search_preview,소모임 정모 맛보기 -_- ㅋ,https://cafe.daum.net/deadpoets/_album/192
1928,noise,R01_REVIEWED_NOT_ABOUT_SOMOIM_APP,daum,search_preview,부산 소모임 정모 합니다. 요번주 토요일,https://cafe.daum.net/smilewithsun/3RJZ/231
1929,noise,R01_REVIEWED_NOT_ABOUT_SOMOIM_APP,daum,search_preview,9월 15일 월요일- 서울지역 소모임 정모 [프리젠테이션],https://cafe.daum.net/kada/6VsM/2
1930,noise,R01_REVIEWED_NOT_ABOUT_SOMOIM_APP,daum,search_preview,[카페 소모임 U.C.C] 정모 합니다~!! >.<,https://cafe.daum.net/iamceo/55sP/245
1931,noise,R01_REVIEWED_NOT_ABOUT_SOMOIM_APP,daum,search_preview,<알림>부경 소모임 정모 를 연기합니다.,https://cafe.daum.net/diabe/Hya/33433
1932,noise,R01_REVIEWED_NOT_ABOUT_SOMOIM_APP,daum,search_preview,싱글 소모임 4월 정모 합니다..^^,https://cafe.daum.net/10in10/DrC3/163458
1933,noise,R01_REVIEWED_NOT_ABOUT_SOMOIM_APP,daum,search_preview,[싱글 소모임 ] 2010 신년맞이 정모 (2월 6일 토요일),https://cafe.daum.net/10in10/A7Rr/7291
1934,noise,R01_REVIEWED_NOT_ABOUT_SOMOIM_APP,daum,search_preview,어제 소모임 정모 에 눈치없이 깍두기로 나갔었슴돠..ㅠㅠ,https://cafe.daum.net/isan123/hp/2017
1935,noise,R01_REVIEWED_NOT_ABOUT_SOMOIM_APP,daum,search_preview,경기지역( 소모임 ) 정모 일정!!!!!!!,https://cafe.daum.net/urimin/GA7s/2939
1936,noise,R01_REVIEWED_NOT_ABOUT_SOMOIM_APP,daum,search_preview,Re:제 생각에는여... 소모임 별 정모 를...,https://cafe.daum.net/sm3cafe/2b3x/1171
1937,noise,R01_REVIEWED_NOT_ABOUT_SOMOIM_APP,daum,search_preview,소모임 정모 지원금 신청해주세요^^,https://cafe.daum.net/jejumam/3FeO/406410
1938,noise,R01_REVIEWED_NOT_ABOUT_SOMOIM_APP,daum,search_preview,오카리나 만들기 소모임 정모 입니다. (수정판),https://cafe.daum.net/ocarina/1Gf/12245
1939,noise,R01_REVIEWED_NOT_ABOUT_SOMOIM_APP,daum,search_preview,"[ 소모임 ] 인천 정모 후기 및 운영자,부운영자 선출^^",https://cafe.daum.net/epilepsy/1moE/323
1940,noise,R01_REVIEWED_NOT_ABOUT_SOMOIM_APP,daum,search_preview,Re:쩡이의 부경 소모임 4th 정모 후기,https://cafe.daum.net/diabe/Hya/15717
1941,noise,R01_REVIEWED_NOT_ABOUT_SOMOIM_APP,daum,search_preview,낼 노래방 소모임 정모 가질까요..ㅋㅋㅋ,https://cafe.daum.net/aulte/75R/2357
1942,noise,R01_REVIEWED_NOT_ABOUT_SOMOIM_APP,daum,search_preview,"< 소모임 >볼링 정모 , 몇 장의 사진으로 추억하기!!^_^ㅋ",https://cafe.daum.net/tklovefood/1LJy/15560
1943,noise,R01_REVIEWED_NOT_ABOUT_SOMOIM_APP,daum,search_preview,( 소모임 정모 ) 제 28회 볼링 정모,https://cafe.daum.net/24station/6I5/918
1944,noise,R01_REVIEWED_NOT_ABOUT_SOMOIM_APP,daum,search_preview,"오늘고양,파주지역 소모임 정모 가 있는데 많이들 나오시려나 ^&^",https://cafe.daum.net/jangshhouse/PAu/12991
1945,noise,R01_REVIEWED_NOT_ABOUT_SOMOIM_APP,daum,search_preview,7월3일 소모임 정모,https://cafe.daum.net/mvpbaseball2003/_album/27
1946,noise,R01_REVIEWED_NOT_ABOUT_SOMOIM_APP,daum,search_preview,Re:Re:미혼 소모임 첫 정모 -네번째이야기,https://cafe.daum.net/diabe/Hya/15684
1947,noise,R01_REVIEWED_NOT_ABOUT_SOMOIM_APP,daum,search_preview,오늘은...각 소모임 정모 날! 4기분들은...떠나라!,https://cafe.daum.net/baramsori/2VP/27312
1948,noise,R01_REVIEWED_NOT_ABOUT_SOMOIM_APP,daum,search_preview,Re:1월 3일 1차 소모임 정모 합니다,https://cafe.daum.net/TIGERS20/HOo/1712
1949,noise,R01_REVIEWED_NOT_ABOUT_SOMOIM_APP,daum,search_preview,특수머리 소모임 교육 정모 후기(11월28일),https://cafe.daum.net/hairshop/5rvX/11
1950,noise,R01_REVIEWED_NOT_ABOUT_SOMOIM_APP,daum,search_preview,"아이롱 소모임 첫 정모 예정, 소모임 방개설.",https://cafe.daum.net/hairshop/5cJV/194
1951,noise,R01_REVIEWED_NOT_ABOUT_SOMOIM_APP,daum,search_preview,Re:미혼 소모임 첫 정모 -네번째이야기,https://cafe.daum.net/diabe/Hya/15683
1952,noise,R01_REVIEWED_NOT_ABOUT_SOMOIM_APP,daum,search_preview,9월 19일 산으로 떠나는 등산 연합 정모 에 여러분을 초대 합니다~~~,https://cafe.daum.net/skiersdaum/6nby/5932
1953,noise,R01_REVIEWED_NOT_ABOUT_SOMOIM_APP,daum,search_preview,특수머리 소모임 교육 정모 (11월28일)수정!!,https://cafe.daum.net/hairshop/5cJV/154
1954,noise,R01_REVIEWED_NOT_ABOUT_SOMOIM_APP,daum,search_preview,Re:미혼 소모임 첫 정모 -네번째이야기,https://cafe.daum.net/diabe/Hya/15682
1955,noise,R01_REVIEWED_NOT_ABOUT_SOMOIM_APP,daum,search_preview,만들기 소모임 정모 입니다. (다시 올린겁니다.),https://cafe.daum.net/ocarina/1Gf/12283
1956,noise,R01_REVIEWED_NOT_ABOUT_SOMOIM_APP,daum,search_preview,싱글 소모임 7월 정모 -나의 십년 계획 세우기(서현&규환아빠님 강의),https://cafe.daum.net/10in10/A7Rr/4218
1957,noise,R01_REVIEWED_NOT_ABOUT_SOMOIM_APP,daum,search_preview,"자전거모임 (신규, 소모임 명 변경예정)",https://cafe.daum.net/joyofboarding/I5Js/71
1958,noise,R01_REVIEWED_NOT_ABOUT_SOMOIM_APP,daum,search_preview,대구경북 소모임 정모 참석신청 마감 이제 이틀 남았어요..^^,https://cafe.daum.net/assinur/45g/37851
1959,noise,R01_REVIEWED_NOT_ABOUT_SOMOIM_APP,daum,search_preview,제주 정모 전 지역 소모임 이벤트 합니다~!,https://cafe.daum.net/okok8949/Qsvq/440
1960,noise,R01_REVIEWED_NOT_ABOUT_SOMOIM_APP,daum,search_preview,싱글 소모임 에서 11월 정모 합니다...^^,https://cafe.daum.net/10in10/DrC3/36762
1961,noise,R01_REVIEWED_NOT_ABOUT_SOMOIM_APP,daum,search_preview,싱글 소모임 에서 11월 정모 합니다....,https://cafe.daum.net/10in10/A7Rr/2736
1962,noise,R01_REVIEWED_NOT_ABOUT_SOMOIM_APP,daum,search_preview,충청도 소모임 을 2월3일토요일날 하려합니다.,https://cafe.daum.net/aunaetobong/LZ4Q/48
1963,noise,R01_REVIEWED_NOT_ABOUT_SOMOIM_APP,daum,search_preview,오늘은 목요일..!! 각 소모임 정모 가 있는 날!... 중앙공원 시계탑밑에서 슬라럼팀 정모 가 있습니다..!!,https://cafe.daum.net/baramsori/2VP/29913
1964,noise,R01_REVIEWED_NOT_ABOUT_SOMOIM_APP,daum,search_preview,[싱글 소모임 ] 5월 정모 합니다. (5월 14일 늦은 7시 홍대),https://cafe.daum.net/10in10/A7Rr/7899
1965,noise,R01_REVIEWED_NOT_ABOUT_SOMOIM_APP,daum,search_preview,★ 날짜&장소급변경 ★ 2015년 4월27일(월) 제5회 유스케잇(U-skate) 소모임,https://cafe.daum.net/3040yourspace/NRef/108
1966,noise,R01_REVIEWED_NOT_ABOUT_SOMOIM_APP,daum,search_preview,소모임 과 정모 .......그리고 ..운영진모집에 관하여 ...,https://cafe.daum.net/uhmsky/8G2J/553
1967,noise,R01_REVIEWED_NOT_ABOUT_SOMOIM_APP,daum,search_preview,저기요 오늘 소모임 이였습니다~~ 정모 아니였씁니다...OK?^^,https://cafe.daum.net/pinbreaker/73dE/10256
1968,noise,R01_REVIEWED_NOT_ABOUT_SOMOIM_APP,daum,search_preview,제주 정모 전 지역 소모임 이벤트 합니다~!,https://cafe.daum.net/okok8949/Qsvo/550
1969,noise,R01_REVIEWED_NOT_ABOUT_SOMOIM_APP,daum,search_preview,Re: 소모임 정모 잘 끝마쳤어요!!!,https://cafe.daum.net/herbsoap/CzJx/3335
1970,noise,R01_REVIEWED_NOT_ABOUT_SOMOIM_APP,daum,search_preview,'궁전' 여성 소모임 정모 는...,https://cafe.daum.net/beutysex21/jsH/312
1971,noise,R01_REVIEWED_NOT_ABOUT_SOMOIM_APP,daum,search_preview,정모 올 사람은 소모임 정모 게시판에 글을 꼭~!,https://cafe.daum.net/MAgIC/5RBW/4146
1972,noise,R01_REVIEWED_NOT_ABOUT_SOMOIM_APP,daum,search_preview,유스페어 소모임 벙개 11월 29일(일) ★★★,https://cafe.daum.net/3040yourspace/NRef/322
1973,noise,R01_REVIEWED_NOT_ABOUT_SOMOIM_APP,daum,search_preview,영화 소모임 정모 ....참석바래요~,https://cafe.daum.net/snowdreamkj/1QvD/1117
1974,noise,R01_REVIEWED_NOT_ABOUT_SOMOIM_APP,daum,search_preview,Re: 정모 참석하실분은 소모임 정모 게시판에...,https://cafe.daum.net/gunmania/7aX/8591
1975,noise,R01_REVIEWED_NOT_ABOUT_SOMOIM_APP,daum,search_preview,부산경남 소모임 방 정모 알림,https://cafe.daum.net/chimmi/AiuL/26
1976,noise,R01_REVIEWED_NOT_ABOUT_SOMOIM_APP,daum,search_preview,제주 정모 전 지역 소모임 이벤트 합니다~!,https://cafe.daum.net/okok8949/Qsvn/577
1977,noise,R01_REVIEWED_NOT_ABOUT_SOMOIM_APP,daum,search_preview,Re: 옥아! 벙개가 아니고 소모임 정모 같네..장소가,https://cafe.daum.net/bermu/4GQ/1739
1978,noise,R01_REVIEWED_NOT_ABOUT_SOMOIM_APP,daum,search_preview,7월3일 소모임 정모,https://cafe.daum.net/mvpbaseball2003/_album/24
1979,noise,R01_REVIEWED_NOT_ABOUT_SOMOIM_APP,daum,search_preview,남구 소모임 7월 정모 계획을 알려드립니다,https://cafe.daum.net/ulsanroom/ZOb/2530
1980,noise,R01_REVIEWED_NOT_ABOUT_SOMOIM_APP,daum,search_preview,소모임 정모 했어요~,https://cafe.daum.net/WorldcupLove/IC6M/357846
1981,noise,R01_REVIEWED_NOT_ABOUT_SOMOIM_APP,daum,search_preview,11월 소모임 대한장대 정모 이모저모...<2> 회원님들 소개...,https://cafe.daum.net/JangDaeChon/7IuG/213
1982,noise,R01_REVIEWED_NOT_ABOUT_SOMOIM_APP,daum,search_preview,8월 18일 만들기 소모임 정모 있습니다.,https://cafe.daum.net/ocarina/1Gf/10949
1983,noise,R01_REVIEWED_NOT_ABOUT_SOMOIM_APP,daum,search_preview,"그간 모임을 주선 하면서 느낀 점^^( 정모 , 소모임 ,번개 등 모임 성격에관한)",https://cafe.daum.net/CancelDebt/Cy2A/1878
1984,noise,R01_REVIEWED_NOT_ABOUT_SOMOIM_APP,daum,search_preview,소모임 여행 정모 입니다 (최종수정본),https://cafe.daum.net/traintripwrite/6EUx/4067
1985,noise,R01_REVIEWED_NOT_ABOUT_SOMOIM_APP,daum,search_preview,[싱글 소모임 ] 봄 맞이 정모 (4월3일 토요일),https://cafe.daum.net/10in10/A7Rr/7357
1986,noise,R01_REVIEWED_NOT_ABOUT_SOMOIM_APP,daum,search_preview,오늘 대전에서 소모임 정모 있어요!,https://cafe.daum.net/herbsoap/CzJx/3321
1987,noise,R01_REVIEWED_NOT_ABOUT_SOMOIM_APP,daum,search_preview,10월 정모 &대하구이 소모임 입니다....,https://cafe.daum.net/yhyun105/HF9N/121
1988,noise,R01_REVIEWED_NOT_ABOUT_SOMOIM_APP,daum,search_preview,제 5차 서울/경기 소모임 정모 !!,https://cafe.daum.net/conwell/s0/2487
1989,noise,R01_REVIEWED_NOT_ABOUT_SOMOIM_APP,daum,search_preview,11월 소모임 대한장대 정모 이모저모...<4>,https://cafe.daum.net/JangDaeChon/7IuG/215
1990,noise,R01_REVIEWED_NOT_ABOUT_SOMOIM_APP,daum,search_preview,서울 지역 다이어트 소모임 을 모집 합니다~ (마감^^),https://cafe.daum.net/sexy112/apb/2
1991,noise,R01_REVIEWED_NOT_ABOUT_SOMOIM_APP,daum,search_preview,탁본 소모임 첫 정모 있습니다,https://cafe.daum.net/imuseum/fa2/2966
1992,noise,R01_REVIEWED_NOT_ABOUT_SOMOIM_APP,daum,search_preview,7월3일 소모임 정모,https://cafe.daum.net/mvpbaseball2003/_album/21
1993,noise,R01_REVIEWED_NOT_ABOUT_SOMOIM_APP,daum,search_preview,3월 18일 소모임 비누만들기 정모 입니다.,https://cafe.daum.net/babymomfriends/8Z8E/7374
1994,noise,R01_REVIEWED_NOT_ABOUT_SOMOIM_APP,daum,search_preview,울주군 소모임 정모 (9/20),https://cafe.daum.net/ulsanroom/4a15/13373
1995,noise,R01_REVIEWED_NOT_ABOUT_SOMOIM_APP,daum,search_preview,제1회 소모임 (경상도.제주도) 정모 개최[예정],https://cafe.daum.net/knees/6n5M/5281
1996,noise,R01_REVIEWED_NOT_ABOUT_SOMOIM_APP,daum,search_preview,6월 25일 비즈 소모임 정모 합니다.,https://cafe.daum.net/sweetyswing/56mL/12
1997,noise,R01_REVIEWED_NOT_ABOUT_SOMOIM_APP,daum,search_preview,7월3일 소모임 정모,https://cafe.daum.net/mvpbaseball2003/_album/18
1998,noise,R01_REVIEWED_NOT_ABOUT_SOMOIM_APP,daum,search_preview,직장인 소모임 경주 정모 기념 차량용 스티커~!!!,https://cafe.daum.net/hanaro22/2mhU/1540
1999,noise,R01_REVIEWED_NOT_ABOUT_SOMOIM_APP,daum,search_preview,"인천,부천 소모임 정모 사진 다운받으세요~~담주에 삭제함다.",https://cafe.daum.net/decorplaza/12xd/1026
2000,noise,R01_REVIEWED_NOT_ABOUT_SOMOIM_APP,daum,search_preview,11월 정모 와 마지막 볼링 소모임 ^^,https://cafe.daum.net/cjskilove/GC4y/13192
2001,noise,R01_REVIEWED_NOT_ABOUT_SOMOIM_APP,daum,search_preview,( 소모임 )일산 정모 의견 모아봐요!,https://cafe.daum.net/bogumilbo/eErv/2501
2002,noise,R01_REVIEWED_NOT_ABOUT_SOMOIM_APP,daum,search_preview,소모임 [영화와인재즈] 정모 라비뉴 [La Vignue],https://cafe.daum.net/moviehunters/2jo/8699
2003,noise,R01_REVIEWED_NOT_ABOUT_SOMOIM_APP,daum,search_preview,"대구/경북 소모임 의 마지막 정모 ,,,^^*",https://cafe.daum.net/epilepsy/1moE/349
2004,noise,R01_REVIEWED_NOT_ABOUT_SOMOIM_APP,daum,search_preview,대전 소모임 정모 사진 드뎌 나왔답니다..,https://cafe.daum.net/herbsoap/DD3C/93
2005,noise,R01_REVIEWED_NOT_ABOUT_SOMOIM_APP,daum,search_preview,토요일 소모임 정모 있습니다~~!!!!!,https://cafe.daum.net/isan123/hp/2585
2006,noise,R01_REVIEWED_NOT_ABOUT_SOMOIM_APP,daum,search_preview,웨이크 07 시즌 첫 소모임 정모 들어갑니다,https://cafe.daum.net/joyofboarding/7Mqm/14217
2007,noise,R01_REVIEWED_NOT_ABOUT_SOMOIM_APP,daum,search_preview,싱글 소모임 3월 정모 [친구만들기],https://cafe.daum.net/10in10/A7Rr/6796
2008,noise,R01_REVIEWED_NOT_ABOUT_SOMOIM_APP,daum,search_preview,7월3일 소모임 정모,https://cafe.daum.net/mvpbaseball2003/_album/19
2009,noise,R01_REVIEWED_NOT_ABOUT_SOMOIM_APP,daum,search_preview,Re:Re:미혼 소모임 첫 정모 후기,https://cafe.daum.net/diabe/Hya/15670
2010,noise,R01_REVIEWED_NOT_ABOUT_SOMOIM_APP,daum,search_preview,[미니 정모 소모임 ]을 함께 만들어가실 주인을 찾습니다. ^^,https://cafe.daum.net/jinho/8z/89929
2011,noise,R01_REVIEWED_NOT_ABOUT_SOMOIM_APP,daum,search_preview,Re:Re:미혼 소모임 첫 정모 후기,https://cafe.daum.net/diabe/Hya/15676
2012,noise,R01_REVIEWED_NOT_ABOUT_SOMOIM_APP,daum,search_preview,이번달은 저희가 모든 소모임 이나 정모 의 날짜를 볼링장 측에맞춰야하니 양해부탁드립니다.,https://cafe.daum.net/pinbreaker/73dE/10571
2013,noise,R01_REVIEWED_NOT_ABOUT_SOMOIM_APP,daum,search_preview,Re:Re:미혼 소모임 첫 정모 후기,https://cafe.daum.net/diabe/Hya/15671
2014,noise,R01_REVIEWED_NOT_ABOUT_SOMOIM_APP,daum,search_preview,Re:8월 18일 만들기 소모임 정모 있습니다.,https://cafe.daum.net/ocarina/1Gf/10951
2015,noise,R01_REVIEWED_NOT_ABOUT_SOMOIM_APP,daum,search_preview,소모임 갱신 자료,https://cafe.daum.net/joyofboarding/HQoT/2137
2016,noise,R01_REVIEWED_NOT_ABOUT_SOMOIM_APP,daum,search_preview,Re:미혼 소모임 첫 정모 후기,https://cafe.daum.net/diabe/Hya/15668
2017,noise,R01_REVIEWED_NOT_ABOUT_SOMOIM_APP,daum,search_preview,소모임 정모 날인 목요일 입니다. 프리림 정모 가 중앙공원에서 있습니다,https://cafe.daum.net/baramsori/2VP/31428
2018,noise,R01_REVIEWED_NOT_ABOUT_SOMOIM_APP,daum,search_preview,정모 참여 후기,https://cafe.daum.net/beelove/PptP/25704
2019,noise,R01_REVIEWED_NOT_ABOUT_SOMOIM_APP,daum,search_preview,Re: 소모임 정모 임이란 .... 뭐에요?? ㅎ,https://cafe.daum.net/990701/E3fS/50223
2020,noise,R01_REVIEWED_NOT_ABOUT_SOMOIM_APP,daum,search_preview,영화 소모임 첫 정모 !!,https://cafe.daum.net/4446/5gX0/1606
2021,noise,R01_REVIEWED_NOT_ABOUT_SOMOIM_APP,daum,search_preview,Re:미혼 소모임 첫 정모 후기,https://cafe.daum.net/diabe/Hya/15667
2022,noise,R01_REVIEWED_NOT_ABOUT_SOMOIM_APP,daum,search_preview,정모 후기는 소모임 의 정모 후기 게시판에 올려주세요~~,https://cafe.daum.net/andregagnon/YRc/13380
2023,noise,R01_REVIEWED_NOT_ABOUT_SOMOIM_APP,daum,search_preview,카페 소모임 (나무사랑모임) 가을 정모 안내,https://cafe.daum.net/myrefarm/OAn3/5237
2024,noise,R01_REVIEWED_NOT_ABOUT_SOMOIM_APP,daum,search_preview,4월 19일 소모임 정모 ~ ^^*,https://cafe.daum.net/gssbc/423o/192
2025,noise,R01_REVIEWED_NOT_ABOUT_SOMOIM_APP,daum,search_preview,Re:미혼 소모임 첫 정모 후기,https://cafe.daum.net/diabe/Hya/15669
2026,noise,R01_REVIEWED_NOT_ABOUT_SOMOIM_APP,daum,search_preview,움 이번 기회에 코스 나가면서 소모임 ? 정모 라도..전 미군복장으로.,https://cafe.daum.net/gunmania/7aX/3197
2027,noise,R01_REVIEWED_NOT_ABOUT_SOMOIM_APP,daum,search_preview,2월 14일 봉사 소모임 정모 있습니다.,https://cafe.daum.net/kjsogae/FhgC/147
2028,noise,R01_REVIEWED_NOT_ABOUT_SOMOIM_APP,daum,search_preview,수원 소모임 정모 입니다,https://cafe.daum.net/trip7788/A78H/177
2029,noise,R01_REVIEWED_NOT_ABOUT_SOMOIM_APP,daum,search_preview,소모임 에 정모 후기를 남겼는데 다들 두번쓰는 분위기라...,https://cafe.daum.net/yonseigo/E8v7/425
2030,noise,R01_REVIEWED_NOT_ABOUT_SOMOIM_APP,daum,search_preview,전국 정모 를 대비한 부산 소모임 과 축하 파티 초대,https://cafe.daum.net/macumba/Etvs/3774
2031,noise,R01_REVIEWED_NOT_ABOUT_SOMOIM_APP,daum,search_preview,추석맞이 정모 소모임,https://cafe.daum.net/ybcmmb/OlZR/72
2032,noise,R01_REVIEWED_NOT_ABOUT_SOMOIM_APP,daum,search_preview,목요일 소모임 정모 - 레이싱팀은 성남실내트랙에서!,https://cafe.daum.net/baramsori/2VP/32508
2033,noise,R01_REVIEWED_NOT_ABOUT_SOMOIM_APP,daum,search_preview,3월 7일 소모임 정모 비누 1.,https://cafe.daum.net/herbsoap/5F1/127
2034,noise,R01_REVIEWED_NOT_ABOUT_SOMOIM_APP,daum,search_preview,"대구/경북 소모임 의 마지막 정모 ,,,^^* <옛 푸른하늘>",https://cafe.daum.net/epilepsy/2PvX/47
2035,noise,R01_REVIEWED_NOT_ABOUT_SOMOIM_APP,daum,search_preview,6월 서울 소모임 정모 사진 2,https://cafe.daum.net/coca486/HyIm/36
2036,noise,R01_REVIEWED_NOT_ABOUT_SOMOIM_APP,daum,search_preview,Re:부산 소모임 정모,https://cafe.daum.net/conwell/s0/3448
2037,noise,R01_REVIEWED_NOT_ABOUT_SOMOIM_APP,daum,search_preview,소모임 과 정모 에 관한 생각,https://cafe.daum.net/snoopy/2Sl/2192
2038,noise,R01_REVIEWED_NOT_ABOUT_SOMOIM_APP,daum,search_preview,22년도 여름 정모 (제주1박2일)참가(9윌3-4일)접수,https://cafe.daum.net/58dogmarathonclub/4AKi/563
2039,noise,R01_REVIEWED_NOT_ABOUT_SOMOIM_APP,daum,search_preview,Re:부산 소모임 정모 에 꼬옥 가보세용~^^넘 넘 좋아요~,https://cafe.daum.net/conwell/s0/3449
2040,noise,R01_REVIEWED_NOT_ABOUT_SOMOIM_APP,daum,search_preview,"날 밝으면, 소모임 정모 ...",https://cafe.daum.net/herbsoap/CzJx/1818
2041,noise,R01_REVIEWED_NOT_ABOUT_SOMOIM_APP,daum,search_preview,Re:TIGERS20 카페 소모임 정모 잘 끝났어요,https://cafe.daum.net/TIGERS20/HOo/1765
2042,noise,R01_REVIEWED_NOT_ABOUT_SOMOIM_APP,daum,search_preview,Re:부산 소모임 정모 으헉...!!,https://cafe.daum.net/conwell/s0/3451
2043,noise,R01_REVIEWED_NOT_ABOUT_SOMOIM_APP,daum,search_preview,미혼 소모임 정모 사진 1,https://cafe.daum.net/diabe/_album/230
2044,noise,R01_REVIEWED_NOT_ABOUT_SOMOIM_APP,daum,search_preview,"이번 용산구 소모임 ""용산 간지 깔때기"" 정모 를 맡게된 불한당타이거 입니다.꾸벅..",https://cafe.daum.net/yogicflying/Gd4B/1242
2045,noise,R01_REVIEWED_NOT_ABOUT_SOMOIM_APP,daum,search_preview,7월3일 소모임 정모,https://cafe.daum.net/mvpbaseball2003/_album/17
2046,noise,R01_REVIEWED_NOT_ABOUT_SOMOIM_APP,daum,search_preview,<대전> 캔버스 페인팅 청춘 소모임 ☆매주 정모 ~!!☆,https://cafe.daum.net/tjmatzip/Gaz/9309
2047,noise,R01_REVIEWED_NOT_ABOUT_SOMOIM_APP,daum,search_preview,"소모임 에서는 정모 불참석/ 전화번호나 글이 없으면 강퇴합니다..,,무국적자를 없애겟습니다..",https://cafe.daum.net/shinsi31/7IO/366
2048,noise,R01_REVIEWED_NOT_ABOUT_SOMOIM_APP,daum,search_preview,스키114 하이원 소모임 개장 정모 를 다녀오서,https://cafe.daum.net/sechandream/olga/190
2049,noise,R01_REVIEWED_NOT_ABOUT_SOMOIM_APP,daum,search_preview,"Re:날 밝으면, 소모임 정모 ...",https://cafe.daum.net/herbsoap/CzJx/1822
2050,noise,R01_REVIEWED_NOT_ABOUT_SOMOIM_APP,daum,search_preview,"★(8일,토요일)친목 소모임 구성을 위한 정모 참여!!",https://cafe.daum.net/EnglishForU/DUMB/574
2051,noise,R01_REVIEWED_NOT_ABOUT_SOMOIM_APP,daum,search_preview,9월 24일(월) 학강모행복한책읽기 소모임 정모 합니다.,https://cafe.daum.net/educationparkKJ/S04/605
2052,noise,R01_REVIEWED_NOT_ABOUT_SOMOIM_APP,daum,search_preview,[ 소모임 ]경기도 정모 개설,https://cafe.daum.net/magic8/Rw4/1021
2053,noise,R01_REVIEWED_NOT_ABOUT_SOMOIM_APP,daum,search_preview,11월 소모임 대한장대 정모 이모저모...<7> 마직막으로 단체사진입니다..,https://cafe.daum.net/JangDaeChon/7IuG/218
2054,noise,R01_REVIEWED_NOT_ABOUT_SOMOIM_APP,daum,search_preview,12월2일 (토) 술사모 안포 소모임 에서 가을 정모 를 진행합니다.,https://cafe.daum.net/webdesigner/3rQc/551
2055,noise,R01_REVIEWED_NOT_ABOUT_SOMOIM_APP,daum,search_preview,매주 목요일은 각 소모임 정모 가 있는 날입니다. 프리팀은 중앙공원에서 있습니다..,https://cafe.daum.net/baramsori/2VP/31346
2056,noise,R01_REVIEWED_NOT_ABOUT_SOMOIM_APP,daum,search_preview,"영상집 배송, 소모임 신청, 정팅 정모 에 관해..",https://cafe.daum.net/rockbandeve/H0nU/1486
2057,noise,R01_REVIEWED_NOT_ABOUT_SOMOIM_APP,daum,search_preview,Re: 소모임 ( 정모 팀)관련..,https://cafe.daum.net/kumdo/BD/13147
2058,noise,R01_REVIEWED_NOT_ABOUT_SOMOIM_APP,daum,search_preview,금욜 정모 말구요.. 다른 소모임 도 어떤가요?,https://cafe.daum.net/10in10busan/BZYm/39
2059,noise,R01_REVIEWED_NOT_ABOUT_SOMOIM_APP,daum,search_preview,지역 소모임 정모 에 필요한 현수막 보내드립니다,https://cafe.daum.net/morbai/5Sri/28
2060,noise,R01_REVIEWED_NOT_ABOUT_SOMOIM_APP,daum,search_preview,(부산 소모임 ) 정모 의견 모집,https://cafe.daum.net/moviehunters/2js/1545
2061,noise,R01_REVIEWED_NOT_ABOUT_SOMOIM_APP,daum,search_preview,광주 소모임 첫 정모 겸 여행번개 무사히 잘 마쳤습니다.,https://cafe.daum.net/jo9963/4DK9/331
2062,noise,R01_REVIEWED_NOT_ABOUT_SOMOIM_APP,daum,search_preview,배드민턴 소모임 정모 사진들입니다.,https://cafe.daum.net/dbrwldls/_album/2058
2063,noise,R01_REVIEWED_NOT_ABOUT_SOMOIM_APP,daum,search_preview,7월3일 소모임 정모,https://cafe.daum.net/mvpbaseball2003/_album/22
2064,noise,R01_REVIEWED_NOT_ABOUT_SOMOIM_APP,daum,search_preview,경기 소모임 정모 사진,https://cafe.daum.net/SM5CLUB/2oi/2090
2065,noise,R01_REVIEWED_NOT_ABOUT_SOMOIM_APP,daum,search_preview,우리 밤색코 이런 우찌된 일인지 ( 소모임 ( 정모 )대한이야기도),https://cafe.daum.net/coca486/2T2D/4157
2066,noise,R01_REVIEWED_NOT_ABOUT_SOMOIM_APP,daum,search_preview,▶ 소모임 이나 정모 를 위한 피아노 카페 소개 (서울),https://cafe.daum.net/Iwantpiano/22LJ/155
2067,noise,R01_REVIEWED_NOT_ABOUT_SOMOIM_APP,daum,search_preview,"[곱창 번개] 62기 소모임 ""곱사모"" 첫 정모",https://cafe.daum.net/latinboston/LlzO/21795
2068,noise,R01_REVIEWED_NOT_ABOUT_SOMOIM_APP,daum,search_preview,경기 지역 다이어트 소모임 을 모집합니다~ (마감!!),https://cafe.daum.net/sexy112/apb/58
2069,noise,R01_REVIEWED_NOT_ABOUT_SOMOIM_APP,daum,search_preview,서울경기지역 소모임 관련과 정모 후기,https://cafe.daum.net/qclove/3nN2/2229
2070,noise,R01_REVIEWED_NOT_ABOUT_SOMOIM_APP,daum,search_preview,소모임 변경!! 정모 소모임 으로!!,https://cafe.daum.net/bwlee/EEWS/235
2071,noise,R01_REVIEWED_NOT_ABOUT_SOMOIM_APP,daum,search_preview,오늘은 각 소모임 정모 날이죠!,https://cafe.daum.net/baramsori/2VP/28876
2072,noise,R01_REVIEWED_NOT_ABOUT_SOMOIM_APP,daum,search_preview,7월3일 소모임 정모,https://cafe.daum.net/mvpbaseball2003/_album/20
2073,noise,R01_REVIEWED_NOT_ABOUT_SOMOIM_APP,daum,search_preview,어제 소모임 정모 나갔다가 조용히 모임 탈퇴 함,https://cafe.daum.net/ok1221/8lcX/90568713
2074,noise,R01_REVIEWED_NOT_ABOUT_SOMOIM_APP,daum,search_preview,시드니 정모 / 소모임 관련 사항입니다,https://cafe.daum.net/yogicflying/RnV3/2188
2075,noise,R01_REVIEWED_NOT_ABOUT_SOMOIM_APP,daum,search_preview,소모임 과 정모 .,https://cafe.daum.net/busantongli/4ieb/5106
2076,noise,R01_REVIEWED_NOT_ABOUT_SOMOIM_APP,daum,search_preview,미혼 소모임 정모 사진 7,https://cafe.daum.net/diabe/_album/236
2077,noise,R01_REVIEWED_NOT_ABOUT_SOMOIM_APP,daum,search_preview,광주 전남권 소모임 찬성과 정모 첫 참석회원 회비면제에 대한 의견 제시,https://cafe.daum.net/epilepsy/2SN/12808
2078,noise,R01_REVIEWED_NOT_ABOUT_SOMOIM_APP,daum,search_preview,Re:Re: 옥아! 벙개가 아니고 소모임 정모 같네..장소가,https://cafe.daum.net/bermu/4GQ/1740
2079,noise,R01_REVIEWED_NOT_ABOUT_SOMOIM_APP,daum,search_preview,정모 취소!! 소모임 방 안내!!,https://cafe.daum.net/BTlove528/871O/787
2080,noise,R01_REVIEWED_NOT_ABOUT_SOMOIM_APP,daum,search_preview,미혼 소모임 정모 사진 4,https://cafe.daum.net/diabe/_album/233
2081,noise,R01_REVIEWED_NOT_ABOUT_SOMOIM_APP,daum,search_preview,2003년 1월 서울/인천/부산/대구/울산/경기남부지부 정모 / 소모임 일정,https://cafe.daum.net/bfoodclub/34yX/180
2082,noise,R01_REVIEWED_NOT_ABOUT_SOMOIM_APP,daum,search_preview,Re:[ 소모임 정모 안내] 니가 디카를 알어! 벙개 벙개,https://cafe.daum.net/iianewtown/63JU/747
2083,noise,R01_REVIEWED_NOT_ABOUT_SOMOIM_APP,daum,search_preview,여행 소모임 에버랜드 정모 신청하세요~~~ ^^,https://cafe.daum.net/snowdreamkj/5RZ7/42
2084,noise,R01_REVIEWED_NOT_ABOUT_SOMOIM_APP,daum,search_preview,소모임 첫 정모 를 준비하는데.. 어케 해야할찌...,https://cafe.daum.net/VIRUS/2F2H/2905
2085,noise,R01_REVIEWED_NOT_ABOUT_SOMOIM_APP,daum,search_preview,"소모임 "" 정모 게시판"" 폐쇄했습니다.",https://cafe.daum.net/lordoftherings/4wFB/176
2086,noise,R01_REVIEWED_NOT_ABOUT_SOMOIM_APP,daum,search_preview,정모 / 소모임 방에 삼삼오오 이벤트 시작 합니다.,https://cafe.daum.net/okok8949/RBc9/381
2087,noise,R01_REVIEWED_NOT_ABOUT_SOMOIM_APP,daum,search_preview,배드민턴 소모임 정모 사진들입니다.,https://cafe.daum.net/dbrwldls/_album/2059
2088,noise,R01_REVIEWED_NOT_ABOUT_SOMOIM_APP,daum,search_preview,싱글 소모임 4월 정모 안내.,https://cafe.daum.net/10in10/A7Rr/6856
2089,noise,R01_REVIEWED_NOT_ABOUT_SOMOIM_APP,daum,search_preview,대구.경북 소모임 도 정모 한답니다^^,https://cafe.daum.net/wedgongu/2nlT/7034
2090,noise,R01_REVIEWED_NOT_ABOUT_SOMOIM_APP,daum,search_preview,미혼 소모임 정모 사진 3,https://cafe.daum.net/diabe/_album/232
2091,noise,R01_REVIEWED_NOT_ABOUT_SOMOIM_APP,daum,search_preview,미혼 소모임 정모 사진 5,https://cafe.daum.net/diabe/_album/234
2092,noise,R01_REVIEWED_NOT_ABOUT_SOMOIM_APP,daum,search_preview,미혼 소모임 정모 사진 2,https://cafe.daum.net/diabe/_album/231
2093,noise,R01_REVIEWED_NOT_ABOUT_SOMOIM_APP,daum,search_preview,안티라식 소모임 에서 정모 를 준비중입니다....,https://cafe.daum.net/antilasik/ixO/8497
2094,noise,R01_REVIEWED_NOT_ABOUT_SOMOIM_APP,daum,search_preview,UP!! UP!! ~~ 소모임 <뮤클> 정모,https://cafe.daum.net/pfree/G1R/15479
2095,noise,R01_REVIEWED_NOT_ABOUT_SOMOIM_APP,daum,search_preview,겨울 소모임 3차 정모 안내입니다 ^^*,https://cafe.daum.net/wonju/T1/7980
2096,noise,R01_REVIEWED_NOT_ABOUT_SOMOIM_APP,daum,search_preview,이브 6집 발매 기념 콘서트 소식 + 카페 소모임 첫정팅 첫 정모 소식,https://cafe.daum.net/rockbandeve/H0jm/36
2097,noise,R01_REVIEWED_NOT_ABOUT_SOMOIM_APP,daum,search_preview,정모 : 12/20(토) 린디성 소셜 (+생일잼),https://cafe.daum.net/lindycastle/LzXC/175
2098,noise,R01_REVIEWED_NOT_ABOUT_SOMOIM_APP,daum,search_preview,소모임 ( 정모 팀)관련..,https://cafe.daum.net/kumdo/BD/13142
2099,noise,R01_REVIEWED_NOT_ABOUT_SOMOIM_APP,daum,search_preview,소모임 첫 정모 를 준비하는데.. 어케 해야할지...,https://cafe.daum.net/olpark/4Wjx/15810
2100,noise,R01_REVIEWED_NOT_ABOUT_SOMOIM_APP,daum,search_preview,정모 )골프 소모임 10월 정모 후기,https://cafe.daum.net/jesalza/2rYb/264
2101,noise,R01_REVIEWED_NOT_ABOUT_SOMOIM_APP,daum,search_preview,*** 정모 또는 소모임 (일명 번개)란??필독하세요~,https://cafe.daum.net/activewomon/o5H/15286
2102,noise,R01_REVIEWED_NOT_ABOUT_SOMOIM_APP,daum,search_preview,텐인틴 소모임 '싱글모임' 1월 정모 안내,https://cafe.daum.net/10in10/A7Rr/4862
2103,noise,R01_REVIEWED_NOT_ABOUT_SOMOIM_APP,daum,search_preview,싱글 소모임 에서 10월 정모 를 합니다....,https://cafe.daum.net/10in10/A7Rr/2627
2104,noise,R01_REVIEWED_NOT_ABOUT_SOMOIM_APP,daum,search_preview,소모임 [영화와인재즈] 정모 라비뉴 [La Vignue],https://cafe.daum.net/moviehunters/2jq/1258
2105,noise,R01_REVIEWED_NOT_ABOUT_SOMOIM_APP,daum,search_preview,기존의 정모 형식을 탈피한 테마모임( 소모임 ) 형식의 OFF 활동 안내,https://cafe.daum.net/yogicflying/KNPE/5461
2106,noise,R01_REVIEWED_NOT_ABOUT_SOMOIM_APP,daum,search_preview,제1회 소모임 볼링 정모 후기,https://cafe.daum.net/24station/6I4/317
2107,noise,R01_REVIEWED_NOT_ABOUT_SOMOIM_APP,daum,search_preview,Re:움 이번 기회에 코스 나가면서 소모임 ? 정모 라도..전 미군복장으로.,https://cafe.daum.net/gunmania/7aX/3200
2108,noise,R01_REVIEWED_NOT_ABOUT_SOMOIM_APP,daum,search_preview,Re:Re:미혼 소모임 제3차 정모,https://cafe.daum.net/diabe/3pYJ/196
2109,noise,R01_REVIEWED_NOT_ABOUT_SOMOIM_APP,daum,search_preview,싱글 소모임 4월 정모 합니다.,https://cafe.daum.net/10in10/DrC3/163925
2110,noise,R01_REVIEWED_NOT_ABOUT_SOMOIM_APP,daum,search_preview,3월 7일 소모임 정모 비누 2.,https://cafe.daum.net/herbsoap/5F1/128
2111,noise,R01_REVIEWED_NOT_ABOUT_SOMOIM_APP,daum,search_preview,7월 소모임 정모 - 오늘 16일 금요일 입니당....술익는 작은 마을.jpg,https://cafe.daum.net/mainpiston/_album/210
2112,noise,R01_REVIEWED_NOT_ABOUT_SOMOIM_APP,daum,search_preview,정모 - 소모임,https://cafe.daum.net/ninevolleyball/OD8z/302
2113,noise,R01_REVIEWED_NOT_ABOUT_SOMOIM_APP,daum,search_preview,겨울 소모임 2차 정모 있심다.^^*,https://cafe.daum.net/wonju/T1/7802
2114,noise,R01_REVIEWED_NOT_ABOUT_SOMOIM_APP,daum,search_preview,소모임 신청 및 정모 에 대해 궁금한 점..,https://cafe.daum.net/ilketennis/1n0z/5505
2115,noise,R01_REVIEWED_NOT_ABOUT_SOMOIM_APP,daum,search_preview,기존의 정모 형식을 탈피한 테마모임( 소모임 ) 형식의 OFF 활동 안내,https://cafe.daum.net/yogicflying/KNPE/5483
2116,noise,R01_REVIEWED_NOT_ABOUT_SOMOIM_APP,daum,search_preview,볼링에 관심이 있거나 배우고자 하는 분들에게 희소식~~!! <전전컴 볼링 소모임 첫 정모 관련>,https://cafe.daum.net/eecs535/FtP1/124
2117,noise,R01_REVIEWED_NOT_ABOUT_SOMOIM_APP,daum,search_preview,충청 소모임 9월 정모 를 합니다,https://cafe.daum.net/dm2030/EBY/1548
2118,noise,R01_REVIEWED_NOT_ABOUT_SOMOIM_APP,daum,search_preview,"서울...대전... 소모임 조인트 정모 를,잘 마쳤습니다-",https://cafe.daum.net/herbsoap/CzJx/1837
2119,noise,R01_REVIEWED_NOT_ABOUT_SOMOIM_APP,daum,search_preview,인맥지도 소모임 5월 정모 후기 입니다,https://cafe.daum.net/iamceo/89nC/138
2120,noise,R01_REVIEWED_NOT_ABOUT_SOMOIM_APP,daum,search_preview,Re:미혼 소모임 제3차 정모,https://cafe.daum.net/diabe/3pYJ/193
2121,noise,R01_REVIEWED_NOT_ABOUT_SOMOIM_APP,daum,search_preview,정모 나 소모임,https://cafe.daum.net/NORTHFACE.KOREA09/OgHu/7691
2122,noise,R01_REVIEWED_NOT_ABOUT_SOMOIM_APP,daum,search_preview,11월 소모임 대한장대 정모 이모저모...<6> 포토 제닉 입니다...,https://cafe.daum.net/JangDaeChon/7IuG/217
2123,noise,R01_REVIEWED_NOT_ABOUT_SOMOIM_APP,daum,search_preview,911 소모임 갱신 신청합니다.,https://cafe.daum.net/joyofboarding/O5fg/3
2124,noise,R01_REVIEWED_NOT_ABOUT_SOMOIM_APP,daum,search_preview,소모임 에 정팅/ 정모 게시판이 생겼어요^^,https://cafe.daum.net/astronomical/3FD/7893
2125,noise,R01_REVIEWED_NOT_ABOUT_SOMOIM_APP,daum,search_preview,Re:Re:이제 텔레맨( 소모임 )도 정모 해야죠?!!!,https://cafe.daum.net/telewomen/IA5/801
2126,noise,R01_REVIEWED_NOT_ABOUT_SOMOIM_APP,daum,search_preview,[확정]서울 소모임 9월 정모 안내.....우천시취소,https://cafe.daum.net/coca486/HyIp/9
2127,noise,R01_REVIEWED_NOT_ABOUT_SOMOIM_APP,daum,search_preview,13차 야외 정모 날짜와 소모임 방에 관하여,https://cafe.daum.net/takho/D9N/977
2128,noise,R01_REVIEWED_NOT_ABOUT_SOMOIM_APP,daum,search_preview,미혼 소모임 정모 사진 8,https://cafe.daum.net/diabe/_album/237
2129,noise,R01_REVIEWED_NOT_ABOUT_SOMOIM_APP,daum,search_preview,충청권 정모 나 소모임 있으면 저 좀 꼭 불러주세요!,https://cafe.daum.net/refarm/5dFC/4911
2130,noise,R01_REVIEWED_NOT_ABOUT_SOMOIM_APP,daum,search_preview,정모 후기/ 소모임 알림,https://cafe.daum.net/gorms2/50JK/1167
2131,noise,R01_REVIEWED_NOT_ABOUT_SOMOIM_APP,daum,search_preview,미혼 소모임 정모 사진 6,https://cafe.daum.net/diabe/_album/235
2132,noise,R01_REVIEWED_NOT_ABOUT_SOMOIM_APP,daum,search_preview,09.9.11 9월 정모 가기전 스텝들의 소모임 .,https://cafe.daum.net/lovebmw/3R6G/2801
2133,noise,R01_REVIEWED_NOT_ABOUT_SOMOIM_APP,daum,search_preview,2월 정모 를 소모임 (벙개)로 대체하고자 합니다...,https://cafe.daum.net/tldrmf3040/2fWz/16237
2134,noise,R01_REVIEWED_NOT_ABOUT_SOMOIM_APP,daum,search_preview,쥔장님께 건의하는바~ 정모 와 소모임 에 관해서,https://cafe.daum.net/apara/8sd7/797
2135,noise,R01_REVIEWED_NOT_ABOUT_SOMOIM_APP,daum,search_preview,정모 : 12/13(토) 린디성 소셜,https://cafe.daum.net/lindycastle/LzXC/174
2136,noise,R01_REVIEWED_NOT_ABOUT_SOMOIM_APP,daum,search_preview,4월 서울 소모임 정모 - 2 - 한강시민공원,https://cafe.daum.net/coca486/HyIm/40
2137,noise,R01_REVIEWED_NOT_ABOUT_SOMOIM_APP,daum,search_preview,소모임 '싱글모임' 2월 정모 안내 - 주식/펀드강의,https://cafe.daum.net/10in10/A7Rr/4975
2138,noise,R01_REVIEWED_NOT_ABOUT_SOMOIM_APP,daum,search_preview,8월12일.....오후5시... 소모임 함다..(나름대로 정모 ..),https://cafe.daum.net/0dreampuppy0/2Iyd/3448
2139,noise,R01_REVIEWED_NOT_ABOUT_SOMOIM_APP,daum,search_preview,1월 11일 (금요일) 지산 출격부 ( 정모 로 소모임 안함),https://cafe.daum.net/insmo2/9lPQ/1116
2140,noise,R01_REVIEWED_NOT_ABOUT_SOMOIM_APP,daum,search_preview,즐거웠던 소모임 ~,https://cafe.daum.net/lovebmw/3Dhs/156001
2141,noise,R01_REVIEWED_NOT_ABOUT_SOMOIM_APP,daum,search_preview,하노이 정모 & 소모임 같은거는 없나요...?,https://cafe.daum.net/gajavn/21lr/233
2142,noise,R01_REVIEWED_NOT_ABOUT_SOMOIM_APP,daum,search_preview,일상탈출카페 주중방 소모임 2009년 팀장소개와 회칙,https://cafe.daum.net/trip7788/TMR/4355
2143,noise,R01_REVIEWED_NOT_ABOUT_SOMOIM_APP,daum,search_preview,정모 다녀오면서 (초심으로),https://cafe.daum.net/skiersdaum/6nby/1311
2144,noise,R01_REVIEWED_NOT_ABOUT_SOMOIM_APP,daum,search_preview,Re:미혼 소모임 제3차 정모,https://cafe.daum.net/diabe/3pYJ/188
2145,noise,R01_REVIEWED_NOT_ABOUT_SOMOIM_APP,daum,search_preview,"아아 정모 ,... 그리고 소모임",https://cafe.daum.net/Sword/55BK/26222
2146,noise,R01_REVIEWED_NOT_ABOUT_SOMOIM_APP,daum,search_preview,패션 소모임 1차 정모 는 1월 8일 1시에 수원역 민들레 영토에서,https://cafe.daum.net/fpuser/L6qu/487
2147,noise,R01_REVIEWED_NOT_ABOUT_SOMOIM_APP,daum,search_preview,Re:고양파주 소모임 어제 정모 사진...(2편),https://cafe.daum.net/jangshhouse/BCHF/438
2148,noise,R01_REVIEWED_NOT_ABOUT_SOMOIM_APP,daum,search_preview,★ 엔카 정모 소모임 (제주.대구.진주.)★,https://cafe.daum.net/kso195/I2c0/109
2149,noise,R01_REVIEWED_NOT_ABOUT_SOMOIM_APP,daum,search_preview,소모임 싱글모임 6월 정모 안내 - 부동산강의 II,https://cafe.daum.net/10in10/A7Rr/5447
2150,noise,R01_REVIEWED_NOT_ABOUT_SOMOIM_APP,daum,search_preview,Re:미혼 소모임 제 4차 정모 후기,https://cafe.daum.net/diabe/Hya/38733
2151,noise,R01_REVIEWED_NOT_ABOUT_SOMOIM_APP,daum,search_preview,"※부산,대전,대구 소모임 개설※ ※8/15,16일 정모 ※",https://cafe.daum.net/beadskiss/5RR0/420
2152,noise,R01_REVIEWED_NOT_ABOUT_SOMOIM_APP,daum,search_preview,정모와......우수회원과..... 소모임 에 관하여........,https://cafe.daum.net/1004realty/NMoR/4050
2153,noise,R01_REVIEWED_NOT_ABOUT_SOMOIM_APP,daum,search_preview,정모 후기입니다..^^(+서울-인천권 그립 소모임 모집^^),https://cafe.daum.net/gripboard/TdyR/2
2154,noise,R01_REVIEWED_NOT_ABOUT_SOMOIM_APP,daum,search_preview,"서울,경기 소모임 방 정모 있습니다..6월 24일~~",https://cafe.daum.net/caraudio119/26on/9153
2155,noise,R01_REVIEWED_NOT_ABOUT_SOMOIM_APP,daum,search_preview,전국지역방 지역 소모임 이벤트를 진행 합니다.,https://cafe.daum.net/okok8949/Qsvm/516
2156,noise,R01_REVIEWED_NOT_ABOUT_SOMOIM_APP,daum,search_preview,서울 소모임 8월 정모 안내...,https://cafe.daum.net/coca486/HyIp/8
2157,noise,R01_REVIEWED_NOT_ABOUT_SOMOIM_APP,daum,search_preview,소모임 개미군단 정모 일정입니다.,https://cafe.daum.net/hmart/2VQf/5427
2158,noise,R01_REVIEWED_NOT_ABOUT_SOMOIM_APP,daum,search_preview,정모 : 12/06(토) 린디성 소셜,https://cafe.daum.net/lindycastle/LzXC/173
2159,noise,R01_REVIEWED_NOT_ABOUT_SOMOIM_APP,daum,search_preview,Re:오늘ㅇl 소모임 정모 날이 여l요 ?,https://cafe.daum.net/cbetataewoo/1mJd/39255
2160,noise,R01_REVIEWED_NOT_ABOUT_SOMOIM_APP,daum,search_preview,★친목 소모임 구성을 위한 정모,https://cafe.daum.net/EnglishForU/B6Jp/73
2161,noise,R01_REVIEWED_NOT_ABOUT_SOMOIM_APP,daum,search_preview,★친목 소모임 구성을 위한 정모,https://cafe.daum.net/EnglishForU/DUMB/573
2162,noise,R01_REVIEWED_NOT_ABOUT_SOMOIM_APP,daum,search_preview,10월2일 토요일 정모 ( 소모임 의 날 행사(슬라럼 팀)),https://cafe.daum.net/inlinehome/H05E/1776
2163,noise,R01_REVIEWED_NOT_ABOUT_SOMOIM_APP,daum,search_preview,★친목 소모임 구성을 위한 정모,https://cafe.daum.net/EnglishForU/DUMB/576
2164,noise,R01_REVIEWED_NOT_ABOUT_SOMOIM_APP,daum,search_preview,도봉 정모 후기와 소모임 활동 인터뷰 건...,https://cafe.daum.net/yogicflying/RV96/986
2165,noise,R01_REVIEWED_NOT_ABOUT_SOMOIM_APP,daum,search_preview,소모임 이나 정모 수도권에 언제있을까요??,https://cafe.daum.net/ijk7160/JRzS/13
2166,noise,R01_REVIEWED_NOT_ABOUT_SOMOIM_APP,daum,search_preview,Re:Re:이제 텔레맨( 소모임 )도 정모 해야죠?!!!,https://cafe.daum.net/telewomen/IA5/811
2167,noise,R01_REVIEWED_NOT_ABOUT_SOMOIM_APP,daum,search_preview,소모임 MS20짠순&짠돌이 정모 합니다~~~~^^,https://cafe.daum.net/mmnix/FDjK/109609
2168,noise,R01_REVIEWED_NOT_ABOUT_SOMOIM_APP,daum,search_preview,충청호남 기사님들 소모임 에 정모 안내 있습니다.,https://cafe.daum.net/Aircon114/FeAZ/2360
2169,noise,R01_REVIEWED_NOT_ABOUT_SOMOIM_APP,daum,search_preview,소모임 정모 겟판으로 고고고,https://cafe.daum.net/kimneulmea/2MSx/7952
2170,noise,R01_REVIEWED_NOT_ABOUT_SOMOIM_APP,daum,search_preview,드디어 내일입니다. 클로징 정모 겸 소모임 발대식!!! (정원무한대입니다. 무조건 오십시오!!!),https://cafe.daum.net/joyofboarding/7Mqm/20129
2171,noise,R01_REVIEWED_NOT_ABOUT_SOMOIM_APP,daum,search_preview,소모임 개미군단 정모 일정입니다.,https://cafe.daum.net/hmart/66ih/264
2172,noise,R01_REVIEWED_NOT_ABOUT_SOMOIM_APP,daum,search_preview,4월 정모 안내 ~~!!,https://cafe.daum.net/zerotec/RqpL/85
2173,noise,R01_REVIEWED_NOT_ABOUT_SOMOIM_APP,daum,search_preview,정모 와 소모임 에 대해서^^*,https://cafe.daum.net/busantongli/4ieb/3512
2174,noise,R01_REVIEWED_NOT_ABOUT_SOMOIM_APP,daum,search_preview,★친목 소모임 구성을 위한 정모,https://cafe.daum.net/EnglishForU/DUMB/577
2175,noise,R01_REVIEWED_NOT_ABOUT_SOMOIM_APP,daum,search_preview,소모임 하나 가입 해야겠다,https://cafe.daum.net/dotax/D8UA/5755880
2176,noise,R01_REVIEWED_NOT_ABOUT_SOMOIM_APP,daum,search_preview,혹시 야구 직관 소모임 가입 중이시거나 가입 해보신분?,https://cafe.daum.net/zoomin62/GN37/3513530
2177,noise,R01_REVIEWED_NOT_ABOUT_SOMOIM_APP,daum,search_preview,온라인으로 같이 하실 소모임 모집합니다[매온(MTGO)아닙니다],https://cafe.daum.net/magin/C4hl/137
2178,noise,R01_REVIEWED_NOT_ABOUT_SOMOIM_APP,daum,search_preview,네이* 밴드 소모임 가입 어떤가요?,https://cafe.daum.net/woouwoou2021/XH9d/89868
2179,noise,R01_REVIEWED_NOT_ABOUT_SOMOIM_APP,daum,search_preview,직관 소모임 그런거 가입 한 수일이있어?,https://cafe.daum.net/ok1221/8mNz/690797
2180,noise,R01_REVIEWED_NOT_ABOUT_SOMOIM_APP,daum,search_preview,[필독] 2차 합격자분들 소모임 가입 방법 안내,https://cafe.daum.net/4toeic/DYeO/1233
2181,noise,R01_REVIEWED_NOT_ABOUT_SOMOIM_APP,daum,search_preview,국민대학교 법과대학 농구 소모임 MBL입니다.,https://cafe.daum.net/dongarry/IVIH/16188
2182,noise,R01_REVIEWED_NOT_ABOUT_SOMOIM_APP,daum,search_preview,2026년 1학기 소모임 활동 내용 보고_(별책부록),https://cafe.daum.net/cbnuhistory/WZ5T/4
2183,noise,R01_REVIEWED_NOT_ABOUT_SOMOIM_APP,daum,search_preview,매니아즈 축구단 소모임 가입 부탁드립니다..^^,https://cafe.daum.net/lovebmw/3Dhs/20735
2184,noise,R01_REVIEWED_NOT_ABOUT_SOMOIM_APP,daum,search_preview,📢 남주혁 141 📢 배우 람주혁을 오빠라고 부릅시다❗️＜람주혁 소모임 ＞에 가입 해주세요❗️,https://cafe.daum.net/Duckgu/D2nu/36684
2185,noise,R01_REVIEWED_NOT_ABOUT_SOMOIM_APP,daum,search_preview,서포트 소모임 가입 해주세요~,https://cafe.daum.net/SeoINGUK/IPur/57
2186,noise,R01_REVIEWED_NOT_ABOUT_SOMOIM_APP,daum,search_preview,"[제주교사노조]제주교사노동조합 소속 조합원, 학교별 소모임 지원 안내",https://cafe.daum.net/jjtu2020/W4qQ/5
2187,noise,R01_REVIEWED_NOT_ABOUT_SOMOIM_APP,daum,search_preview,소모임 같은거 하고는싶은디,https://cafe.daum.net/un-known-club/M9rs/1093462
2188,noise,R01_REVIEWED_NOT_ABOUT_SOMOIM_APP,daum,search_preview,소모임 [그루터기] 소개 - 그루터기 가입 은 일시중지합니다 (그루터기 재정비중),https://cafe.daum.net/happydolparty/5DOx/458
2189,noise,R01_REVIEWED_NOT_ABOUT_SOMOIM_APP,daum,search_preview,구미나 김천 소모임 있을까요?,https://cafe.daum.net/moyamoya/S7F/428
2190,noise,R01_REVIEWED_NOT_ABOUT_SOMOIM_APP,daum,search_preview,초급 31기분들 소모임 가입 방법입니다~!,https://cafe.daum.net/latindance/73Z/30906
2191,noise,R01_REVIEWED_NOT_ABOUT_SOMOIM_APP,daum,search_preview,＜주몽재활원＞ 소모임 가입안내,https://cafe.daum.net/chunsa7/4INO/330
2192,noise,R01_REVIEWED_NOT_ABOUT_SOMOIM_APP,daum,search_preview,[알림] 도우미 소모임 가입 490명을 돌파!!! ( 소모임 가입 방법!),https://cafe.daum.net/ilovedoumi/1UXv/10074
2193,noise,R01_REVIEWED_NOT_ABOUT_SOMOIM_APP,daum,search_preview,소모임 가입 안내,https://cafe.daum.net/yoginicafe/7egz/17
2194,noise,R01_REVIEWED_NOT_ABOUT_SOMOIM_APP,daum,search_preview,소모임 가입 조건 기획,https://cafe.daum.net/ilovehamil/5Z3B/79
2195,noise,R01_REVIEWED_NOT_ABOUT_SOMOIM_APP,daum,search_preview,초보 교육과 소모임 가입 에 관한 답변,https://cafe.daum.net/baramsori/1wk7/1781
2196,noise,R01_REVIEWED_NOT_ABOUT_SOMOIM_APP,daum,search_preview,"소모임 가입 방법.... ( 상가 소모임 , 현업 소모임 , 인,부천 소모임 , 신도시 분양권 소모임 )",https://cafe.daum.net/jangshhouse/22Qx/40
2197,noise,R01_REVIEWED_NOT_ABOUT_SOMOIM_APP,daum,search_preview,출판번역 소모임 가입 신청자분들께,https://cafe.daum.net/livingbytrans/1mlW/285
2198,noise,R01_REVIEWED_NOT_ABOUT_SOMOIM_APP,daum,search_preview,소모임 가입에 관하여.,https://cafe.daum.net/airplanes/2HzG/1338
2199,noise,R01_REVIEWED_NOT_ABOUT_SOMOIM_APP,daum,search_preview,소모임 가입에 대하여 안내드립니다.,https://cafe.daum.net/allthatchois/3HJx/24
2200,noise,R01_REVIEWED_NOT_ABOUT_SOMOIM_APP,daum,search_preview,소모임 가입 에 대하여(수정),https://cafe.daum.net/truedu/DMH/17599
2201,noise,R01_REVIEWED_NOT_ABOUT_SOMOIM_APP,daum,search_preview,소모임 가입 은 요러케...,https://cafe.daum.net/wonju/33Gr/17
2202,noise,R01_REVIEWED_NOT_ABOUT_SOMOIM_APP,daum,search_preview,"* 새드무비 DVD 공동구매 명단 (본인확인, 소모임 가입 후 신청서 작성 해 주세요)",https://cafe.daum.net/imsujung/9Gez/44879
2203,noise,R01_REVIEWED_NOT_ABOUT_SOMOIM_APP,daum,search_preview,소모임 가입 절차,https://cafe.daum.net/goMS/5DBs/91
2204,noise,R01_REVIEWED_NOT_ABOUT_SOMOIM_APP,daum,search_preview,소모임 가입하신분 참고하세요,https://cafe.daum.net/ss1751/DfwR/1312
2205,noise,R01_REVIEWED_NOT_ABOUT_SOMOIM_APP,daum,search_preview,소모임 2호 탄생 - [제2외국어 소모임 ] - 가입 기준 포함,https://cafe.daum.net/translation/4vru/74
2206,noise,R01_REVIEWED_NOT_ABOUT_SOMOIM_APP,daum,search_preview,소모임 가입 신청 하신분들 많으신가요?!?!,https://cafe.daum.net/truepicture/SnBT/8975
2207,noise,R01_REVIEWED_NOT_ABOUT_SOMOIM_APP,daum,search_preview,Re:Re: 소모임 가입은 이렇게 합니다.,https://cafe.daum.net/kotour/8OX/3475
2208,noise,R01_REVIEWED_NOT_ABOUT_SOMOIM_APP,daum,search_preview,단풍련 DIY 소모임 '코사리 꺾기'를 소개합니다~,https://cafe.daum.net/0185299804/OFY7/104
2209,noise,R01_REVIEWED_NOT_ABOUT_SOMOIM_APP,daum,search_preview,[ 소모임 ] 가입 절차,https://cafe.daum.net/pchundang/JVD/185
2210,noise,R01_REVIEWED_NOT_ABOUT_SOMOIM_APP,daum,search_preview,소모임 가입 순서,https://cafe.daum.net/kbh6848/34wd/823
2211,noise,R01_REVIEWED_NOT_ABOUT_SOMOIM_APP,daum,search_preview,"소모임 가입 은 이렇게 ,,,",https://cafe.daum.net/trajetxg/MHA1/3939
2212,noise,R01_REVIEWED_NOT_ABOUT_SOMOIM_APP,daum,search_preview,통기타 소모임 가입 신청 받습니다.,https://cafe.daum.net/busantongli/4afe/19390
2213,noise,R01_REVIEWED_NOT_ABOUT_SOMOIM_APP,daum,search_preview,소모임 가입 이 안된 분들...필독..!!,https://cafe.daum.net/ulsanroom/4a15/6283
2214,noise,R01_REVIEWED_NOT_ABOUT_SOMOIM_APP,daum,search_preview,충청 소모임 가입 방법 입니다,https://cafe.daum.net/trajetxg/I6eG/83
2215,noise,R01_REVIEWED_NOT_ABOUT_SOMOIM_APP,daum,search_preview,소모임 가입 신청 안내,https://cafe.daum.net/ACSC/El4L/55
2216,noise,R01_REVIEWED_NOT_ABOUT_SOMOIM_APP,daum,search_preview,초보 소모임 운영과 관련하여 (초보 소모임 가입 희망자 필독요망),https://cafe.daum.net/livingbytrans/1mff/3864
2217,noise,R01_REVIEWED_NOT_ABOUT_SOMOIM_APP,daum,search_preview,얘들아 나 언어교류 소모임 가입했는데 뭔가 찝찝하거든 신천지일까? 봐봐;;,https://cafe.daum.net/Tlwkftlqkftlldlqkf/919A/5944934
2218,noise,R01_REVIEWED_NOT_ABOUT_SOMOIM_APP,daum,search_preview,지온보육원 소모임 가입 방법,https://cafe.daum.net/chunsa7/6CW6/255
2219,noise,R01_REVIEWED_NOT_ABOUT_SOMOIM_APP,daum,search_preview,[제 2외국어 소모임 ] 가입 조건 + 가입 승인 + 토의,https://cafe.daum.net/livingbytrans/1mvL/59
2220,noise,R01_REVIEWED_NOT_ABOUT_SOMOIM_APP,daum,search_preview,카페 소모임 가입 안내,https://cafe.daum.net/imuseum/fa2/4137
2221,noise,R01_REVIEWED_NOT_ABOUT_SOMOIM_APP,daum,search_preview,소모임 가입 이 안된 분들에게... 소모임 방장님 필독!!,https://cafe.daum.net/ulsanroom/4a15/6254
2222,noise,R01_REVIEWED_NOT_ABOUT_SOMOIM_APP,daum,search_preview,Re: 소모임 가입 안한 사람은....,https://cafe.daum.net/lg/3De/42
2223,noise,R01_REVIEWED_NOT_ABOUT_SOMOIM_APP,daum,search_preview,필승 다이어트 소모임 가입 안내,https://cafe.daum.net/sindalja/8AHV/1540
2224,noise,R01_REVIEWED_NOT_ABOUT_SOMOIM_APP,daum,search_preview,초보 소모임 가입 관련,https://cafe.daum.net/livingbytrans/1mvL/55
2225,noise,R01_REVIEWED_NOT_ABOUT_SOMOIM_APP,daum,search_preview,간단명료하게 소모임 가입 하는 방법,https://cafe.daum.net/WWFFanPage/5jDI/1308
2226,noise,R01_REVIEWED_NOT_ABOUT_SOMOIM_APP,daum,search_preview,소모임 가입신청 승인방법,https://cafe.daum.net/lions17/Ci/34787
2227,noise,R01_REVIEWED_NOT_ABOUT_SOMOIM_APP,daum,search_preview,11월14일 등산모임에 참여하신분들 소모임 가입 요망.,https://cafe.daum.net/Yulbang/3eCY/2566
2228,noise,R01_REVIEWED_NOT_ABOUT_SOMOIM_APP,daum,search_preview,소모임 가입 -무플방지위원회등~ㅋㅋㅋ,https://cafe.daum.net/mmnix/8Hh9/52171
2229,noise,R01_REVIEWED_NOT_ABOUT_SOMOIM_APP,daum,search_preview,소모임 가입 아직 안하신 분들~,https://cafe.daum.net/imuseum/fa2/2981
2230,noise,R01_REVIEWED_NOT_ABOUT_SOMOIM_APP,daum,search_preview,소모임 가입에 대해...,https://cafe.daum.net/refarm/QHa/8140
2231,noise,R01_REVIEWED_NOT_ABOUT_SOMOIM_APP,daum,search_preview,지역별 소모임 많이 가입 해주세요,https://cafe.daum.net/hanryulove/IwYk/77675
2232,noise,R01_REVIEWED_NOT_ABOUT_SOMOIM_APP,daum,search_preview,소모임 가입 하신 분들 보세요~,https://cafe.daum.net/truedu/5GxO/308
2233,noise,R01_REVIEWED_NOT_ABOUT_SOMOIM_APP,daum,search_preview,"소모임 가입 신청 하신님들,,보셔요",https://cafe.daum.net/forget7me9not/6RBQ/11929
2234,noise,R01_REVIEWED_NOT_ABOUT_SOMOIM_APP,daum,search_preview,♡스타일 대박♡ ( 소모임 가입 신청),https://cafe.daum.net/lovedaum022/Myk7/42784
2235,noise,R01_REVIEWED_NOT_ABOUT_SOMOIM_APP,daum,search_preview,소모임 가입 신청 안내,https://cafe.daum.net/ACSC/El4L/28
2236,noise,R01_REVIEWED_NOT_ABOUT_SOMOIM_APP,daum,search_preview,주몽재활원 소모임 가입 안내,https://cafe.daum.net/chunsa7/4INO/345
2237,noise,R01_REVIEWED_NOT_ABOUT_SOMOIM_APP,daum,search_preview,저도 정모 후기 ^^ 어제 오신 분들께서는 소모임 가입 신청도 꼭 해주시고요.. ^^,https://cafe.daum.net/forjournalists/DY4T/17503
2238,noise,R01_REVIEWED_NOT_ABOUT_SOMOIM_APP,daum,search_preview,2006년 자원봉사자 소모임 가입 신청,https://cafe.daum.net/imuseum/fa2/4672
2239,noise,R01_REVIEWED_NOT_ABOUT_SOMOIM_APP,daum,search_preview,새로 가입 하시고 소모임 가입 하시려는국장님들보세여^^*,https://cafe.daum.net/trajetxg/MHA1/9742
2240,noise,R01_REVIEWED_NOT_ABOUT_SOMOIM_APP,daum,search_preview,Golf 동아리 소모임 가입 안내 !!!!,https://cafe.daum.net/haekan54/A1EM/133
2241,noise,R02_DUPLICATE_OF_394,daum,search_preview,친구 사귀는데 소모임 어플 좋다해서 가입했다가 대략 15번 정도 당황한 썰,https://cafe.daum.net/subdued20club/ReHf/4029883
2242,noise,R01_REVIEWED_NOT_ABOUT_SOMOIM_APP,daum,search_preview,소모임 가입 안내,https://cafe.daum.net/chunsa7/3R5D/251
2243,noise,R01_REVIEWED_NOT_ABOUT_SOMOIM_APP,daum,search_preview,[ 소모임 회원모집광고] 사진 소모임 가입덜하셔용~~ -0-,https://cafe.daum.net/2632age/32M/131838
2244,noise,R01_REVIEWED_NOT_ABOUT_SOMOIM_APP,daum,search_preview,저... 소모임 가입 관련... (땀 삐질;;),https://cafe.daum.net/livingbytrans/1mff/10618
2245,noise,R01_REVIEWED_NOT_ABOUT_SOMOIM_APP,daum,search_preview,기편모 소모임 가입 에 대해,https://cafe.daum.net/childbooks/FtS/2283
2246,noise,R01_REVIEWED_NOT_ABOUT_SOMOIM_APP,daum,search_preview,답장 - 메일로 자격은 확인되었으나 소모임 가입신청을 안하신 분들께,https://cafe.daum.net/hospice4u/6YLz/220
2247,noise,R01_REVIEWED_NOT_ABOUT_SOMOIM_APP,daum,search_preview,소모임 가입 안내,https://cafe.daum.net/ihave2jobs/BbLm/57
2248,noise,R01_REVIEWED_NOT_ABOUT_SOMOIM_APP,daum,search_preview,소모임 에 가입하려면....!!,https://cafe.daum.net/maksim/DwBj/61
2249,noise,R01_REVIEWED_NOT_ABOUT_SOMOIM_APP,daum,search_preview,"가칭 ""용인탁구클럽 탁구 동호회 "" 가입하세요~ / 소모임 가입방법",https://cafe.daum.net/youngintt/BkEO/21
2250,noise,R01_REVIEWED_NOT_ABOUT_SOMOIM_APP,daum,search_preview,소모임 가입하신분들보세요 <<-- 수정해요,https://cafe.daum.net/bikeTour/7J2J/2724
2251,noise,R01_REVIEWED_NOT_ABOUT_SOMOIM_APP,daum,search_preview,소모임 가입 방법,https://cafe.daum.net/tico2ppa2/9It/22375
2252,noise,R01_REVIEWED_NOT_ABOUT_SOMOIM_APP,daum,search_preview,Re: 소모임 통합 작업 중... 소모임 가입 중지,https://cafe.daum.net/ysschung/3kxt/392
2253,noise,R01_REVIEWED_NOT_ABOUT_SOMOIM_APP,daum,search_preview,소모임 가입 건...,https://cafe.daum.net/Humanbones/39Qr/834
2254,noise,R01_REVIEWED_NOT_ABOUT_SOMOIM_APP,daum,search_preview,사누스빌 자치회 소모임 가입 방법,https://cafe.daum.net/sanusvill/ETlC/315
2255,noise,R01_REVIEWED_NOT_ABOUT_SOMOIM_APP,daum,search_preview,야구 소모임 가입 창구!!,https://cafe.daum.net/yogicflying/TKUZ/9093
2256,noise,R01_REVIEWED_NOT_ABOUT_SOMOIM_APP,daum,search_preview,문비 소모임 - 가입 을 원하시는 분들께,https://cafe.daum.net/forjournalists/DY4T/1768
2257,noise,R01_REVIEWED_NOT_ABOUT_SOMOIM_APP,daum,search_preview,소모임 가입 안한 사람은....,https://cafe.daum.net/lg/3De/41
2258,noise,R01_REVIEWED_NOT_ABOUT_SOMOIM_APP,daum,search_preview,3기3반[0620-0700] 소모임 가입대상자입니다.,https://cafe.daum.net/morninghuman/Ngn1/219
2259,noise,R01_REVIEWED_NOT_ABOUT_SOMOIM_APP,daum,search_preview,설/경기방 소모임 가입 신청 안내,https://cafe.daum.net/lovehongkong/jAy/601
2260,noise,R01_REVIEWED_NOT_ABOUT_SOMOIM_APP,daum,search_preview,예전에 강퇴 당했던 회원입니다만.... 소모임 가입 은 여전히 막혀있네요...그건 언제 풀어주실지,https://cafe.daum.net/gabee/2Ec/21192
2261,noise,R01_REVIEWED_NOT_ABOUT_SOMOIM_APP,daum,search_preview,메일로 자격은 확인되었으나 소모임 가입신청을 안하신 분들께,https://cafe.daum.net/hospice4u/6YLz/210
2262,noise,R01_REVIEWED_NOT_ABOUT_SOMOIM_APP,daum,search_preview,소모임 가입 에 관해서...,https://cafe.daum.net/workingholiday/5vj/3798
2263,noise,R01_REVIEWED_NOT_ABOUT_SOMOIM_APP,daum,search_preview,혹시 운영자분들중에 어드 소모임 가입 신청 받아주신분 계신가요?,https://cafe.daum.net/daiseny/L8Dq/9
2264,noise,R01_REVIEWED_NOT_ABOUT_SOMOIM_APP,daum,search_preview,5월 31일 (일) 볼링(유스페어) 벙개 소모임 개최합니다~~~,https://cafe.daum.net/3040yourspace/NRef/134
2265,noise,R01_REVIEWED_NOT_ABOUT_SOMOIM_APP,daum,search_preview,소모임 방 문 열었습니다..(토요일까지 소모임 가입 가능 합니다),https://cafe.daum.net/vovpkh/2qyN/1380
2266,noise,R01_REVIEWED_NOT_ABOUT_SOMOIM_APP,daum,search_preview,인천.경기 지역분들... 소모임 가입 하세요~ *^^*,https://cafe.daum.net/folkwarrior/7gzE/2010
2267,noise,R01_REVIEWED_NOT_ABOUT_SOMOIM_APP,daum,search_preview,소모임 가입 하실분 계신가요???,https://cafe.daum.net/lg/3DZ/29660
2268,noise,R01_REVIEWED_NOT_ABOUT_SOMOIM_APP,daum,search_preview,소모임 가입 안내,https://cafe.daum.net/kbh6848/34wd/817
2269,noise,R01_REVIEWED_NOT_ABOUT_SOMOIM_APP,daum,search_preview,[필독]서울아기자기여행 소모임 가입 하기 전 해야할일..,https://cafe.daum.net/trip7788/LUcj/161
2270,noise,R01_REVIEWED_NOT_ABOUT_SOMOIM_APP,daum,search_preview,신입 우수회원 가입 하신분들 필독( 소모임 가입 방법),https://cafe.daum.net/gatbawi/6QIF/12597
2271,noise,R01_REVIEWED_NOT_ABOUT_SOMOIM_APP,daum,search_preview,소모임 가입 바로가기,https://cafe.daum.net/chunsa2/7Wcy/38
2272,noise,R01_REVIEWED_NOT_ABOUT_SOMOIM_APP,daum,search_preview,소모임 가입 바로가기,https://cafe.daum.net/chunsa2/7Wcx/36
2273,noise,R01_REVIEWED_NOT_ABOUT_SOMOIM_APP,daum,search_preview,소모임 가입 바로가기,https://cafe.daum.net/chunsa2/80Qb/34
2274,noise,R01_REVIEWED_NOT_ABOUT_SOMOIM_APP,daum,search_preview,소모임 가입 관련 필독사항입니다.,https://cafe.daum.net/owenlineage/IuR/200
2275,noise,R01_REVIEWED_NOT_ABOUT_SOMOIM_APP,daum,search_preview,소모임 가입 건..,https://cafe.daum.net/trajetxg/7dtQ/16758
2276,noise,R01_REVIEWED_NOT_ABOUT_SOMOIM_APP,daum,search_preview,소모임 가입을 어떻게 하는지 모르는 분들을 위해서...,https://cafe.daum.net/latinboston/LlzO/8681
2277,noise,R01_REVIEWED_NOT_ABOUT_SOMOIM_APP,daum,search_preview,Re: 소모임 가입 관련,https://cafe.daum.net/VIRUS/2F2H/4020
2278,noise,R01_REVIEWED_NOT_ABOUT_SOMOIM_APP,daum,search_preview,오프너 소모임 가입 안내입니다~,https://cafe.daum.net/ideamasters/IQTG/30
2279,noise,R01_REVIEWED_NOT_ABOUT_SOMOIM_APP,daum,search_preview,소모임 가입 에 대하여 안내말씀 드립니다..,https://cafe.daum.net/dailn/JQW/2063
2280,noise,R01_REVIEWED_NOT_ABOUT_SOMOIM_APP,daum,search_preview,저 대구경북지역 소모임 가입 했어요~~ㅋㅋ,https://cafe.daum.net/cp4300/7lhU/4315
2281,noise,R01_REVIEWED_NOT_ABOUT_SOMOIM_APP,daum,search_preview,활동없는 사람들 소모임 가입 절대 불가~오해 없으시기를,https://cafe.daum.net/lifeagain/ENSO/1739
2282,noise,R01_REVIEWED_NOT_ABOUT_SOMOIM_APP,daum,search_preview,소모임 가입이 안되네요.ㅡㅡ^,https://cafe.daum.net/busanmam/6xKZ/3214
2283,noise,R01_REVIEWED_NOT_ABOUT_SOMOIM_APP,daum,search_preview,소모임 가입 에 대한 문의,https://cafe.daum.net/ssaumjil/KNpN/8364
2284,noise,R01_REVIEWED_NOT_ABOUT_SOMOIM_APP,daum,search_preview,[20070909] 지역별 지부 소모임 가입 안내,https://cafe.daum.net/choikanghee/DEGo/24
2285,noise,R01_REVIEWED_NOT_ABOUT_SOMOIM_APP,daum,search_preview,맞다!!! 핑사모'열투' 소모임 가입 하실분???,https://cafe.daum.net/FinKL/12u/195075
2286,noise,R01_REVIEWED_NOT_ABOUT_SOMOIM_APP,daum,search_preview,"비즈니스 소모임 , 이주 희망자 소모임 가입 요령~!",https://cafe.daum.net/okmalaysia/7xMM/44
2287,noise,R01_REVIEWED_NOT_ABOUT_SOMOIM_APP,daum,search_preview,한문 소모임 가입 이 안되고 있습니다. !!!,https://cafe.daum.net/imuseum/fa2/334
2288,noise,R01_REVIEWED_NOT_ABOUT_SOMOIM_APP,daum,search_preview,지금 막 소모임 가입 ..=.-,https://cafe.daum.net/voice4u/HGA/7930
2289,noise,R01_REVIEWED_NOT_ABOUT_SOMOIM_APP,daum,search_preview,도우미 소모임 가입 조건입니다.,https://cafe.daum.net/montblank/Cloy/154
2290,noise,R01_REVIEWED_NOT_ABOUT_SOMOIM_APP,daum,search_preview,지역별 소모임 가입 을 적극 권합니다.,https://cafe.daum.net/seedshare/C4s1/396
2291,noise,R01_REVIEWED_NOT_ABOUT_SOMOIM_APP,daum,search_preview,소모임 가입 을 희망하시는 회원분들에 대해서...,https://cafe.daum.net/10in10gj/26p0/31
2292,noise,R01_REVIEWED_NOT_ABOUT_SOMOIM_APP,daum,search_preview,소모임 가입 은 어떻게 하는지요?,https://cafe.daum.net/minikorea/1Qir/13542
2293,noise,R01_REVIEWED_NOT_ABOUT_SOMOIM_APP,daum,search_preview,Re:Re: 소모임 가입 시 주의사항..,https://cafe.daum.net/inlinehome/GpnP/2402
2294,noise,R01_REVIEWED_NOT_ABOUT_SOMOIM_APP,daum,search_preview,소모임 가입 에 대하여,https://cafe.daum.net/bluequilt/G5PW/75
2295,noise,R01_REVIEWED_NOT_ABOUT_SOMOIM_APP,daum,search_preview,"정악모임, 소모임 가입 신청했어요..승낙을 부탁드립니다.",https://cafe.daum.net/Yulbang/39D1/678
2296,noise,R01_REVIEWED_NOT_ABOUT_SOMOIM_APP,daum,search_preview,소모임 가입 하세요~,https://cafe.daum.net/yosiworld/5HE/4346
2297,noise,R01_REVIEWED_NOT_ABOUT_SOMOIM_APP,daum,search_preview,소모임 가입 관련 질문 있습니다.,https://cafe.daum.net/saynolove/JCm7/6383
2298,noise,R01_REVIEWED_NOT_ABOUT_SOMOIM_APP,daum,search_preview,소모임 가입 이 안되여~~~~,https://cafe.daum.net/trajetxg/MHA1/1906
2299,noise,R01_REVIEWED_NOT_ABOUT_SOMOIM_APP,daum,search_preview,중앙위원님들께서는 소모임 가입 부탁드립니다.,https://cafe.daum.net/ilovehye/6Hhl/28808
2300,noise,R01_REVIEWED_NOT_ABOUT_SOMOIM_APP,daum,search_preview,소모임 가입 할때,https://cafe.daum.net/619kr/M3Y/51
2301,noise,R01_REVIEWED_NOT_ABOUT_SOMOIM_APP,daum,search_preview,소모임 가입 이 너무 오래걸려요~,https://cafe.daum.net/kitten/BU/200953
2302,noise,R01_REVIEWED_NOT_ABOUT_SOMOIM_APP,daum,search_preview,소모임 가입 할때 주의,https://cafe.daum.net/990701/48gI/11
2303,noise,R01_REVIEWED_NOT_ABOUT_SOMOIM_APP,daum,search_preview,소모임 가입 이 왜 안돼나요?,https://cafe.daum.net/lifebrother/RfDi/4874
2304,noise,R01_REVIEWED_NOT_ABOUT_SOMOIM_APP,daum,search_preview,소모임 가입 ... 고민고민...,https://cafe.daum.net/cheonanslr/8NmP/836
2305,noise,R01_REVIEWED_NOT_ABOUT_SOMOIM_APP,daum,search_preview,★ 소모임 가입 하시려는 분들께★,https://cafe.daum.net/artmusim/3dH/590
2306,noise,R01_REVIEWED_NOT_ABOUT_SOMOIM_APP,daum,search_preview,"3분들, 소모임 가입 바랍니다. 소모임 은 신청 후 가입 하세요.",https://cafe.daum.net/imsujung/9Gez/51090
2307,noise,R01_REVIEWED_NOT_ABOUT_SOMOIM_APP,daum,search_preview,꽃뱀 소모임 가입 하고 싶은데 어떻게 하는건가요?,https://cafe.daum.net/busanmam/9qA/10264
2308,noise,R01_REVIEWED_NOT_ABOUT_SOMOIM_APP,daum,search_preview,[알림] ★ 소모임 가입 이 거절된 경우!!~ 확인하세요~,https://cafe.daum.net/ilovedoumi/1UXv/9890
2309,noise,R01_REVIEWED_NOT_ABOUT_SOMOIM_APP,daum,search_preview,새로 소모임 가입하시는 회원분들께...,https://cafe.daum.net/chunsa3/69GX/550
2310,noise,R01_REVIEWED_NOT_ABOUT_SOMOIM_APP,daum,search_preview,이든아이빌 소모임 가입 관련,https://cafe.daum.net/chunsa7/3R3k/361
2311,noise,R01_REVIEWED_NOT_ABOUT_SOMOIM_APP,daum,search_preview,[필독] 디벨로퍼 2기과정 회원 전원 소모임 가입 완료,https://cafe.daum.net/edeveloper/2uZn/374
2312,noise,R01_REVIEWED_NOT_ABOUT_SOMOIM_APP,daum,search_preview,스노보드 타는 분들 계심까?,https://cafe.daum.net/rocksoccer/ADrt/928411
2313,noise,R01_REVIEWED_NOT_ABOUT_SOMOIM_APP,daum,search_preview,소모임 운영자 신청 및 소모임 가입 에 참여 부탁드립니다.,https://cafe.daum.net/edubuddha/4NS2/45
2314,noise,R01_REVIEWED_NOT_ABOUT_SOMOIM_APP,daum,search_preview,Re: 소모임 가입 은 어떻게??,https://cafe.daum.net/sindongsung/18Hj/525
2315,noise,R01_REVIEWED_NOT_ABOUT_SOMOIM_APP,daum,search_preview,중급 패턴 소모임 가입 안내드립니다.,https://cafe.daum.net/lpdanceclub/GW9n/1590
2316,noise,R01_REVIEWED_NOT_ABOUT_SOMOIM_APP,daum,search_preview,소모임 가입 하실분.,https://cafe.daum.net/CRD/9Xwo/3703
2317,noise,R01_REVIEWED_NOT_ABOUT_SOMOIM_APP,daum,search_preview,소모임 가입 에 관해서.....!,https://cafe.daum.net/sobeaksan/61jp/48
2318,noise,R01_REVIEWED_NOT_ABOUT_SOMOIM_APP,daum,search_preview,한홍커플 소모임 가입 은요...,https://cafe.daum.net/lovehongkong/jAy/4071
2319,noise,R01_REVIEWED_NOT_ABOUT_SOMOIM_APP,daum,search_preview,소모임 가입 안되는 신입분들 보세요.,https://cafe.daum.net/Blackhole/29u/28873
2320,noise,R01_REVIEWED_NOT_ABOUT_SOMOIM_APP,daum,search_preview,소모임 가입 을 어케 하나요?,https://cafe.daum.net/ulsanroom/4a15/31689
2321,noise,R01_REVIEWED_NOT_ABOUT_SOMOIM_APP,daum,search_preview,Re: 소모임 가입 시 주의사항..,https://cafe.daum.net/inlinehome/GpnP/2401
2322,noise,R01_REVIEWED_NOT_ABOUT_SOMOIM_APP,daum,search_preview,제2외국어 소모임 가입 에 관해 & 다른 회원에게 멜 보내기,https://cafe.daum.net/livingbytrans/1mff/6351
2323,noise,R01_REVIEWED_NOT_ABOUT_SOMOIM_APP,daum,search_preview,Re:Re:스윙 소모임 가입하신분들 보세여~,https://cafe.daum.net/allthatdance/DG6/7314
2324,noise,R01_REVIEWED_NOT_ABOUT_SOMOIM_APP,daum,search_preview,지역 소모임 가입,https://cafe.daum.net/scooter1009/EVFI/10062
2325,noise,R01_REVIEWED_NOT_ABOUT_SOMOIM_APP,daum,search_preview,소모임 가입 해요 캠프 가시는분들!!!!!!ㅋㅋㅋ~ㅎ ㅡㅡ;-.-;ㅋ,https://cafe.daum.net/ShiningEyes/237a/60536
2326,noise,R01_REVIEWED_NOT_ABOUT_SOMOIM_APP,daum,search_preview,소모임 가입 방식을 변경했습니다.,https://cafe.daum.net/forjournalists/DY4T/1093
2327,noise,R01_REVIEWED_NOT_ABOUT_SOMOIM_APP,daum,search_preview,소모임 가입 방법 좀 알려주세요.,https://cafe.daum.net/ilovedoumi/F5Tb/8310
2328,noise,R01_REVIEWED_NOT_ABOUT_SOMOIM_APP,daum,search_preview,소모임 가입 에 관하여...,https://cafe.daum.net/2848love/AyNq/9203
2329,noise,R01_REVIEWED_NOT_ABOUT_SOMOIM_APP,daum,search_preview,소모임 가입 . 힘드네요.,https://cafe.daum.net/dojin20/76kg/617
2330,noise,R01_REVIEWED_NOT_ABOUT_SOMOIM_APP,daum,search_preview,실입주민 소모임 가입 시...,https://cafe.daum.net/lotteinvens/5rF4/286
2331,noise,R01_REVIEWED_NOT_ABOUT_SOMOIM_APP,daum,search_preview,소모임 가입 을 할려고 했는데???,https://cafe.daum.net/childpark/3ByB/767
2332,noise,R01_REVIEWED_NOT_ABOUT_SOMOIM_APP,daum,search_preview,출판번역 소모임 가입 을 원하시는 분께...,https://cafe.daum.net/livingbytrans/1mlW/201
2333,noise,R01_REVIEWED_NOT_ABOUT_SOMOIM_APP,daum,search_preview,대구 소모임 가입 신고 합니다.,https://cafe.daum.net/sajukongbu/NVut/27
2334,noise,R01_REVIEWED_NOT_ABOUT_SOMOIM_APP,daum,search_preview,등산 소모임 가입 시켜주세요/,https://cafe.daum.net/lovebmw/3Dhs/21133
2335,noise,R01_REVIEWED_NOT_ABOUT_SOMOIM_APP,daum,search_preview,소모임 이중 가입 에 대한 의견.,https://cafe.daum.net/chunsa3/6AoF/542
2336,noise,R01_REVIEWED_NOT_ABOUT_SOMOIM_APP,daum,search_preview,*** 소모임 가입 한 부사관곰신들 봐주세요,https://cafe.daum.net/lovesun35/MiM/210
2337,noise,R01_REVIEWED_NOT_ABOUT_SOMOIM_APP,daum,search_preview,이론이론.. 소모임 가입안되서 탈퇴 하고다시가입했는데...ㅠ.ㅠ,https://cafe.daum.net/cafeyebi/CM4/9849
2338,noise,R01_REVIEWED_NOT_ABOUT_SOMOIM_APP,daum,search_preview,소모임 가입 이 안되시는분? 기술상의 오류가 있어서 그럽니다.,https://cafe.daum.net/urijel/1A5c/692
2339,noise,R01_REVIEWED_NOT_ABOUT_SOMOIM_APP,daum,search_preview,소모임 가입 확정은 언제쯤....,https://cafe.daum.net/chonanmam/GUuM/340
2340,noise,R01_REVIEWED_NOT_ABOUT_SOMOIM_APP,daum,search_preview,봉사부 소모임 방 가입 안내,https://cafe.daum.net/imuseum/Pue/32
2341,noise,R01_REVIEWED_NOT_ABOUT_SOMOIM_APP,daum,search_preview,Re: 소모임 가입 안되여..--!,https://cafe.daum.net/lovehongkong/jAy/600
2342,noise,R01_REVIEWED_NOT_ABOUT_SOMOIM_APP,daum,search_preview,소모임 가입 은 어떻게 하나요?,https://cafe.daum.net/redstock100/2nuW/2880
2343,noise,R01_REVIEWED_NOT_ABOUT_SOMOIM_APP,daum,search_preview,[강남역] 스터디모임해요 :) _ 소모임 가입 하신분들 보세요.,https://cafe.daum.net/sports31/GeWo/1311
2344,noise,R01_REVIEWED_NOT_ABOUT_SOMOIM_APP,daum,search_preview,소모임 가입했는데..,https://cafe.daum.net/hodu0728/EBPi/52749
2345,noise,R01_REVIEWED_NOT_ABOUT_SOMOIM_APP,daum,search_preview,소모임 가입,https://cafe.daum.net/socw97/Mdym/574
2346,noise,R01_REVIEWED_NOT_ABOUT_SOMOIM_APP,daum,search_preview,아카데미 신청자분들은 소모임 가입해주세요,https://cafe.daum.net/TeRi22/xlc/2902
2347,noise,R01_REVIEWED_NOT_ABOUT_SOMOIM_APP,daum,search_preview,Re:스윙 소모임 가입하신분들 보세여~,https://cafe.daum.net/allthatdance/DG6/7305
2348,noise,R01_REVIEWED_NOT_ABOUT_SOMOIM_APP,daum,search_preview,소모임 가입 신청 중인 회원분들 보세요 ^^,https://cafe.daum.net/gssbc/3OFw/13741
2349,noise,R01_REVIEWED_NOT_ABOUT_SOMOIM_APP,daum,search_preview,소모임 가입 승인,https://cafe.daum.net/ideamasters/JsFA/92
2350,noise,R01_REVIEWED_NOT_ABOUT_SOMOIM_APP,daum,search_preview,5월31일 청소년3급교육비할인종료/신청자 소모임 가입 및 교재배송 안내,https://cafe.daum.net/socw97/NSPZ/305
2351,noise,R01_REVIEWED_NOT_ABOUT_SOMOIM_APP,daum,search_preview,소모임 가입 하실 분들에게,https://cafe.daum.net/asthma/1Wgq/868
2352,noise,R01_REVIEWED_NOT_ABOUT_SOMOIM_APP,daum,search_preview,소모임 가입 안하신분들 어서 가입 하시지예..,https://cafe.daum.net/auction4you/KLAE/110
2353,noise,R01_REVIEWED_NOT_ABOUT_SOMOIM_APP,daum,search_preview,소모임 가입 하시려는 분들께,https://cafe.daum.net/livingbytrans/1mff/1297
2354,noise,R01_REVIEWED_NOT_ABOUT_SOMOIM_APP,daum,search_preview,X-ticket 클로즈베타(^^;) 테스터 소모임 가입 안내,https://cafe.daum.net/kicha/ANj/28824
2355,noise,R01_REVIEWED_NOT_ABOUT_SOMOIM_APP,daum,search_preview,동문산악회(산악회 소모임 방) 가입시 도움이 될까해서 올립니다..^^,https://cafe.daum.net/donggo2006/IvGw/488
2356,noise,R01_REVIEWED_NOT_ABOUT_SOMOIM_APP,daum,search_preview,"소모임 가입 , 궁금합니다~",https://cafe.daum.net/fpuser/DhiR/639
2357,noise,R01_REVIEWED_NOT_ABOUT_SOMOIM_APP,daum,search_preview,- 소모임 가입 방법 소개 -,https://cafe.daum.net/snowdreamkj/1QvD/1002
2358,noise,R01_REVIEWED_NOT_ABOUT_SOMOIM_APP,daum,search_preview,소모임 가입 에 대해 문의 드립니다.,https://cafe.daum.net/maksim/DV55/3173
2359,noise,R01_REVIEWED_NOT_ABOUT_SOMOIM_APP,daum,search_preview,소모임 ... 가입 안내...,https://cafe.daum.net/edmusik/2Zzy/768
2360,noise,R01_REVIEWED_NOT_ABOUT_SOMOIM_APP,daum,search_preview,소모임 가입 당부 안내,https://cafe.daum.net/kinzi/LpQk/34
2361,noise,R01_REVIEWED_NOT_ABOUT_SOMOIM_APP,daum,search_preview,소모임 가입 아직 안되신 분들 필독!!(수정),https://cafe.daum.net/kamjacafe/9dcB/2381
2362,noise,R01_REVIEWED_NOT_ABOUT_SOMOIM_APP,daum,search_preview,스타킹 소모임 가입 할분 >0<,https://cafe.daum.net/seominwoo/5V01/252
2363,noise,R01_REVIEWED_NOT_ABOUT_SOMOIM_APP,daum,search_preview,소모임 가입 관련,https://cafe.daum.net/the-special/CodG/9
2364,noise,R01_REVIEWED_NOT_ABOUT_SOMOIM_APP,daum,search_preview,현재 많은 분들이 소모임 가입 신청시 실명 이외의 아이디를 사용하고 계십니다. 실명으로 신청하셔야 가입 이 가능합니다.^^*,https://cafe.daum.net/tandg/34Ve/1963
2365,noise,R01_REVIEWED_NOT_ABOUT_SOMOIM_APP,daum,search_preview,소모임 !! 가입 좀 해 주세여..ㅠㅠ,https://cafe.daum.net/gagabue/5on/4708
2366,noise,R01_REVIEWED_NOT_ABOUT_SOMOIM_APP,daum,search_preview,Re:Re:우선 소모임 가입 부터 해랏~,https://cafe.daum.net/ratm/1u0/15368
2367,noise,R01_REVIEWED_NOT_ABOUT_SOMOIM_APP,daum,search_preview,슬라럼 소모임 가입 언제쯤 되나요?,https://cafe.daum.net/baramsori/2VP/23267
2368,noise,R01_REVIEWED_NOT_ABOUT_SOMOIM_APP,daum,search_preview,소모임 가입,https://cafe.daum.net/GmMalaysia/GI0K/8564
2369,noise,R01_REVIEWED_NOT_ABOUT_SOMOIM_APP,daum,search_preview,소모임 가입 했는데 승인해주세요,https://cafe.daum.net/trajetxg/7qHM/154
2370,noise,R01_REVIEWED_NOT_ABOUT_SOMOIM_APP,daum,search_preview,소모임 가입 합시당..ㅋㅋㅋㅋ,https://cafe.daum.net/trp1kim/2WZm/967
2371,noise,R01_REVIEWED_NOT_ABOUT_SOMOIM_APP,daum,search_preview,글구 소모임 -_ ;;＞ 소모임 가입 완료!!!다들껌온!!!!!,https://cafe.daum.net/harryjjang1107/LwL/3477
2372,noise,R01_REVIEWED_NOT_ABOUT_SOMOIM_APP,daum,search_preview,＜ 소모임 ＞방 가입 후 활동을 부탁드립니다.,https://cafe.daum.net/ruchang63/IdHj/104
2373,noise,R01_REVIEWED_NOT_ABOUT_SOMOIM_APP,daum,search_preview,소모임 가입 ???,https://cafe.daum.net/busanmam/6xKZ/94916
2374,noise,R01_REVIEWED_NOT_ABOUT_SOMOIM_APP,daum,search_preview,소모임 가입 하려면...,https://cafe.daum.net/busantongli/4ieb/3239
2375,noise,R01_REVIEWED_NOT_ABOUT_SOMOIM_APP,daum,search_preview,Re:Re:Re: 소모임 가입 이 안돼여..ㅡㅡ;;,https://cafe.daum.net/psychoanalysis/8jq/5778
2376,noise,R01_REVIEWED_NOT_ABOUT_SOMOIM_APP,daum,search_preview,소모임 가입 이 됐어요~~~~~^^,https://cafe.daum.net/amaviolin/Aqv/276
2377,noise,R01_REVIEWED_NOT_ABOUT_SOMOIM_APP,daum,search_preview,소모임 가입 에 대해 알려드립니다...^^,https://cafe.daum.net/xibaebang/EruX/30
2378,noise,R01_REVIEWED_NOT_ABOUT_SOMOIM_APP,daum,search_preview,소모임 가입 에 관한...,https://cafe.daum.net/foreverinsung/2QLK/38502
2379,noise,R01_REVIEWED_NOT_ABOUT_SOMOIM_APP,daum,search_preview,소모임 가입 에 대해.,https://cafe.daum.net/10in10/9BdL/28012
2380,noise,R01_REVIEWED_NOT_ABOUT_SOMOIM_APP,daum,search_preview,소모임 가입 에 관한건 ??,https://cafe.daum.net/easygolf/Jih/10546
2381,noise,R02_DUPLICATE_OF_394,daum,search_preview,친구 사귀는데 소모임 어플 좋다해서 가입했다가 대략 15번 정도 당황한 썰,https://cafe.daum.net/subdued20club/ReHf/3914729
2382,noise,R01_REVIEWED_NOT_ABOUT_SOMOIM_APP,daum,search_preview,서포터즈 가입 이랑 소모임 가입 은 다른건가요?? +,https://cafe.daum.net/WorldcupLove/R6/290643
2383,noise,R01_REVIEWED_NOT_ABOUT_SOMOIM_APP,daum,search_preview,한동안 소모임 가입 신청이 없으시네요.,https://cafe.daum.net/daiseny/Mnh6/88
2384,noise,R01_REVIEWED_NOT_ABOUT_SOMOIM_APP,daum,search_preview,소모임 명칭 및 로고,https://cafe.daum.net/3040yourspace/N3nF/10
2385,noise,R01_REVIEWED_NOT_ABOUT_SOMOIM_APP,daum,search_preview,매물점포정보공유 소모임 가입 양식 (복사해서 쓰세요),https://cafe.daum.net/elerose/37jL/391
2386,noise,R01_REVIEWED_NOT_ABOUT_SOMOIM_APP,daum,search_preview,소모임 가입 은 자동 가입 입니다.^^*,https://cafe.daum.net/daegumam/9P8t/10126
2387,noise,R01_REVIEWED_NOT_ABOUT_SOMOIM_APP,daum,search_preview,소모임 ... 가입,https://cafe.daum.net/chonanmam/GUuM/157
2388,noise,R01_REVIEWED_NOT_ABOUT_SOMOIM_APP,daum,search_preview,[ 소모임 가입 거절에 대하여....],https://cafe.daum.net/helpcure/id5/3386
2389,noise,R01_REVIEWED_NOT_ABOUT_SOMOIM_APP,daum,search_preview,소모임 가입 안내,https://cafe.daum.net/migguri/40U7/36
2390,noise,R01_REVIEWED_NOT_ABOUT_SOMOIM_APP,daum,search_preview,소모임 가입 에 대한 질문,https://cafe.daum.net/livingbytrans/1mff/20290
2391,noise,R01_REVIEWED_NOT_ABOUT_SOMOIM_APP,daum,search_preview,별미부분들 소모임 가입 후 의견必,https://cafe.daum.net/harryjjang1107/LwL/2223
2392,noise,R01_REVIEWED_NOT_ABOUT_SOMOIM_APP,daum,search_preview,1인 1 소모임 가입 캠페인....,https://cafe.daum.net/Humanbones/4Hxp/3499
2393,noise,R01_REVIEWED_NOT_ABOUT_SOMOIM_APP,daum,search_preview,꿈꾸는 리딩 소모임 가입 원하시는 분,https://cafe.daum.net/wfwijs/5JvX/459
2394,noise,R01_REVIEWED_NOT_ABOUT_SOMOIM_APP,daum,search_preview,Re:통기타 소모임 가입 신청 받습니다.,https://cafe.daum.net/busantongli/4afe/19391
2395,noise,R01_REVIEWED_NOT_ABOUT_SOMOIM_APP,daum,search_preview,소모임 가입 신청 받습니다!,https://cafe.daum.net/catholicpic/GD9/2634
2396,noise,R01_REVIEWED_NOT_ABOUT_SOMOIM_APP,daum,search_preview,Re: 소모임 가입 안되네여^^,https://cafe.daum.net/joypeopletv/1nEq/543
2397,noise,R01_REVIEWED_NOT_ABOUT_SOMOIM_APP,daum,search_preview,초보자 교육 소모임 가입 하고 싶어요~,https://cafe.daum.net/SLRclub/OTID/7665
2398,noise,R01_REVIEWED_NOT_ABOUT_SOMOIM_APP,daum,search_preview,소모임 가입 좀 시켜주세요.,https://cafe.daum.net/ilketennis/MjLI/4800
2399,noise,R01_REVIEWED_NOT_ABOUT_SOMOIM_APP,daum,search_preview,인라인파크 소모임 (동호회 가입 하러 가기),https://cafe.daum.net/inline4989/2fPw/127
2400,noise,R01_REVIEWED_NOT_ABOUT_SOMOIM_APP,daum,search_preview,아래 두분과 소모임 가입 안되시는 분들에게.,https://cafe.daum.net/amaviolin/Aqv/265
2401,noise,R01_REVIEWED_NOT_ABOUT_SOMOIM_APP,daum,search_preview,소모임 가입 승인이 안되는데요~,https://cafe.daum.net/busanmam/6xKZ/62938
2402,noise,R01_REVIEWED_NOT_ABOUT_SOMOIM_APP,daum,search_preview,기존 분양대행사 소모임 가입 하신 분 필독!!,https://cafe.daum.net/edeveloper/M3Pg/2612
2403,noise,R01_REVIEWED_NOT_ABOUT_SOMOIM_APP,daum,search_preview,소자본이나..주말 창업 소모임 가입 조건에 대해서 궁금..,https://cafe.daum.net/ihave2jobs/Go6n/562
2404,noise,R01_REVIEWED_NOT_ABOUT_SOMOIM_APP,daum,search_preview,2009학년도 신입생 부모님께 소모임 가입 관련해서...,https://cafe.daum.net/songhakonemind/J8Er/148
2405,noise,R01_REVIEWED_NOT_ABOUT_SOMOIM_APP,daum,search_preview,소모임 에 가입 바랍니다... -수정안-,https://cafe.daum.net/heavyvehicle/CiWE/545
2406,noise,R01_REVIEWED_NOT_ABOUT_SOMOIM_APP,daum,search_preview,현재 많은 분들이 소모임 가입 신청시 실명 이외의 아이디를 사용하고 계십니다. 실명으로 신청하셔야 가입 이 가능합니다.^^*,https://cafe.daum.net/tandg/34Ve/2008
2407,noise,R01_REVIEWED_NOT_ABOUT_SOMOIM_APP,daum,search_preview,부산거미동 자료집 소모임 가입 해주세요 & 후기 쓰기 숙제^^,https://cafe.daum.net/streetart/Ph5/4955
2408,noise,R01_REVIEWED_NOT_ABOUT_SOMOIM_APP,daum,search_preview,소모임 이중 가입 에 대해서요 ~,https://cafe.daum.net/chunsa3/6AoF/47
2409,noise,R01_REVIEWED_NOT_ABOUT_SOMOIM_APP,daum,search_preview,소모임 가입 허가 신청 - 토론토 토플 스터디 1팀 신미연,https://cafe.daum.net/sit02/1n9H/535
2410,noise,R01_REVIEWED_NOT_ABOUT_SOMOIM_APP,daum,search_preview,게임천국 소모임 가입 해주세요.,https://cafe.daum.net/FoReVerDB/4nho/10762
2411,noise,R01_REVIEWED_NOT_ABOUT_SOMOIM_APP,daum,search_preview,[서부지역 소모임 ] 가입 방법 다시 한번.......,https://cafe.daum.net/sm3cafe/2b3x/5995
2412,noise,R01_REVIEWED_NOT_ABOUT_SOMOIM_APP,daum,search_preview,"항상혼자 경기보는편인데, 소모임 가입 괜찬을까요?",https://cafe.daum.net/ASMONACOFC/g0oc/202329
2413,noise,R01_REVIEWED_NOT_ABOUT_SOMOIM_APP,daum,search_preview,[중년살사] 소모임 가입 절차..[필독],https://cafe.daum.net/latin3040/TNPr/378
2414,noise,R01_REVIEWED_NOT_ABOUT_SOMOIM_APP,daum,search_preview,소모임 가입 은..,https://cafe.daum.net/hmart/8K4G/313
2415,noise,R02_DUPLICATE_OF_394,daum,search_preview,친구 사귀는데 소모임 어플 좋다해서 가입했다가 대략 15번 정도 당황한 썰,https://cafe.daum.net/subdued20club/ReHf/3702276
2416,noise,R01_REVIEWED_NOT_ABOUT_SOMOIM_APP,daum,search_preview,소모임 가입 신청 방법,https://cafe.daum.net/lions17/Ci/34839
2417,noise,R01_REVIEWED_NOT_ABOUT_SOMOIM_APP,daum,search_preview,소모임 가입 때문에 글남깁니다.,https://cafe.daum.net/artmarket/36G/5863
2418,noise,R01_REVIEWED_NOT_ABOUT_SOMOIM_APP,daum,search_preview,Re:볼링 소모임 가입 가능여부 및 참여방법 무척 궁금함,https://cafe.daum.net/cjskilove/GWxx/394
2419,noise,R01_REVIEWED_NOT_ABOUT_SOMOIM_APP,daum,search_preview,식도락 소모임 가입 신청하셔요!!!,https://cafe.daum.net/2632age/32M/69814
2420,noise,R01_REVIEWED_NOT_ABOUT_SOMOIM_APP,daum,search_preview,소모임 가입 에 대해,https://cafe.daum.net/jangshhouse/PAu/2335
2421,noise,R01_REVIEWED_NOT_ABOUT_SOMOIM_APP,daum,search_preview,[울.사.모] 3월 11일 목요일 // 아인2 소모임 가입 해주세요,https://cafe.daum.net/morninghuman/OSgU/559
2422,noise,R01_REVIEWED_NOT_ABOUT_SOMOIM_APP,daum,search_preview,사이버 민원 소모임 가입 하기[100명 될때까지],https://cafe.daum.net/8subway/23qm/314
2423,noise,R01_REVIEWED_NOT_ABOUT_SOMOIM_APP,daum,search_preview,소모임 가입 방법에 대해서 ?,https://cafe.daum.net/easygolf/Jih/32724
2424,noise,R01_REVIEWED_NOT_ABOUT_SOMOIM_APP,daum,search_preview,혹시 인천 소모임 가입 ???,https://cafe.daum.net/rocksoccer/ADs2/382414
2425,noise,R01_REVIEWED_NOT_ABOUT_SOMOIM_APP,daum,search_preview,소모임 가입 원합니다.,https://cafe.daum.net/yogicflying/Gd4C/525
2426,noise,R01_REVIEWED_NOT_ABOUT_SOMOIM_APP,daum,search_preview,Re: 소모임 가입 절차 완료^^사용하실수 있습니다..,https://cafe.daum.net/angelwk/IxmU/379
2427,noise,R01_REVIEWED_NOT_ABOUT_SOMOIM_APP,daum,search_preview,소모임 가입 어떻게해야되나요?,https://cafe.daum.net/youngintt/BkEO/30
2428,noise,R01_REVIEWED_NOT_ABOUT_SOMOIM_APP,daum,search_preview,10학번 소모임 가입 에 대하여....,https://cafe.daum.net/songhakonemind/J8Er/217
2429,noise,R01_REVIEWED_NOT_ABOUT_SOMOIM_APP,daum,search_preview,Re:Re: 소모임 가입 하세요! ㅋㅋㅋ,https://cafe.daum.net/missyjok/2Mh/48878
2430,noise,R01_REVIEWED_NOT_ABOUT_SOMOIM_APP,daum,search_preview,Re: 소모임 가입 에 대해서..,https://cafe.daum.net/translation/Qqd/7120
2431,noise,R01_REVIEWED_NOT_ABOUT_SOMOIM_APP,daum,search_preview,소모임 가입이 아직...,https://cafe.daum.net/dachshund/Aw4/8219
2432,noise,R01_REVIEWED_NOT_ABOUT_SOMOIM_APP,daum,search_preview,각 소모임 회원 가입 및 소모임 게시판 사용에 대하여 ^^,https://cafe.daum.net/jejudoiovedones/2JHt/34
2433,noise,R01_REVIEWED_NOT_ABOUT_SOMOIM_APP,daum,search_preview,한홍커플 소모임 가입 에 대하여.. ^^,https://cafe.daum.net/lovehongkong/jAy/4248
2434,noise,R01_REVIEWED_NOT_ABOUT_SOMOIM_APP,daum,search_preview,"우리 우정카페 가입해죠우ㅠ_ㅠ:; 그리고 회원은 소모임 가입 하고! 하야언니, 밤길씨는 가입 빨리해줘~",https://cafe.daum.net/youllsosul/CErA/26354
2435,noise,R01_REVIEWED_NOT_ABOUT_SOMOIM_APP,daum,search_preview,소모임 가입 하세요!!!,https://cafe.daum.net/emptaiji/D3Zb/22
2436,noise,R01_REVIEWED_NOT_ABOUT_SOMOIM_APP,daum,search_preview,소모임 가입 독려의건,https://cafe.daum.net/kco57/HRZp/423
2437,noise,R01_REVIEWED_NOT_ABOUT_SOMOIM_APP,daum,search_preview,소모임 가입 부탁드립니다....,https://cafe.daum.net/latin3040/TNPr/337
2438,noise,R01_REVIEWED_NOT_ABOUT_SOMOIM_APP,daum,search_preview,BMW-Business 소모임 가입 준비중,https://cafe.daum.net/Z8/2DKk/3375
2439,noise,R01_REVIEWED_NOT_ABOUT_SOMOIM_APP,daum,search_preview,소모임 .. 가입 이 왜 안될까요오?,https://cafe.daum.net/shakito/Epq3/1999
2440,noise,R01_REVIEWED_NOT_ABOUT_SOMOIM_APP,daum,search_preview,소모임 가입 에 관하여...,https://cafe.daum.net/oakleystyle/M0AH/353
2441,noise,R01_REVIEWED_NOT_ABOUT_SOMOIM_APP,daum,search_preview,소모임 가입,https://cafe.daum.net/hpsmdll/6Ync/206
2442,noise,R01_REVIEWED_NOT_ABOUT_SOMOIM_APP,daum,search_preview,대중음악개론 강의 관련 소모임 가입 에 관하여,https://cafe.daum.net/dongjoomusic/GtnQ/4
2443,noise,R01_REVIEWED_NOT_ABOUT_SOMOIM_APP,daum,search_preview,소모임 가입 에 관해서..,https://cafe.daum.net/trajetxg/MHA1/11979
2444,noise,R01_REVIEWED_NOT_ABOUT_SOMOIM_APP,daum,search_preview,경기.인천 소모임 가입 문의,https://cafe.daum.net/trajetxg/MHA1/3874
2445,noise,R01_REVIEWED_NOT_ABOUT_SOMOIM_APP,daum,search_preview,저 소모임 가입 신청 해쓰요~~,https://cafe.daum.net/specialfinger/FsKQ/1668
2446,noise,R01_REVIEWED_NOT_ABOUT_SOMOIM_APP,daum,search_preview,한라산악히 전 회원은 필히 인드라망 소모임 가입 을../용문산님,https://cafe.daum.net/indelamang/13ah/7
2447,noise,R01_REVIEWED_NOT_ABOUT_SOMOIM_APP,daum,search_preview,소모임 가입 한지 어언..;;,https://cafe.daum.net/dojin20/1Jjq/14150
2448,noise,R01_REVIEWED_NOT_ABOUT_SOMOIM_APP,daum,search_preview,"소모임 가입 하고 싶은데요,,",https://cafe.daum.net/moviehunters/2jt/8817
2449,noise,R01_REVIEWED_NOT_ABOUT_SOMOIM_APP,daum,search_preview,소모임 가입 에 대하여,https://cafe.daum.net/forget7me9not/6R5i/1110
2450,noise,R01_REVIEWED_NOT_ABOUT_SOMOIM_APP,daum,search_preview,﻿ ﻿ 소모임 에 가입 하지 않은 회원들에게,https://cafe.daum.net/hee6100/Pacb/186
2451,noise,R01_REVIEWED_NOT_ABOUT_SOMOIM_APP,daum,search_preview,사이버 소모임 가입 실명제!!!(수정),https://cafe.daum.net/kamjacafe/9dcB/962
2452,noise,R01_REVIEWED_NOT_ABOUT_SOMOIM_APP,daum,search_preview,"레이싱팀 "" 소모임 가입 ""에 관련.",https://cafe.daum.net/snowski/NV/44921
2453,noise,R01_REVIEWED_NOT_ABOUT_SOMOIM_APP,daum,search_preview,소모임 가입 안되는 사람 =>,https://cafe.daum.net/diablomulti/4eB/536832
2454,noise,R01_REVIEWED_NOT_ABOUT_SOMOIM_APP,daum,search_preview,""" 소모임 가입 이 안되시나요?""",https://cafe.daum.net/zoozak/3As0/358
2455,noise,R01_REVIEWED_NOT_ABOUT_SOMOIM_APP,daum,search_preview,소모임 가입 은 다 끝난건가요??,https://cafe.daum.net/dreamad/ISh/7239
2456,noise,R01_REVIEWED_NOT_ABOUT_SOMOIM_APP,daum,search_preview,소모임 가입 어떻게 하나요?,https://cafe.daum.net/busanmam/6xKZ/54676
2457,noise,R01_REVIEWED_NOT_ABOUT_SOMOIM_APP,daum,search_preview,"소모임 가입 에대한 ""하늘이야기"" 소모임장의 한마디..",https://cafe.daum.net/cosmos/r2/51539
2458,noise,R01_REVIEWED_NOT_ABOUT_SOMOIM_APP,daum,search_preview,소모임 가입 할려면 어떻게 하나요..?,https://cafe.daum.net/lifebrother/1xK7/4822
2459,noise,R01_REVIEWED_NOT_ABOUT_SOMOIM_APP,daum,search_preview,소모임 가입 에 관해서..,https://cafe.daum.net/winnersdance/DIdX/363
2460,noise,R01_REVIEWED_NOT_ABOUT_SOMOIM_APP,daum,search_preview,소모임 가입 어케하나요? ㅜ.ㅜ,https://cafe.daum.net/busanmam/6xKZ/182156
2461,noise,R01_REVIEWED_NOT_ABOUT_SOMOIM_APP,daum,search_preview,소모임 가입 이 안돼요..,https://cafe.daum.net/ulsanroom/4a15/16072
2462,noise,R01_REVIEWED_NOT_ABOUT_SOMOIM_APP,daum,search_preview,소모임 가입 에 대한 안내말씀(강조사항),https://cafe.daum.net/adam119/GsnH/3
2463,noise,R01_REVIEWED_NOT_ABOUT_SOMOIM_APP,daum,search_preview,[행복한 다솜] 소모임 가입 신청해 주세요,https://cafe.daum.net/specialfinger/BiT5/9722
2464,noise,R01_REVIEWED_NOT_ABOUT_SOMOIM_APP,daum,search_preview,2025년 2학기 소모임 활동 내용 보고_(별책부록),https://cafe.daum.net/cbnuhistory/WZ5T/2
2465,noise,R01_REVIEWED_NOT_ABOUT_SOMOIM_APP,daum,search_preview,소모임 가입 승인은 어디서 받나요??,https://cafe.daum.net/barmna/HBJW/20
2466,noise,R01_REVIEWED_NOT_ABOUT_SOMOIM_APP,daum,search_preview,소모임 가입 신청,https://cafe.daum.net/latin3040/TNPr/216
2467,noise,R01_REVIEWED_NOT_ABOUT_SOMOIM_APP,daum,search_preview,소모임 가입 해주시기 바랍니다.,https://cafe.daum.net/imd0807/NdWs/143
2468,noise,R01_REVIEWED_NOT_ABOUT_SOMOIM_APP,daum,search_preview,20대 이상 소모임 가입 건이요,https://cafe.daum.net/cbetataewoo/Gsqv/1854
2469,noise,R01_REVIEWED_NOT_ABOUT_SOMOIM_APP,daum,search_preview,소모임 가입 신청,https://cafe.daum.net/latin3040/TNPr/251
2470,noise,R01_REVIEWED_NOT_ABOUT_SOMOIM_APP,daum,search_preview,소모임 가입 질문여..,https://cafe.daum.net/busantongli/4ieb/2200
2471,noise,R01_REVIEWED_NOT_ABOUT_SOMOIM_APP,daum,search_preview,소모임 가입 안내,https://cafe.daum.net/atcc/2dX7/3
2472,noise,R01_REVIEWED_NOT_ABOUT_SOMOIM_APP,daum,search_preview,Re:[ 소모임 가입 ]올만이죠? 포인트랍니다..^^,https://cafe.daum.net/hkppt/tvU/975
2473,noise,R01_REVIEWED_NOT_ABOUT_SOMOIM_APP,daum,search_preview,2003년 9월 학기 소모임 가입 안내( 가입 조건),https://cafe.daum.net/freenanjing/8Iwg/1185
2474,noise,R01_REVIEWED_NOT_ABOUT_SOMOIM_APP,daum,search_preview,★별이운영자님 어서 소모임 가입 결정해주세요.!!!!!!!,https://cafe.daum.net/humornara/2p2X/3013
2475,noise,R01_REVIEWED_NOT_ABOUT_SOMOIM_APP,daum,search_preview,서울/강원 소모임 가입 이 안되요ㅜㅜ,https://cafe.daum.net/trajetxg/MHA1/3183
2476,noise,R01_REVIEWED_NOT_ABOUT_SOMOIM_APP,daum,search_preview,"Re:Re:Re:Happyday님은 정회원, 소모임 가입 승인완료...된지...몇주되엇는데..",https://cafe.daum.net/cninfo/4cQf/26
2477,noise,R01_REVIEWED_NOT_ABOUT_SOMOIM_APP,daum,search_preview,소모임 가입 에 대해서...,https://cafe.daum.net/UK/2IE/4126
2478,noise,R01_REVIEWED_NOT_ABOUT_SOMOIM_APP,daum,search_preview,왜 소모임 가입 이 안되요?,https://cafe.daum.net/baekmyo/EMhS/6814
2479,noise,R01_REVIEWED_NOT_ABOUT_SOMOIM_APP,daum,search_preview,소모임 가입 신청을 하려고 하는데요..,https://cafe.daum.net/gamgiyak/1n2b/1748
2480,noise,R01_REVIEWED_NOT_ABOUT_SOMOIM_APP,daum,search_preview,[고]릴라~ 소모임 ? 소모임 가입 해보고 싶다[아]~,https://cafe.daum.net/AnilluSioN/VME/6068
2481,noise,R01_REVIEWED_NOT_ABOUT_SOMOIM_APP,daum,search_preview,제2외국어 소모임 가입 에 관해,https://cafe.daum.net/livingbytrans/1mvL/52
2482,noise,R01_REVIEWED_NOT_ABOUT_SOMOIM_APP,daum,search_preview,Re:Re:미혼 소모임 가입 했음....,https://cafe.daum.net/diabe/Hya/15485
2483,noise,R01_REVIEWED_NOT_ABOUT_SOMOIM_APP,daum,search_preview,☆☆☆~ 소모임 가입 해주세요~☆☆☆,https://cafe.daum.net/nemesis/2XV/21638
2484,noise,R01_REVIEWED_NOT_ABOUT_SOMOIM_APP,daum,search_preview,소모임 가입 조건과 소모임 이란,https://cafe.daum.net/seim007/9lo6/358
2485,noise,R01_REVIEWED_NOT_ABOUT_SOMOIM_APP,daum,search_preview,2학년<음악비즈니스>수업과 소모임 가입 에 관해,https://cafe.daum.net/dongjoomusic/GtnQ/3
2486,noise,R01_REVIEWED_NOT_ABOUT_SOMOIM_APP,daum,search_preview,[알림] 소모임 가입 승인에 대해..,https://cafe.daum.net/ilovedoumi/1UXv/11228
2487,noise,R01_REVIEWED_NOT_ABOUT_SOMOIM_APP,daum,search_preview,소모임 가입 에 관하여.,https://cafe.daum.net/artmusim/3dI/390
2488,noise,R01_REVIEWED_NOT_ABOUT_SOMOIM_APP,daum,search_preview,Re: 소모임 가입 하고싶어요~,https://cafe.daum.net/swimwonju/Vop/74
2489,noise,R01_REVIEWED_NOT_ABOUT_SOMOIM_APP,daum,search_preview,소모임 가입 에 대해서...,https://cafe.daum.net/yorki/fO/49929
2490,noise,R01_REVIEWED_NOT_ABOUT_SOMOIM_APP,daum,search_preview,제2외국어 소모임 가입 신청하신 분들께~,https://cafe.daum.net/livingbytrans/1mff/5419
2491,noise,R01_REVIEWED_NOT_ABOUT_SOMOIM_APP,daum,search_preview,소모임 가입 이 안되네여...?,https://cafe.daum.net/seoulbears/Gtx/15132
2492,noise,R01_REVIEWED_NOT_ABOUT_SOMOIM_APP,daum,search_preview,소모임 가입 에 대하여...^*^,https://cafe.daum.net/usjunks/Dn8f/45
2493,noise,R01_REVIEWED_NOT_ABOUT_SOMOIM_APP,daum,search_preview,어쩌다 소모임 가입했는데...ㅡㅡ;;,https://cafe.daum.net/diskplus/BX4x/4778
2494,noise,R01_REVIEWED_NOT_ABOUT_SOMOIM_APP,daum,search_preview,소모임 가입 어떻게 해야 되나요?,https://cafe.daum.net/mercedesbenz/2Kex/7367
2495,noise,R01_REVIEWED_NOT_ABOUT_SOMOIM_APP,daum,search_preview,♣ 소모임 가입 신청 방법,https://cafe.daum.net/EnglishForU/B6Jp/793
2496,noise,R01_REVIEWED_NOT_ABOUT_SOMOIM_APP,daum,search_preview,베사모 홀릭스(베사모 야구 소모임 ) 가입 방법 ^^,https://cafe.daum.net/seoulbears/Gtx/88904
2497,noise,R01_REVIEWED_NOT_ABOUT_SOMOIM_APP,daum,search_preview,소모임 가입 신청,https://cafe.daum.net/latin3040/TNPr/365
2498,noise,R01_REVIEWED_NOT_ABOUT_SOMOIM_APP,daum,search_preview,소모임 가입 부탁드립니다..,https://cafe.daum.net/trajetxg/MHA1/11504
2499,noise,R01_REVIEWED_NOT_ABOUT_SOMOIM_APP,daum,search_preview,소모임 가입 했는데요,https://cafe.daum.net/hpsmdll/6Ync/1512
2500,noise,R01_REVIEWED_NOT_ABOUT_SOMOIM_APP,daum,search_preview,소모임 가입 건...,https://cafe.daum.net/daegumam/9P8t/10237
2501,noise,R01_REVIEWED_NOT_ABOUT_SOMOIM_APP,daum,search_preview,소모임 가입 시켜주셔요~☆,https://cafe.daum.net/leosclub/EOp8/1926
2502,noise,R01_REVIEWED_NOT_ABOUT_SOMOIM_APP,daum,search_preview,소모임 가입 이 안되요...?,https://cafe.daum.net/trajetxg/MHA1/3064
2503,noise,R01_REVIEWED_NOT_ABOUT_SOMOIM_APP,daum,search_preview,★★2030을 위한 팬클럽 소모임 개설!★★ + 가입 하실때 유의점,https://cafe.daum.net/FlytotheSky/EaI/58
2504,noise,R01_REVIEWED_NOT_ABOUT_SOMOIM_APP,daum,search_preview,소모임 가입 하신분들에게 알립니다..,https://cafe.daum.net/WPRNRDMLTLSGHK/7GwR/885
2505,noise,R01_REVIEWED_NOT_ABOUT_SOMOIM_APP,daum,search_preview,살사준중급입문반 소모임 가입 신청,https://cafe.daum.net/latin3040/TNPr/234
2506,noise,R01_REVIEWED_NOT_ABOUT_SOMOIM_APP,daum,search_preview,Re:??007-00님 ... 소모임 가입 이 안됨니다...,https://cafe.daum.net/jangshhouse/PAu/6632
2507,noise,R01_REVIEWED_NOT_ABOUT_SOMOIM_APP,daum,search_preview,소모임 가입 신청합니다...,https://cafe.daum.net/2025jubu/FL8/23872
2508,noise,R01_REVIEWED_NOT_ABOUT_SOMOIM_APP,daum,search_preview,소모임 가입 승인문의,https://cafe.daum.net/Knou200441/GV7X/564
2509,noise,R01_REVIEWED_NOT_ABOUT_SOMOIM_APP,daum,search_preview,소모임 게시판의 기존 차차 강습 소모임 가입하신 회원분들께...,https://cafe.daum.net/allthatdance/DG8/241
2510,noise,R01_REVIEWED_NOT_ABOUT_SOMOIM_APP,daum,search_preview,소모임 가입 문의입니다..,https://cafe.daum.net/NDTmania/DyZN/173
2511,noise,R01_REVIEWED_NOT_ABOUT_SOMOIM_APP,daum,search_preview,소모임 가입 절차,https://cafe.daum.net/inlinefamily/o20/42213
2512,noise,R01_REVIEWED_NOT_ABOUT_SOMOIM_APP,daum,search_preview,소모임 가입 은 어떻게...?,https://cafe.daum.net/2002suwon/Iq8h/2367
2513,noise,R01_REVIEWED_NOT_ABOUT_SOMOIM_APP,daum,search_preview,소모임 가입 승인 완료!,https://cafe.daum.net/macmac/2IrO/1183
2514,noise,R01_REVIEWED_NOT_ABOUT_SOMOIM_APP,daum,search_preview,소모임 가입 이 안되요...전부 공개했는데...,https://cafe.daum.net/sm3cafe/JhWk/34
2515,noise,R01_REVIEWED_NOT_ABOUT_SOMOIM_APP,daum,search_preview,어반님 소모임 가입 이 않되네요^^,https://cafe.daum.net/gic/KdE/9969
2516,noise,R01_REVIEWED_NOT_ABOUT_SOMOIM_APP,daum,search_preview,2월1일 공차는날 - 모임 참석자.. ( 소모임 가입 이 안된 분때문에 여기에도 올려요),https://cafe.daum.net/seoulbears/Gtx/74826
2517,noise,R01_REVIEWED_NOT_ABOUT_SOMOIM_APP,daum,search_preview,소모임 가입 신청합니다.,https://cafe.daum.net/socw97/Mdym/804
2518,noise,R01_REVIEWED_NOT_ABOUT_SOMOIM_APP,daum,search_preview,소모임 가입 에 대하여...,https://cafe.daum.net/interpreterstudy/D0NU/493
2519,noise,R01_REVIEWED_NOT_ABOUT_SOMOIM_APP,daum,search_preview,소모임 바로 가입하기 클릭!,https://cafe.daum.net/chunsa7/CmHb/6
2520,noise,R01_REVIEWED_NOT_ABOUT_SOMOIM_APP,daum,search_preview,소모임 가입 관련 질문,https://cafe.daum.net/redstock100/2nuW/2837
2521,noise,R01_REVIEWED_NOT_ABOUT_SOMOIM_APP,daum,search_preview,광주 전남방 소모임 가입 하구 싶어요.. 등업해주세요^^.,https://cafe.daum.net/thyroidcancer/Rr5J/20497
2522,noise,R01_REVIEWED_NOT_ABOUT_SOMOIM_APP,daum,search_preview,소모임 가입,https://cafe.daum.net/refarm/6b7r/516
2523,noise,R01_REVIEWED_NOT_ABOUT_SOMOIM_APP,daum,search_preview,소모임 가입 해주셈요,https://cafe.daum.net/LoveSeoHee/7AR4/363
2524,noise,R01_REVIEWED_NOT_ABOUT_SOMOIM_APP,daum,search_preview,소모임 가입 하려면?,https://cafe.daum.net/owtm/ld4/7504
2525,noise,R01_REVIEWED_NOT_ABOUT_SOMOIM_APP,daum,search_preview,소모임 가입 ^^..리플주세요...,https://cafe.daum.net/dntckwtkdl/4Bnj/2056
2526,noise,R01_REVIEWED_NOT_ABOUT_SOMOIM_APP,daum,search_preview,소모임 가입 말입니다.,https://cafe.daum.net/voice4u/HGA/15355
2527,noise,R01_REVIEWED_NOT_ABOUT_SOMOIM_APP,daum,search_preview,소모임 에 가입하시려는 분들은 필독하시기 바랍니다.,https://cafe.daum.net/hospice4u/DLc/1789
2528,noise,R01_REVIEWED_NOT_ABOUT_SOMOIM_APP,daum,search_preview,"501동 예비입주자 여러분, 소모임 가입 부탁드립니다.",https://cafe.daum.net/gawoonapt/3bWh/145
2529,noise,R01_REVIEWED_NOT_ABOUT_SOMOIM_APP,daum,search_preview,소모임 가입 어찌 하는건가요???,https://cafe.daum.net/cheonanslr/8NmP/831
2530,noise,R01_REVIEWED_NOT_ABOUT_SOMOIM_APP,daum,search_preview,볼링 동호회 소모임 방 가입절차~,https://cafe.daum.net/4050cafe/LXAm/85
2531,noise,R01_REVIEWED_NOT_ABOUT_SOMOIM_APP,daum,search_preview,소모임 가입 을 원합니다(운영자님 봐주세요),https://cafe.daum.net/sonbibi/Epnt/1121
2532,noise,R01_REVIEWED_NOT_ABOUT_SOMOIM_APP,daum,search_preview,열분들은 요즘 소모임 가입 되시나요? -.-,https://cafe.daum.net/leslie/5o0/26451
2533,noise,R01_REVIEWED_NOT_ABOUT_SOMOIM_APP,daum,search_preview,Re:특별회원신청도 했구 소모임 가입 신청을 했는데...,https://cafe.daum.net/hpsmdll/6Ync/584
2534,noise,R01_REVIEWED_NOT_ABOUT_SOMOIM_APP,daum,search_preview,소모임 가입 시켜줘용~~~,https://cafe.daum.net/trip7788/LUcj/181
2535,noise,R01_REVIEWED_NOT_ABOUT_SOMOIM_APP,daum,search_preview,강원도 소모임 가입 해주세요^^,https://cafe.daum.net/maksim/DV55/7059
2536,noise,R01_REVIEWED_NOT_ABOUT_SOMOIM_APP,daum,search_preview,Re: 소모임 가입 에 관한 질문에 답변,https://cafe.daum.net/dailn/JQc/4316
2537,noise,R01_REVIEWED_NOT_ABOUT_SOMOIM_APP,daum,search_preview,소모임 가입 어케 해여...ㅠ.ㅠ,https://cafe.daum.net/truepicture/Qt5/34162
2538,noise,R01_REVIEWED_NOT_ABOUT_SOMOIM_APP,daum,search_preview,소모임 가입 승인부탁드립니다.,https://cafe.daum.net/nayuta2001/MJgJ/535
2539,noise,R01_REVIEWED_NOT_ABOUT_SOMOIM_APP,daum,search_preview,오늘 이후의 소모임 가입 방법!!!,https://cafe.daum.net/lpdanceclub/GYrk/2023
2540,noise,R01_REVIEWED_NOT_ABOUT_SOMOIM_APP,daum,search_preview,소모임 가입 하세용!!!^^,https://cafe.daum.net/slim/6tl/292891
2541,noise,R01_REVIEWED_NOT_ABOUT_SOMOIM_APP,daum,search_preview,포스트베이스 소모임 가입 ..,https://cafe.daum.net/vvvivvv/4EWL/2604
2542,noise,R01_REVIEWED_NOT_ABOUT_SOMOIM_APP,daum,search_preview,경상지역 소모임 가입 했는데 아직 승인이......,https://cafe.daum.net/trajetxg/7qHM/122
2543,noise,R01_REVIEWED_NOT_ABOUT_SOMOIM_APP,daum,search_preview,소모임 가입 이 왜 안되죠?,https://cafe.daum.net/yulimgosi/N78Z/1228
2544,noise,R01_REVIEWED_NOT_ABOUT_SOMOIM_APP,daum,search_preview,Re: 소모임 가입 이 안되는데여....,https://cafe.daum.net/sindongsung/18Hj/230
2545,noise,R01_REVIEWED_NOT_ABOUT_SOMOIM_APP,daum,search_preview,마법사님~ 저기 소모임 가입 할라구 하는뎅 ..........,https://cafe.daum.net/nogada1985/Mj9/5603
2546,noise,R01_REVIEWED_NOT_ABOUT_SOMOIM_APP,daum,search_preview,소모임 가입 질문입니다.,https://cafe.daum.net/artmarket/36G/5741
2547,noise,R01_REVIEWED_NOT_ABOUT_SOMOIM_APP,daum,search_preview,소모임 가입 은 어떻게 하는건가요??,https://cafe.daum.net/ilovedoumi/F5Tb/8456
2548,noise,R01_REVIEWED_NOT_ABOUT_SOMOIM_APP,daum,search_preview,흐읍! 우리 소모임 가입 하신분들 집합!!!,https://cafe.daum.net/fldtts34/4wAg/2770
2549,noise,R01_REVIEWED_NOT_ABOUT_SOMOIM_APP,daum,search_preview,소모임 가입 승인요청,https://cafe.daum.net/redstock100/2nuW/3676
2550,noise,R01_REVIEWED_NOT_ABOUT_SOMOIM_APP,daum,search_preview,Re:Re: 소모임 가입 에 관한 질문에 답변,https://cafe.daum.net/dailn/JQc/4317
2551,noise,R01_REVIEWED_NOT_ABOUT_SOMOIM_APP,daum,search_preview,소모임 가입 신청하시는 님들,https://cafe.daum.net/remarry/9DlI/1285
2552,noise,R01_REVIEWED_NOT_ABOUT_SOMOIM_APP,daum,search_preview,25기 소모임 가입 권고....,https://cafe.daum.net/topgunsky/LtNQ/13
2553,noise,R01_REVIEWED_NOT_ABOUT_SOMOIM_APP,daum,search_preview,Re:Re:Re:☆ 소모임 가입 은...,https://cafe.daum.net/amaviolin/Aqv/203
2554,noise,R01_REVIEWED_NOT_ABOUT_SOMOIM_APP,daum,search_preview,연합회이사진 소모임 가입 件,https://cafe.daum.net/yonginjokgu/970c/6
2555,noise,R01_REVIEWED_NOT_ABOUT_SOMOIM_APP,daum,search_preview,소모임 가입 신청하실때는...,https://cafe.daum.net/jangshhouse/PAu/2633
2556,noise,R01_REVIEWED_NOT_ABOUT_SOMOIM_APP,daum,search_preview,소모임 가입 하신분들...,https://cafe.daum.net/lpdanceclub/GYrk/1996
2557,noise,R01_REVIEWED_NOT_ABOUT_SOMOIM_APP,daum,search_preview,소모임 가입 어케 하는쥐...,https://cafe.daum.net/ulsanroom/4a15/13158
2558,noise,R01_REVIEWED_NOT_ABOUT_SOMOIM_APP,daum,search_preview,소모임 가입 시 에러.,https://cafe.daum.net/FrEELanCeR/2VqN/573
2559,noise,R01_REVIEWED_NOT_ABOUT_SOMOIM_APP,daum,search_preview,Re: 소모임 가입 에 대해서...,https://cafe.daum.net/leehoonlove/9xQ/144
2560,noise,R01_REVIEWED_NOT_ABOUT_SOMOIM_APP,daum,search_preview,소모임 가입 어떻게 하나요... ^^,https://cafe.daum.net/jejumam/3FeO/57753
2561,noise,R01_REVIEWED_NOT_ABOUT_SOMOIM_APP,daum,search_preview,소모임 가입 시켜주세요~~~~이잉,https://cafe.daum.net/lifebrother/RcYg/4481
2562,noise,R01_REVIEWED_NOT_ABOUT_SOMOIM_APP,daum,search_preview,소모임 가입 해써염.. 떨린다..,https://cafe.daum.net/lifebrother/RcYg/5245
2563,noise,R01_REVIEWED_NOT_ABOUT_SOMOIM_APP,daum,search_preview,소모임 가입 을 했는데... 연락이... ...,https://cafe.daum.net/ocarina/1Gg/2819
2564,noise,R01_REVIEWED_NOT_ABOUT_SOMOIM_APP,daum,search_preview,소모임 가입 방법 변경하기?,https://cafe.daum.net/charmingtruly/Fxto/58
2565,noise,R01_REVIEWED_NOT_ABOUT_SOMOIM_APP,daum,search_preview,골프 소모임 가입 방법 & 골프예약,https://cafe.daum.net/shanghaivillage/2qcT/59
2566,noise,R01_REVIEWED_NOT_ABOUT_SOMOIM_APP,daum,search_preview,인천 부천 여행 소모임 가입 하고 싶습니다.,https://cafe.daum.net/trip7788/TMR/13706
2567,noise,R01_REVIEWED_NOT_ABOUT_SOMOIM_APP,daum,search_preview,Re: 소모임 가입 신청 했는데 하자야컴님승인해주세여~~(냉무),https://cafe.daum.net/jangshhouse/PAu/2984
2568,noise,R01_REVIEWED_NOT_ABOUT_SOMOIM_APP,daum,search_preview,Re: 소모임 가입 자격요건이 있던가요(수정첨부),https://cafe.daum.net/jangshhouse/PAu/2117
2569,noise,R01_REVIEWED_NOT_ABOUT_SOMOIM_APP,daum,search_preview,법률쟁점자료집 발송했고 & 소모임 가입 승인 했습니다.,https://cafe.daum.net/snuleet/4KSj/35861
2570,noise,R01_REVIEWED_NOT_ABOUT_SOMOIM_APP,daum,search_preview,소모임 가입 승인입니다.,https://cafe.daum.net/socw97/Mdym/336
2571,noise,R01_REVIEWED_NOT_ABOUT_SOMOIM_APP,daum,search_preview,나 당근마켓 통해서 자전거 소모임 가입 했는데,https://cafe.daum.net/Tlwkftlqkftlldlqkf/919A/2434198
2572,noise,R01_REVIEWED_NOT_ABOUT_SOMOIM_APP,daum,search_preview,Re:왜 아직 소모임 에 가입 이 안되는지 알려주세요,https://cafe.daum.net/jangshhouse/PAu/9312
2573,noise,R01_REVIEWED_NOT_ABOUT_SOMOIM_APP,daum,search_preview,Re: 소모임 의 가입을 원하신다면..,https://cafe.daum.net/airplanes/2HzG/931
2574,noise,R01_REVIEWED_NOT_ABOUT_SOMOIM_APP,daum,search_preview,소모임 가입,https://cafe.daum.net/socw97/Mdym/580
2575,noise,R01_REVIEWED_NOT_ABOUT_SOMOIM_APP,daum,search_preview,3기[0620-0700]2월7일현재 소모임 가입 현황입니다.,https://cafe.daum.net/morninghuman/Ngn1/207
2576,noise,R01_REVIEWED_NOT_ABOUT_SOMOIM_APP,daum,search_preview,Re:여러분께 질문 있어여.. 소모임 가입 에 대해서여..,https://cafe.daum.net/Riocafe/Zfn/802
2577,noise,R01_REVIEWED_NOT_ABOUT_SOMOIM_APP,daum,search_preview,은식선배님~!! 소모임 가입 시키는 방법 알았눈데여!!,https://cafe.daum.net/toeicpia/23OW/102
2578,noise,R01_REVIEWED_NOT_ABOUT_SOMOIM_APP,daum,search_preview,3기 운영진께... 소모임 가입 탈퇴 관련...,https://cafe.daum.net/morninghuman/Ngn1/211
2579,noise,R01_REVIEWED_NOT_ABOUT_SOMOIM_APP,daum,search_preview,소모임 가입 승인은??,https://cafe.daum.net/10in10/9BZB/3402
2580,noise,R01_REVIEWED_NOT_ABOUT_SOMOIM_APP,daum,search_preview,32기 도우미 신청해주신 분들 소모임 가입 해주세요.,https://cafe.daum.net/CrazySwing/FNZh/3117
2581,noise,R01_REVIEWED_NOT_ABOUT_SOMOIM_APP,daum,search_preview,소모임 가입 승인 해주세요!,https://cafe.daum.net/socw97/Mdym/503
2582,noise,R01_REVIEWED_NOT_ABOUT_SOMOIM_APP,daum,search_preview,소모임 가입 신청했는데..,https://cafe.daum.net/cusamoo/GeRt/1420
2583,noise,R01_REVIEWED_NOT_ABOUT_SOMOIM_APP,daum,search_preview,드디어 등산 소모임 에 가입 되었습니다 ^^:,https://cafe.daum.net/lovebmw/3Dhs/23483
2584,noise,R01_REVIEWED_NOT_ABOUT_SOMOIM_APP,daum,search_preview,"소모임 가입 이 안되던 분들, 보세요.",https://cafe.daum.net/magicnovel/2lMm/336
2585,noise,R01_REVIEWED_NOT_ABOUT_SOMOIM_APP,daum,search_preview,소모임 가입 신청 했는데여,https://cafe.daum.net/gajunggwa/LkF/2617
2586,noise,R01_REVIEWED_NOT_ABOUT_SOMOIM_APP,daum,search_preview,소모임 가입 신청 쪽지나 메일 보낼때.,https://cafe.daum.net/CRD/9Xwo/3770
2587,noise,R01_REVIEWED_NOT_ABOUT_SOMOIM_APP,daum,search_preview,소모임 가입 하기 너무 힘듭니다.,https://cafe.daum.net/koreafishland/6duy/3218
2588,noise,R01_REVIEWED_NOT_ABOUT_SOMOIM_APP,daum,search_preview,<[광고]음악 소모임 가입 하셔용~~,https://cafe.daum.net/2632age/32M/39705
2589,noise,R01_REVIEWED_NOT_ABOUT_SOMOIM_APP,daum,search_preview,소모임 가입 에 관해..,https://cafe.daum.net/jymissy/Dpvo/13629
2590,noise,R01_REVIEWED_NOT_ABOUT_SOMOIM_APP,daum,search_preview,깡조사 소모임 가입 하고 싶습니다,https://cafe.daum.net/goheungin/ebCD/168
2591,noise,R01_REVIEWED_NOT_ABOUT_SOMOIM_APP,daum,search_preview,아래 디카 소모임 가입 안된다는 글...,https://cafe.daum.net/hardware/1HX/30675
2592,noise,R01_REVIEWED_NOT_ABOUT_SOMOIM_APP,daum,search_preview,..등산 소모임 에 가입 하고 싶습니다...ㅠ.ㅠ,https://cafe.daum.net/lovebmw/3Dhs/23407
2593,noise,R01_REVIEWED_NOT_ABOUT_SOMOIM_APP,daum,search_preview,[18기] 소모임 가입 이 이상해..,https://cafe.daum.net/national37/Csv/4429
2594,noise,R01_REVIEWED_NOT_ABOUT_SOMOIM_APP,daum,search_preview,저 소모임 가입 했어요^^,https://cafe.daum.net/acctmoim/SjC/40552
2595,noise,R01_REVIEWED_NOT_ABOUT_SOMOIM_APP,daum,search_preview,Re: 소모임 가입 하고싶은데요...,https://cafe.daum.net/telewomen/IA5/6259
2596,noise,R01_REVIEWED_NOT_ABOUT_SOMOIM_APP,daum,search_preview,유 효상(운영위원) 소모임 가입 명령,https://cafe.daum.net/mpzzang/EwX2/77
2597,noise,R01_REVIEWED_NOT_ABOUT_SOMOIM_APP,daum,search_preview,Re:등업 및 소모임 가입 부탁드립니다.,https://cafe.daum.net/computa/SCXY/2053
2598,noise,R01_REVIEWED_NOT_ABOUT_SOMOIM_APP,daum,search_preview,소모임 가입 이 안 되네요,https://cafe.daum.net/lifebrother/RfDi/4998
2599,noise,R01_REVIEWED_NOT_ABOUT_SOMOIM_APP,daum,search_preview,소모임 가입 에관하여..,https://cafe.daum.net/easygolf/Jih/34354
2600,noise,R01_REVIEWED_NOT_ABOUT_SOMOIM_APP,daum,search_preview,☆★ 소모임 가입 신청 ☆★,https://cafe.daum.net/childbooks/1n3E/253
2601,noise,R01_REVIEWED_NOT_ABOUT_SOMOIM_APP,daum,search_preview,소모임 가입 신청합니다.,https://cafe.daum.net/foodi114/DQlf/1028
2602,noise,R01_REVIEWED_NOT_ABOUT_SOMOIM_APP,daum,search_preview,여러분 소모임 가입 하세요.,https://cafe.daum.net/Alex/kas/1882
2603,noise,R01_REVIEWED_NOT_ABOUT_SOMOIM_APP,daum,search_preview,소모임 가입 하기,https://cafe.daum.net/trajetxg/MHA1/6310
2604,noise,R01_REVIEWED_NOT_ABOUT_SOMOIM_APP,daum,search_preview,당분간은 소모임 가입 신청 받지 않습니다.,https://cafe.daum.net/rkrxm/K69/64198
2605,noise,R01_REVIEWED_NOT_ABOUT_SOMOIM_APP,daum,search_preview,전에 소모임 가입 안해도 된다는 글봤는데요... 글도 안되요...,https://cafe.daum.net/jihyenara/OzCu/2993
2606,noise,R01_REVIEWED_NOT_ABOUT_SOMOIM_APP,daum,search_preview,소모임 에 가입하시려는 분들은 필독하시기 바랍니다.,https://cafe.daum.net/hospice4u/DLg/3638
2607,noise,R01_REVIEWED_NOT_ABOUT_SOMOIM_APP,daum,search_preview,카페 정회원 승급과 소모임 별 가입 순서,https://cafe.daum.net/hospice4u/DLc/3572
2608,noise,R01_REVIEWED_NOT_ABOUT_SOMOIM_APP,daum,search_preview,소모임 가입 ..-ㅁ-;,https://cafe.daum.net/LIVE4U/Gnxz/203
2609,noise,R01_REVIEWED_NOT_ABOUT_SOMOIM_APP,daum,search_preview,소모임 가입 어떻게 해야 하나요?,https://cafe.daum.net/pekor/EMo0/2000
2610,noise,R01_REVIEWED_NOT_ABOUT_SOMOIM_APP,daum,search_preview,저도 소모임 가입 하고싶은데 ㅠㅠㅠ,https://cafe.daum.net/bumsoolove/6Agc/1441
2611,noise,R01_REVIEWED_NOT_ABOUT_SOMOIM_APP,daum,search_preview,회원님들중 소모임 가입 되신분들은 주소록에 올려주시길...^^,https://cafe.daum.net/ilketennis/MjLI/1606
2612,noise,R01_REVIEWED_NOT_ABOUT_SOMOIM_APP,daum,search_preview,지기님들 소모임 가입 해 쥬세요-,https://cafe.daum.net/shsemdhja/5LSo/1037
2613,noise,R01_REVIEWED_NOT_ABOUT_SOMOIM_APP,daum,search_preview,소모임 가입 여전히 안되여 ㅠㅠ,https://cafe.daum.net/chonanmam/GUuM/163
2614,noise,R01_REVIEWED_NOT_ABOUT_SOMOIM_APP,daum,search_preview,7월1일출발하시는 분들 소모임 가입 안내,https://cafe.daum.net/bpguide/FdeT/51
2615,noise,R01_REVIEWED_NOT_ABOUT_SOMOIM_APP,daum,search_preview,* 소모임 바로 가입하기*,https://cafe.daum.net/chunsa7/4B41/304
2616,noise,R01_REVIEWED_NOT_ABOUT_SOMOIM_APP,daum,search_preview,소모임 가입 시 모두공개,https://cafe.daum.net/leport/5WFf/96
2617,noise,R01_REVIEWED_NOT_ABOUT_SOMOIM_APP,daum,search_preview,소모임 가입 은 어떠케 하는거죠ㅜ?,https://cafe.daum.net/wankanseo/OwFn/669
2618,noise,R01_REVIEWED_NOT_ABOUT_SOMOIM_APP,daum,search_preview,"소모임 가입 했는데, 확인은 언제쯤...",https://cafe.daum.net/artmarket/36G/5442
2619,noise,R01_REVIEWED_NOT_ABOUT_SOMOIM_APP,daum,search_preview,정회원 & 소모임 가입 문의..,https://cafe.daum.net/trajetxg/MHA1/2508
2620,noise,R01_REVIEWED_NOT_ABOUT_SOMOIM_APP,daum,search_preview,소모임 가입 할때~,https://cafe.daum.net/maksim/DV55/2053
2621,noise,R01_REVIEWED_NOT_ABOUT_SOMOIM_APP,daum,search_preview,서울-경기도 소모임 가입 해 주세요~~ ^^,https://cafe.daum.net/maksim/DV55/7058
2622,noise,R01_REVIEWED_NOT_ABOUT_SOMOIM_APP,daum,search_preview,소모임 가입 했어요~ [현실],https://cafe.daum.net/wineSommelier/2YG7/497
2623,noise,R01_REVIEWED_NOT_ABOUT_SOMOIM_APP,daum,search_preview,Re: 소모임 가입,https://cafe.daum.net/hydrocrane/K5QV/609
2624,noise,R01_REVIEWED_NOT_ABOUT_SOMOIM_APP,daum,search_preview,북구 소모임 가입 했는데,https://cafe.daum.net/ulsanroom/4a15/32015
2625,noise,R01_REVIEWED_NOT_ABOUT_SOMOIM_APP,daum,search_preview,소모임 가입 조건 변경: 3-4둥지,https://cafe.daum.net/kjdj17/5PE7/41
2626,noise,R01_REVIEWED_NOT_ABOUT_SOMOIM_APP,daum,search_preview,SM 오너님들 소모임 가입 하세여^^,https://cafe.daum.net/XGDRIVER/I3BN/10140
2627,noise,R01_REVIEWED_NOT_ABOUT_SOMOIM_APP,daum,search_preview,Re: 소모임 가입 승인이요 .,https://cafe.daum.net/DaumCinema/1BLo/253
2628,noise,R01_REVIEWED_NOT_ABOUT_SOMOIM_APP,daum,search_preview,소모임 재 가입 신청,https://cafe.daum.net/latin3040/TNPr/376
2629,noise,R01_REVIEWED_NOT_ABOUT_SOMOIM_APP,daum,search_preview,여러분께 질문 있어여.. 소모임 가입 에 대해서여..,https://cafe.daum.net/Riocafe/Zfn/795
2630,noise,R01_REVIEWED_NOT_ABOUT_SOMOIM_APP,daum,search_preview,소모임 가입 희망자 여러분께 알립뉘다~,https://cafe.daum.net/livingbytrans/1mlW/80
2631,noise,R01_REVIEWED_NOT_ABOUT_SOMOIM_APP,daum,search_preview,*^^* 소모임 가입 신청이요~~~*^^*,https://cafe.daum.net/childbooks/1n3E/264
2632,noise,R01_REVIEWED_NOT_ABOUT_SOMOIM_APP,daum,search_preview,줌님들 저희집 둘째 댕댕쓰와 댕댕 산책 소모임 가입 하고 싶은데욤,https://cafe.daum.net/zoomin62/I6qN/17277
2633,noise,R01_REVIEWED_NOT_ABOUT_SOMOIM_APP,daum,search_preview,Re: 소모임 가입 해떠여^^*,https://cafe.daum.net/km2029/5DVq/636
2634,noise,R01_REVIEWED_NOT_ABOUT_SOMOIM_APP,daum,search_preview,소모임 가입 말이죠~,https://cafe.daum.net/chomsky9/7m4P/1194
2635,noise,R01_REVIEWED_NOT_ABOUT_SOMOIM_APP,daum,search_preview,소모임 가입 에 관한 질문 있습니다!!!,https://cafe.daum.net/VIRUS/2F2H/3361
2636,noise,R01_REVIEWED_NOT_ABOUT_SOMOIM_APP,daum,search_preview,Re: 소모임 가입 은!,https://cafe.daum.net/nogada1985/Mj9/2841
2637,noise,R01_REVIEWED_NOT_ABOUT_SOMOIM_APP,daum,search_preview,소모임 가입 하세요,https://cafe.daum.net/fldtts34/4wAg/905
2638,noise,R01_REVIEWED_NOT_ABOUT_SOMOIM_APP,daum,search_preview,KYD 참가자는 모두 소모임 에 가입 해주십시오.(필독),https://cafe.daum.net/catholicenergy/UmI/36
2639,noise,R01_REVIEWED_NOT_ABOUT_SOMOIM_APP,daum,search_preview,소모임 가입 은 어캐 하나요..,https://cafe.daum.net/qingdaokorean/H96A/136
2640,noise,R01_REVIEWED_NOT_ABOUT_SOMOIM_APP,daum,search_preview,소모임 가입 승인해주세요~!,https://cafe.daum.net/foodi114/DQlf/2598
2641,noise,R01_REVIEWED_NOT_ABOUT_SOMOIM_APP,daum,search_preview,흐흑.T_T 소모임 가입 허가는 언제 되나요??,https://cafe.daum.net/yorki/fO/45221
2642,noise,R01_REVIEWED_NOT_ABOUT_SOMOIM_APP,daum,search_preview,소모임 가입 경로 조언 부탁드립니다!,https://cafe.daum.net/educationstudy/CMKL/200141
2643,noise,R01_REVIEWED_NOT_ABOUT_SOMOIM_APP,daum,search_preview,처음 뵙겠습니다. 저도 소모임 에 가입 했어요. ^^,https://cafe.daum.net/easygolfseokyung/N71/762
2644,noise,R01_REVIEWED_NOT_ABOUT_SOMOIM_APP,daum,search_preview,소모임 가입 은 어디서해야하는지요,https://cafe.daum.net/baramsori/1wk7/4389
2645,noise,R01_REVIEWED_NOT_ABOUT_SOMOIM_APP,daum,search_preview,운영자님~~ 소모임 가입 은 어떻게 하나요~?,https://cafe.daum.net/maksim/DV55/1137
2646,noise,R01_REVIEWED_NOT_ABOUT_SOMOIM_APP,daum,search_preview,"""상상인"" 소모임 에 가입 이 안되는 분들은 참고하시기 바랍니다.",https://cafe.daum.net/ideamasters/6tbG/250
2647,noise,R01_REVIEWED_NOT_ABOUT_SOMOIM_APP,daum,search_preview,아놔 소모임 가입 신청 부터 하세요,https://cafe.daum.net/CRD/9Xwo/3779
2648,noise,R01_REVIEWED_NOT_ABOUT_SOMOIM_APP,daum,search_preview,"소모임 가입 이 안되여,,,,",https://cafe.daum.net/theswing/BoK5/2923
2649,noise,R01_REVIEWED_NOT_ABOUT_SOMOIM_APP,daum,search_preview,심판진 소모임 가입,https://cafe.daum.net/gimcheonbaseball/C71e/283
2650,noise,R01_REVIEWED_NOT_ABOUT_SOMOIM_APP,daum,search_preview,소모임 가입 4-5일정도 걸리네요.,https://cafe.daum.net/dojin20/76kg/679
2651,noise,R01_REVIEWED_NOT_ABOUT_SOMOIM_APP,daum,search_preview,홈티칭 소모임 가입 하기 힘드네여,https://cafe.daum.net/lifebrother/RcYg/4302
2652,noise,R01_REVIEWED_NOT_ABOUT_SOMOIM_APP,daum,search_preview,소모임 가입 이 안돼요~~~~,https://cafe.daum.net/hpsmdll/6Ync/302
2653,noise,R01_REVIEWED_NOT_ABOUT_SOMOIM_APP,daum,search_preview,소모임 가입 신청이요~,https://cafe.daum.net/latin3040/TNPr/230
2654,noise,R01_REVIEWED_NOT_ABOUT_SOMOIM_APP,daum,search_preview,소모임 가입 결재요망!,https://cafe.daum.net/spdprpvuswlfmf/9G1K/3638
2655,noise,R01_REVIEWED_NOT_ABOUT_SOMOIM_APP,daum,search_preview,Re: 소모임 가입 결정은 언제 긑나나요??,https://cafe.daum.net/ccs2000/cZE/1479
2656,noise,R01_REVIEWED_NOT_ABOUT_SOMOIM_APP,daum,search_preview,"Re: 소모임 가입 에 애로사항 발생시 ,,,,,,그래서 신청을 못하신다면,,이렇게",https://cafe.daum.net/snowski/NV/46981
2657,noise,R01_REVIEWED_NOT_ABOUT_SOMOIM_APP,daum,search_preview,소모임 가입 신청,https://cafe.daum.net/latin3040/TNPr/382
2658,noise,R01_REVIEWED_NOT_ABOUT_SOMOIM_APP,daum,search_preview,고1여러분들~ 소모임 가입 합시다~~~,https://cafe.daum.net/rabohem/45F/1094
2659,noise,R01_REVIEWED_NOT_ABOUT_SOMOIM_APP,daum,search_preview,출판번역 소모임 가입 절차,https://cafe.daum.net/livingbytrans/1mvL/14
2660,noise,R01_REVIEWED_NOT_ABOUT_SOMOIM_APP,daum,search_preview,소모임 가입 하고싶어요,https://cafe.daum.net/foodi114/DQlf/712
2661,noise,R01_REVIEWED_NOT_ABOUT_SOMOIM_APP,daum,search_preview,소모임 가입 했는데...,https://cafe.daum.net/jape1234/AbHa/58
2662,noise,R01_REVIEWED_NOT_ABOUT_SOMOIM_APP,daum,search_preview,70년대 소모임 가입 하시는분들께,https://cafe.daum.net/maksim/DV55/5724
2663,noise,R01_REVIEWED_NOT_ABOUT_SOMOIM_APP,daum,search_preview,소모임 가입 신청,https://cafe.daum.net/latin3040/TNPr/274
2664,noise,R01_REVIEWED_NOT_ABOUT_SOMOIM_APP,daum,search_preview,소모임 가입 방법이 궁금합니다.,https://cafe.daum.net/trajetxg/7dtQ/20952
2665,noise,R01_REVIEWED_NOT_ABOUT_SOMOIM_APP,daum,search_preview,소모임 가입 신청,https://cafe.daum.net/latin3040/TNPr/324
2666,noise,R01_REVIEWED_NOT_ABOUT_SOMOIM_APP,daum,search_preview,청소년상담사 소모임 가입 이 안되요~ 어떻게?,https://cafe.daum.net/Knou200441/GBmY/5406
2667,noise,R01_REVIEWED_NOT_ABOUT_SOMOIM_APP,daum,search_preview,소모임 가입 회원께서는 읽어주세요,https://cafe.daum.net/APBT/LWa0/130
2668,noise,R01_REVIEWED_NOT_ABOUT_SOMOIM_APP,daum,search_preview,소모임 가입 승인이요?,https://cafe.daum.net/lifebrother/RcYg/7492
2669,noise,R01_REVIEWED_NOT_ABOUT_SOMOIM_APP,daum,search_preview,73년생 29살도 이젠 30대 소모임 가입 받습니다..^^;;,https://cafe.daum.net/Riocafe/Zfn/5660
2670,noise,R01_REVIEWED_NOT_ABOUT_SOMOIM_APP,daum,search_preview,아쉽겠지만 소모임 탈퇴 부탁드려요~,https://cafe.daum.net/swingfever/kLQ/5943
2671,noise,R01_REVIEWED_NOT_ABOUT_SOMOIM_APP,daum,search_preview,회원등급/게시판사용/ 소모임 /강제 탈퇴 사례 안내 ..처음 오신 분들 필독!!,https://cafe.daum.net/tea3/2QyH/513
2672,noise,R01_REVIEWED_NOT_ABOUT_SOMOIM_APP,daum,search_preview,소모임 탈퇴 당하신 분들 보세요~,https://cafe.daum.net/baramsori/2VP/14423
2673,noise,R01_REVIEWED_NOT_ABOUT_SOMOIM_APP,daum,search_preview,소모임 탈퇴 할까ㅠㅠㅠㅠ,https://cafe.daum.net/ok1221/8lcX/48151130
2674,noise,R01_REVIEWED_NOT_ABOUT_SOMOIM_APP,daum,search_preview,소모임 탈퇴 ...!ㅡㅡ;,https://cafe.daum.net/hongbd/G7HU/8355
2675,noise,R01_REVIEWED_NOT_ABOUT_SOMOIM_APP,daum,search_preview,소모임 탈퇴 좀 해주세요,https://cafe.daum.net/gimpolove/KPbR/1197
2676,noise,R01_REVIEWED_NOT_ABOUT_SOMOIM_APP,daum,search_preview,소모임 탈퇴 했더니 카페까지 탈퇴 됐어요,https://cafe.daum.net/vsky/JJJp/6
2677,noise,R01_REVIEWED_NOT_ABOUT_SOMOIM_APP,daum,search_preview,어떡해요!!!!!!!!!!!!! 비상비상! 소모임 탈퇴 할려다가 그림판까페를.. ㅠ_ㅠ..,https://cafe.daum.net/rmfvks/BI7K/17764
2678,noise,R01_REVIEWED_NOT_ABOUT_SOMOIM_APP,daum,search_preview,휴 소모임 탈퇴 할려다가 클럽 탈퇴 되었어요 ㅠ-ㅠ,https://cafe.daum.net/humornara/38Vr/42671
2679,noise,R01_REVIEWED_NOT_ABOUT_SOMOIM_APP,daum,search_preview,소모임 탈퇴 문의,https://cafe.daum.net/3040yourspace/JGIW/242
2680,noise,R01_REVIEWED_NOT_ABOUT_SOMOIM_APP,daum,search_preview,소모임 탈퇴 는 ....,https://cafe.daum.net/iloveHAMSTER/JaMC/4086
2681,noise,R01_REVIEWED_NOT_ABOUT_SOMOIM_APP,daum,search_preview,Re:사진 소모임 강제 탈퇴 당한거 풀어주세요...,https://cafe.daum.net/cosmos/r2/36565
2682,noise,R01_REVIEWED_NOT_ABOUT_SOMOIM_APP,daum,search_preview,소모임 회원들중 바람회원들은 소모임 에서 탈퇴 시켜 주세요!,https://cafe.daum.net/oldkingka/NVvT/39
2683,noise,R01_REVIEWED_NOT_ABOUT_SOMOIM_APP,daum,search_preview,[Q] 소모임 강제 탈퇴 에 관하여,https://cafe.daum.net/ljhjio/2HPO/172
2684,noise,R01_REVIEWED_NOT_ABOUT_SOMOIM_APP,daum,search_preview,소모임 을 탈퇴 할려면 어떻게 하는거에여?,https://cafe.daum.net/GVM/5ZoZ/11623
2685,noise,R01_REVIEWED_NOT_ABOUT_SOMOIM_APP,daum,search_preview,2달간 인터넷이 않되서 학교나 피씨방에서 했는데... 그래서 별로 못들어 왔는데 소모임 탈퇴 라니 ㅠㅠ,https://cafe.daum.net/cosmos/r5/3969
2686,noise,R01_REVIEWED_NOT_ABOUT_SOMOIM_APP,daum,search_preview,김정숙샘께 소모임 방 탈퇴 부탁,https://cafe.daum.net/sdongtj/Navq/470
2687,noise,R01_REVIEWED_NOT_ABOUT_SOMOIM_APP,daum,search_preview,소모임 강제 탈퇴 햇어요.,https://cafe.daum.net/bluequilt/G5PW/69
2688,noise,R01_REVIEWED_NOT_ABOUT_SOMOIM_APP,daum,search_preview,[5차 협조-마지막 당부]우수회원 소모임 해산-이후 강제 탈퇴,https://cafe.daum.net/credit/4j2/23644
2689,noise,R01_REVIEWED_NOT_ABOUT_SOMOIM_APP,daum,search_preview,소모임 에서 탈퇴 됐어요,https://cafe.daum.net/ilovedoumi/1UXv/10297
2690,noise,R01_REVIEWED_NOT_ABOUT_SOMOIM_APP,daum,search_preview,소모임 을 탈퇴 하면서......,https://cafe.daum.net/lwg6203/8SBq/4887
2691,noise,R01_REVIEWED_NOT_ABOUT_SOMOIM_APP,daum,search_preview,소모임 탈퇴 하려다가..,https://cafe.daum.net/fallout/SGv/3078
2692,noise,R01_REVIEWED_NOT_ABOUT_SOMOIM_APP,daum,search_preview,소모임 관견 회원분들 및 소모임 분들의 의견을 듣고자 합니다.,https://cafe.daum.net/aminsnow/3syo/1141
2693,noise,R01_REVIEWED_NOT_ABOUT_SOMOIM_APP,daum,search_preview,소모임 결성 승인에 따른 최종알림 공지,https://cafe.daum.net/3040yourspace/N3nF/11
2694,noise,R01_REVIEWED_NOT_ABOUT_SOMOIM_APP,daum,search_preview,연주인 소모임 회원의 탈퇴 처리에 관하여...,https://cafe.daum.net/mezzo/3mn7/13
2695,noise,R01_REVIEWED_NOT_ABOUT_SOMOIM_APP,daum,search_preview,소모임 에서 탈퇴 할 때 주의사항..,https://cafe.daum.net/park7050/Ij/1052
2696,noise,R01_REVIEWED_NOT_ABOUT_SOMOIM_APP,daum,search_preview,소모임 강제 탈퇴 ㅠ_ㅠ,https://cafe.daum.net/BBOHIP/EWx/1580
2697,noise,R01_REVIEWED_NOT_ABOUT_SOMOIM_APP,daum,search_preview,소모임 을 탈퇴 시켰던데..,https://cafe.daum.net/Broun/6PxZ/298
2698,noise,R01_REVIEWED_NOT_ABOUT_SOMOIM_APP,daum,search_preview,애들아 소모임 에서 멀쩡한 모임 찾으려면 어떻게 해야될까?,https://cafe.daum.net/baemilytory/8zMg/10427738
2699,noise,R01_REVIEWED_NOT_ABOUT_SOMOIM_APP,daum,search_preview,민처협 탈퇴 하겠습니다. 소모임 양도부탁드립니다.,https://cafe.daum.net/kokoin/C5FA/33426
2700,noise,R01_REVIEWED_NOT_ABOUT_SOMOIM_APP,daum,search_preview,엽혹진 소모임 이 개설되었습니다.,https://cafe.daum.net/truepicture/QtD/2687486
2701,noise,R01_REVIEWED_NOT_ABOUT_SOMOIM_APP,daum,search_preview,소모임 줸장할!!!! 탈퇴 가 안되!!!!!!!!,https://cafe.daum.net/gersangtwo/4M7r/6311
2702,noise,R01_REVIEWED_NOT_ABOUT_SOMOIM_APP,daum,search_preview,소모임 강제 탈퇴 라는데 우찌된거지???,https://cafe.daum.net/ap1002/38Pu/8115
2703,noise,R01_REVIEWED_NOT_ABOUT_SOMOIM_APP,daum,search_preview,소모임 회원정리 ( 실수로 탈퇴 시킨분께 죄송;),https://cafe.daum.net/jungibid/4za0/290
2704,noise,R01_REVIEWED_NOT_ABOUT_SOMOIM_APP,daum,search_preview,[ 소모임 ] 버클에 가입승인 후 강제 탈퇴 회원들...,https://cafe.daum.net/heavyvehicle/CiWE/1411
2705,noise,R01_REVIEWED_NOT_ABOUT_SOMOIM_APP,daum,search_preview,청주 소모임 에서 갑자기 탈퇴 되고 운영진에게 접근금지 당했다고 합니다;;ㅎ,https://cafe.daum.net/990701/E3fS/42149
2706,noise,R01_REVIEWED_NOT_ABOUT_SOMOIM_APP,daum,search_preview,나 소모임 강제 탈퇴 풀어줘 ㅡㅡ;,https://cafe.daum.net/comet21/820U/915
2707,noise,R01_REVIEWED_NOT_ABOUT_SOMOIM_APP,daum,search_preview,아샤1 소모임 대대적인 강제 탈퇴 작업 했습니다.,https://cafe.daum.net/diaguang/9iAH/416
2708,noise,R01_REVIEWED_NOT_ABOUT_SOMOIM_APP,daum,search_preview,"101,102,103,104,111동 소모임 회원님들 탈퇴 해주세요",https://cafe.daum.net/xibaebang/CLS9/47
2709,noise,R01_REVIEWED_NOT_ABOUT_SOMOIM_APP,daum,search_preview,지하조직( 소모임 ) 250cc는 탈퇴 해 주세요ㅡㅡ;; 그 이유는?,https://cafe.daum.net/cometrider/7hZj/26105
2710,noise,R01_REVIEWED_NOT_ABOUT_SOMOIM_APP,daum,search_preview,소모임 우사모모임방 미가입회원 강제 탈퇴,https://cafe.daum.net/uzbekistanlove/GpoB/36
2711,noise,R01_REVIEWED_NOT_ABOUT_SOMOIM_APP,daum,search_preview,해밀 소모임 운영자모집공고!!_050110,https://cafe.daum.net/ilovehamil/3vFu/1087
2712,noise,R01_REVIEWED_NOT_ABOUT_SOMOIM_APP,daum,search_preview,Re:헛.. 소모임 안되면 탈퇴 불사???,https://cafe.daum.net/freefishing/JHwl/29
2713,noise,R01_REVIEWED_NOT_ABOUT_SOMOIM_APP,daum,search_preview,Re:카페 소모임 개설에 대하여~,https://cafe.daum.net/chinmyung7564/1P4/245
2714,noise,R01_REVIEWED_NOT_ABOUT_SOMOIM_APP,daum,search_preview,소모임 방 폐쇄를 위해 탈퇴 해 주세요,https://cafe.daum.net/qkdnlxmadp/9HIl/16
2715,noise,R01_REVIEWED_NOT_ABOUT_SOMOIM_APP,daum,search_preview,"<카페 이용하기> (게시판, 자료실, 소모임 등)",https://cafe.daum.net/singlemt/KQbN/51
2716,noise,R01_REVIEWED_NOT_ABOUT_SOMOIM_APP,daum,search_preview,소모임 방 들어가는 방법...,https://cafe.daum.net/park7050/Ih/127538
2717,noise,R01_REVIEWED_NOT_ABOUT_SOMOIM_APP,daum,search_preview,Re:Re:답변감솨...해여... 탈퇴 는 제가 막 소모임 어쩌고 저쩌고 드러가다가......(냉무),https://cafe.daum.net/Iwantpiano/3Up/1514
2718,noise,R01_REVIEWED_NOT_ABOUT_SOMOIM_APP,daum,search_preview,일부 소모임 잠정폐지 및 개선에 대한 알림,https://cafe.daum.net/3040yourspace/JDtw/1553
2719,noise,R01_REVIEWED_NOT_ABOUT_SOMOIM_APP,daum,search_preview,일상탈출카페 대전충남 소모임 2009년 팀장소개와 회칙,https://cafe.daum.net/trip7788/LUcf/6466
2720,noise,R01_REVIEWED_NOT_ABOUT_SOMOIM_APP,daum,search_preview,클럽 재가입후 소모임 이용안내(일반회원 및 카페도우미/ 소모임 운영자),https://cafe.daum.net/dustkfkd/xV/17644
2721,noise,R01_REVIEWED_NOT_ABOUT_SOMOIM_APP,daum,search_preview,소모임 하늘이야기(강제 탈퇴 /가입불허/접근금지)회원님들에게알립니다,https://cafe.daum.net/cosmos/r2/52311
2722,noise,R01_REVIEWED_NOT_ABOUT_SOMOIM_APP,daum,search_preview,밥샤 ~~~~ 소모임 가입않시키주면 알오씨 탈퇴 한데이~~,https://cafe.daum.net/KROC/7Zjr/4486
2723,noise,R01_REVIEWED_NOT_ABOUT_SOMOIM_APP,daum,search_preview,지온보육원 소모임 회원명단_20121126,https://cafe.daum.net/chunsa7/6CW6/229
2724,noise,R01_REVIEWED_NOT_ABOUT_SOMOIM_APP,daum,search_preview,일상탈출 지역 소모임 기본회칙(회원필독),https://cafe.daum.net/trip7788/NLHb/12939
2725,noise,R01_REVIEWED_NOT_ABOUT_SOMOIM_APP,daum,search_preview,소모임 지역모임을 폐쇄하기 위해 강제 탈퇴 를 시행합니다....,https://cafe.daum.net/heavyvehicle/CiWE/1127
2726,noise,R01_REVIEWED_NOT_ABOUT_SOMOIM_APP,daum,search_preview,일상탈출.지역 소모임 기본회칙(회원필독),https://cafe.daum.net/trip7788/NLHb/12914
2727,noise,R01_REVIEWED_NOT_ABOUT_SOMOIM_APP,daum,search_preview,소모임 일부 폐쇄 및 벙개규정 개정에 따른 알림,https://cafe.daum.net/3040yourspace/JDtw/1523
2728,noise,R01_REVIEWED_NOT_ABOUT_SOMOIM_APP,daum,search_preview,일상탈출카페 광주전남 소모임 2009년 팀장소개와 회칙,https://cafe.daum.net/trip7788/LUce/3528
2729,noise,R01_REVIEWED_NOT_ABOUT_SOMOIM_APP,daum,search_preview,소모임 방장 자격박탈과 동시에 영구제명을 통한 소모임 문제점,https://cafe.daum.net/3040yourspace/JDtw/1417
2730,noise,R01_REVIEWED_NOT_ABOUT_SOMOIM_APP,daum,search_preview,볼링동호회 소모임 방에 가입절차입니다,https://cafe.daum.net/4050cafe/JyiE/982
2731,noise,R01_REVIEWED_NOT_ABOUT_SOMOIM_APP,daum,search_preview,소모임 규정 안내,https://cafe.daum.net/chunsa7/2t5F/881
2732,noise,R01_REVIEWED_NOT_ABOUT_SOMOIM_APP,daum,search_preview,소모임 폐쇄합니다-_-;;,https://cafe.daum.net/RAKA/Tzv/1634
2733,noise,R01_REVIEWED_NOT_ABOUT_SOMOIM_APP,daum,search_preview,Re: 소모임 운영진에의해 강제 탈퇴 당했습니다?,https://cafe.daum.net/baramsori/2VP/14422
2734,noise,R01_REVIEWED_NOT_ABOUT_SOMOIM_APP,daum,search_preview,일상탈출카페 대구경북 소모임 2009년 팀장소개와 회칙,https://cafe.daum.net/trip7788/LUcm/7320
2735,noise,R01_REVIEWED_NOT_ABOUT_SOMOIM_APP,daum,search_preview,주몽재활원 소모임 규정(2012.10.29(월) 수정),https://cafe.daum.net/chunsa7/4INO/344
2736,noise,R01_REVIEWED_NOT_ABOUT_SOMOIM_APP,daum,search_preview,33세이상 탈퇴 회원 재가입 투표건에 대한 운영자후기 입니다.,https://cafe.daum.net/2632age/32M/166543
2737,noise,R01_REVIEWED_NOT_ABOUT_SOMOIM_APP,daum,search_preview,소모임 에 대해 주절거리기...,https://cafe.daum.net/translation/Qqc/6288
2738,noise,R01_REVIEWED_NOT_ABOUT_SOMOIM_APP,daum,search_preview,Re: 소모임 관견 회원분들 및 소모임 분들의 의견을 듣고자 합니다. 의 제 의견이 길어 답글로 적어봅니다.,https://cafe.daum.net/aminsnow/3syo/1142
2739,noise,R01_REVIEWED_NOT_ABOUT_SOMOIM_APP,daum,search_preview,★중요★ 소모임 운영 관련 안내~☆ (시온원 회원전체 메일발송),https://cafe.daum.net/chunsa7/3R5D/254
2740,noise,R01_REVIEWED_NOT_ABOUT_SOMOIM_APP,daum,search_preview,방금 제손으로 탈퇴 하고 왔어요,https://cafe.daum.net/jejuomong/8Yqz/48152
2741,noise,R01_REVIEWED_NOT_ABOUT_SOMOIM_APP,daum,search_preview,정악모임 소모임 방에 대하여,https://cafe.daum.net/Yulbang/39D1/668
2742,noise,R01_REVIEWED_NOT_ABOUT_SOMOIM_APP,daum,search_preview,2007년도 911 소모임 회칙 [ 변동 有 ],https://cafe.daum.net/joyofboarding/HQoT/543
2743,noise,R01_REVIEWED_NOT_ABOUT_SOMOIM_APP,daum,search_preview,[협조요망] 소모임 '궁궐지킴이'에 가입신청하신 분들께 알립니다.,https://cafe.daum.net/kotour/8OX/6118
2744,noise,R01_REVIEWED_NOT_ABOUT_SOMOIM_APP,daum,search_preview,소모임 (9회 관리사 모임) 폐쇄안내,https://cafe.daum.net/fireleader/64LH/292
2745,noise,R01_REVIEWED_NOT_ABOUT_SOMOIM_APP,daum,search_preview,★ 낭만 친목회 소모임 및 운영 회칙 ★,https://cafe.daum.net/58lovefriends/Absu/88
2746,noise,R01_REVIEWED_NOT_ABOUT_SOMOIM_APP,daum,search_preview,<프로젝트 공부방> <초임교사 멘토링> 소모임,https://cafe.daum.net/kinderfile/2ynA/2
2747,noise,R01_REVIEWED_NOT_ABOUT_SOMOIM_APP,daum,search_preview,등업됐는데...정회원됐는데..... 탈퇴 했어요,https://cafe.daum.net/humornara/38Vr/157626
2748,noise,R01_REVIEWED_NOT_ABOUT_SOMOIM_APP,daum,search_preview,소모임 정리 합니다.,https://cafe.daum.net/chunsa3/5siS/116
2749,noise,R01_REVIEWED_NOT_ABOUT_SOMOIM_APP,daum,search_preview,소모임 정리 합니다.,https://cafe.daum.net/chunsa3/69GX/1957
2750,noise,R01_REVIEWED_NOT_ABOUT_SOMOIM_APP,daum,search_preview,Re: 소모임 건 문제인데요.,https://cafe.daum.net/kuru/DZB/31241
2751,noise,R01_REVIEWED_NOT_ABOUT_SOMOIM_APP,daum,search_preview,소모임 규정 < 신입회원 필독>,https://cafe.daum.net/chunsa3/5siS/114
2752,noise,R01_REVIEWED_NOT_ABOUT_SOMOIM_APP,daum,search_preview,탈퇴 처리 되었어요.,https://cafe.daum.net/dddase/7iX/17942
2753,noise,R01_REVIEWED_NOT_ABOUT_SOMOIM_APP,daum,search_preview,F.S.K 소모임 방에 있는 글 퍼올립니다!!!(야간비행님 글입니다),https://cafe.daum.net/VIRUS/2F2H/1449
2754,noise,R01_REVIEWED_NOT_ABOUT_SOMOIM_APP,daum,search_preview,행정경찰학부 동아리( 소모임 ) 구성 및 등록신청 안내(구성원 필독),https://cafe.daum.net/Administration7/5or/2333
2755,noise,R01_REVIEWED_NOT_ABOUT_SOMOIM_APP,daum,search_preview,"[ 소모임 ]""패밀리 사진관""에서 회원분들께 스팸게시물 한판~!!",https://cafe.daum.net/familyld/Bb8/1397
2756,noise,R01_REVIEWED_NOT_ABOUT_SOMOIM_APP,daum,search_preview,Re:앞으로 20-30대를 위한 소모임 도 만들었으면 좋겠습니다.,https://cafe.daum.net/dailn/JQW/602
2757,noise,R01_REVIEWED_NOT_ABOUT_SOMOIM_APP,daum,search_preview,소모임 방에 대해서,https://cafe.daum.net/lott/eKY/8
2758,noise,R01_REVIEWED_NOT_ABOUT_SOMOIM_APP,daum,search_preview,소모임 폐쇄에 관하여...,https://cafe.daum.net/mshgood/TT9/481
2759,noise,R01_REVIEWED_NOT_ABOUT_SOMOIM_APP,daum,search_preview,[인천 소모임 ]에서 알려드립니다~,https://cafe.daum.net/coca486/2T26/1402
2760,noise,R01_REVIEWED_NOT_ABOUT_SOMOIM_APP,daum,search_preview,앞으로 20-30대를 위한 소모임 도 만들었으면 좋겠습니다.,https://cafe.daum.net/dailn/JQW/601
2761,noise,R01_REVIEWED_NOT_ABOUT_SOMOIM_APP,daum,search_preview,도사님이나 제이거 보십시오. 소모임 관련입니다.,https://cafe.daum.net/daeguinitiald/DaQL/5972
2762,noise,R01_REVIEWED_NOT_ABOUT_SOMOIM_APP,daum,search_preview,[통기타 소모임 ] 9/5 세번째 모임 후기,https://cafe.daum.net/femihealth/S2Cq/232
2763,noise,R01_REVIEWED_NOT_ABOUT_SOMOIM_APP,daum,search_preview,소모임 에서 알려드립니다..^^,https://cafe.daum.net/pinepeach/31QP/3997
2764,noise,R01_REVIEWED_NOT_ABOUT_SOMOIM_APP,daum,search_preview,봉사활동은 소모임 이 되어야합니다.,https://cafe.daum.net/siminyoo/6VMe/8823
2765,noise,R01_REVIEWED_NOT_ABOUT_SOMOIM_APP,daum,search_preview,"소모임 건의사항이요,",https://cafe.daum.net/humornara/2p2X/2968
2766,noise,R01_REVIEWED_NOT_ABOUT_SOMOIM_APP,daum,search_preview,"""인을"" 카페 안에 소모임 에 관하여...(필독)",https://cafe.daum.net/naegok12/46K2/2096
2767,noise,R01_REVIEWED_NOT_ABOUT_SOMOIM_APP,daum,search_preview,소모임 회원 정리와 관련한 글...,https://cafe.daum.net/gssbc/3OFw/12569
2768,noise,R01_REVIEWED_NOT_ABOUT_SOMOIM_APP,daum,search_preview,만화광님 소모임 과 2006년 카페단장,https://cafe.daum.net/jhdwow83/E3i9/710
2769,noise,R01_REVIEWED_NOT_ABOUT_SOMOIM_APP,daum,search_preview,영웅서버 거상의정석 상단원 및 소모임 회원 정리,https://cafe.daum.net/gersangtwo/4M7r/21045
2770,noise,R01_REVIEWED_NOT_ABOUT_SOMOIM_APP,daum,search_preview,기수별 소모임 폐쇄합니다...,https://cafe.daum.net/seoulgoOB/32f3/32
2771,noise,R01_REVIEWED_NOT_ABOUT_SOMOIM_APP,daum,search_preview,퇴마록 코스 소모임 개설!,https://cafe.daum.net/jangjunhoo/2AJN/4900
2772,noise,R01_REVIEWED_NOT_ABOUT_SOMOIM_APP,daum,search_preview,연극은 살아있따^^ 연극 소모임 이 시작되었습니다^^,https://cafe.daum.net/DJGIK/3dl/39392
2773,noise,R01_REVIEWED_NOT_ABOUT_SOMOIM_APP,daum,search_preview,2006년 9월17일부로 [ 소모임 (총각모임)]-폐쇄합니다!,https://cafe.daum.net/nhung/3t7s/262
2774,noise,R01_REVIEWED_NOT_ABOUT_SOMOIM_APP,daum,search_preview,[ 소모임 ] 버스트러커 클럽 가입 신청 폐쇄,https://cafe.daum.net/heavyvehicle/CiWE/1545
2775,noise,R01_REVIEWED_NOT_ABOUT_SOMOIM_APP,daum,search_preview,탈퇴 할 뻔 했어요ㅠㅠㅠ,https://cafe.daum.net/bluehawaii/5rgz/11643
2776,noise,R01_REVIEWED_NOT_ABOUT_SOMOIM_APP,daum,search_preview,상가 소모임 의 회원자격에 관한 문의,https://cafe.daum.net/jangshhouse/BCHF/364
2777,noise,R01_REVIEWED_NOT_ABOUT_SOMOIM_APP,daum,search_preview,소모임 규정 < 신입회원 필독>,https://cafe.daum.net/chunsa3/6fGc/14
2778,noise,R01_REVIEWED_NOT_ABOUT_SOMOIM_APP,daum,search_preview,시삽님 입금하신 분들과 저 소모임 이용할 수 있게 해주세요,https://cafe.daum.net/angelwk/IxmU/360
2779,noise,R01_REVIEWED_NOT_ABOUT_SOMOIM_APP,daum,search_preview,소모임 문제가 모두 해결되었습니다.,https://cafe.daum.net/sorasora/2dTE/49
2780,noise,R01_REVIEWED_NOT_ABOUT_SOMOIM_APP,daum,search_preview,소모임 바로 가기 안내,https://cafe.daum.net/chunsa7/42Xa/229
2781,noise,R01_REVIEWED_NOT_ABOUT_SOMOIM_APP,daum,search_preview,[ 소모임 ] 호스피스자원봉사자에 가입신청중인 분들께,https://cafe.daum.net/hospice4u/6YLz/209
2782,noise,R01_REVIEWED_NOT_ABOUT_SOMOIM_APP,daum,search_preview,워킹맘 소모임,https://cafe.daum.net/gumiagamom/Infe/24
2783,noise,R01_REVIEWED_NOT_ABOUT_SOMOIM_APP,daum,search_preview,Text Mail [ 소모임 ] 호스피스자원봉사자에 가입신청중인 분들께,https://cafe.daum.net/hospice4u/6YLz/215
2784,noise,R01_REVIEWED_NOT_ABOUT_SOMOIM_APP,daum,search_preview,RFID-TAS 소모임 쥔장입니다 가입하시고 의사표현이 없는 회원 강제 탈퇴 시킵니다.,https://cafe.daum.net/rfid/270X/545
2785,noise,R01_REVIEWED_NOT_ABOUT_SOMOIM_APP,daum,search_preview,소모임 회원님...,https://cafe.daum.net/bluequilt/G5PW/87
2786,noise,R01_REVIEWED_NOT_ABOUT_SOMOIM_APP,daum,search_preview,연극은 살아있따^^ 연극 소모임 이 시작되었습니다^^[재업],https://cafe.daum.net/DJGIK/3dl/39412
2787,noise,R01_REVIEWED_NOT_ABOUT_SOMOIM_APP,daum,search_preview,제6회 부동산 소모임 알림 및 참가 희망회원의 참가방법-- 7월 12일,https://cafe.daum.net/10in10gj/26p0/38
2788,noise,R01_REVIEWED_NOT_ABOUT_SOMOIM_APP,daum,search_preview,Re: 소모임 에 관하여..,https://cafe.daum.net/thinkfamily01/1sE9/65
2789,noise,R01_REVIEWED_NOT_ABOUT_SOMOIM_APP,daum,search_preview,헉 소모임 비상 -_-,https://cafe.daum.net/commouse/3FMZ/54982
2790,noise,R01_REVIEWED_NOT_ABOUT_SOMOIM_APP,daum,search_preview,소모임 에서 우수회원이 아닌 분들은 강제 탈퇴 시켰습니다,https://cafe.daum.net/forsd330/4ue0/1336
2791,noise,R01_REVIEWED_NOT_ABOUT_SOMOIM_APP,daum,search_preview,ㅠ_ㅠ 갑자기 유머나라 소모임 이 운영자 승인후 가입으로 바꼈어요~ 어제 닉넴 바꾸느라 탈퇴 했다가 가입했는데 운영자 확인받아야 하더라구요; ㅜ_ㅜ...,https://cafe.daum.net/humornara/2p2X/2979
2792,noise,R01_REVIEWED_NOT_ABOUT_SOMOIM_APP,daum,search_preview,카페내 소모임 으로 수석회가 만들어 졌습니다...,https://cafe.daum.net/jeju77dream/1IhZ/91
2793,noise,R01_REVIEWED_NOT_ABOUT_SOMOIM_APP,daum,search_preview,소모임 개편완료! <개편안내> - 마법부필독,https://cafe.daum.net/harryjjang1107/2Uhd/630
2794,noise,R01_REVIEWED_NOT_ABOUT_SOMOIM_APP,daum,search_preview,소모임 방 을 수정 했습니다...,https://cafe.daum.net/jungdawoonquilt/19QU/97
2795,noise,R01_REVIEWED_NOT_ABOUT_SOMOIM_APP,daum,search_preview,스터디 소모임 에 회원정리를 했습니다.,https://cafe.daum.net/weblogic/5RXp/272
2796,noise,R01_REVIEWED_NOT_ABOUT_SOMOIM_APP,daum,search_preview,소모임 운영자님. 언제까지 기다려요.,https://cafe.daum.net/humornara/2p2X/3180
2797,noise,R01_REVIEWED_NOT_ABOUT_SOMOIM_APP,daum,search_preview,선배님들.. 졸공 게시판 탈퇴 해 주세요... ^^,https://cafe.daum.net/swingfever/kLQ/3769
2798,noise,R01_REVIEWED_NOT_ABOUT_SOMOIM_APP,daum,search_preview,소모임 결정해주세요~~~~~~,https://cafe.daum.net/ggomjirock/5Xb/6273
2799,noise,R01_REVIEWED_NOT_ABOUT_SOMOIM_APP,daum,search_preview,"자문위원, 임원 소모임 방이 폐쇄되었습니다.",https://cafe.daum.net/hsfrs/Ad1Y/1020
2800,noise,R01_REVIEWED_NOT_ABOUT_SOMOIM_APP,daum,search_preview,소모임 방 폐쇄합니다.,https://cafe.daum.net/lott/60ms/2404
2801,noise,R01_REVIEWED_NOT_ABOUT_SOMOIM_APP,daum,search_preview,소모임 게시판 '승인대기' 라는 메시지 떠서 확인 안되는 정회원님들 보세요...,https://cafe.daum.net/angelwk/In5S/79
2802,noise,R01_REVIEWED_NOT_ABOUT_SOMOIM_APP,daum,search_preview,실수로 카페 탈퇴 를 누를 때....,https://cafe.daum.net/pornograffitti/87v7/4375
2803,noise,R01_REVIEWED_NOT_ABOUT_SOMOIM_APP,daum,search_preview,소모임 방에~~(운영진님~),https://cafe.daum.net/busanmam/6xKZ/3376
2804,noise,R01_REVIEWED_NOT_ABOUT_SOMOIM_APP,daum,search_preview,소모임 1차 회원정리 했습니다!!!,https://cafe.daum.net/lpdanceclub/GYrk/2016
2805,noise,R01_REVIEWED_NOT_ABOUT_SOMOIM_APP,daum,search_preview,케사모 소모임 폐쇄 합니다.,https://cafe.daum.net/Sword/55hL/82
2806,noise,R01_REVIEWED_NOT_ABOUT_SOMOIM_APP,daum,search_preview,Re: 소모임 방 개설건에 대해 안내드립니다.,https://cafe.daum.net/here21now/Kvre/6
2807,noise,R01_REVIEWED_NOT_ABOUT_SOMOIM_APP,daum,search_preview,3기 3반[0620-0700]2월10일 소모임 가입자현황입니다.,https://cafe.daum.net/morninghuman/Ngn1/228
2808,noise,R01_REVIEWED_NOT_ABOUT_SOMOIM_APP,daum,search_preview,연극은 살아있따^^ 연극 소모임 이 시작되었습니다^^,https://cafe.daum.net/DJGIK/3dl/39449
2809,noise,R01_REVIEWED_NOT_ABOUT_SOMOIM_APP,daum,search_preview,"소모임 (수도권)..이런 낭패가,,",https://cafe.daum.net/tico2ppa2/9It/14735
2810,noise,R01_REVIEWED_NOT_ABOUT_SOMOIM_APP,daum,search_preview,"나,코멘때 소모임 가입했는데..",https://cafe.daum.net/bananago/3wvV/6335
2811,noise,R01_REVIEWED_NOT_ABOUT_SOMOIM_APP,daum,search_preview,모르고 탈퇴 눌렀어요 ㅠ.ㅠ,https://cafe.daum.net/siuchun/2fBp/820
2812,noise,R01_REVIEWED_NOT_ABOUT_SOMOIM_APP,daum,search_preview,5기 온라인 스터디 팀이 아니신 분은 소모임 에서 제외됨을 말씀드립니다.,https://cafe.daum.net/withJava/OmGg/55
2813,noise,R01_REVIEWED_NOT_ABOUT_SOMOIM_APP,daum,search_preview,소모임 만들었습니다,https://cafe.daum.net/SAMKJKJ/Mkb/5657
2814,noise,R01_REVIEWED_NOT_ABOUT_SOMOIM_APP,daum,search_preview,오늘 드디어 소모임 에 가입하다!,https://cafe.daum.net/Alex/kas/1567
2815,noise,R01_REVIEWED_NOT_ABOUT_SOMOIM_APP,daum,search_preview,소모임 운영에 관해,https://cafe.daum.net/lightex/96M/7
2816,noise,R01_REVIEWED_NOT_ABOUT_SOMOIM_APP,daum,search_preview,Re:주식회사 소모임 가입 승인!!,https://cafe.daum.net/bwlee/DMHx/1492
2817,noise,R01_REVIEWED_NOT_ABOUT_SOMOIM_APP,daum,search_preview,현재 게임 소모임 관련 건의,https://cafe.daum.net/hardware/1HZ/2458
2818,noise,R01_REVIEWED_NOT_ABOUT_SOMOIM_APP,daum,search_preview,소모임 안돼.. ^^a,https://cafe.daum.net/jhjm0201/1lcx/269
2819,noise,R01_REVIEWED_NOT_ABOUT_SOMOIM_APP,daum,search_preview,소모임 양도? 및 폐쇄?,https://cafe.daum.net/Sword/55BK/34413
2820,noise,R01_REVIEWED_NOT_ABOUT_SOMOIM_APP,daum,search_preview,소모임 회원 정리,https://cafe.daum.net/chunsa3/69GX/543
2821,noise,R01_REVIEWED_NOT_ABOUT_SOMOIM_APP,daum,search_preview,소모임 에 사랑방이 열렸습니다. 참고 하세요^^,https://cafe.daum.net/hscitylove/3tmy/712
2822,noise,R01_REVIEWED_NOT_ABOUT_SOMOIM_APP,daum,search_preview,부산 금정구 회원 모두 탈퇴 합니다.,https://cafe.daum.net/atopy/7jd/10141
2823,noise,R01_REVIEWED_NOT_ABOUT_SOMOIM_APP,daum,search_preview,소모임 연구실 개편을 알려드립니다.,https://cafe.daum.net/drosera/Chl/49067
2824,noise,R01_REVIEWED_NOT_ABOUT_SOMOIM_APP,daum,search_preview,★필독★ 개인적인 여행객 모집행위 절대 금지 어기면 강제 탈퇴 입니다!,https://cafe.daum.net/orange3798/3CWX/9887
2825,noise,R01_REVIEWED_NOT_ABOUT_SOMOIM_APP,daum,search_preview,운영회칙 - 자전거와 파트너,https://cafe.daum.net/Parthers/iNpN/7
2826,noise,R01_REVIEWED_NOT_ABOUT_SOMOIM_APP,daum,search_preview,ㅋㅋㅋ 소모임 하나 더 만들어두 될까???,https://cafe.daum.net/jpnpusan/B4/22644
2827,noise,R01_REVIEWED_NOT_ABOUT_SOMOIM_APP,daum,search_preview,저기 기초반 동영상강의 소모임 이요;;,https://cafe.daum.net/Broun/F87n/1436
2828,noise,R01_REVIEWED_NOT_ABOUT_SOMOIM_APP,daum,search_preview,소모임 방 폐쇄가...,https://cafe.daum.net/lott/eKY/9
2829,noise,R01_REVIEWED_NOT_ABOUT_SOMOIM_APP,daum,search_preview,소모임 방의 텃 밭방은 이런 방 입니다,https://cafe.daum.net/morther/6Ij/11459
2830,noise,R01_REVIEWED_NOT_ABOUT_SOMOIM_APP,daum,search_preview,소모임 회원관리에 관해 알려드립니다.,https://cafe.daum.net/snowski/30mc/47
2831,noise,R01_REVIEWED_NOT_ABOUT_SOMOIM_APP,daum,search_preview,"스무 해 동안 아낌없이 사랑한, 안산여성노동자회의 대표 이현선을 만나다",https://cafe.daum.net/T.G./cjK2/79
2832,noise,R01_REVIEWED_NOT_ABOUT_SOMOIM_APP,daum,search_preview,카페 탈퇴 인사,https://cafe.daum.net/alsfree/H4Cn/36
2833,noise,R01_REVIEWED_NOT_ABOUT_SOMOIM_APP,daum,search_preview,새로운 서포트 소모임 을 개설했습니다.,https://cafe.daum.net/SeoINGUK/IPur/78
2834,noise,R01_REVIEWED_NOT_ABOUT_SOMOIM_APP,daum,search_preview,[공지] 오늘 아무 이유 없이 강제 탈퇴 당하신 분들을 보시거든..,https://cafe.daum.net/cbetataewoo/1mJd/6731
2835,noise,R01_REVIEWED_NOT_ABOUT_SOMOIM_APP,daum,search_preview,헉 제가 소모임 에 글이 안올려져요 -_-;;,https://cafe.daum.net/commouse/JzyD/362
2836,noise,R01_REVIEWED_NOT_ABOUT_SOMOIM_APP,daum,search_preview,흑 실수로 탈퇴 를...,https://cafe.daum.net/fpuser/DhiR/551
2837,noise,R01_REVIEWED_NOT_ABOUT_SOMOIM_APP,daum,search_preview,Re: 탈퇴 했다가 가입했다굽쇼?,https://cafe.daum.net/Alex/kas/1568
2838,noise,R01_REVIEWED_NOT_ABOUT_SOMOIM_APP,daum,search_preview,소모임 에 관하여..,https://cafe.daum.net/thinkfamily01/1sE9/64
2839,noise,R01_REVIEWED_NOT_ABOUT_SOMOIM_APP,daum,search_preview,강제 탈퇴 당했어여...,https://cafe.daum.net/SM5CLUB/2L2R/242
2840,noise,R01_REVIEWED_NOT_ABOUT_SOMOIM_APP,daum,search_preview,소모임 가입되신 분들 모두공개 해주세요,https://cafe.daum.net/hmrs/3T5y/595
2841,noise,R01_REVIEWED_NOT_ABOUT_SOMOIM_APP,daum,search_preview,Re: 소모임 가입된것 같은데 글쓰기가 안돼요.....ㅜㅜ,https://cafe.daum.net/basketman/Hcp/6014
2842,noise,R01_REVIEWED_NOT_ABOUT_SOMOIM_APP,daum,search_preview,"노브레이크 소모임 ""DancingWheel (춤추는바퀴) "" 황호림입니다..",https://cafe.daum.net/olpark/4Wjx/10006
2843,noise,R01_REVIEWED_NOT_ABOUT_SOMOIM_APP,daum,search_preview,소모임 댓글 회원 신청,https://cafe.daum.net/fumfum/6lOQ/139
2844,noise,R01_REVIEWED_NOT_ABOUT_SOMOIM_APP,daum,search_preview,지능별 프로젝트 소모임 방 활용하세요~,https://cafe.daum.net/fun-coedustudy/8jTM/54
2845,noise,R01_REVIEWED_NOT_ABOUT_SOMOIM_APP,daum,search_preview,소모임 토탈 까페를 만들었습니다.,https://cafe.daum.net/youth98/6UL/4718
2846,noise,R01_REVIEWED_NOT_ABOUT_SOMOIM_APP,daum,search_preview,일단 소모임 회원 가입 신청하신분은 다 해드리고는 있는데...,https://cafe.daum.net/genesis2w3x/MQoz/382
2847,noise,R01_REVIEWED_NOT_ABOUT_SOMOIM_APP,daum,search_preview,모든 소모임 회원분들께 알립니다,https://cafe.daum.net/tongbang/6xZ1/24422
2848,noise,R01_REVIEWED_NOT_ABOUT_SOMOIM_APP,daum,search_preview,소모임 76년생 용띠모임에서 올립니다.,https://cafe.daum.net/ElectricitY11/ier/648
2849,noise,R01_REVIEWED_NOT_ABOUT_SOMOIM_APP,daum,search_preview,RI 소모임 이 12월 31일 안에 폐쇄될 예정입니다. -폐쇄완료-,https://cafe.daum.net/SuperRadiation/5WLC/117
2850,noise,R01_REVIEWED_NOT_ABOUT_SOMOIM_APP,daum,search_preview,소모임 하나 만들었습니다..,https://cafe.daum.net/physicslove/87VN/3390
2851,noise,R01_REVIEWED_NOT_ABOUT_SOMOIM_APP,daum,search_preview,"Re:""천사선생님""이란 닉은 강제 탈퇴 시킨적이 없습니다",https://cafe.daum.net/kbogl/1y5/10438
2852,noise,R01_REVIEWED_NOT_ABOUT_SOMOIM_APP,daum,search_preview,글구 '우리말을 찾는 사람들' 소모임 두 개설 했습니다,https://cafe.daum.net/midist/JYK/6153
2853,noise,R01_REVIEWED_NOT_ABOUT_SOMOIM_APP,daum,search_preview,주식회사 소모임 가입 승인!!,https://cafe.daum.net/bwlee/DMHx/1490
2854,noise,R01_REVIEWED_NOT_ABOUT_SOMOIM_APP,daum,search_preview,그래서그대는♡님 죄송해요 소모임 관련으로..,https://cafe.daum.net/jhdwow83/E3i9/297
2855,noise,R01_REVIEWED_NOT_ABOUT_SOMOIM_APP,daum,search_preview,새내기때 대학 소모임 가입하자마자,https://cafe.daum.net/Tlwkftlqkftlldlqkf/919A/4188753
2856,noise,R01_REVIEWED_NOT_ABOUT_SOMOIM_APP,daum,search_preview,디테스 3기 알통반 강제 탈퇴 에 관한 공지~,https://cafe.daum.net/socso/7ytr/94
2857,noise,R01_REVIEWED_NOT_ABOUT_SOMOIM_APP,daum,search_preview,소모임 폐쇄,https://cafe.daum.net/lott/eKY/19
2858,noise,R01_REVIEWED_NOT_ABOUT_SOMOIM_APP,daum,search_preview,아직도 소모임 안들어가지는데....,https://cafe.daum.net/tico2ppa2/9It/15095
2859,noise,R01_REVIEWED_NOT_ABOUT_SOMOIM_APP,daum,search_preview,소모임 방...........,https://cafe.daum.net/dokebiclub/2fOX/4353
2860,noise,R01_REVIEWED_NOT_ABOUT_SOMOIM_APP,daum,search_preview,소모임 ...속털기...정리,https://cafe.daum.net/Japan4U/Pxi/1146
2861,noise,R01_REVIEWED_NOT_ABOUT_SOMOIM_APP,daum,search_preview,"소모임 운영자입니다,.",https://cafe.daum.net/military/1OB/19324
2862,noise,R01_REVIEWED_NOT_ABOUT_SOMOIM_APP,daum,search_preview,휴 탈퇴 한번 잘못눌렀다가 이게 뭔가 하네요 -ㅁ-,https://cafe.daum.net/humornara/38Vr/44128
2863,noise,R01_REVIEWED_NOT_ABOUT_SOMOIM_APP,daum,search_preview,릴릴리수염햏- 소모임 에서 닉 바꾸는법,https://cafe.daum.net/sloth/2KWv/469294
2864,noise,R01_REVIEWED_NOT_ABOUT_SOMOIM_APP,daum,search_preview,소모임 가입이 안돼요,https://cafe.daum.net/trajetxg/MHA1/2432
2865,noise,R01_REVIEWED_NOT_ABOUT_SOMOIM_APP,daum,search_preview,아이러브 스쿨 탈퇴 방법좀 알려주세요.,https://cafe.daum.net/ilovenba/34Xk/84826
2866,noise,R01_REVIEWED_NOT_ABOUT_SOMOIM_APP,daum,search_preview,"소모임 ""온실""을 클릭하니 다음과 같은 메세지가 뜨네요..",https://cafe.daum.net/artdh/QQs/2720
2867,noise,R01_REVIEWED_NOT_ABOUT_SOMOIM_APP,daum,search_preview,소모임 [불꽃밴드] 회원님!!!!,https://cafe.daum.net/iskra108/G7sa/135
2868,noise,R01_REVIEWED_NOT_ABOUT_SOMOIM_APP,daum,search_preview,저 탈퇴 할께요 ..,https://cafe.daum.net/ClaNSsIR/MHCa/2204
2869,noise,R01_REVIEWED_NOT_ABOUT_SOMOIM_APP,daum,search_preview,앙~~ 소모임 에서 잘렸어요..ㅠ.ㅠ,https://cafe.daum.net/cosmos/r2/31873
2870,noise,R01_REVIEWED_NOT_ABOUT_SOMOIM_APP,daum,search_preview,탈퇴 합니다... 아쉽지만..,https://cafe.daum.net/topguitarist/CVqc/4673
2871,noise,R01_REVIEWED_NOT_ABOUT_SOMOIM_APP,daum,search_preview,소모임 접근거부 좀 해결해 주세요...-.-,https://cafe.daum.net/trajetxg/MHA1/2072
2872,noise,R01_REVIEWED_NOT_ABOUT_SOMOIM_APP,daum,search_preview,현재 소모임 은 개방인줄..,https://cafe.daum.net/cosmos/r2/37851
2873,noise,R01_REVIEWED_NOT_ABOUT_SOMOIM_APP,daum,search_preview,개별적인 별도의 모임( 소모임 ),https://cafe.daum.net/aminsnow/3syo/455
2874,noise,R01_REVIEWED_NOT_ABOUT_SOMOIM_APP,daum,search_preview,회원 탈퇴 목록 저장,https://cafe.daum.net/dangjin/2xRW/445
2875,noise,R01_REVIEWED_NOT_ABOUT_SOMOIM_APP,daum,search_preview,궁금한게 있는데요.... 소모임 에 대하여.....,https://cafe.daum.net/cosmos/r2/43330
2876,noise,R01_REVIEWED_NOT_ABOUT_SOMOIM_APP,daum,search_preview,소모임 가입시켜주세요,https://cafe.daum.net/kgedu/E8NB/1083
2877,noise,R01_REVIEWED_NOT_ABOUT_SOMOIM_APP,daum,search_preview,[척풍] 소모임 방이,https://cafe.daum.net/pinbreaker/73dE/7170
2878,noise,R01_REVIEWED_NOT_ABOUT_SOMOIM_APP,daum,search_preview,벌써 몇달째 소모임 가입 결정중?,https://cafe.daum.net/2025jubu/FL8/16905
2879,noise,R01_REVIEWED_NOT_ABOUT_SOMOIM_APP,daum,search_preview,거상매니아 소모임 아직 살아있는데..,https://cafe.daum.net/gersangtwo/4M7r/691
2880,noise,R01_REVIEWED_NOT_ABOUT_SOMOIM_APP,daum,search_preview,소모임 에 관해,https://cafe.daum.net/donghalove012/9uJO/2771
2881,noise,R01_REVIEWED_NOT_ABOUT_SOMOIM_APP,daum,search_preview,탈퇴 ...,https://cafe.daum.net/yyjbest/1tUu/457
2882,noise,R01_REVIEWED_NOT_ABOUT_SOMOIM_APP,daum,search_preview,여자전용 소모임 폭파,https://cafe.daum.net/tongbang/6xZ1/20982
2883,noise,R01_REVIEWED_NOT_ABOUT_SOMOIM_APP,daum,search_preview,상승 패밀리.. 소모임 만들라니까요..,https://cafe.daum.net/SATkorea/Mqb/9160
2884,noise,R01_REVIEWED_NOT_ABOUT_SOMOIM_APP,daum,search_preview,저..강제 탈퇴 되었데요....,https://cafe.daum.net/artdh/QQs/2733
2885,noise,R01_REVIEWED_NOT_ABOUT_SOMOIM_APP,daum,search_preview,"엽기브로님, 그리고 다른 20대 모임에서 탈퇴 되신분들 보시길..",https://cafe.daum.net/nyc/7mT/2005
2886,noise,R01_REVIEWED_NOT_ABOUT_SOMOIM_APP,daum,search_preview,소모임 안된다구 6번정도 말했는데..,https://cafe.daum.net/Zelda3/F6Me/2940
2887,noise,R01_REVIEWED_NOT_ABOUT_SOMOIM_APP,daum,search_preview,"산타-U 회원 명단 ( 가입, 탈퇴 )",https://cafe.daum.net/3040yourspace/JGIW/95
2888,noise,R01_REVIEWED_NOT_ABOUT_SOMOIM_APP,daum,search_preview,실수로 카폐 탈퇴 가 되였어요,https://cafe.daum.net/cock/OuB/1222
2889,noise,R01_REVIEWED_NOT_ABOUT_SOMOIM_APP,daum,search_preview,"산타-U 회원 명단 ( 가입, 탈퇴 )",https://cafe.daum.net/3040yourspace/JGIW/595
2890,noise,R01_REVIEWED_NOT_ABOUT_SOMOIM_APP,daum,search_preview,탈퇴 신청합니다.,https://cafe.daum.net/3040yourspace/NTk9/38
2891,noise,R01_REVIEWED_NOT_ABOUT_SOMOIM_APP,daum,search_preview,"[회칙 재수정안] 바쁘게 올려서 허접하네요. 탈퇴 및 징계의 장은 맨 뒤로 위치시켰고, 몇개 장이 추가되었습니다... 댓글 마니 달아주세요.",https://cafe.daum.net/ckzkstmzl/B17X/16
2892,noise,R01_REVIEWED_NOT_ABOUT_SOMOIM_APP,daum,search_preview,57꼬들의 아름다운비상 회칙(2026.5.8개정),https://cafe.daum.net/koko57/7cEE/14
2893,noise,R01_REVIEWED_NOT_ABOUT_SOMOIM_APP,daum,search_preview,"카페지기,운영진에게 건의,문의합니다",https://cafe.daum.net/meondong17/8bpj/655
2894,noise,R01_REVIEWED_NOT_ABOUT_SOMOIM_APP,daum,search_preview,소모임 삭제건(이런 배경이 있었습니다),https://cafe.daum.net/ulsanroom/4a15/8281
2895,noise,R01_REVIEWED_NOT_ABOUT_SOMOIM_APP,daum,search_preview,*** 마닐라 시티헌터(테마 소모임 카페) 발족 안내입니다 ***(수정),https://cafe.daum.net/magandaland/5DKf/2235
2896,noise,R01_REVIEWED_NOT_ABOUT_SOMOIM_APP,daum,search_preview,(필독)산타-U 소모임 규정,https://cafe.daum.net/3040yourspace/JGIW/596
2897,noise,R01_REVIEWED_NOT_ABOUT_SOMOIM_APP,daum,search_preview,2026년 회칙 (2026년 3월 개정),https://cafe.daum.net/pinbreaker/7nbf/440
2898,noise,R01_REVIEWED_NOT_ABOUT_SOMOIM_APP,daum,search_preview,박준석과 박병희는 거짓으로 진실을 덮으려는 시도를 그만두라,https://cafe.daum.net/sd-ah/cRG9/8
2899,noise,R01_REVIEWED_NOT_ABOUT_SOMOIM_APP,daum,search_preview,정든 합창단을 떠나며(단원 김상식의 고별사),https://cafe.daum.net/sd-ah/cRG9/7
2900,noise,R01_REVIEWED_NOT_ABOUT_SOMOIM_APP,daum,search_preview,소모임,https://cafe.daum.net/busanmam/6xKZ/55355
2901,noise,R01_REVIEWED_NOT_ABOUT_SOMOIM_APP,daum,search_preview,<3월 23일 금요일>두피 관리 소모임 교육안내,https://cafe.daum.net/hairshop/5cJV/180
2902,noise,R01_REVIEWED_NOT_ABOUT_SOMOIM_APP,daum,search_preview,＜음악 소모임 네번째 헤비 메탈!＞,https://cafe.daum.net/freegamedown/MLaT/15
2903,noise,R01_REVIEWED_NOT_ABOUT_SOMOIM_APP,daum,search_preview,회 칙 (2026년 1월5일 부분개정및 정리),https://cafe.daum.net/insamarun/LApD/15
2904,noise,R01_REVIEWED_NOT_ABOUT_SOMOIM_APP,daum,search_preview,서정문학 작가회 회칙( 2026년 1월 24일 부분 개정),https://cafe.daum.net/seojungmunhak/CwwQ/51
2905,noise,R01_REVIEWED_NOT_ABOUT_SOMOIM_APP,daum,search_preview,소모임 사건의 경과설명,https://cafe.daum.net/qingdaokorean/Cz1n/13
2906,noise,R01_REVIEWED_NOT_ABOUT_SOMOIM_APP,daum,search_preview,235 소모임 만들기,https://cafe.daum.net/gilson638/IDtj/85
2907,noise,R01_REVIEWED_NOT_ABOUT_SOMOIM_APP,daum,search_preview,"서,경 도우미 및 소모임 임원 토론회 (2월 2일 월요일)결과",https://cafe.daum.net/54mal/GaDr/35243
2908,noise,R01_REVIEWED_NOT_ABOUT_SOMOIM_APP,daum,search_preview,[봉친스와 경기북부 소모임 - 뺄셈사고방식은 멈춰야 !!!],https://cafe.daum.net/yogicflying/KNPE/3205
2909,noise,R01_REVIEWED_NOT_ABOUT_SOMOIM_APP,daum,search_preview,[모집공고] 소모임 한글필사방 회원을 추가 모집합니다.,https://cafe.daum.net/livingbytrans/1mlW/1477
2910,noise,R01_REVIEWED_NOT_ABOUT_SOMOIM_APP,daum,search_preview,금요일날 우리 쏠로부대 소모임 개설! ㅋㅋ 그리고.. 요새 참..,https://cafe.daum.net/good2ban/1Wt/25934
2911,noise,R01_REVIEWED_NOT_ABOUT_SOMOIM_APP,daum,search_preview,소모임,https://cafe.daum.net/aein2/F9ii/106
2912,noise,R01_REVIEWED_NOT_ABOUT_SOMOIM_APP,daum,search_preview,235 소모임,https://cafe.daum.net/aein2/KveD/59
2913,noise,R01_REVIEWED_NOT_ABOUT_SOMOIM_APP,daum,search_preview,2014.08.08 소모임지기회의 후기 ( 소모임 의 날 기획회의 2차),https://cafe.daum.net/femihealth/S2Cq/1207
2914,noise,R01_REVIEWED_NOT_ABOUT_SOMOIM_APP,daum,search_preview,"9월4일(일)탁구,배드민턴 운동 소모임 결산",https://cafe.daum.net/032plus/RdxR/48
2915,noise,R01_REVIEWED_NOT_ABOUT_SOMOIM_APP,daum,search_preview,2011. 9.16. 무지개 소모임 회의록,https://cafe.daum.net/ntnmtown/Q8P4/22
2916,noise,R02_DUPLICATE_OF_394,daum,search_preview,친구 사귀는데 소모임 어플 좋다해서 가입했다가 대략 15번 정도 당황한 썰,https://cafe.daum.net/Leeandsung/EjUe/374089
2917,noise,R01_REVIEWED_NOT_ABOUT_SOMOIM_APP,daum,search_preview,일상탈출카페 대전충남 소모임 2008년 팀장소개와 회칙,https://cafe.daum.net/trip7788/LUcf/5115
2918,noise,R01_REVIEWED_NOT_ABOUT_SOMOIM_APP,daum,search_preview,블랙랙 자료실 소모임 방,https://cafe.daum.net/sosgosos/KOkT/21
2919,noise,R01_REVIEWED_NOT_ABOUT_SOMOIM_APP,daum,search_preview,밴드/ 소모임 ??,https://cafe.daum.net/singleleisure/GIpC/657
2920,noise,R01_REVIEWED_NOT_ABOUT_SOMOIM_APP,daum,search_preview,노인수발보험제도 소모임 을 제안 합니다!!^^*,https://cafe.daum.net/ewelfare/24PP/6227
2921,noise,R01_REVIEWED_NOT_ABOUT_SOMOIM_APP,daum,search_preview,소모임 방에 동영상 복구하고 있어요.,https://cafe.daum.net/leeju9009/GYNc/18714
2922,noise,R01_REVIEWED_NOT_ABOUT_SOMOIM_APP,daum,search_preview,＜음악 소모임 마지막회ㅜ Music&Farewell＞,https://cafe.daum.net/freegamedown/MLaT/18
2923,noise,R01_REVIEWED_NOT_ABOUT_SOMOIM_APP,daum,search_preview,[모집공고] 소모임 '한글필사방' 회원 모집 - (마감했습니다),https://cafe.daum.net/livingbytrans/1mlW/1690
2924,noise,R01_REVIEWED_NOT_ABOUT_SOMOIM_APP,daum,search_preview,Re: 소모임,https://cafe.daum.net/translation/Qqc/6291
2925,noise,R01_REVIEWED_NOT_ABOUT_SOMOIM_APP,daum,search_preview,부테크 소모임 활동 소개,https://cafe.daum.net/butake/1BYb/964
2926,noise,R01_REVIEWED_NOT_ABOUT_SOMOIM_APP,daum,search_preview,하늘이님 탈퇴 에 대해 울님들께 부탁 드립니다.,https://cafe.daum.net/forget7me9not/6RBQ/10698
2927,noise,R01_REVIEWED_NOT_ABOUT_SOMOIM_APP,daum,search_preview,Re: 소모임 삭제 건에 대하여~!,https://cafe.daum.net/ulsanroom/4a15/8283
2928,noise,R01_REVIEWED_NOT_ABOUT_SOMOIM_APP,daum,search_preview,소모임,https://cafe.daum.net/translation/Qqc/6287
2929,noise,R01_REVIEWED_NOT_ABOUT_SOMOIM_APP,daum,search_preview,손도끼 관련 소모임 에서 글 올라왔네요,https://cafe.daum.net/rocksoccer/ADs2/258925
2930,noise,R01_REVIEWED_NOT_ABOUT_SOMOIM_APP,daum,search_preview,미소의 소모임 폐해의 역사/운영진의 무원칙에 대하여.,https://cafe.daum.net/singleleisure/GIpC/658
2931,noise,R01_REVIEWED_NOT_ABOUT_SOMOIM_APP,daum,search_preview,*** 독서 소모임 생강스 회칙 ***,https://cafe.daum.net/yogicflying/Rpv7/169
2932,noise,R01_REVIEWED_NOT_ABOUT_SOMOIM_APP,daum,search_preview,[모집공고] 한글 필사방 소모임 회원 모집합니다-마감되었습니다.,https://cafe.daum.net/livingbytrans/1mlW/1658
2933,noise,R01_REVIEWED_NOT_ABOUT_SOMOIM_APP,daum,search_preview,소모임 이 왜 없어졌죠?,https://cafe.daum.net/forjournalists/DY4T/26022
2934,noise,R01_REVIEWED_NOT_ABOUT_SOMOIM_APP,daum,search_preview,부산 소모임 &여행 함께할 인연 모집합니다. 잘읽어주시면 감사하겠습니다.,https://cafe.daum.net/busanc/IzEp/1034
2935,noise,R01_REVIEWED_NOT_ABOUT_SOMOIM_APP,daum,search_preview,[모집] 소모임 필사그룹 회원 모집합니다.,https://cafe.daum.net/livingbytrans/1mlW/1391
2936,noise,R01_REVIEWED_NOT_ABOUT_SOMOIM_APP,daum,search_preview,어번모 탈퇴 의 변(辯),https://cafe.daum.net/childbooks/32ev/684
2937,noise,R01_REVIEWED_NOT_ABOUT_SOMOIM_APP,daum,search_preview,소모임 - 정보공개 2단계(필독!!),https://cafe.daum.net/gajunggwa/LkF/2407
2938,noise,R01_REVIEWED_NOT_ABOUT_SOMOIM_APP,daum,search_preview,[ 소모임 ] 안내 ㅋㅋ~ (궁금해하는분들이 많아서리~ ^^),https://cafe.daum.net/mogulski/CEYt/6177
2939,noise,R01_REVIEWED_NOT_ABOUT_SOMOIM_APP,daum,search_preview,골프 소모임 회원님들께,https://cafe.daum.net/3040yourspace/JDtw/1434
2940,noise,R01_REVIEWED_NOT_ABOUT_SOMOIM_APP,daum,search_preview,[모집공고] 소모임 한글 필사방 회원 모집합니다-마감되었습니다.,https://cafe.daum.net/livingbytrans/1mlW/1597
2941,noise,R01_REVIEWED_NOT_ABOUT_SOMOIM_APP,daum,search_preview,소모임 운영건입니다...,https://cafe.daum.net/lions17/Ci/35033
2942,noise,R01_REVIEWED_NOT_ABOUT_SOMOIM_APP,daum,search_preview,참 욕도 아까운 인간 .. 탈퇴 한지 30분이나..됐냐? 위크앤드야,https://cafe.daum.net/stopcjd/c2f/158
2943,noise,R01_REVIEWED_NOT_ABOUT_SOMOIM_APP,daum,search_preview,볼링 소모임 폐쇄 안내,https://cafe.daum.net/isan123/hp/48281
2944,noise,R01_REVIEWED_NOT_ABOUT_SOMOIM_APP,daum,search_preview,공연 소모임 게시판 퇴실 부탁드립니다.,https://cafe.daum.net/swingfever/kLQ/5786
2945,noise,R01_REVIEWED_NOT_ABOUT_SOMOIM_APP,daum,search_preview,광천사 복귀입니다. 그리고 카페 소모임 에 대한것입니다.,https://cafe.daum.net/Sword/55BK/11272
2946,noise,R01_REVIEWED_NOT_ABOUT_SOMOIM_APP,daum,search_preview,필독!!! 123 F.C(축구 소모임 )클럽 회칙,https://cafe.daum.net/isan123/4eZO/81
2947,noise,R01_REVIEWED_NOT_ABOUT_SOMOIM_APP,daum,search_preview,소모임 (구사모)의 정식명칭 공모& 모임에서 하고자하는일(가입전 필독),https://cafe.daum.net/999horse/GVko/7031
2948,noise,R01_REVIEWED_NOT_ABOUT_SOMOIM_APP,daum,search_preview,[모집 공고] 소모임 한글필사방 회원 모집합니다.,https://cafe.daum.net/livingbytrans/1mlW/1434
2949,noise,R01_REVIEWED_NOT_ABOUT_SOMOIM_APP,daum,search_preview,F.S.K 소모임 관련한 팀장 의견입니다!!!,https://cafe.daum.net/VIRUS/2F2H/1453
2950,noise,R01_REVIEWED_NOT_ABOUT_SOMOIM_APP,daum,search_preview,소모임 운영에 관하여..,https://cafe.daum.net/lovegyodong/H1Ki/131
2951,noise,R01_REVIEWED_NOT_ABOUT_SOMOIM_APP,daum,search_preview,소모임 관련,https://cafe.daum.net/gmmom/JsGW/2114
2952,noise,R01_REVIEWED_NOT_ABOUT_SOMOIM_APP,daum,search_preview,소모임 창- 자체가 없어졌읍니다,https://cafe.daum.net/gelsang206/2JmM/555
2953,noise,R01_REVIEWED_NOT_ABOUT_SOMOIM_APP,daum,search_preview,소모임 자료실 등업에 관하여.....,https://cafe.daum.net/Yulbang/HMd4/446
2954,noise,R01_REVIEWED_NOT_ABOUT_SOMOIM_APP,daum,search_preview,첫번째 소모임 ...,https://cafe.daum.net/nasanlove/6YEm/136
2955,noise,R01_REVIEWED_NOT_ABOUT_SOMOIM_APP,daum,search_preview,나 나이어린데 소모임 하는데,https://cafe.daum.net/ok1221/8lcX/91147866
2956,noise,R01_REVIEWED_NOT_ABOUT_SOMOIM_APP,daum,search_preview,(공모) 자선 소모임 이름,https://cafe.daum.net/singlemt/G1qi/1770
2957,noise,R01_REVIEWED_NOT_ABOUT_SOMOIM_APP,daum,search_preview,소비자 (가입자) 소모임 을 만들어서 집중 공략합시다.,https://cafe.daum.net/stopcjd/bi0/395
2958,noise,R01_REVIEWED_NOT_ABOUT_SOMOIM_APP,daum,search_preview,비공식 소모임 '토파즈'출범,https://cafe.daum.net/hula/2udZ/13652
2959,noise,R01_REVIEWED_NOT_ABOUT_SOMOIM_APP,daum,search_preview,카페팀 생성 조건 변경 [ 소모임 ],https://cafe.daum.net/kart119/tty/701
2960,noise,R01_REVIEWED_NOT_ABOUT_SOMOIM_APP,daum,search_preview,소모임 운영 건...,https://cafe.daum.net/openphotospace/Dj4W/6822
2961,noise,R01_REVIEWED_NOT_ABOUT_SOMOIM_APP,daum,search_preview,Re: 소모임 실명제,https://cafe.daum.net/tico2ppa2/9It/14405
2962,noise,R01_REVIEWED_NOT_ABOUT_SOMOIM_APP,daum,search_preview,나르샤를 탈퇴 했습니다.,https://cafe.daum.net/WorldcupLove/R6/323268
2963,noise,R01_REVIEWED_NOT_ABOUT_SOMOIM_APP,daum,search_preview,골프 소모임 방,https://cafe.daum.net/jun3319krr/JqPl/7
2964,noise,R01_REVIEWED_NOT_ABOUT_SOMOIM_APP,daum,search_preview,7월13일(수) 소모임 운영 관련 대표자 회의 회의록,https://cafe.daum.net/enjoyinline/4Gu7/518
2965,noise,R01_REVIEWED_NOT_ABOUT_SOMOIM_APP,daum,search_preview,지방 소모임,https://cafe.daum.net/microbrewery/Gm5l/173
2966,noise,R01_REVIEWED_NOT_ABOUT_SOMOIM_APP,daum,search_preview,부산한뫼 내에 있는 갖가지 소모임 들.... 그실체를 파헤쳐보자,https://cafe.daum.net/samulnori/2fF/7654
2967,noise,R01_REVIEWED_NOT_ABOUT_SOMOIM_APP,daum,search_preview,소모임 회원모집 공고,https://cafe.daum.net/lions17/Ci/34773
2968,noise,R01_REVIEWED_NOT_ABOUT_SOMOIM_APP,daum,search_preview,내일부터.. 소모임 개방합니다!,https://cafe.daum.net/minatt7/DWvv/612
2969,noise,R01_REVIEWED_NOT_ABOUT_SOMOIM_APP,daum,search_preview,소모임 [♬ 歌 加 MeL ♬] 폐쇄 및 재 개설 안내,https://cafe.daum.net/jtp/8BeM/117
2970,noise,R01_REVIEWED_NOT_ABOUT_SOMOIM_APP,daum,search_preview,친목 소모임 두번째 가입했는데 뭔가,https://cafe.daum.net/ok1221/8lcX/91120999
2971,noise,R01_REVIEWED_NOT_ABOUT_SOMOIM_APP,daum,search_preview,손도끼 관련 소모임 에서 글 올라왔네요,https://cafe.daum.net/CM3Korea/2HOm/332557
2972,noise,R01_REVIEWED_NOT_ABOUT_SOMOIM_APP,daum,search_preview,소모임 에 가입하신 회원님들...꼭 보세요,https://cafe.daum.net/Trucks040808/1psH/13491
2973,noise,R01_REVIEWED_NOT_ABOUT_SOMOIM_APP,daum,search_preview,소모임 오픈(열혈DSLR) - 사진에 관심있는 회원 모임,https://cafe.daum.net/hotbloodbadminton/1IGS/43
2974,noise,R01_REVIEWED_NOT_ABOUT_SOMOIM_APP,daum,search_preview,사랑채 소모임 전환건,https://cafe.daum.net/lions17/Ci/33344
2975,noise,R01_REVIEWED_NOT_ABOUT_SOMOIM_APP,daum,search_preview,소모임 게시판 개편에 대한 안내,https://cafe.daum.net/4446/O7F/12814
2976,noise,R01_REVIEWED_NOT_ABOUT_SOMOIM_APP,daum,search_preview,드디어 단체티 확정및 4회 월례회 소모임 개최!!!!,https://cafe.daum.net/3040yourspace/JGIV/194
2977,noise,R01_REVIEWED_NOT_ABOUT_SOMOIM_APP,daum,search_preview,지역게시판 소모임 으로 전환예정!,https://cafe.daum.net/maksim/DwBj/100
2978,noise,R01_REVIEWED_NOT_ABOUT_SOMOIM_APP,daum,search_preview,자진 탈퇴 권고,https://cafe.daum.net/jeon-woo/Iiod/19
2979,noise,R01_REVIEWED_NOT_ABOUT_SOMOIM_APP,daum,search_preview,대구지역 소모임 개설승인입니다. 다음 사항을 제출해주시기 바랍니다.,https://cafe.daum.net/magin/JUX/19091
2980,noise,R01_REVIEWED_NOT_ABOUT_SOMOIM_APP,daum,search_preview,성인글. 광고성글// 소모임 에 관하여,https://cafe.daum.net/hpmusical/5E7P/34
2981,noise,R01_REVIEWED_NOT_ABOUT_SOMOIM_APP,daum,search_preview,이젠다른 소모임 을...,https://cafe.daum.net/lg/3DZ/4444
2982,noise,R01_REVIEWED_NOT_ABOUT_SOMOIM_APP,daum,search_preview,소모임 방을 비웁니다 [교육위원회],https://cafe.daum.net/imuseum/fa2/5287
2983,noise,R01_REVIEWED_NOT_ABOUT_SOMOIM_APP,daum,search_preview,Re: 소모임 결성 승인 요청의 마지막 부연 설명입니다...,https://cafe.daum.net/artt/L07Z/379
2984,noise,R01_REVIEWED_NOT_ABOUT_SOMOIM_APP,daum,search_preview,소모임 서울 문화의 밤_서울오프너 가입에 관하여,https://cafe.daum.net/ideamasters/6tbG/138
2985,noise,R01_REVIEWED_NOT_ABOUT_SOMOIM_APP,daum,search_preview,대학교 소모임 ...,https://cafe.daum.net/WorldcupLove/IC6M/3147390
2986,noise,R01_REVIEWED_NOT_ABOUT_SOMOIM_APP,daum,search_preview,전남/제주 회원님들 [필독.!!!!] 소모임 새로개설,https://cafe.daum.net/trajetxg/MHA1/9385
2987,noise,R01_REVIEWED_NOT_ABOUT_SOMOIM_APP,daum,search_preview,Re: 소모임 은!!!!!!,https://cafe.daum.net/streetart/Pgz/3108
2988,noise,R01_REVIEWED_NOT_ABOUT_SOMOIM_APP,daum,search_preview,부산 소모임 ^ ^! 함께 하실분 모집합니다 !!,https://cafe.daum.net/busanc/IzEp/945
2989,noise,R01_REVIEWED_NOT_ABOUT_SOMOIM_APP,daum,search_preview,Re:Re: 소모임 회원관리 요령,https://cafe.daum.net/promonitor/ELN/3097
2990,noise,R01_REVIEWED_NOT_ABOUT_SOMOIM_APP,daum,search_preview,소모임 게시판을 활용해주세요.,https://cafe.daum.net/microbrewery/Gm5l/4234
2991,noise,R01_REVIEWED_NOT_ABOUT_SOMOIM_APP,daum,search_preview,아직까지 소모임 에 회원신청 안한 분이 계십니다.,https://cafe.daum.net/edeveloper/2uZn/351
2992,noise,R01_REVIEWED_NOT_ABOUT_SOMOIM_APP,daum,search_preview,소모임 회원 정리 있었습니다,https://cafe.daum.net/gssbc/3OFw/12958
2993,noise,R01_REVIEWED_NOT_ABOUT_SOMOIM_APP,daum,search_preview,소모임 회원분들께 알립니다.,https://cafe.daum.net/SeoINGUK/IPur/144
2994,noise,R01_REVIEWED_NOT_ABOUT_SOMOIM_APP,daum,search_preview,소모임 의 배낭 맨 이브,https://cafe.daum.net/owtm/20dm/87
2995,noise,R01_REVIEWED_NOT_ABOUT_SOMOIM_APP,daum,search_preview,사진&맛집- 소모임 회칙,https://cafe.daum.net/ynboard/JnlR/135
2996,noise,R01_REVIEWED_NOT_ABOUT_SOMOIM_APP,daum,search_preview,부산 소모임 및 여행모임 ^.^ ! 인원8명 보충합니다.,https://cafe.daum.net/busanc/IzEp/1023
2997,noise,R01_REVIEWED_NOT_ABOUT_SOMOIM_APP,daum,search_preview,필독!!! 일이삼 F.C 클럽 (축구 소모임 ) 회칙,https://cafe.daum.net/isan123/4eZO/483
2998,noise,R01_REVIEWED_NOT_ABOUT_SOMOIM_APP,daum,search_preview,인라인 소모임 후기,https://cafe.daum.net/aminsnow/8eLN/6186
2999,noise,R01_REVIEWED_NOT_ABOUT_SOMOIM_APP,daum,search_preview,Re:강제 탈퇴 ....,https://cafe.daum.net/balloon/2zws/9789
3000,noise,R01_REVIEWED_NOT_ABOUT_SOMOIM_APP,daum,search_preview,▶ 수도권 ＠ 강원도 ◀ 소모임 에서....,https://cafe.daum.net/tico2ppa2/9It/14567
3001,noise,R01_REVIEWED_NOT_ABOUT_SOMOIM_APP,daum,search_preview,경북북부아동보호전문기관 신규 직원(신규 및 경력직) 채용 공고,https://cafe.daum.net/socw97/PL6B/2943
3002,noise,R01_REVIEWED_NOT_ABOUT_SOMOIM_APP,daum,search_preview,카페 소모임 승인 규정,https://cafe.daum.net/bmc13/3t6M/78
3003,noise,R01_REVIEWED_NOT_ABOUT_SOMOIM_APP,daum,search_preview,여성 소모임 운영진건.,https://cafe.daum.net/devilnevercry/1LGG/549
3004,noise,R01_REVIEWED_NOT_ABOUT_SOMOIM_APP,daum,search_preview,5개월차 서울 카톡 소모임 새로운 친구 모십니다 ^^,https://cafe.daum.net/trip7788/TMR/13677
3005,noise,R01_REVIEWED_NOT_ABOUT_SOMOIM_APP,daum,search_preview,소모임 회칙,https://cafe.daum.net/sinbisolsanbang/RGan/86
3006,noise,R01_REVIEWED_NOT_ABOUT_SOMOIM_APP,daum,search_preview,Re: 소모임 에 관해서..,https://cafe.daum.net/acnecafe/19xD/7245
3007,noise,R01_REVIEWED_NOT_ABOUT_SOMOIM_APP,daum,search_preview,ㅎ2오래만감 탈퇴 문 하나 쓰고감.......안녕ㅋㅋ..잘지내,https://cafe.daum.net/2PMisdie/8te9/45437
3008,noise,R01_REVIEWED_NOT_ABOUT_SOMOIM_APP,daum,search_preview,경상도모임 타생지연에서 함꼐 할 가족 모집합니다 ^ ^! 소모임 or먹방or여행 !! 인원 !!,https://cafe.daum.net/busanc/IzEp/933
3009,noise,R01_REVIEWED_NOT_ABOUT_SOMOIM_APP,daum,search_preview,토이가게님의 글을 Secret Garden으로 옮기고 강제 탈퇴 조치합니다.,https://cafe.daum.net/edugo/9G2B/21210
3010,noise,R01_REVIEWED_NOT_ABOUT_SOMOIM_APP,daum,search_preview,소모임 회원이시던 분들 봐주세요!!,https://cafe.daum.net/psychoanalysis/8jq/6454
3011,noise,R01_REVIEWED_NOT_ABOUT_SOMOIM_APP,daum,search_preview,소모임 개설에 관해,https://cafe.daum.net/DMenter/7OfS/209
3012,noise,R01_REVIEWED_NOT_ABOUT_SOMOIM_APP,daum,search_preview,Re:Re:Re: 소모임 '공항신도시아지메덜'회원 자격,https://cafe.daum.net/iianewtown/63JU/618
3013,noise,R01_REVIEWED_NOT_ABOUT_SOMOIM_APP,daum,search_preview,"[ 소모임 ]""하늘이야기"" 1차 회원 정리",https://cafe.daum.net/cosmos/r2/49056
3014,noise,R01_REVIEWED_NOT_ABOUT_SOMOIM_APP,daum,search_preview,소모임 크루세이더 폐쇄 안내.,https://cafe.daum.net/Europa/1AT/1352
3015,noise,R01_REVIEWED_NOT_ABOUT_SOMOIM_APP,daum,search_preview,아직까지 소모임 에 회원신청 안한 분이 계십니다.,https://cafe.daum.net/edeveloper/M3Pg/2171
3016,noise,R01_REVIEWED_NOT_ABOUT_SOMOIM_APP,daum,search_preview,저가 소모임 에 대하여 말씀드릴게 있어성;;,https://cafe.daum.net/gersangtwo/4M7r/6254
3017,noise,R01_REVIEWED_NOT_ABOUT_SOMOIM_APP,daum,search_preview,Re: 소모임 회원님들 읽어 주십시오!,https://cafe.daum.net/dailn/JQe/2159
3018,noise,R01_REVIEWED_NOT_ABOUT_SOMOIM_APP,daum,search_preview,[필독] 소모임 '우리궁궐지킴이'에 회원가입 등록을 신청하신 분들께,https://cafe.daum.net/kotour/8OX/5174
3019,noise,R01_REVIEWED_NOT_ABOUT_SOMOIM_APP,daum,search_preview,Re:대전스노우보드사랑 여성회원분들을 위한 소모임 개설..(여성분들 필독!~),https://cafe.daum.net/suncoffe/8FB7/927
3020,noise,R01_REVIEWED_NOT_ABOUT_SOMOIM_APP,daum,search_preview,문화 소모임 을 만들어 볼까 합니다.,https://cafe.daum.net/kumgokcatholic/4Ht/3757
3021,noise,R01_REVIEWED_NOT_ABOUT_SOMOIM_APP,daum,search_preview,디카 소모임 지기를 추천해 주세요..,https://cafe.daum.net/lovesalsa/JuI/5654
3022,noise,R01_REVIEWED_NOT_ABOUT_SOMOIM_APP,daum,search_preview,Re:대전스노우보드사랑 여성회원분들을 위한 소모임 개설..(여성분들 필독!~),https://cafe.daum.net/suncoffe/8FB7/912
3023,noise,R01_REVIEWED_NOT_ABOUT_SOMOIM_APP,daum,search_preview,그냥 사람만나고싶어서 소모임 들었는데 뒷말나옴,https://cafe.daum.net/ok1221/8lcX/72220695
3024,noise,R01_REVIEWED_NOT_ABOUT_SOMOIM_APP,daum,search_preview,소모임 레이디스 폐쇄시켜야겠습니다.,https://cafe.daum.net/devilnevercry/1LGG/544
3025,noise,R01_REVIEWED_NOT_ABOUT_SOMOIM_APP,daum,search_preview,교통과 소모임 Extreme 홍보,https://cafe.daum.net/05air/RuHj/350
3026,noise,R01_REVIEWED_NOT_ABOUT_SOMOIM_APP,daum,search_preview,입시전략 소모임,https://cafe.daum.net/cosmopolite/EJFH/247
3027,noise,R01_REVIEWED_NOT_ABOUT_SOMOIM_APP,daum,search_preview,Re:Re: 소모임 '공항신도시아지메덜'회원 자격,https://cafe.daum.net/iianewtown/63JU/617
3028,noise,R01_REVIEWED_NOT_ABOUT_SOMOIM_APP,daum,search_preview,★ 소모임 에 관해서 엄탱 패밀리 열분들 보세요...ㅡㅡ+,https://cafe.daum.net/uhmjungwha/3k1/8007
3029,noise,R01_REVIEWED_NOT_ABOUT_SOMOIM_APP,daum,search_preview,Re:청단 또다른 소모임 혜성같이 등장.!!!,https://cafe.daum.net/chungdan/3QGS/1199
3030,noise,R01_REVIEWED_NOT_ABOUT_SOMOIM_APP,daum,search_preview,공동도급을 위한 소모임 개설 하였습니다.,https://cafe.daum.net/jungibid/4zVw/36
3031,noise,R01_REVIEWED_NOT_ABOUT_SOMOIM_APP,daum,search_preview,소모임 에 관해 (미소님의 글에 대해),https://cafe.daum.net/parkgunhye/UjRf/48
3032,noise,R01_REVIEWED_NOT_ABOUT_SOMOIM_APP,daum,search_preview,음악감상 소모임 은 폐쇄되었습니다.,https://cafe.daum.net/antispring/9Mv/13513
3033,noise,R01_REVIEWED_NOT_ABOUT_SOMOIM_APP,daum,search_preview,운영자 소모임 에 가입하셨던 분들께ㆀ,https://cafe.daum.net/timeside/2qor/10415
3034,noise,R01_REVIEWED_NOT_ABOUT_SOMOIM_APP,daum,search_preview,[NOS] 소모임 에 가입해주신 분들에게 죄송하다는 걸 표하며...,https://cafe.daum.net/daeguinitiald/DaQL/4354
3035,noise,R01_REVIEWED_NOT_ABOUT_SOMOIM_APP,daum,search_preview,소모임 바다조아 폐쇄합니다..,https://cafe.daum.net/pureunFishing/1OVt/96
3036,noise,R01_REVIEWED_NOT_ABOUT_SOMOIM_APP,daum,search_preview,Re:또 궁금한거... 소모임 게시판의 글 내용 때문에...,https://cafe.daum.net/leehoonlove/9xQ/146
3037,noise,R01_REVIEWED_NOT_ABOUT_SOMOIM_APP,daum,search_preview,'스댕'님이 소모임 '러블리솔로'에 올리신글.,https://cafe.daum.net/cherryfilter/8zX/25793
3038,noise,R01_REVIEWED_NOT_ABOUT_SOMOIM_APP,daum,search_preview,소모임 등급업에 대해~,https://cafe.daum.net/lovehorn/ULY/503
3039,noise,R01_REVIEWED_NOT_ABOUT_SOMOIM_APP,daum,search_preview,Re: 소모임 운영자님들께...^^,https://cafe.daum.net/missyjok/2Mh/27080
3040,noise,R01_REVIEWED_NOT_ABOUT_SOMOIM_APP,daum,search_preview,소모임 을 운영하실 분?,https://cafe.daum.net/berserk21/4Ox/7805
3041,noise,R01_REVIEWED_NOT_ABOUT_SOMOIM_APP,daum,search_preview,"마지막 글)) 강남 운영자, 소모임 동생들, [자네들이 진정한 미래권력]이 되는거야!!",https://cafe.daum.net/yogicflying/Gd4C/1155
3042,noise,R01_REVIEWED_NOT_ABOUT_SOMOIM_APP,daum,search_preview,[모집] 소모임 한글필사방 회원 2명 - 마감,https://cafe.daum.net/livingbytrans/1mlW/1748
3043,noise,R01_REVIEWED_NOT_ABOUT_SOMOIM_APP,daum,search_preview,토이가게님의 글을 Secret Garden으로 옮기고 강제 탈퇴 조치합니다.,https://cafe.daum.net/edugo/9G2A/18585
3044,noise,R01_REVIEWED_NOT_ABOUT_SOMOIM_APP,daum,search_preview,카페 이용 공지,https://cafe.daum.net/IpfNsipCop/eKEM/2
3045,noise,R01_REVIEWED_NOT_ABOUT_SOMOIM_APP,daum,search_preview,소모임 개설 - 공동도급및 지역분들 알고 지내고 싶은 분들 가입 하십시요,https://cafe.daum.net/jungibid/4za0/142
3046,noise,R01_REVIEWED_NOT_ABOUT_SOMOIM_APP,daum,search_preview,[울트라캡숑 추욱~!~!!] 사진 소모임 오픈!!! ^___________^V,https://cafe.daum.net/2632age/32M/131777
3047,noise,R01_REVIEWED_NOT_ABOUT_SOMOIM_APP,daum,search_preview,"왈츠 소모임 방 (대전지역) ,만수무강님에 의견",https://cafe.daum.net/leeju9009/4vO8/746
3048,noise,R01_REVIEWED_NOT_ABOUT_SOMOIM_APP,daum,search_preview,졸공 소모임 게시판 관련... ^^,https://cafe.daum.net/swingfever/kLQ/2697
3049,noise,R01_REVIEWED_NOT_ABOUT_SOMOIM_APP,daum,search_preview,또 궁금한거... 소모임 게시판의 글 내용 때문에...,https://cafe.daum.net/leehoonlove/9xQ/145
3050,noise,R01_REVIEWED_NOT_ABOUT_SOMOIM_APP,daum,search_preview,"소모임 ""시스템창호 공구 협의회"" 폐쇄 안내",https://cafe.daum.net/phskview/2odV/889
3051,noise,R01_REVIEWED_NOT_ABOUT_SOMOIM_APP,daum,search_preview,소모임 18일로 바꿔도 오실수 있으신지?,https://cafe.daum.net/GTA2/1EK2/25709
3052,noise,R01_REVIEWED_NOT_ABOUT_SOMOIM_APP,daum,search_preview,Re:이계 소모임 짱님,https://cafe.daum.net/cosmos/r2/37168
3053,noise,R01_REVIEWED_NOT_ABOUT_SOMOIM_APP,daum,search_preview,cdm 소모임 을 패쇄할까합니다,https://cafe.daum.net/latinfloor/DYa5/13170
3054,noise,R01_REVIEWED_NOT_ABOUT_SOMOIM_APP,daum,search_preview,소모임 연락처 안남기신분들 보세요,https://cafe.daum.net/bikeTour/7J2J/2852
3055,noise,R01_REVIEWED_NOT_ABOUT_SOMOIM_APP,daum,search_preview,Re: 소모임 회원님들 읽어 주십시오!,https://cafe.daum.net/dailn/JQe/2152
3056,noise,R01_REVIEWED_NOT_ABOUT_SOMOIM_APP,daum,search_preview,Re:Re:Re: 소모임 운영자 입니다..,https://cafe.daum.net/sookoreacom/16uB/18868
3057,noise,R01_REVIEWED_NOT_ABOUT_SOMOIM_APP,daum,search_preview,겨울사랑 자진 탈퇴 권고 및 강제 탈퇴,https://cafe.daum.net/park7050/Ij/1374
3058,noise,R01_REVIEWED_NOT_ABOUT_SOMOIM_APP,daum,search_preview,소모임 운영자님들께...^^,https://cafe.daum.net/missyjok/2Mh/27078
3059,noise,R01_REVIEWED_NOT_ABOUT_SOMOIM_APP,daum,search_preview,"제2장 회원가입, 탈퇴 및 계약",https://cafe.daum.net/keccnj/BNIv/3
3060,noise,R01_REVIEWED_NOT_ABOUT_SOMOIM_APP,daum,search_preview,청단 또다른 소모임 혜성같이 등장.!!!,https://cafe.daum.net/chungdan/3QGS/1192
3061,noise,R01_REVIEWED_NOT_ABOUT_SOMOIM_APP,daum,search_preview,소모임 네가티브 활동부진 회원 리스트,https://cafe.daum.net/cosmos/r2/27241
3062,noise,R01_REVIEWED_NOT_ABOUT_SOMOIM_APP,daum,search_preview,소모임 홍보합니다.,https://cafe.daum.net/fadeaway/2Mxu/4650
3063,noise,R01_REVIEWED_NOT_ABOUT_SOMOIM_APP,daum,search_preview,소모임 에서 나이제한에 의한 회원정리가 있었습니다.,https://cafe.daum.net/hukpiri/2DOq/5743
3064,noise,R01_REVIEWED_NOT_ABOUT_SOMOIM_APP,daum,search_preview,2명의 회원을 [강제 탈퇴 ] 했습니다.,https://cafe.daum.net/come5833/SHl7/591
3065,noise,R01_REVIEWED_NOT_ABOUT_SOMOIM_APP,daum,search_preview,특별임원분들. 소모임 에 가입신청 넣으세요.,https://cafe.daum.net/GTA2/pww/9073
3066,noise,R01_REVIEWED_NOT_ABOUT_SOMOIM_APP,daum,search_preview,남자들많은 소모임 들어갔다가 뒷담까임,https://cafe.daum.net/ok1221/8lcX/72225095
3067,noise,R01_REVIEWED_NOT_ABOUT_SOMOIM_APP,daum,search_preview,Re: 소모임 이라~~~난 접수^^하지만...,https://cafe.daum.net/drive119/2aqi/1197
3068,noise,R01_REVIEWED_NOT_ABOUT_SOMOIM_APP,daum,search_preview,스터디 소모임 을 새롭게 정립합니다.,https://cafe.daum.net/ocp/8dBy/1
3069,noise,R01_REVIEWED_NOT_ABOUT_SOMOIM_APP,daum,search_preview,"소모임 에 ""등사대모 산악회""를 만들어 두었습니다.",https://cafe.daum.net/climb042/J9q/24186
3070,noise,R01_REVIEWED_NOT_ABOUT_SOMOIM_APP,daum,search_preview,이거 어떻게 된거죠? 소모임 요ㅠㅠ,https://cafe.daum.net/busanmam/6xKZ/2877
3071,noise,R01_REVIEWED_NOT_ABOUT_SOMOIM_APP,daum,search_preview,이제 탈퇴 하려합니다,https://cafe.daum.net/aulte/75R/6318
3072,noise,R01_REVIEWED_NOT_ABOUT_SOMOIM_APP,daum,search_preview,펜더님과 불소님이 소모임 에 가입하셨습니다,https://cafe.daum.net/asthma/1Wgq/794
3073,noise,R01_REVIEWED_NOT_ABOUT_SOMOIM_APP,daum,search_preview,청년작가들 소모임 에 관한 글입니다.. 가입 하신 분들은 읽어주시길 바랍니다..,https://cafe.daum.net/callipia/4LfH/2477
3074,noise,R01_REVIEWED_NOT_ABOUT_SOMOIM_APP,daum,search_preview,갑자기 소모임 에 접근금지되고 게시판에 글이 안써지는 분들...만 읽으세요...^^,https://cafe.daum.net/tico2ppa2/9It/15249
3075,noise,R01_REVIEWED_NOT_ABOUT_SOMOIM_APP,daum,search_preview,소모임 에관한 쥔장의 생각 입니다,https://cafe.daum.net/cbetataewoo/1mJd/781
3076,noise,R01_REVIEWED_NOT_ABOUT_SOMOIM_APP,daum,search_preview,<아름다운 이야기> 소모임 회원분들 봐주세요,https://cafe.daum.net/siminyoo/6VMe/9143
3077,noise,R01_REVIEWED_NOT_ABOUT_SOMOIM_APP,daum,search_preview,슬라럼 소모임 제 가입 관련!! (수정분) [is필독],https://cafe.daum.net/inlinehome/GpnP/9465
3078,noise,R01_REVIEWED_NOT_ABOUT_SOMOIM_APP,daum,search_preview,모임 탈퇴 꿈,https://cafe.daum.net/dream121/KUGp/1490
3079,noise,R01_REVIEWED_NOT_ABOUT_SOMOIM_APP,daum,search_preview,카페 계시판 수정및 회원 등업 조정 ( 소모임 폐쇄),https://cafe.daum.net/inlinehome/I3pE/467
3080,noise,R01_REVIEWED_NOT_ABOUT_SOMOIM_APP,daum,search_preview,소모임 에 대해서 자세히 알고 싶어요 ( 운영위원님 답해 주세요 ),https://cafe.daum.net/50open/1wB/28819
3081,noise,R01_REVIEWED_NOT_ABOUT_SOMOIM_APP,daum,search_preview,소모임 내에서 회원정보관리..,https://cafe.daum.net/snowski/30mc/328
3082,noise,R01_REVIEWED_NOT_ABOUT_SOMOIM_APP,daum,search_preview,제5호에 올릴 소모임 - 배드민턴 동호회 소개,https://cafe.daum.net/ysschung/4N3J/66
3083,noise,R01_REVIEWED_NOT_ABOUT_SOMOIM_APP,daum,search_preview,꿀사동 로얄제리 소모임 회칙,https://cafe.daum.net/wonderful-royal/HVrl/20
3084,noise,R01_REVIEWED_NOT_ABOUT_SOMOIM_APP,daum,search_preview,소모임 아이피스 회원정리 했습니다!,https://cafe.daum.net/cosmos/r2/36822
3085,noise,R01_REVIEWED_NOT_ABOUT_SOMOIM_APP,daum,search_preview,2025. 11. 24. 소모임 회의록,https://cafe.daum.net/youthdongari/8qhs/278
3086,noise,R01_REVIEWED_NOT_ABOUT_SOMOIM_APP,daum,search_preview,소모임 한남 모임장 급탈퇴하고 튀었어,https://cafe.daum.net/ok1221/8lcX/87248952
3087,noise,R01_REVIEWED_NOT_ABOUT_SOMOIM_APP,daum,search_preview,Joy of Velo 소모임 갱신,https://cafe.daum.net/joyofboarding/LvlM/17
3088,keep,K02_REVIEWED_APP_QUESTION,daum,search_preview,소모임 어플 모임장 해본사람 있어?,https://cafe.daum.net/ok211/682o/33230403
3089,noise,R01_REVIEWED_NOT_ABOUT_SOMOIM_APP,daum,search_preview,[졸공관련] 연습하실 곳/졸공 모임장 /안무짜기,https://cafe.daum.net/swingfever/9jXu/331
3090,noise,R01_REVIEWED_NOT_ABOUT_SOMOIM_APP,daum,search_preview,[ 소모임 신청] 기타 소모임 이마이나(Em),https://cafe.daum.net/dobong-i/QikJ/97
3091,noise,R01_REVIEWED_NOT_ABOUT_SOMOIM_APP,daum,search_preview,라임탱고카페 :독서모임 지정도서 후기,https://cafe.daum.net/limetangocafe/YvIX/713
3092,noise,R01_REVIEWED_NOT_ABOUT_SOMOIM_APP,daum,search_preview,[부산통기타리스트] 목요 소모임 어쿠스틱 모임장님 선임건,https://cafe.daum.net/busantongli/4afe/39495
3093,noise,R01_REVIEWED_NOT_ABOUT_SOMOIM_APP,daum,search_preview,"9월 3일, 음악 소모임 에서 나눈 이야기입니다",https://cafe.daum.net/waldorf44/WAc/45
3094,noise,R01_REVIEWED_NOT_ABOUT_SOMOIM_APP,daum,search_preview,안녕하세요!^^ 서울 경기권 공인중개사 or 중개보조원 모임 모임장 입니다,https://cafe.daum.net/a001a/eKCl/1864
3095,noise,R01_REVIEWED_NOT_ABOUT_SOMOIM_APP,daum,search_preview,[솔로땅고 소모임 ]- DJ모임 활동내역,https://cafe.daum.net/latindance/73b/62598
3096,noise,R01_REVIEWED_NOT_ABOUT_SOMOIM_APP,daum,search_preview,기쁨 소모임 활동보고(190727),https://cafe.daum.net/SoulLoveCommunity/Vk8t/30
3097,noise,R01_REVIEWED_NOT_ABOUT_SOMOIM_APP,daum,search_preview,시즌 소모임 관련,https://cafe.daum.net/insmo2/EWwQ/959
3098,noise,R01_REVIEWED_NOT_ABOUT_SOMOIM_APP,daum,search_preview,소모임 계획서_뚤레뚤레 걷기,https://cafe.daum.net/dobong-i/RAcw/91
3099,noise,R01_REVIEWED_NOT_ABOUT_SOMOIM_APP,daum,search_preview,에구구.. 제글에 제가 리플을... 소모임 운영계획이에용...,https://cafe.daum.net/andregagnon/YRc/14556
3100,noise,R01_REVIEWED_NOT_ABOUT_SOMOIM_APP,daum,search_preview,(부산) 저희단체 파랑 공모사업에 선정 되었습니다^^,https://cafe.daum.net/kyky116/UJyJ/259
3101,noise,R01_REVIEWED_NOT_ABOUT_SOMOIM_APP,daum,search_preview,수요일 소모임 개설,https://cafe.daum.net/happy-guitar/prGk/195
3102,noise,R01_REVIEWED_NOT_ABOUT_SOMOIM_APP,daum,search_preview,친한 지인이 결혼할 경우 축의금 고민! (번호골라주세요),https://cafe.daum.net/zoomin62/GN37/3451453
3103,noise,R01_REVIEWED_NOT_ABOUT_SOMOIM_APP,daum,search_preview,[親93기] 솔라의 프로필 입니다,https://cafe.daum.net/kwbsht/K7X3/2786
3104,noise,R01_REVIEWED_NOT_ABOUT_SOMOIM_APP,daum,search_preview,소모임 운영회칙 초안. 보완 할 점 알려주세요.,https://cafe.daum.net/2002suwon/JdaW/780
3105,noise,R01_REVIEWED_NOT_ABOUT_SOMOIM_APP,daum,search_preview,소모임 ~!!,https://cafe.daum.net/bumsoolove/6Agc/1143
3106,noise,R01_REVIEWED_NOT_ABOUT_SOMOIM_APP,daum,search_preview,애착 오디오북 제작 소모임,https://cafe.daum.net/ehwa2002/IzND/133
3107,noise,R01_REVIEWED_NOT_ABOUT_SOMOIM_APP,daum,search_preview,"★노래실력과 인맥을 동시에! 신촌 노래 소모임 :) (1월 1일 시작, 마감임박)",https://cafe.daum.net/breakjob/8gqn/32017
3108,noise,R01_REVIEWED_NOT_ABOUT_SOMOIM_APP,daum,search_preview,스터디 모임장 모임 제안합니다.,https://cafe.daum.net/2002suwon/Ah9j/584
3109,noise,R01_REVIEWED_NOT_ABOUT_SOMOIM_APP,daum,search_preview,대전 청년 야놀자 소모임 !!😍,https://cafe.daum.net/tjmatzip/W1Y/1223
3110,noise,R01_REVIEWED_NOT_ABOUT_SOMOIM_APP,daum,search_preview,1월18일 소모임 입니다.,https://cafe.daum.net/insmo2/9lPQ/1258
3111,noise,R01_REVIEWED_NOT_ABOUT_SOMOIM_APP,daum,search_preview,춘천 아카펠라 소모임 살랑살랑 멤버 상시모집!,https://cafe.daum.net/kangwonlike/Ep8R/7648
3112,noise,R01_REVIEWED_NOT_ABOUT_SOMOIM_APP,daum,search_preview,★노래를 잘하고 즐기고 싶은 분들을 위한 신촌노래 소모임 에서 멤버를 구합니다 :),https://cafe.daum.net/im119/Fseo/209029
3113,noise,R01_REVIEWED_NOT_ABOUT_SOMOIM_APP,daum,search_preview,얘기 나온김에 정식으로 스포츠 소모임 진행해 볼까요?,https://cafe.daum.net/boasboas/EJJV/4255
3114,noise,R01_REVIEWED_NOT_ABOUT_SOMOIM_APP,daum,search_preview,제주맘 소모임 지원비 이벤트 10월 안내-정모지원금을 잡아라~~!^^,https://cafe.daum.net/jejumam/PfAL/120
3115,noise,R01_REVIEWED_NOT_ABOUT_SOMOIM_APP,daum,search_preview,소모임 시작하겠습니다.,https://cafe.daum.net/wfwijs/AVeR/320
3116,noise,R01_REVIEWED_NOT_ABOUT_SOMOIM_APP,daum,search_preview,"[실습 4일차] 함께, 살아가는 의미와 재미를 찾아갑니다.",https://cafe.daum.net/do-it-city/tG85/6
3117,noise,R01_REVIEWED_NOT_ABOUT_SOMOIM_APP,daum,search_preview,주댕이 나불 동동 소모임 을 소개합니다~~`,https://cafe.daum.net/gajaewool/OgEi/7
3118,noise,R01_REVIEWED_NOT_ABOUT_SOMOIM_APP,daum,search_preview,Re: 소모임 활동건에 의견을 주시기 바랍니다.,https://cafe.daum.net/dietitianclub/40s/6961
3119,noise,R01_REVIEWED_NOT_ABOUT_SOMOIM_APP,daum,search_preview,지역아동센터활동가 소모임 에 대하여,https://cafe.daum.net/gajaewool/NyJ8/182
3120,noise,R01_REVIEWED_NOT_ABOUT_SOMOIM_APP,daum,search_preview,"전래놀이 소모임 , '어라디야' 겨울잠을 깨고 기지개 켜다",https://cafe.daum.net/sarangbang123/AT3/5109
3121,noise,R01_REVIEWED_NOT_ABOUT_SOMOIM_APP,daum,search_preview,분양 소모임 번개치는 날!! 꼭 참석하셔야하는 이유^^,https://cafe.daum.net/edeveloper/M3Pg/3089
3122,noise,R01_REVIEWED_NOT_ABOUT_SOMOIM_APP,daum,search_preview,Re:Re:야메 소모임 만들 예정...당근...,https://cafe.daum.net/windsor777/35E/19083
3123,noise,R01_REVIEWED_NOT_ABOUT_SOMOIM_APP,daum,search_preview,5월 4일 토요일 지역구 소모임 안내,https://cafe.daum.net/GTS125/9ZCy/3330
3124,noise,R01_REVIEWED_NOT_ABOUT_SOMOIM_APP,daum,search_preview,휘팍 소모임 (매주일요일9시)! 소모임장 선출!,https://cafe.daum.net/insmo2/QzN/305
3125,noise,R01_REVIEWED_NOT_ABOUT_SOMOIM_APP,daum,search_preview,✨️ Ten Pins✨️에서 신규 회원을 모집합니다!,https://cafe.daum.net/bowlingevent/LGp7/1241
3126,noise,R01_REVIEWED_NOT_ABOUT_SOMOIM_APP,daum,search_preview,소모임 활동건에 의견을 주시기 바랍니다.,https://cafe.daum.net/dietitianclub/40s/6934
3127,noise,R01_REVIEWED_NOT_ABOUT_SOMOIM_APP,daum,search_preview,소모임 할때 기억나는회원들 정리해보면,https://cafe.daum.net/WorldcupLove/IC6M/11852956
3128,noise,R01_REVIEWED_NOT_ABOUT_SOMOIM_APP,daum,search_preview,소모임 개설 해드립니다^^*,https://cafe.daum.net/clfrhraka/1Sph/1332
3129,keep,K01_REVIEWED_APP_EXPERIENCE,daum,search_preview,소모임 어플 빌런이 꼭 한두명씩 있네요ㅋㅋ,https://cafe.daum.net/zoomin62/GN37/3055713
3130,noise,R01_REVIEWED_NOT_ABOUT_SOMOIM_APP,daum,search_preview,안녕하세요 현재 소모임 봉사활동 회원 입니다,https://cafe.daum.net/chunsa2/Kbmc/99
3131,noise,R01_REVIEWED_NOT_ABOUT_SOMOIM_APP,daum,search_preview,구라 페밀리 가입( 소모임 ) 신청 받습니다*^^*,https://cafe.daum.net/freefishing/IgyO/1011
3132,noise,R01_REVIEWED_NOT_ABOUT_SOMOIM_APP,daum,search_preview,소모임 모임장소 제가 안좋아하는곳이라 가기 싫은데 뭐라 말해야할까요??,https://cafe.daum.net/dotax/D8UA/5410020
3133,noise,R01_REVIEWED_NOT_ABOUT_SOMOIM_APP,daum,search_preview,줌님들 20~30명 되는 소모임 단카방에서요!,https://cafe.daum.net/zoomin62/GN37/3057319
3134,noise,R01_REVIEWED_NOT_ABOUT_SOMOIM_APP,daum,search_preview,영화 소모임 부운영자 모집합니다.,https://cafe.daum.net/2002suwon/JdaW/5
3135,noise,R01_REVIEWED_NOT_ABOUT_SOMOIM_APP,daum,search_preview,2009년 소모임 소식,https://cafe.daum.net/opengs/16nu/1432
3136,noise,R01_REVIEWED_NOT_ABOUT_SOMOIM_APP,daum,search_preview,소모임 너무해...,https://cafe.daum.net/dotax/D8UA/5128158
3137,noise,R01_REVIEWED_NOT_ABOUT_SOMOIM_APP,daum,search_preview,현재 아킬이가 어글 모임장 이자나 어글 모임내에서 합의해서 교체하느거면 변경해줄께...,https://cafe.daum.net/inlinekangbook/7Ch/21617
3138,noise,R01_REVIEWED_NOT_ABOUT_SOMOIM_APP,daum,search_preview,"따뜻한 남쪽나라""거제/통영/고성"" 소모임 방 개설 바랍니다.",https://cafe.daum.net/seedshare/H7xr/47
3139,noise,R01_REVIEWED_NOT_ABOUT_SOMOIM_APP,daum,search_preview,와인 소모임 (노블) 회원 모집 마감,https://cafe.daum.net/adihan4/DnmN/109
3140,noise,R01_REVIEWED_NOT_ABOUT_SOMOIM_APP,daum,search_preview,지역별 소모임 제안드립니다,https://cafe.daum.net/SteelHouse/4rJZ/1154
3141,noise,R01_REVIEWED_NOT_ABOUT_SOMOIM_APP,daum,search_preview,검단 마녀 소모임 보고,https://cafe.daum.net/gajaewool/Obvz/83
3142,noise,R01_REVIEWED_NOT_ABOUT_SOMOIM_APP,daum,search_preview,"회칙 개정 전 ,후",https://cafe.daum.net/songhyun28th/9QPs/43
3143,noise,R01_REVIEWED_NOT_ABOUT_SOMOIM_APP,daum,search_preview,"고운명상 좌담회(with 가야님, 연화님)",https://cafe.daum.net/jaunsunga/MkMm/260
3144,noise,R01_REVIEWED_NOT_ABOUT_SOMOIM_APP,daum,search_preview,6기 1차 정책부 회의록(2/26),https://cafe.daum.net/neutinamustory/8mOG/342
3145,noise,R01_REVIEWED_NOT_ABOUT_SOMOIM_APP,daum,search_preview,초대 소모임장이 뽑히셨습니다. ^^,https://cafe.daum.net/jesalza/2rZU/5
3146,noise,R01_REVIEWED_NOT_ABOUT_SOMOIM_APP,daum,search_preview,6기 1차 정책부 회의록(2/26),https://cafe.daum.net/incheondongwha/GtxZ/269
3147,noise,R01_REVIEWED_NOT_ABOUT_SOMOIM_APP,daum,search_preview,전체회의를 개최합니다. - 연기합니다(날짜 추후공지),https://cafe.daum.net/latindance/73b/65678
3148,noise,R01_REVIEWED_NOT_ABOUT_SOMOIM_APP,daum,search_preview,안녕하십니까^^ 히든카드입니다...,https://cafe.daum.net/chinacommunity/2kXj/1422
3149,noise,R01_REVIEWED_NOT_ABOUT_SOMOIM_APP,daum,search_preview,5월 운영위 결과,https://cafe.daum.net/ibandy/fbj/1428
3150,noise,R01_REVIEWED_NOT_ABOUT_SOMOIM_APP,daum,search_preview,3호 기사 초안 - 2181027 김태민,https://cafe.daum.net/ontheroad50/JSBy/2230
3151,noise,R01_REVIEWED_NOT_ABOUT_SOMOIM_APP,daum,search_preview,[독서] 마음의 양식을 찾아서 7/17-7/23,https://cafe.daum.net/Sangkoya/b1L7/161
3152,noise,R01_REVIEWED_NOT_ABOUT_SOMOIM_APP,daum,search_preview,회원님들 소/모/임 신청해주세요~~!,https://cafe.daum.net/sdpn/64X0/877
3153,noise,R01_REVIEWED_NOT_ABOUT_SOMOIM_APP,daum,search_preview,플로라동문회총회보고,https://cafe.daum.net/flora43/LCuy/29
3154,noise,R01_REVIEWED_NOT_ABOUT_SOMOIM_APP,daum,search_preview,상당히 오랜만에 글 올리는 나는 톰슨이다입니다.,https://cafe.daum.net/hearing/63dd/11051
3155,noise,R01_REVIEWED_NOT_ABOUT_SOMOIM_APP,daum,search_preview,전체회의를 제안합니다.,https://cafe.daum.net/latindance/73b/65656
3156,noise,R01_REVIEWED_NOT_ABOUT_SOMOIM_APP,daum,search_preview,2004년 개정 회칙,https://cafe.daum.net/inlinehome/ONWx/7
3157,noise,R01_REVIEWED_NOT_ABOUT_SOMOIM_APP,daum,search_preview,2015-2019년까지의 목회 보고(공동의회 및 교인수첩에 기록),https://cafe.daum.net/SoulLoveCommunity/8hWB/355
3158,noise,R01_REVIEWED_NOT_ABOUT_SOMOIM_APP,daum,search_preview,직영마 회칙 잠정안,https://cafe.daum.net/icenglove/83Y/429
3159,noise,R01_REVIEWED_NOT_ABOUT_SOMOIM_APP,daum,search_preview,12월 1일 마지막 14년도 소모임장 회의 (불광불급 피드백있사오니 15년도 분들 참고),https://cafe.daum.net/youthdongari/8qhs/97
3160,noise,R01_REVIEWED_NOT_ABOUT_SOMOIM_APP,daum,search_preview,전체 회의에 대한 설명이 없어 내용에 대한 요청을 적어 봤습니다.,https://cafe.daum.net/latindance/73b/62410
3161,noise,R01_REVIEWED_NOT_ABOUT_SOMOIM_APP,daum,search_preview,”춘천퀴어문화축제 불허는 차별행정”,https://cafe.daum.net/ontheroad50/KITG/2521
3162,noise,R01_REVIEWED_NOT_ABOUT_SOMOIM_APP,daum,search_preview,금융권 취업 희망자 스펙이에요!,https://cafe.daum.net/breakjob/LilY/55486
3163,noise,R01_REVIEWED_NOT_ABOUT_SOMOIM_APP,daum,search_preview,시 불허 속 ‘춘천퀴어문화축제’ 열려,https://cafe.daum.net/ontheroad50/KITG/2526
3164,noise,R01_REVIEWED_NOT_ABOUT_SOMOIM_APP,daum,search_preview,10월 일정표,https://cafe.daum.net/womlink/TYh/1647
3165,noise,R01_REVIEWED_NOT_ABOUT_SOMOIM_APP,daum,search_preview,대전 Instar B.C 회원 모집합니다.,https://cafe.daum.net/bowlingevent/LGp7/184
3166,noise,R01_REVIEWED_NOT_ABOUT_SOMOIM_APP,daum,search_preview,서동우님의 운영진 팀장급에 준하는 권한 정지 요청합니다.,https://cafe.daum.net/gloriousdays/ae7Y/60
3167,noise,R01_REVIEWED_NOT_ABOUT_SOMOIM_APP,daum,search_preview,뭉쳐야 챔피언 명단 제출안내 및 장원전 접수방법 변경안내,https://cafe.daum.net/Kbma/U5HZ/328
3168,noise,R01_REVIEWED_NOT_ABOUT_SOMOIM_APP,daum,search_preview,글리스 첫 출항합니다.,https://cafe.daum.net/GuitarDrumtogether/6Usp/470
3169,noise,R01_REVIEWED_NOT_ABOUT_SOMOIM_APP,daum,search_preview,"*부천,인천,구로 회원모집합니다.*",https://cafe.daum.net/bowlingevent/LGp7/579
3170,noise,R01_REVIEWED_NOT_ABOUT_SOMOIM_APP,daum,search_preview,남동지회2월 운영위,https://cafe.daum.net/incheondongwha/HOMc/11
3171,noise,R01_REVIEWED_NOT_ABOUT_SOMOIM_APP,daum,search_preview,2010학년도 M&D 첫 공지사항입니다 ^.^*,https://cafe.daum.net/childlove1/RJE3/280
3172,noise,R01_REVIEWED_NOT_ABOUT_SOMOIM_APP,daum,search_preview,직영마 회칙 by Carl 2008년 7월,https://cafe.daum.net/icenglove/1885/64
3173,noise,R01_REVIEWED_NOT_ABOUT_SOMOIM_APP,daum,search_preview,존나 어이 없어 내가 예민?,https://cafe.daum.net/ok1221/8lcX/41208927
3174,noise,R01_REVIEWED_NOT_ABOUT_SOMOIM_APP,daum,search_preview,2015.04.06 회의록,https://cafe.daum.net/youthdongari/8qhs/100
3175,noise,R01_REVIEWED_NOT_ABOUT_SOMOIM_APP,daum,search_preview,10월 14일 토요일 음악모임 후기,https://cafe.daum.net/waldorf44/WAc/57
3176,noise,R01_REVIEWED_NOT_ABOUT_SOMOIM_APP,daum,search_preview,[노원구] 블링블링클럽에서 회원을 모집합니다.,https://cafe.daum.net/bowlingevent/LGp7/505
3177,noise,R01_REVIEWED_NOT_ABOUT_SOMOIM_APP,daum,search_preview,2018년 Beat One 회칙 [ 개정안 18.03.17 ],https://cafe.daum.net/youthdongari/AGZQ/18
3178,noise,R01_REVIEWED_NOT_ABOUT_SOMOIM_APP,daum,search_preview,[노원구] 블링블링클럽에서 함께 하실 회원분 모집합니다.,https://cafe.daum.net/bowlingevent/LGp7/418
3179,noise,R01_REVIEWED_NOT_ABOUT_SOMOIM_APP,daum,search_preview,[필독]회장단 폐지 공지!!!,https://cafe.daum.net/chunsa7/2t5F/1598
3180,noise,R01_REVIEWED_NOT_ABOUT_SOMOIM_APP,daum,search_preview,2019년 4월 7일 주일예배 기도문 - 이인순 권사,https://cafe.daum.net/SoulLoveCommunity/UkVQ/76
3181,noise,R01_REVIEWED_NOT_ABOUT_SOMOIM_APP,daum,search_preview,1. ＜피터 래빗 이야기＞,https://cafe.daum.net/caaschildbook/Dc1R/1
3182,noise,R01_REVIEWED_NOT_ABOUT_SOMOIM_APP,daum,search_preview,도꼬마리 답글,https://cafe.daum.net/sarangbang123/AT3/4092
3183,noise,R01_REVIEWED_NOT_ABOUT_SOMOIM_APP,daum,search_preview,[서울 노원구] 블링블링클럽에서 신입회원 및 고수회원을 모집합니다.,https://cafe.daum.net/bowlingevent/LGp7/250
3184,noise,R01_REVIEWED_NOT_ABOUT_SOMOIM_APP,daum,search_preview,2012. 1. 7 (토) 수원역 회의,https://cafe.daum.net/youthdongari/8qhs/43
3185,noise,R01_REVIEWED_NOT_ABOUT_SOMOIM_APP,daum,search_preview,파업 9일차 당부의 말씀.........,https://cafe.daum.net/inlinehome/GpnP/10975
3186,noise,R01_REVIEWED_NOT_ABOUT_SOMOIM_APP,daum,search_preview,안녕하세요..04년 부터 식도락 모임을 맞게된 운영자입니다.,https://cafe.daum.net/2002suwon/J5Sp/388
3187,noise,R01_REVIEWED_NOT_ABOUT_SOMOIM_APP,daum,search_preview,글쓰기 권한을 수정하였습니다.,https://cafe.daum.net/teaaroma/W52/9580
3188,noise,R01_REVIEWED_NOT_ABOUT_SOMOIM_APP,daum,search_preview,"新 TTL 모임짱에 ""파트라""",https://cafe.daum.net/pusanchobolatin/Gzg/16794
3189,noise,R01_REVIEWED_NOT_ABOUT_SOMOIM_APP,daum,search_preview,신입환영회 준비관련 임시운영회의,https://cafe.daum.net/kidbooks/QZda/178
3190,noise,R01_REVIEWED_NOT_ABOUT_SOMOIM_APP,daum,search_preview,11월 1일 토요일 2시 30분 로이 운영진 회의를 소집합니다.,https://cafe.daum.net/inlinehome/I3pE/197
3191,noise,R01_REVIEWED_NOT_ABOUT_SOMOIM_APP,daum,search_preview,2015.04.27 회의록,https://cafe.daum.net/youthdongari/8qhs/102
3192,noise,R01_REVIEWED_NOT_ABOUT_SOMOIM_APP,daum,search_preview,먹방 어쿠스틱 엠티 후기입니다~~,https://cafe.daum.net/busantongli/4afe/38780
3193,noise,R01_REVIEWED_NOT_ABOUT_SOMOIM_APP,daum,search_preview,맛집원정대 회원제에 대하여,https://cafe.daum.net/2002suwon/AdJx/1007
3194,noise,R01_REVIEWED_NOT_ABOUT_SOMOIM_APP,daum,search_preview,유월 7080출석부~ 뭐했냐면요 ^^*,https://cafe.daum.net/ulsantongchin/DM8P/3491
3195,noise,R01_REVIEWED_NOT_ABOUT_SOMOIM_APP,daum,search_preview,"쏠로땅고 특강 - 디제모와 함께하는 ""땅고음악 깊이듣기""(수정)",https://cafe.daum.net/latindance/73b/61741
3196,noise,R01_REVIEWED_NOT_ABOUT_SOMOIM_APP,daum,search_preview,[부산통기타리스트] 6월 20일 2015년 열번째 정모 후기,https://cafe.daum.net/busantongli/OWnq/76
3197,noise,R01_REVIEWED_NOT_ABOUT_SOMOIM_APP,daum,search_preview,[네이트판] 비혼모임에 껴있는 돌싱맘 어떻게 생각하세요?,https://cafe.daum.net/subdued20club/ReHf/4727480
3198,noise,R01_REVIEWED_NOT_ABOUT_SOMOIM_APP,daum,search_preview,알군패밀리의 무기명투표를 받습니다. 모두 투표해주세요.,https://cafe.daum.net/algoon-family/2MV1/104
3199,noise,R01_REVIEWED_NOT_ABOUT_SOMOIM_APP,daum,search_preview,에브리타임/캠퍼스픽 운영진의 페미니즘 동아리 죽이기(탄압) 공론화,https://cafe.daum.net/weareshower/ZEmx/82295
3200,noise,R01_REVIEWED_NOT_ABOUT_SOMOIM_APP,daum,search_preview,"[필독]공연모임 ""바람개비"" 소개 및 지켜주실 일(11월 17일 수정)",https://cafe.daum.net/2002suwon/IFin/2
3201,noise,R01_REVIEWED_NOT_ABOUT_SOMOIM_APP,daum,search_preview,에브리타임/캠퍼스픽 운영진의 페미니즘 동아리 죽이기(탄압) 공론화,https://cafe.daum.net/ok1221/9Zdf/2697346
3202,noise,R01_REVIEWED_NOT_ABOUT_SOMOIM_APP,daum,search_preview,제가 다니는 교회가 진정한 하나님의 뜻에 맞는 교회 인가요?,https://cafe.daum.net/jesus330/KiI7/24436
3203,noise,R01_REVIEWED_NOT_ABOUT_SOMOIM_APP,daum,search_preview,울산 통기타 친구 회칙 4차개정안 ＜필독＞,https://cafe.daum.net/ulsantongchin/4Cfr/656
3204,noise,R01_REVIEWED_NOT_ABOUT_SOMOIM_APP,daum,search_preview,보드.스키 회원님들 봐주세요^^,https://cafe.daum.net/2002suwon/JWcB/1429
3205,noise,R01_REVIEWED_NOT_ABOUT_SOMOIM_APP,daum,search_preview,"먹고 죽자 동호회 씨즌 2,.......... 발기(이상한뜻으로 받아들이면 저 화냅니다^^; ) 하실분 손드셈,....-_-;",https://cafe.daum.net/shanghaivillage/2mMm/5779
3206,noise,R01_REVIEWED_NOT_ABOUT_SOMOIM_APP,daum,search_preview,2018년 경기북부지부 6차 운영위원회 회의록,https://cafe.daum.net/chioce88/SFMm/21
3207,noise,R01_REVIEWED_NOT_ABOUT_SOMOIM_APP,daum,search_preview,갠디의 2016 가을 정기공연 이야기,https://cafe.daum.net/busantongli/4afe/39541
3208,noise,R01_REVIEWED_NOT_ABOUT_SOMOIM_APP,daum,search_preview,백패킹&등산게시판 신설을 감사드립니다,https://cafe.daum.net/lovelantern.com/JdA3/2
3209,noise,R01_REVIEWED_NOT_ABOUT_SOMOIM_APP,daum,search_preview,구로디지단지 술벙개~( 인연이의 강요로 작성을 ㅠㅠ ㅋㅋ),https://cafe.daum.net/firstski2007/7diu/62
3210,noise,R01_REVIEWED_NOT_ABOUT_SOMOIM_APP,daum,search_preview,하이코드40기 졸업했어요~♡,https://cafe.daum.net/ulsantongchin/4Cfn/1544
3211,noise,R01_REVIEWED_NOT_ABOUT_SOMOIM_APP,daum,search_preview,새롭게 시작하는 7080 ♬ 11월 첫주 후기~,https://cafe.daum.net/ulsantongchin/DM8P/4089
3212,noise,R01_REVIEWED_NOT_ABOUT_SOMOIM_APP,daum,search_preview,그창모 오전반 3기 첫모임 후기,https://cafe.daum.net/childbooks/8bEp/62
3213,noise,R01_REVIEWED_NOT_ABOUT_SOMOIM_APP,daum,search_preview,청소년의 눈으로보는 '시선(The View)'에서 알려드립니다^^*,https://cafe.daum.net/youthdongari/4Zz4/178
3214,noise,R01_REVIEWED_NOT_ABOUT_SOMOIM_APP,daum,search_preview,제8기 4차 4월 운영회의록,https://cafe.daum.net/neutinamustory/LJSO/16
3215,noise,R01_REVIEWED_NOT_ABOUT_SOMOIM_APP,daum,search_preview,Re:제8기 4차 운영위원회 회의록 초안,https://cafe.daum.net/incheondongwha/7EEM/1442
3216,noise,R01_REVIEWED_NOT_ABOUT_SOMOIM_APP,daum,search_preview,한국철도공사 2018년 하반기 사무총무법무 면접 후기,https://cafe.daum.net/breakjob/5NPJ/20001
3217,noise,R01_REVIEWED_NOT_ABOUT_SOMOIM_APP,daum,search_preview,호남 모임방,https://cafe.daum.net/chinacommunity/2kXk/556
3218,noise,R01_REVIEWED_NOT_ABOUT_SOMOIM_APP,daum,search_preview,청소년의 눈으로보는 '시선(The View)'에서 알려드립니다^^*,https://cafe.daum.net/youth98/6UL/6445
3219,noise,R01_REVIEWED_NOT_ABOUT_SOMOIM_APP,daum,search_preview,등업 부탁드려용.,https://cafe.daum.net/orange3798/JvI8/7706
3220,noise,R01_REVIEWED_NOT_ABOUT_SOMOIM_APP,daum,search_preview,영화와사람 운영회칙..,https://cafe.daum.net/2002suwon/JdaW/1683
3221,noise,R01_REVIEWED_NOT_ABOUT_SOMOIM_APP,daum,search_preview,"중,대형견 친목 동호회 ACE_DOG",https://cafe.daum.net/502kennel/5phK/19967
3222,noise,R01_REVIEWED_NOT_ABOUT_SOMOIM_APP,daum,search_preview,등업부탁드려요,https://cafe.daum.net/orange3798/JvI8/7704
3223,noise,R01_REVIEWED_NOT_ABOUT_SOMOIM_APP,daum,search_preview,제8기 4차 4월 운영회의록,https://cafe.daum.net/incheondongwha/HOMa/260
3224,noise,R01_REVIEWED_NOT_ABOUT_SOMOIM_APP,daum,search_preview,[ 소모임 이야기] 수수께끼 맞혀 보세요: 《피터 래빗 전집》 '다람쥐 넛킨 이야기',https://cafe.daum.net/caaschildbook/DCCu/31
3225,noise,R01_REVIEWED_NOT_ABOUT_SOMOIM_APP,daum,search_preview,2018.09.03 소모임장 회의록,https://cafe.daum.net/youthdongari/8qhs/150
3226,noise,R01_REVIEWED_NOT_ABOUT_SOMOIM_APP,daum,search_preview,부평 그림모임 [너의 화실]에서 같이 그림그려요^^,https://cafe.daum.net/educationstudy/CMKL/221204
3227,noise,R01_REVIEWED_NOT_ABOUT_SOMOIM_APP,daum,search_preview,2018. 06. 11 소모임장 회의록,https://cafe.daum.net/youthdongari/8qhs/149
3228,noise,R01_REVIEWED_NOT_ABOUT_SOMOIM_APP,daum,search_preview,"중 ,대형견 동호회.",https://cafe.daum.net/Americanpitbull/Q1jg/3455
3229,noise,R01_REVIEWED_NOT_ABOUT_SOMOIM_APP,daum,search_preview,주몽체육대회...10월12일 오전10시.,https://cafe.daum.net/2002suwon/JdaW/5673
3230,noise,R01_REVIEWED_NOT_ABOUT_SOMOIM_APP,daum,search_preview,📢 2026년 부산방송댄스 'FAMILY' 회칙공지(26.5.29 업데이트),https://cafe.daum.net/familyld/BYK/207
3231,noise,R01_REVIEWED_NOT_ABOUT_SOMOIM_APP,daum,search_preview,아반떼HD클럽 동호회 회칙,https://cafe.daum.net/CLUBHD/7ou2/1
3232,noise,R01_REVIEWED_NOT_ABOUT_SOMOIM_APP,daum,search_preview,2018.09.10 소모임장 회의록,https://cafe.daum.net/youthdongari/8qhs/151
3233,noise,R01_REVIEWED_NOT_ABOUT_SOMOIM_APP,daum,search_preview,2016년 교육부 총회자료,https://cafe.daum.net/gajaewool/NyUN/188
3234,noise,R01_REVIEWED_NOT_ABOUT_SOMOIM_APP,daum,search_preview,"중 , 대형견 동호회",https://cafe.daum.net/misterbulldog/IQ9/1019
3235,noise,R01_REVIEWED_NOT_ABOUT_SOMOIM_APP,daum,search_preview,2월 13일 핑거스타일 수요 소모임 후기...와 공연벙개(토욜7시),https://cafe.daum.net/busantongli/4afe/40535
3236,noise,R01_REVIEWED_NOT_ABOUT_SOMOIM_APP,daum,search_preview,Re 사죄합니다 !!!,https://cafe.daum.net/coca486/2T26/1573
3237,noise,R01_REVIEWED_NOT_ABOUT_SOMOIM_APP,daum,search_preview,앗!!골프....,https://cafe.daum.net/clubmercedes/Sbtp/641
3238,noise,R01_REVIEWED_NOT_ABOUT_SOMOIM_APP,daum,search_preview,"중,대형견 친목동호회",https://cafe.daum.net/misterbulldog/63RB/2289
3239,noise,R01_REVIEWED_NOT_ABOUT_SOMOIM_APP,daum,search_preview,[소소한 독서] 11/27-12/3,https://cafe.daum.net/Sangkoya/b1L7/765
3240,noise,R01_REVIEWED_NOT_ABOUT_SOMOIM_APP,daum,search_preview,"중,대형견 친목동호회",https://cafe.daum.net/jsj7337thdwh/AScB/2755
3241,noise,R01_REVIEWED_NOT_ABOUT_SOMOIM_APP,daum,search_preview,레포츠모임을 만들었던 운영진으로서 한마디..,https://cafe.daum.net/2002suwon/JWcB/1403
3242,noise,R01_REVIEWED_NOT_ABOUT_SOMOIM_APP,daum,search_preview,"중 , 대형견 동호회",https://cafe.daum.net/GOTV/Qh3n/14195
3243,noise,R01_REVIEWED_NOT_ABOUT_SOMOIM_APP,daum,search_preview,"중,대형견 친목 동호회",https://cafe.daum.net/GOTV/Qh3n/16446
3244,noise,R01_REVIEWED_NOT_ABOUT_SOMOIM_APP,daum,search_preview,마,https://cafe.daum.net/POWERZINE/6KHx/10
3245,noise,R01_REVIEWED_NOT_ABOUT_SOMOIM_APP,daum,search_preview,우왕....~~ 후기래요~~,https://cafe.daum.net/2002suwon/JdaW/300
3246,noise,R01_REVIEWED_NOT_ABOUT_SOMOIM_APP,daum,search_preview,"유료 ""땅.깊이"" 특강을 열며 (수정)",https://cafe.daum.net/latindance/73b/61742
3247,noise,R01_REVIEWED_NOT_ABOUT_SOMOIM_APP,daum,search_preview,"중,대형견 친목모임 입니다~",https://cafe.daum.net/GOTV/Qh3n/18373
3248,noise,R01_REVIEWED_NOT_ABOUT_SOMOIM_APP,daum,search_preview,중증 남미새는 답도없단걸 느꼈어요.....,https://cafe.daum.net/zoomin62/GN37/3309915
3249,noise,R01_REVIEWED_NOT_ABOUT_SOMOIM_APP,daum,search_preview,강진문화탐방 남미륵사 후기,https://cafe.daum.net/ac2012/48Dw/169
3250,noise,R01_REVIEWED_NOT_ABOUT_SOMOIM_APP,daum,search_preview,"중 , 대형견 동호회",https://cafe.daum.net/koreacanecorso/TwGK/58
3251,noise,R01_REVIEWED_NOT_ABOUT_SOMOIM_APP,daum,search_preview,"중 , 대형견 동호회",https://cafe.daum.net/choeunfarmer/QUcw/205
3252,noise,R01_REVIEWED_NOT_ABOUT_SOMOIM_APP,daum,search_preview,진짜 약간 쓸데없는데 진지한 얘기 봐 줄 사람,https://cafe.daum.net/Tlwkftlqkftlldlqkf/919A/2583913
3253,noise,R01_REVIEWED_NOT_ABOUT_SOMOIM_APP,daum,search_preview,2006년 전국지부의 책읽어주기 활동,https://cafe.daum.net/booktree1000/2TFt/68
3254,noise,R01_REVIEWED_NOT_ABOUT_SOMOIM_APP,daum,search_preview,[회의]3월 12일(월)~5월 14일(월),https://cafe.daum.net/youthdongari/6TQH/719
3255,noise,R01_REVIEWED_NOT_ABOUT_SOMOIM_APP,daum,search_preview,2016년 교육부 하반기 감사자료(7~10월),https://cafe.daum.net/gajaewool/EY0G/318
3256,noise,R01_REVIEWED_NOT_ABOUT_SOMOIM_APP,daum,search_preview,카페 등급관리안내,https://cafe.daum.net/physicslove/2hlT/2
3257,noise,R01_REVIEWED_NOT_ABOUT_SOMOIM_APP,daum,search_preview,산에 가요~!회칙,https://cafe.daum.net/letsmountain/4pwd/28
3258,noise,R01_REVIEWED_NOT_ABOUT_SOMOIM_APP,daum,search_preview,AllOne SnowBoard 회칙,https://cafe.daum.net/allone/270/1221
3259,noise,R01_REVIEWED_NOT_ABOUT_SOMOIM_APP,daum,search_preview,AllOneSnowBoard 회칙,https://cafe.daum.net/allone/270/538
3260,noise,R01_REVIEWED_NOT_ABOUT_SOMOIM_APP,daum,search_preview,스킨스큐버 동호회 관련(아래서 부터 읽어 주세요),https://cafe.daum.net/2002suwon/Apn5/320
3261,noise,R01_REVIEWED_NOT_ABOUT_SOMOIM_APP,daum,search_preview,▷▶ NEW 운영진 소개 및 회칙 / 영화예매 및 취소건 ◀◁,https://cafe.daum.net/2002suwon/JdaW/5643
3262,noise,R01_REVIEWED_NOT_ABOUT_SOMOIM_APP,daum,search_preview,"중 , 대형견 동호회",https://cafe.daum.net/bullsamo/D4Fc/3369
3263,noise,R01_REVIEWED_NOT_ABOUT_SOMOIM_APP,daum,search_preview,은환언니보세요,https://cafe.daum.net/2002suwon/JdaW/2097
3264,noise,R01_REVIEWED_NOT_ABOUT_SOMOIM_APP,daum,search_preview,"중,대형견 친목동호회",https://cafe.daum.net/Americanpitbull/Q1jg/3682
3265,noise,R01_REVIEWED_NOT_ABOUT_SOMOIM_APP,daum,search_preview,Re:9월 정기모임 결과..(회칙개정),https://cafe.daum.net/songhyun28th/95Lg/308
3266,noise,R01_REVIEWED_NOT_ABOUT_SOMOIM_APP,daum,search_preview,공지로 올리기엔 좀 그런공지...,https://cafe.daum.net/ulsantongchin/DM8P/7922
3267,noise,R01_REVIEWED_NOT_ABOUT_SOMOIM_APP,daum,search_preview,"중,대형견 친목 동호회 ACE_DOG",https://cafe.daum.net/Americanpitbull/Q1jg/3564
3268,noise,R01_REVIEWED_NOT_ABOUT_SOMOIM_APP,daum,search_preview,"중,대형견 친목 동호회",https://cafe.daum.net/choeunfarmer/QUVh/1462
3269,noise,R01_REVIEWED_NOT_ABOUT_SOMOIM_APP,daum,search_preview,통친가족 회의 소집안내입니다. 통친가족회원분들께서는 필독해주세요.,https://cafe.daum.net/ulsantongchin/4Cfr/746
3270,noise,R01_REVIEWED_NOT_ABOUT_SOMOIM_APP,daum,search_preview,밑에 제이콥님의 의견에 대한 답변입니다.,https://cafe.daum.net/2002suwon/JdaW/4453
3271,noise,R01_REVIEWED_NOT_ABOUT_SOMOIM_APP,daum,search_preview,2018년도 교우회 이사회 결과 (내용 변경),https://cafe.daum.net/posung57/C868/324
3272,noise,R01_REVIEWED_NOT_ABOUT_SOMOIM_APP,daum,search_preview,2018.10.29 소모임장 회의록,https://cafe.daum.net/youthdongari/8qhs/156
3273,noise,R01_REVIEWED_NOT_ABOUT_SOMOIM_APP,daum,search_preview,▶▷ 운영진 소개 및 회칙 / 영화예매 및 취소건 ◁◀,https://cafe.daum.net/2002suwon/JdaW/6384
3274,noise,R01_REVIEWED_NOT_ABOUT_SOMOIM_APP,daum,search_preview,친목 동호회 ACE DOG 입니다~,https://cafe.daum.net/Americanpitbull/Q1jg/3656
3275,noise,R01_REVIEWED_NOT_ABOUT_SOMOIM_APP,daum,search_preview,자봉단 운영진 및 임원 문화유적답사 실시,https://cafe.daum.net/imuseum/fa2/5019
3276,noise,R01_REVIEWED_NOT_ABOUT_SOMOIM_APP,daum,search_preview,스키보드모임 회의 결과,https://cafe.daum.net/2002suwon/JWcB/1433
3277,noise,R01_REVIEWED_NOT_ABOUT_SOMOIM_APP,daum,search_preview,[2011-1-0405] 댄스스포츠 소모임 춤바람 활동 보고서 !^^ [2],https://cafe.daum.net/youthdongari/9e1a/63
3278,noise,R01_REVIEWED_NOT_ABOUT_SOMOIM_APP,daum,search_preview,"의정부 아레나볼링장 여성클럽 "" 아레나걸즈 "" 소개합니다",https://cafe.daum.net/bowlingevent/LGp7/376
3279,noise,R01_REVIEWED_NOT_ABOUT_SOMOIM_APP,daum,search_preview,2018 시선 회칙,https://cafe.daum.net/youthdongari/LNCR/50
3280,noise,R01_REVIEWED_NOT_ABOUT_SOMOIM_APP,daum,search_preview,2019년도 유카 회칙입니다,https://cafe.daum.net/youthdongari/JGPN/3
3281,noise,R01_REVIEWED_NOT_ABOUT_SOMOIM_APP,daum,search_preview,(필독) 회원정리 기준 바뀝니다. (필독),https://cafe.daum.net/inlinehome/I3pE/162
3282,noise,R01_REVIEWED_NOT_ABOUT_SOMOIM_APP,daum,search_preview,송현초등학교 28회 회칙,https://cafe.daum.net/songhyun28th/9QPs/2
3283,noise,R01_REVIEWED_NOT_ABOUT_SOMOIM_APP,daum,search_preview,송현28회 회칙,https://cafe.daum.net/songhyun28th/9QPs/20
3284,noise,R01_REVIEWED_NOT_ABOUT_SOMOIM_APP,daum,search_preview,2018.03.05 소모임장 회의록,https://cafe.daum.net/youthdongari/8qhs/138
3285,noise,R01_REVIEWED_NOT_ABOUT_SOMOIM_APP,daum,search_preview,2018년 리온 회칙,https://cafe.daum.net/youthdongari/JaQm/2
3286,noise,R01_REVIEWED_NOT_ABOUT_SOMOIM_APP,daum,search_preview,지부총회 잘 마쳤습니다!!,https://cafe.daum.net/sarangbang123/AT3/1372
3287,noise,R01_REVIEWED_NOT_ABOUT_SOMOIM_APP,daum,search_preview,6월 공개강의 및 7기 위촉식 안내,https://cafe.daum.net/imuseum/fa2/4815
3288,noise,R01_REVIEWED_NOT_ABOUT_SOMOIM_APP,daum,search_preview,2018년도 교우회 이사회 결과 알림,https://cafe.daum.net/posung57/C868/323
3289,noise,R01_REVIEWED_NOT_ABOUT_SOMOIM_APP,daum,search_preview,2015년도 유카회칙입니다,https://cafe.daum.net/youthdongari/JGPN/1
3290,noise,R01_REVIEWED_NOT_ABOUT_SOMOIM_APP,daum,search_preview,소모임장들이 모인다기에 갔더니.....,https://cafe.daum.net/sarangbang123/AT3/4276
3291,noise,R01_REVIEWED_NOT_ABOUT_SOMOIM_APP,daum,search_preview,2014년 1월1일 부 시행 운영회칙,https://cafe.daum.net/01043736347/HbQK/49
3292,noise,R01_REVIEWED_NOT_ABOUT_SOMOIM_APP,daum,search_preview,[[동탄]] Awesome B.C 회원 모집,https://cafe.daum.net/jejubowlingmall/eOKY/35
3293,noise,R01_REVIEWED_NOT_ABOUT_SOMOIM_APP,daum,search_preview,YB 회칙 (2021. 03. 02. 수정 및 변경),https://cafe.daum.net/youthdongari/IcnL/3
3294,noise,R01_REVIEWED_NOT_ABOUT_SOMOIM_APP,daum,search_preview,ㅡㅡ;,https://cafe.daum.net/madeingj/SrL9/2065
3295,noise,R01_REVIEWED_NOT_ABOUT_SOMOIM_APP,daum,search_preview,지산출경상황 1월20일~24일,https://cafe.daum.net/insmo2/9lPQ/1270
3296,noise,R01_REVIEWED_NOT_ABOUT_SOMOIM_APP,daum,search_preview,Youth Band 회칙,https://cafe.daum.net/youthdongari/IcnL/2
3297,noise,R01_REVIEWED_NOT_ABOUT_SOMOIM_APP,daum,search_preview,지산출격상황 1월24일~2월2일,https://cafe.daum.net/insmo2/9lPQ/1281
3298,noise,R01_REVIEWED_NOT_ABOUT_SOMOIM_APP,daum,search_preview,[모집] 블링볼링행복클럽 에서 회원 모집합니다.,https://cafe.daum.net/bowlingevent/LGp7/901
3299,noise,R01_REVIEWED_NOT_ABOUT_SOMOIM_APP,daum,search_preview,[ILFT]1기 3차모집들어갑니다.,https://cafe.daum.net/fancytown/NTo5/2953
3300,noise,R01_REVIEWED_NOT_ABOUT_SOMOIM_APP,daum,search_preview,호남 모임방,https://cafe.daum.net/chinahappy/3oje/185
3301,noise,R01_REVIEWED_NOT_ABOUT_SOMOIM_APP,daum,search_preview,2018.11.27 시선회의록,https://cafe.daum.net/youthdongari/JHrd/21
3302,noise,R01_REVIEWED_NOT_ABOUT_SOMOIM_APP,daum,search_preview,1월11일자로 새로바뀐 식도락 운영원칙 입니다,https://cafe.daum.net/2002suwon/J5Sp/1559
3303,noise,R01_REVIEWED_NOT_ABOUT_SOMOIM_APP,daum,search_preview,인과인 이라는 3년동안 유지 해 온 장애인 소모임 입니다 같이 손잡고 걸어 가실분 있으신가요.. 손 살짝 내밀어주세요,https://cafe.daum.net/specialfinger/RCT/2020
3304,noise,R01_REVIEWED_NOT_ABOUT_SOMOIM_APP,daum,search_preview,Talk 활동 보고서 5.31일,https://cafe.daum.net/youthdongari/J4is/7
3305,noise,R01_REVIEWED_NOT_ABOUT_SOMOIM_APP,daum,search_preview,2019년 3월 12일 유카 회의록,https://cafe.daum.net/youthdongari/JGPM/67
3306,noise,R01_REVIEWED_NOT_ABOUT_SOMOIM_APP,daum,search_preview,[고양시] 치즈볼 회원모집 합니다,https://cafe.daum.net/bowlingevent/LGp7/851
3307,noise,R01_REVIEWED_NOT_ABOUT_SOMOIM_APP,daum,search_preview,[회의]4월 3일-4월 첫째주,https://cafe.daum.net/youthdongari/6TQH/691
3308,noise,R01_REVIEWED_NOT_ABOUT_SOMOIM_APP,daum,search_preview,2017.03.14 회의록,https://cafe.daum.net/youthdongari/JGPM/22
3309,noise,R01_REVIEWED_NOT_ABOUT_SOMOIM_APP,daum,search_preview,지산 출격상황 1월13일~17일,https://cafe.daum.net/insmo2/9lPQ/1257
3310,noise,R01_REVIEWED_NOT_ABOUT_SOMOIM_APP,daum,search_preview,(공지) 제주에프시 관련 붉은악마 내 결정 사항..,https://cafe.daum.net/redjeju/5GKy/7188
3311,noise,R01_REVIEWED_NOT_ABOUT_SOMOIM_APP,daum,search_preview,[회의]3월 20일 넷째주,https://cafe.daum.net/youthdongari/6TQH/689
3312,noise,R01_REVIEWED_NOT_ABOUT_SOMOIM_APP,daum,search_preview,[경기도 안산] 새로생긴 ELK볼링장에서 함께하실 인원 모집합니다. 초기멤버 모집,https://cafe.daum.net/bowlingevent/LGp7/222
3313,noise,R01_REVIEWED_NOT_ABOUT_SOMOIM_APP,daum,search_preview,2018.04.10 시선회의록,https://cafe.daum.net/youthdongari/JHrd/5
3314,noise,R01_REVIEWED_NOT_ABOUT_SOMOIM_APP,daum,search_preview,지산출격상황 2월17~21일,https://cafe.daum.net/insmo2/9lPQ/1300
3315,noise,R01_REVIEWED_NOT_ABOUT_SOMOIM_APP,daum,search_preview,낚시동호회 소모임장 선출 및 회원관리에 대하여,https://cafe.daum.net/jejudoiovedones/2dvR/31
3316,noise,R01_REVIEWED_NOT_ABOUT_SOMOIM_APP,daum,search_preview,2015.9.15 회의록,https://cafe.daum.net/youthdongari/JGPM/3
3317,noise,R01_REVIEWED_NOT_ABOUT_SOMOIM_APP,daum,search_preview,지산출격상황 2월10일~14일,https://cafe.daum.net/insmo2/9lPQ/1294
3318,noise,R01_REVIEWED_NOT_ABOUT_SOMOIM_APP,daum,search_preview,2012년 첫 임원회의 결정사항 등록자 최현탁 등록일 2012. 02. 15,https://cafe.daum.net/snulaw25/Tel2/105
3319,noise,R01_REVIEWED_NOT_ABOUT_SOMOIM_APP,daum,search_preview,서구지회 3월 활동보고,https://cafe.daum.net/incheondongwha/R69y/745
3320,noise,R01_REVIEWED_NOT_ABOUT_SOMOIM_APP,daum,search_preview,강.도리드 축구팀에서 팀원을 구합니다.,https://cafe.daum.net/skfootball/IxUf/22811
3321,noise,R01_REVIEWED_NOT_ABOUT_SOMOIM_APP,daum,search_preview,8월 25일 (월) - 2학기 개강맞이 첫 회의,https://cafe.daum.net/youthdongari/8qhs/89
3322,noise,R01_REVIEWED_NOT_ABOUT_SOMOIM_APP,daum,search_preview,"[공지]에스프레소 임원 지원, 활동하실분 모집합니다",https://cafe.daum.net/wfwijs/AVeR/588
3323,noise,R01_REVIEWED_NOT_ABOUT_SOMOIM_APP,daum,search_preview,사진&여행 회칙,https://cafe.daum.net/ynboard/JnlR/29
3324,noise,R01_REVIEWED_NOT_ABOUT_SOMOIM_APP,daum,search_preview,2012. 3. 15 목요일,https://cafe.daum.net/youthdongari/8qhs/45
3325,noise,R01_REVIEWED_NOT_ABOUT_SOMOIM_APP,daum,search_preview,지산출격상황 2월3일~9일,https://cafe.daum.net/insmo2/9lPQ/1287
3326,noise,R01_REVIEWED_NOT_ABOUT_SOMOIM_APP,daum,search_preview,제주에프시 관련 제주에프시에서 한 회의 결정 내용입니다...,https://cafe.daum.net/redjeju/5GKy/7182
3327,noise,R01_REVIEWED_NOT_ABOUT_SOMOIM_APP,daum,search_preview,강.도리드 축구팀에서 팀원을 구합니다.,https://cafe.daum.net/skfootball/IxUg/2362
3328,noise,R01_REVIEWED_NOT_ABOUT_SOMOIM_APP,daum,search_preview,카페 운영진을 뽑습니다.,https://cafe.daum.net/dx6340/LZ0u/4349
3329,noise,R01_REVIEWED_NOT_ABOUT_SOMOIM_APP,daum,search_preview,인천 연수구 남동구 족구단 족.하.싶 회원 모집합니다!!,https://cafe.daum.net/namdongjokgu/DDGD/8
3330,noise,R01_REVIEWED_NOT_ABOUT_SOMOIM_APP,daum,search_preview,2015.03.10 회의록,https://cafe.daum.net/youthdongari/FlEw/4
3331,noise,R01_REVIEWED_NOT_ABOUT_SOMOIM_APP,daum,search_preview,2015.03.30 회의록,https://cafe.daum.net/youthdongari/8qhs/99
3332,noise,R01_REVIEWED_NOT_ABOUT_SOMOIM_APP,daum,search_preview,영화 분노 보신분 잇으신가영,https://cafe.daum.net/dotax/D8UA/2357013
3333,noise,R01_REVIEWED_NOT_ABOUT_SOMOIM_APP,daum,search_preview,운영의 묘,https://cafe.daum.net/hanyahak/2AOT/3002
3334,noise,R01_REVIEWED_NOT_ABOUT_SOMOIM_APP,daum,search_preview,2014년 04월 14일 (월) - 회의록,https://cafe.daum.net/youthdongari/8qhs/78
3335,noise,R01_REVIEWED_NOT_ABOUT_SOMOIM_APP,daum,search_preview,2010 학년도 M&D 소모임원들을 모집합니다.,https://cafe.daum.net/childlove1/RJE3/279
3336,noise,R01_REVIEWED_NOT_ABOUT_SOMOIM_APP,daum,search_preview,안녕하세요 ~~ 첨 올라옵니다~~,https://cafe.daum.net/2002suwon/JdaW/4054
3337,noise,R01_REVIEWED_NOT_ABOUT_SOMOIM_APP,daum,search_preview,2010 꼼지락 상큼발랄한 소모임원을 모집합니다 우선 클릭해보세요 ^^♥,https://cafe.daum.net/childlove1/RJE3/282
3338,noise,R01_REVIEWED_NOT_ABOUT_SOMOIM_APP,daum,search_preview,2017.05.16 회의록,https://cafe.daum.net/youthdongari/JGPM/29
3339,noise,R01_REVIEWED_NOT_ABOUT_SOMOIM_APP,daum,search_preview,은빛날개 홍보영상,https://cafe.daum.net/nobok/WwXL/48
3340,noise,R01_REVIEWED_NOT_ABOUT_SOMOIM_APP,daum,search_preview,운영진 회의 소집!!!(운연진 필독바랍니다.),https://cafe.daum.net/inlinehome/I3pE/160
3341,noise,R01_REVIEWED_NOT_ABOUT_SOMOIM_APP,daum,search_preview,2018.11.13 리온 회의록,https://cafe.daum.net/youthdongari/JaQp/17
3342,noise,R01_REVIEWED_NOT_ABOUT_SOMOIM_APP,daum,search_preview,좀 어이가 없군요.,https://cafe.daum.net/gmrwkdal0421/4iVG/541
3343,noise,R01_REVIEWED_NOT_ABOUT_SOMOIM_APP,daum,search_preview,내일 경기종료후,https://cafe.daum.net/madeingj/dqZ6/25
3344,noise,R01_REVIEWED_NOT_ABOUT_SOMOIM_APP,daum,search_preview,2017. 11. 13 소모임장 회의록,https://cafe.daum.net/youthdongari/8qhs/135
3345,noise,R01_REVIEWED_NOT_ABOUT_SOMOIM_APP,daum,search_preview,볼링모임 변경 사항,https://cafe.daum.net/2002suwon/JWcB/2509
3346,noise,R01_REVIEWED_NOT_ABOUT_SOMOIM_APP,daum,search_preview,2015.09.14 회의록,https://cafe.daum.net/youthdongari/8qhs/111
3347,noise,R01_REVIEWED_NOT_ABOUT_SOMOIM_APP,daum,search_preview,오늘 운영진 회의 소집. 저녁8시 운동장 매점으로,https://cafe.daum.net/inlinehome/I3pE/169
3348,noise,R01_REVIEWED_NOT_ABOUT_SOMOIM_APP,daum,search_preview,중남미 소모임 방 임시폴더입니다 !!,https://cafe.daum.net/zhejingmsc/Mm6T/1
3349,noise,R01_REVIEWED_NOT_ABOUT_SOMOIM_APP,daum,search_preview,"소모임 ""클럽빌리어드""(가칭)을 새롭게 열려고해여...^^*",https://cafe.daum.net/yongil17/MFOV/69
3350,noise,R01_REVIEWED_NOT_ABOUT_SOMOIM_APP,daum,search_preview,소모임 구성 결과입니다.필독....,https://cafe.daum.net/tianjinintern1/3ERm/69
3351,noise,R01_REVIEWED_NOT_ABOUT_SOMOIM_APP,daum,search_preview,서울 소모임 사진 종합 (설명),https://cafe.daum.net/russia/1bO/1038
3352,noise,R01_REVIEWED_NOT_ABOUT_SOMOIM_APP,daum,search_preview,안녕하세요!^^ 서울 경기권 공인중개사 or 중개보조원 모임 모임장 입니다,https://cafe.daum.net/landpro/Ul1v/42664
3353,noise,R01_REVIEWED_NOT_ABOUT_SOMOIM_APP,daum,search_preview,Re: 소모임 결성을 위한 정모,https://cafe.daum.net/3com/DLSu/237
3354,noise,R01_REVIEWED_NOT_ABOUT_SOMOIM_APP,daum,search_preview,게임 시나리오 소모임 에 들고 싶다~♡,https://cafe.daum.net/hanmedia/5Ksl/1983
3355,noise,R01_REVIEWED_NOT_ABOUT_SOMOIM_APP,daum,search_preview,알파 소모임 어플 이동에 대해..,https://cafe.daum.net/sung322/1VN/4370
3356,noise,R01_REVIEWED_NOT_ABOUT_SOMOIM_APP,daum,search_preview,소모임 3개 우선 창단합니다...!! 화이팅~~^^,https://cafe.daum.net/ANTIDUO/Guiv/4619
3357,noise,R01_REVIEWED_NOT_ABOUT_SOMOIM_APP,daum,search_preview,소모임 RES[리즈] 첫 모임 후기 및 운영방안..,https://cafe.daum.net/deaguhouse/4pZW/1403
3358,noise,R01_REVIEWED_NOT_ABOUT_SOMOIM_APP,daum,search_preview,미문창과『게임 시나리오 소모임 - 트리플 아이(Triple I)』입니다~♡,https://cafe.daum.net/hku03/A4Uq/552
3359,noise,R01_REVIEWED_NOT_ABOUT_SOMOIM_APP,daum,search_preview,Re: 소모임 결성을 위한 정모,https://cafe.daum.net/3com/DLSu/238
3360,noise,R01_REVIEWED_NOT_ABOUT_SOMOIM_APP,daum,search_preview,Re: 소모임 결성을 위한 정모,https://cafe.daum.net/3com/DLSu/242
3361,noise,R01_REVIEWED_NOT_ABOUT_SOMOIM_APP,daum,search_preview,소모임 결성을 위한 정모,https://cafe.daum.net/3com/DLSu/236
3362,noise,R01_REVIEWED_NOT_ABOUT_SOMOIM_APP,daum,search_preview,소모임 운영에 대하여....,https://cafe.daum.net/CECCOB/JN2D/12
3363,noise,R01_REVIEWED_NOT_ABOUT_SOMOIM_APP,daum,search_preview,"<필독필독>모든 집행부, 학회, 소모임 ~~~!",https://cafe.daum.net/skkuedu2000/9dd/4573
3364,noise,R01_REVIEWED_NOT_ABOUT_SOMOIM_APP,daum,search_preview,소모임 ??....,https://cafe.daum.net/ilovehow/1jL/3399
3365,noise,R01_REVIEWED_NOT_ABOUT_SOMOIM_APP,daum,search_preview,천안 소모임 제1대 모임장인 새천년회장의 생신을 감축드리옵니다..ㅎㅎ,https://cafe.daum.net/russia/29e/10
3366,noise,R01_REVIEWED_NOT_ABOUT_SOMOIM_APP,daum,search_preview,"Re:마,창 지역에두 소모임 만들어 주세욤...",https://cafe.daum.net/antjs/B58V/10
3367,noise,R01_REVIEWED_NOT_ABOUT_SOMOIM_APP,daum,search_preview,"촬영 소모임 ""정지화면"" 회원모집",https://cafe.daum.net/skhudc/CoMt/325
3368,noise,R01_REVIEWED_NOT_ABOUT_SOMOIM_APP,daum,search_preview,부모 자율 소모임 ~,https://cafe.daum.net/littlerousseau/hVnQ/54
3369,noise,R01_REVIEWED_NOT_ABOUT_SOMOIM_APP,daum,search_preview,소모임 만들어 주.,https://cafe.daum.net/gefftate/4Yj/55897
3370,noise,R01_REVIEWED_NOT_ABOUT_SOMOIM_APP,daum,search_preview,소모임 에 관해..(관모오빠~~),https://cafe.daum.net/chorusob/2vt/753
3371,noise,R01_REVIEWED_NOT_ABOUT_SOMOIM_APP,daum,search_preview,포켓볼 소모임 -04월 24일 토요일 정모,https://cafe.daum.net/partyadventure/MbMM/143
3372,noise,R01_REVIEWED_NOT_ABOUT_SOMOIM_APP,daum,search_preview,포켓볼 소모임 - 스파르타 12월 05일 토요일 정모,https://cafe.daum.net/partyadventure/MbMM/118
3373,noise,R01_REVIEWED_NOT_ABOUT_SOMOIM_APP,daum,search_preview,2012년 운영진및 각지역 모임장 들을 뽑아 보았습니다,https://cafe.daum.net/0819ryu/OHIB/29
3374,noise,R01_REVIEWED_NOT_ABOUT_SOMOIM_APP,daum,search_preview,알파와 소모임 이중클럽 관련건에 대한 입장,https://cafe.daum.net/sung322/1VK/8634
3375,noise,R01_REVIEWED_NOT_ABOUT_SOMOIM_APP,daum,search_preview,소모임 후기입니다.,https://cafe.daum.net/woo-s/GYTx/100
3376,noise,R01_REVIEWED_NOT_ABOUT_SOMOIM_APP,daum,search_preview,7월23일 정모 회의때 (제 2대 모임장 으로 또냐님께서 역임),https://cafe.daum.net/inforussia/70/822
3377,noise,R01_REVIEWED_NOT_ABOUT_SOMOIM_APP,daum,search_preview,★노래실력과 인맥을 동시에! 신촌 노래 소모임 :) (1월 1일 시작)(노래영상有),https://cafe.daum.net/breakjob/8QOK/25425
3378,noise,R01_REVIEWED_NOT_ABOUT_SOMOIM_APP,daum,search_preview,카페 소모임 안내...,https://cafe.daum.net/chingu6-2/JxfE/13
3379,noise,R01_REVIEWED_NOT_ABOUT_SOMOIM_APP,daum,search_preview,영어 소모임 을 돌아보며...새해복많이 받아요..,https://cafe.daum.net/folest/PRx/752
3380,noise,R01_REVIEWED_NOT_ABOUT_SOMOIM_APP,daum,search_preview,소모임 게시판을 개설하였습니다.,https://cafe.daum.net/partyadventure/KUaA/1
3381,noise,R01_REVIEWED_NOT_ABOUT_SOMOIM_APP,daum,search_preview,소모임 사례를 정리했습니다.,https://cafe.daum.net/gjchambumo/Jzzv/72
3382,noise,R01_REVIEWED_NOT_ABOUT_SOMOIM_APP,daum,search_preview,"[ 소모임 운영] 에 대한 제안입니다..즉, 어떻게 공부할거냐죠...",https://cafe.daum.net/eLinux/9JPP/58
3383,noise,R01_REVIEWED_NOT_ABOUT_SOMOIM_APP,daum,search_preview,포켓볼 소모임 - 스파르타 3월 12일 토요일 정모(5시부터 강습있습니다.),https://cafe.daum.net/partyadventure/MbMM/213
3384,noise,R01_REVIEWED_NOT_ABOUT_SOMOIM_APP,daum,search_preview,소모임 그룹에 관련된 의견^^,https://cafe.daum.net/hades1/8Jc9/79
3385,noise,R01_REVIEWED_NOT_ABOUT_SOMOIM_APP,daum,search_preview,Re:Re:sky님 에 대한 문화소 모임장 의 답변입니다.,https://cafe.daum.net/kunsanjob/1mUD/77
3386,noise,R01_REVIEWED_NOT_ABOUT_SOMOIM_APP,daum,search_preview,소모임 소개~ ^-^,https://cafe.daum.net/skukorea/IBQm/55
3387,noise,R01_REVIEWED_NOT_ABOUT_SOMOIM_APP,daum,search_preview,식물2차 소모임 이 있었습니다.,https://cafe.daum.net/foresto/AyKt/422
3388,noise,R01_REVIEWED_NOT_ABOUT_SOMOIM_APP,daum,search_preview,Re:제가 그 모임장 입니다만...,https://cafe.daum.net/armlock/45S/5099
3389,noise,R01_REVIEWED_NOT_ABOUT_SOMOIM_APP,daum,search_preview,"안녕하세요~ 아동복지 소모임 ""M&D"" 입니다♡",https://cafe.daum.net/ca06/6gJI/1144
3390,noise,R01_REVIEWED_NOT_ABOUT_SOMOIM_APP,daum,search_preview,Re: 소모임 에 대한 내 생각....,https://cafe.daum.net/pundang2535/Hch/8181
3391,noise,R01_REVIEWED_NOT_ABOUT_SOMOIM_APP,daum,search_preview,제가 그 모임장 입니다만...,https://cafe.daum.net/armlock/45S/5089
3392,noise,R01_REVIEWED_NOT_ABOUT_SOMOIM_APP,daum,search_preview,소모임 모집중~!,https://cafe.daum.net/sports2000/3IP/1743
3393,noise,R01_REVIEWED_NOT_ABOUT_SOMOIM_APP,daum,search_preview,소모임 을 모집합니다~~!!!,https://cafe.daum.net/activesportee/2N21/68
3394,noise,R01_REVIEWED_NOT_ABOUT_SOMOIM_APP,daum,search_preview,소모임 을 모집중~!!!!,https://cafe.daum.net/juniorteacher/qBU/1623
3395,noise,R01_REVIEWED_NOT_ABOUT_SOMOIM_APP,daum,search_preview,[ 소모임 예고]6월5~6일 찜질방 소모임 다시 열까합니다...,https://cafe.daum.net/happynyouday/FT7X/6
3396,noise,R01_REVIEWED_NOT_ABOUT_SOMOIM_APP,daum,search_preview,그럼 골프 소모임 은 어떻게 되는 건가요??,https://cafe.daum.net/partyadventure/KUaA/459
3397,noise,R01_REVIEWED_NOT_ABOUT_SOMOIM_APP,daum,search_preview,소모임 소개글에 대하여...,https://cafe.daum.net/sorryserve/G15/1063
3398,noise,R01_REVIEWED_NOT_ABOUT_SOMOIM_APP,daum,search_preview,각 소모임 경고.!,https://cafe.daum.net/gvsclan/8Obk/707
3399,noise,R01_REVIEWED_NOT_ABOUT_SOMOIM_APP,daum,search_preview,"2014년부터 소모임 , 마을모임 평가서 작성부탁드립니다.",https://cafe.daum.net/hansalimsj/EpQp/339
3400,noise,R01_REVIEWED_NOT_ABOUT_SOMOIM_APP,daum,search_preview,축구 소모임 만들면 참가하실분~~~(사커통의 부활),https://cafe.daum.net/picatongjjang/83F/4912
3401,noise,R01_REVIEWED_NOT_ABOUT_SOMOIM_APP,daum,search_preview,[오픈] 인라인 소모임,https://cafe.daum.net/ilsanbm/22MR/952
3402,noise,R01_REVIEWED_NOT_ABOUT_SOMOIM_APP,daum,search_preview,춘마때 송파 소모임 으로 보이나요?갈때표는?,https://cafe.daum.net/SONGPA/4PpQ/1627
3403,noise,R01_REVIEWED_NOT_ABOUT_SOMOIM_APP,daum,search_preview,2013년 4월 3일 소모임 정리,https://cafe.daum.net/SOTinseoul/DQcY/1
3404,noise,R01_REVIEWED_NOT_ABOUT_SOMOIM_APP,daum,search_preview,"인천노인종합복지관협회 소모임 지원사업 ""라온제나"" 사업 대상 안내",https://cafe.daum.net/iaswc/RWos/20
3405,noise,R01_REVIEWED_NOT_ABOUT_SOMOIM_APP,daum,search_preview,2월26일 영어 소모임 후기,https://cafe.daum.net/folest/PRx/966
3406,noise,R01_REVIEWED_NOT_ABOUT_SOMOIM_APP,daum,search_preview,백두대간 소모임 가입기준에 대해서,https://cafe.daum.net/mountaincoub/49BY/178
3407,noise,R01_REVIEWED_NOT_ABOUT_SOMOIM_APP,daum,search_preview,소모임 출석률이 영 저조하여 ㅠㅠ,https://cafe.daum.net/busankunmu/7VWb/2943
3408,noise,R01_REVIEWED_NOT_ABOUT_SOMOIM_APP,daum,search_preview,각소 모임장 여러분..,https://cafe.daum.net/fcgjsc1980/9GHq/9699
3409,noise,R01_REVIEWED_NOT_ABOUT_SOMOIM_APP,daum,search_preview,비즈니스 새로운 사람 어디서 만나? 직장인 취미 커뮤니티 모음 직장인이 참여하기 좋은 취미·독서 모임을 소개합니다,https://cafe.daum.net/souce177/WO7v/2
3410,noise,R01_REVIEWED_NOT_ABOUT_SOMOIM_APP,daum,search_preview,삼일회 탄생.........영천 소모임,https://cafe.daum.net/ycjungang31/1Ucl/195
3411,noise,R01_REVIEWED_NOT_ABOUT_SOMOIM_APP,daum,search_preview,전기자동차 [EV연구회] 6차미팅 소모임 방 12월3일(토) 오후 11시,https://cafe.daum.net/auto4u/5w81/246
3412,noise,R01_REVIEWED_NOT_ABOUT_SOMOIM_APP,daum,search_preview,학부모 책 소모임 [울림],https://cafe.daum.net/iccenter21/MEqR/3
3413,noise,R01_REVIEWED_NOT_ABOUT_SOMOIM_APP,daum,search_preview,식물 소모임 - 현장모임이 있었습니다.,https://cafe.daum.net/foresto/AyKt/450
3414,noise,R01_REVIEWED_NOT_ABOUT_SOMOIM_APP,daum,search_preview,"9, 지역별 스터디와 소모임 에 참석하고 싶은데요.",https://cafe.daum.net/ThePDA/MA9b/9
3415,noise,R01_REVIEWED_NOT_ABOUT_SOMOIM_APP,daum,search_preview,소모임 방 개설해 주세요....,https://cafe.daum.net/timelovelove/El9k/645
3416,noise,R01_REVIEWED_NOT_ABOUT_SOMOIM_APP,daum,search_preview,소모임 활용에 관하여,https://cafe.daum.net/llovevoll/4W7u/92
3417,noise,R01_REVIEWED_NOT_ABOUT_SOMOIM_APP,daum,search_preview,Re:광주지역 소모임 개설하였습니다.다른지역들도..,https://cafe.daum.net/antjs/B58V/7
3418,noise,R01_REVIEWED_NOT_ABOUT_SOMOIM_APP,daum,search_preview,♡미추홀학부모넷ㅡ책으로 만나는 소모임 신청안내♡,https://cafe.daum.net/iccenter21/FPh4/138
3419,noise,R01_REVIEWED_NOT_ABOUT_SOMOIM_APP,daum,search_preview,소모임 소개글 우리는 소몽인 게시판에 올려주세요,https://cafe.daum.net/thahd/BTgO/120
3420,noise,R01_REVIEWED_NOT_ABOUT_SOMOIM_APP,daum,search_preview,경축 38난장(캠핑) 소모임 카페 개설,https://cafe.daum.net/yongsan38/KBv/985
3421,noise,R01_REVIEWED_NOT_ABOUT_SOMOIM_APP,daum,search_preview,소모임 주인님도 있나요?,https://cafe.daum.net/hyunggabest/GiKV/614
3422,noise,R01_REVIEWED_NOT_ABOUT_SOMOIM_APP,daum,search_preview,(NO.84)러정마소식지84호,https://cafe.daum.net/inforussia/79/115
3423,noise,R01_REVIEWED_NOT_ABOUT_SOMOIM_APP,daum,search_preview,(NO.85)러정마소식지85호,https://cafe.daum.net/inforussia/79/116
3424,noise,R01_REVIEWED_NOT_ABOUT_SOMOIM_APP,daum,search_preview,5월 18일 정모에서 나온 의견 및 수정될 내용들을 안내해드리겠습니다,https://cafe.daum.net/inchon-chunsa/h5eS/22
3425,noise,R01_REVIEWED_NOT_ABOUT_SOMOIM_APP,daum,search_preview,[공지] 10대 운영진 활동마감&2002년 활동계획에 대한 공지입니다.,https://cafe.daum.net/sgiveall/4B6/1103
3426,noise,R01_REVIEWED_NOT_ABOUT_SOMOIM_APP,daum,search_preview,[공지] 10대 운영진 활동마감&2002년 활동계획에 대한 공지입니다.,https://cafe.daum.net/sgiveall/4B7/62
3427,noise,R01_REVIEWED_NOT_ABOUT_SOMOIM_APP,daum,search_preview,▶▷ 정모때까지~ : 정모 checklist ◁◀,https://cafe.daum.net/shoppusan/2Ozv/247
3428,noise,R01_REVIEWED_NOT_ABOUT_SOMOIM_APP,daum,search_preview,금번 주최되는 안건입니다..미리 숙지하시고 오시기 바랍니다.,https://cafe.daum.net/snowlovepeople/h4n/98
3429,noise,R01_REVIEWED_NOT_ABOUT_SOMOIM_APP,daum,search_preview,(NO.87)러정마소식지87호,https://cafe.daum.net/inforussia/79/120
3430,noise,R01_REVIEWED_NOT_ABOUT_SOMOIM_APP,daum,search_preview,(NO.83)러정마소식지83호,https://cafe.daum.net/inforussia/79/113
3431,noise,R01_REVIEWED_NOT_ABOUT_SOMOIM_APP,daum,search_preview,인라인 1차 강습을 받고...,https://cafe.daum.net/srmaapt/AFXL/2495
3432,noise,R01_REVIEWED_NOT_ABOUT_SOMOIM_APP,daum,search_preview,보고 - 운영위원회 1차 회의결과,https://cafe.daum.net/seogumun/K76r/7
3433,noise,R01_REVIEWED_NOT_ABOUT_SOMOIM_APP,daum,search_preview,2월8일 경북 정모는 죽도시장 -영포회대게 식당에서-,https://cafe.daum.net/snakesmeetingroon/4PK8/1182
3434,noise,R01_REVIEWED_NOT_ABOUT_SOMOIM_APP,daum,search_preview,보고- 3차 운영위원회 회의결과,https://cafe.daum.net/seogumun/K76r/15
3435,noise,R01_REVIEWED_NOT_ABOUT_SOMOIM_APP,daum,search_preview,대구청년연대은행 디딤 디딤협동 규정 (2021.03.07 정기총회),https://cafe.daum.net/didimbank/9UsE/11
3436,noise,R01_REVIEWED_NOT_ABOUT_SOMOIM_APP,daum,search_preview,센터 운영위원회 회의결과 - 2010년 상반기 활동계획,https://cafe.daum.net/seogumun/Ndae/1
3437,noise,R01_REVIEWED_NOT_ABOUT_SOMOIM_APP,daum,search_preview,(NO.77)러정마 소식지 77호 (2001.9.19),https://cafe.daum.net/inforussia/79/96
3438,noise,R01_REVIEWED_NOT_ABOUT_SOMOIM_APP,daum,search_preview,9월 19일 광고,https://cafe.daum.net/Dhmh/PAXU/70
3439,noise,R01_REVIEWED_NOT_ABOUT_SOMOIM_APP,daum,search_preview,회칙(안),https://cafe.daum.net/ksf29/CwLI/2
3440,noise,R01_REVIEWED_NOT_ABOUT_SOMOIM_APP,daum,search_preview,아직 초기 준비 단계 입니다.,https://cafe.daum.net/jan/92Z/1136
3441,noise,R01_REVIEWED_NOT_ABOUT_SOMOIM_APP,daum,search_preview,6월20일 1박2일 강원도 서핑 정기여행공지합니다,https://cafe.daum.net/woochan1004/5mth/13
3442,noise,R01_REVIEWED_NOT_ABOUT_SOMOIM_APP,daum,search_preview,2004년도 운영계획 확정,https://cafe.daum.net/kbes11/CJs8/295
3443,noise,R01_REVIEWED_NOT_ABOUT_SOMOIM_APP,daum,search_preview,어제 엠티다녀왔습니다.*^^*~~~~~~,https://cafe.daum.net/2000Korea/3u3/346
3444,noise,R01_REVIEWED_NOT_ABOUT_SOMOIM_APP,daum,search_preview,새로운 운영자 추가요~!,https://cafe.daum.net/LOVEBL/GaSp/3255
3445,noise,R01_REVIEWED_NOT_ABOUT_SOMOIM_APP,daum,search_preview,발리 나이트 카페 새로운 운영자,https://cafe.daum.net/LOVEBL/K1aw/48
3446,noise,R01_REVIEWED_NOT_ABOUT_SOMOIM_APP,daum,search_preview,2월 8일날 포항에서 경북모임 정모가 있습니다.,https://cafe.daum.net/snakesmeetingroon/3mbn/23
3447,noise,R01_REVIEWED_NOT_ABOUT_SOMOIM_APP,daum,search_preview,안녕하세요...^^*,https://cafe.daum.net/singleky/FC8B/2
3448,noise,R01_REVIEWED_NOT_ABOUT_SOMOIM_APP,daum,search_preview,정기이사회 주요안건 2008.03.20,https://cafe.daum.net/namgo32/EkGf/79
3449,noise,R01_REVIEWED_NOT_ABOUT_SOMOIM_APP,daum,search_preview,33대 교육학과 학생회 2차 확대운영위원회의,https://cafe.daum.net/skkuedu/3cLZ/55
3450,noise,R01_REVIEWED_NOT_ABOUT_SOMOIM_APP,daum,search_preview,[트리플아이] 발대 함.,https://cafe.daum.net/hanmedia/5Ksl/2381
3451,noise,R01_REVIEWED_NOT_ABOUT_SOMOIM_APP,daum,search_preview,어울마당 활동 상반기 평가,https://cafe.daum.net/truegoodmom/8iaw/448
3452,noise,R01_REVIEWED_NOT_ABOUT_SOMOIM_APP,daum,search_preview,[절대모임] 19일 6시 한강 인라인 결정...,https://cafe.daum.net/timelovelove/IDRQ/23
3453,noise,R01_REVIEWED_NOT_ABOUT_SOMOIM_APP,daum,search_preview,저번 과운 내용입니다.,https://cafe.daum.net/skkuedu/3cLZ/48
3454,noise,R01_REVIEWED_NOT_ABOUT_SOMOIM_APP,daum,search_preview,2014.11.12.수요일 산만세 1차 운영진회의,https://cafe.daum.net/mountainhurrah/OkUi/114
3455,noise,R01_REVIEWED_NOT_ABOUT_SOMOIM_APP,daum,search_preview,Re:닉넴이..,https://cafe.daum.net/tokyoto/2k2/39530
3456,noise,R01_REVIEWED_NOT_ABOUT_SOMOIM_APP,daum,search_preview,Re:미르씨~~~~~~~~^^;,https://cafe.daum.net/remixho/8TVt/528
3457,noise,R01_REVIEWED_NOT_ABOUT_SOMOIM_APP,daum,search_preview,훗~,https://cafe.daum.net/tokyoto/2k2/39527
3458,noise,R01_REVIEWED_NOT_ABOUT_SOMOIM_APP,daum,search_preview,Re:동물농장에 나오신분 맞아요,https://cafe.daum.net/wooddalma/84b3/213
3459,noise,R01_REVIEWED_NOT_ABOUT_SOMOIM_APP,daum,search_preview,3월18일 골프모임 결과,https://cafe.daum.net/vankyunggi/NpGH/4
3460,noise,R01_REVIEWED_NOT_ABOUT_SOMOIM_APP,daum,search_preview,Re:그러무는~~~~~~,https://cafe.daum.net/927942/2ERE/4
3461,noise,R01_REVIEWED_NOT_ABOUT_SOMOIM_APP,daum,search_preview,19기가 알려드립니다.,https://cafe.daum.net/masansarang/YAl/536
3462,noise,R01_REVIEWED_NOT_ABOUT_SOMOIM_APP,daum,search_preview,카페 소모임장들께 알려드립니다.,https://cafe.daum.net/haedong-39/7Xm2/33
3463,noise,R01_REVIEWED_NOT_ABOUT_SOMOIM_APP,daum,search_preview,Re:소모임장 지원받습니다.,https://cafe.daum.net/antjs/B58V/3
3464,noise,R01_REVIEWED_NOT_ABOUT_SOMOIM_APP,daum,search_preview,소모임장들께 알립니다.,https://cafe.daum.net/haedong-39/7Xm2/6
3465,noise,R01_REVIEWED_NOT_ABOUT_SOMOIM_APP,daum,search_preview,Re:정팅을 합시다...음...,https://cafe.daum.net/kidongfamily/4Oo/659
3466,noise,R01_REVIEWED_NOT_ABOUT_SOMOIM_APP,daum,search_preview,카페 소식임다~~,https://cafe.daum.net/lovelikdgirl/3vEz/272
3467,noise,R01_REVIEWED_NOT_ABOUT_SOMOIM_APP,daum,search_preview,다들 늦게 들어갔는데.. 오늘 투표들은 다 했는지..ㅋㅋ,https://cafe.daum.net/hwisland/5PYg/369
3468,noise,R01_REVIEWED_NOT_ABOUT_SOMOIM_APP,daum,search_preview,1월 23일 토요일 스파르타 정모!! - 신입 강습도 있어요^^,https://cafe.daum.net/partyadventure/MbMM/122
3469,noise,R01_REVIEWED_NOT_ABOUT_SOMOIM_APP,daum,search_preview,2010년 스파르타 새해 첫 정모 (1월 9일 토요일),https://cafe.daum.net/partyadventure/MbMM/120
3470,noise,R01_REVIEWED_NOT_ABOUT_SOMOIM_APP,daum,search_preview,스파르타 01.08일 신년 정모 공지,https://cafe.daum.net/partyadventure/MbMM/203
3471,noise,R01_REVIEWED_NOT_ABOUT_SOMOIM_APP,daum,search_preview,스파르타 1월30일 토요일 정모 - 포켓볼 알고 가자!! 전체 강습 4시 30분,https://cafe.daum.net/partyadventure/MbMM/124
3472,noise,R01_REVIEWED_NOT_ABOUT_SOMOIM_APP,daum,search_preview,2010년 2월 6일 스파르타 정모 (신입강습 / 자체 이벤트),https://cafe.daum.net/partyadventure/MbMM/125
3473,noise,R01_REVIEWED_NOT_ABOUT_SOMOIM_APP,daum,search_preview,스파르타 포켓볼 정모 - 둘째 토요일(신입강습 5시),https://cafe.daum.net/partyadventure/MbMM/208
3474,noise,R01_REVIEWED_NOT_ABOUT_SOMOIM_APP,daum,search_preview,추카 추카 드뎌 은로 총동문회가 만들어 졌습니다,https://cafe.daum.net/eunro55family/AY6g/3945
3475,noise,R01_REVIEWED_NOT_ABOUT_SOMOIM_APP,daum,search_preview,스파르타 05월 01일 토요일 정모,https://cafe.daum.net/partyadventure/MbMM/145
3476,noise,R01_REVIEWED_NOT_ABOUT_SOMOIM_APP,daum,search_preview,복싱매니아 제1회 정모 개최 논의.,https://cafe.daum.net/boxing/iw/24037
3477,noise,R01_REVIEWED_NOT_ABOUT_SOMOIM_APP,daum,search_preview,### 힐링스의 새로운 도약 ###,https://cafe.daum.net/3040healings/gtOp/46
3478,noise,R01_REVIEWED_NOT_ABOUT_SOMOIM_APP,daum,search_preview,2010.07.03일 스파르타 포켓모임,https://cafe.daum.net/partyadventure/MbMM/164
3479,noise,R01_REVIEWED_NOT_ABOUT_SOMOIM_APP,daum,search_preview,스파르타 넷째주 정모(1월22일 토요일) - 신입강습있습니다!!,https://cafe.daum.net/partyadventure/MbMM/206
3480,noise,R01_REVIEWED_NOT_ABOUT_SOMOIM_APP,daum,search_preview,스파르타 2월 26일 토요일 정모(강습 5시부터) ＞ 경기종목 : 애니콜,https://cafe.daum.net/partyadventure/MbMM/211
3481,noise,R01_REVIEWED_NOT_ABOUT_SOMOIM_APP,daum,search_preview,[2017년 7월 9일] ETE 일요 영어 스터디,https://cafe.daum.net/etekorea/XWNx/113
3482,noise,R01_REVIEWED_NOT_ABOUT_SOMOIM_APP,daum,search_preview,스파르타 08월 21일 정모,https://cafe.daum.net/partyadventure/MbMM/176
3483,noise,R01_REVIEWED_NOT_ABOUT_SOMOIM_APP,daum,search_preview,[2017년 6월 4일] ETE 일요 영어 스터디 (ETE's Special Free-talking Study Edition),https://cafe.daum.net/etekorea/XWNx/108
3484,noise,R01_REVIEWED_NOT_ABOUT_SOMOIM_APP,daum,search_preview,[2017년 5월 28일] ETE 일요 영어 스터디,https://cafe.daum.net/etekorea/XWNx/107
3485,noise,R01_REVIEWED_NOT_ABOUT_SOMOIM_APP,daum,search_preview,"쏠로땅고 특강 - 디제모와 함께하는 ""땅고음악 깊이듣기""(수정)",https://cafe.daum.net/solotangodj/GagJ/65
3486,noise,R01_REVIEWED_NOT_ABOUT_SOMOIM_APP,daum,search_preview,"2026년 2월 25일 ""꿀벌사랑 동호회 카페"" 경상방 소모임 에 다녀 왔습니다",https://cafe.daum.net/beelove/RW1h/1254
3487,noise,R01_REVIEWED_NOT_ABOUT_SOMOIM_APP,daum,search_preview,부부 스포츠댄스 소모임 있을까요?,https://cafe.daum.net/leeju9009/QZpY/3351
3488,noise,R01_REVIEWED_NOT_ABOUT_SOMOIM_APP,daum,search_preview,■대광31 소풍 동호회 여름 소풍,https://cafe.daum.net/alldaekwang/PxMR/448
3489,noise,R01_REVIEWED_NOT_ABOUT_SOMOIM_APP,daum,search_preview,나 당근마켓에서 등산 동호회 만들었는데 한 3-4명 소모임 운영할랫거든?,https://cafe.daum.net/subdued20club/ReHf/5057153
3490,noise,R01_REVIEWED_NOT_ABOUT_SOMOIM_APP,daum,search_preview,"＜양재천 카페거리 핫플 – 서초구 양재동 데이트·소개팅· 소모임 장소 추천, 플라워카페 티파니＞",https://cafe.daum.net/tiffanyflower/OBop/82
3491,noise,R01_REVIEWED_NOT_ABOUT_SOMOIM_APP,daum,search_preview,동호회 나 소모임 해보고 싶은 우동이들에게,https://cafe.daum.net/weareshower/ZEmw/18048
3492,noise,R01_REVIEWED_NOT_ABOUT_SOMOIM_APP,daum,search_preview,보드게임 동호회 소모임 만들면 어떨까,https://cafe.daum.net/weareshower/ZEn5/5562656
3493,noise,R01_REVIEWED_NOT_ABOUT_SOMOIM_APP,daum,search_preview,소모임 과 함께 하는 동기회 1분기 모임 (3/20),https://cafe.daum.net/s21c/iAgm/508
3494,noise,R01_REVIEWED_NOT_ABOUT_SOMOIM_APP,daum,search_preview,군포 산본 역전콜라텍 사교춤 강사 및 소모임 무료대관,https://cafe.daum.net/leeju9009/Dww/5712
3495,noise,R01_REVIEWED_NOT_ABOUT_SOMOIM_APP,daum,search_preview,인라인파크 소모임 ( 동호회 )이란~~,https://cafe.daum.net/inline4989/9wvT/148
3496,noise,R01_REVIEWED_NOT_ABOUT_SOMOIM_APP,daum,search_preview,강남 스피치 소모임 / 동호회 (스)피치로 찾는 (확)실한 (행)복 입니다 :D,https://cafe.daum.net/Wspeech/ELlb/151
3497,noise,R01_REVIEWED_NOT_ABOUT_SOMOIM_APP,daum,search_preview,우리모두 소모임 . 동호회 .클럽등에 참여합시다.,https://cafe.daum.net/edeveloper/M3Pg/201
3498,noise,R01_REVIEWED_NOT_ABOUT_SOMOIM_APP,daum,search_preview,안녕하세요. 인라인 파크 소모임 ( 동호회 ) 경기지역 운영진입니다.,https://cafe.daum.net/crazyslalom/3Ax1/3278
3499,noise,R01_REVIEWED_NOT_ABOUT_SOMOIM_APP,daum,search_preview,소모임 & 동호회 개설 (필독),https://cafe.daum.net/kprugio/d64Z/3
3500,noise,R01_REVIEWED_NOT_ABOUT_SOMOIM_APP,daum,search_preview,줌님덜 저 너무 무서워요 ㅠㅠㅜ 소모임 동호회 이런것두 조심하세요,https://cafe.daum.net/zoomin62/GN37/1688278
3501,noise,R01_REVIEWED_NOT_ABOUT_SOMOIM_APP,daum,search_preview,[ 소모임 ] 2026년 엘레나파소 *** 신입단원 정기모집 ***,https://cafe.daum.net/latindance/73b/68460
3502,noise,R01_REVIEWED_NOT_ABOUT_SOMOIM_APP,daum,search_preview,12월 년말 동네 소모임,https://cafe.daum.net/Agro8949/QUJG/2408
3503,noise,R01_REVIEWED_NOT_ABOUT_SOMOIM_APP,daum,search_preview,"소모임 ""볼링 동호회 "" 첫번째 모임 있습니다...",https://cafe.daum.net/boasboas/Bslz/36
3504,noise,R01_REVIEWED_NOT_ABOUT_SOMOIM_APP,daum,search_preview,▒ 동호회 속의 작은 동호회 : 소모임 ▒,https://cafe.daum.net/minikorea/1Qir/6986
3505,noise,R01_REVIEWED_NOT_ABOUT_SOMOIM_APP,daum,search_preview,"[중요] 동호회 재정 안정화, 강습 시스템 개편 , 신규 회원 유치를 위한 활동",https://cafe.daum.net/swingfever/16qF/851
3506,noise,R01_REVIEWED_NOT_ABOUT_SOMOIM_APP,daum,search_preview,"소모임 ""인라인 동호회 "" 항아리 개설했습니다.",https://cafe.daum.net/hearing/2QXF/627
3507,noise,R01_REVIEWED_NOT_ABOUT_SOMOIM_APP,daum,search_preview,단지내 동호회 ( 소모임 ) 조성 관련 : 사진관련 모임 추진예정,https://cafe.daum.net/jinyoungxi/FdDq/785
3508,noise,R01_REVIEWED_NOT_ABOUT_SOMOIM_APP,daum,search_preview,★★오늘 동호회 소모임 와펜발송됩니다~,https://cafe.daum.net/millemiglia/EcfG/4858
3509,noise,R01_REVIEWED_NOT_ABOUT_SOMOIM_APP,daum,search_preview,[ 소모임 ] 야구 동호회 를 향한 발걸음...,https://cafe.daum.net/taiwan/5AE/5301
3510,noise,R01_REVIEWED_NOT_ABOUT_SOMOIM_APP,daum,search_preview,55회 동창회 소모임 및 동호회 를 추진합니다.,https://cafe.daum.net/soongsil1972/6tun/120
3511,noise,R01_REVIEWED_NOT_ABOUT_SOMOIM_APP,daum,search_preview,큐엠5클럽 볼링 소모임 동호회 건,https://cafe.daum.net/rsmsuv/IfCw/77
3512,noise,R01_REVIEWED_NOT_ABOUT_SOMOIM_APP,daum,search_preview,제가 소모임 추리 동호회 에 첫번째로 넣으려고 준비했던 문제지만 한번 내봅니다.,https://cafe.daum.net/detectiveconan/Nb0F/1615
3513,noise,R01_REVIEWED_NOT_ABOUT_SOMOIM_APP,daum,search_preview,동호회 ( 소모임 ) 안내,https://cafe.daum.net/kvc/F4HT/2
3514,noise,R01_REVIEWED_NOT_ABOUT_SOMOIM_APP,daum,search_preview,취미/ 소모임 / 동호회 [취미모임] 🎲 보드게임을 좋아하는 당신! 지금 바로 들어오세요~! 🎲,https://cafe.daum.net/kangwonlike/Ep8R/5686
3515,noise,R01_REVIEWED_NOT_ABOUT_SOMOIM_APP,daum,search_preview,성공 투자 부동산 스터디 동호회 오프라인 소모임 ::부동산재테크1번지,https://cafe.daum.net/ohyungsang/PnTW/679
3516,noise,R01_REVIEWED_NOT_ABOUT_SOMOIM_APP,daum,search_preview,중년의모임 소모임 (낚시 동호회 ),https://cafe.daum.net/sk3550/JXd7/377
3517,noise,R01_REVIEWED_NOT_ABOUT_SOMOIM_APP,daum,search_preview,[행사 대외활동] 2026 커뮤니티비프 리퀘스트시네마 관객프로그래머 모집,https://cafe.daum.net/contestkorea/sBQV/66
3518,noise,R01_REVIEWED_NOT_ABOUT_SOMOIM_APP,daum,search_preview,소모임 골프 동호회 가입신청하시는 분들께..,https://cafe.daum.net/newzealand/HR/20676
3519,noise,R01_REVIEWED_NOT_ABOUT_SOMOIM_APP,daum,search_preview,"소모임 & 동호회 (가야금,거문고) 연습실 대여합니다.(부산 양정동)",https://cafe.daum.net/samulnorian/BUPd/6473
3520,noise,R01_REVIEWED_NOT_ABOUT_SOMOIM_APP,daum,search_preview,"▶◀ 회장/수석부회장,조직도 ▶◀ 안산지회( 소모임 / 동호회 ) ▶◀",https://cafe.daum.net/runs1004/L6w7/1
3521,noise,R01_REVIEWED_NOT_ABOUT_SOMOIM_APP,daum,search_preview,싸이클 동호회 소모임 만들고 싶습니다,https://cafe.daum.net/qingdaokorean/Huck/1
3522,noise,R01_REVIEWED_NOT_ABOUT_SOMOIM_APP,daum,search_preview,소모임 舊 동호회 정리 및 신규 신청 안내 !,https://cafe.daum.net/pm21/K2Bw/199
3523,noise,R01_REVIEWED_NOT_ABOUT_SOMOIM_APP,daum,search_preview,인산 소모임 볼링 동호회 춘계대회 일정,https://cafe.daum.net/au33/7msa/32
3524,noise,R01_REVIEWED_NOT_ABOUT_SOMOIM_APP,daum,search_preview,다목적 실내체육관 대관 안내/광명시/일요일대관/평일오전,https://cafe.daum.net/spodream/1gh2/4520
3525,noise,R01_REVIEWED_NOT_ABOUT_SOMOIM_APP,daum,search_preview,동호회 내 소모임 활동에 대한 운영진의 공식입장,https://cafe.daum.net/rocsta/4BDa/15686
3526,noise,R01_REVIEWED_NOT_ABOUT_SOMOIM_APP,daum,search_preview,사진 동호회 소모임 방 개설 - 참여 해주세요!,https://cafe.daum.net/GmMalaysia/8aml/1959
3527,noise,R01_REVIEWED_NOT_ABOUT_SOMOIM_APP,daum,search_preview,2010년도 청도골프 동호회 소모임 겸송년회 모임,https://cafe.daum.net/qingdaogolf50/HUvY/274
3528,noise,R01_REVIEWED_NOT_ABOUT_SOMOIM_APP,daum,search_preview,"대구 suv전문 ,언더코팅, 각종DIY, 동호회 소모임 장소, 일반경정비 일체",https://cafe.daum.net/SUV/5DsP/5440
3529,noise,R01_REVIEWED_NOT_ABOUT_SOMOIM_APP,daum,search_preview,"대구 suv전문 ,언더코팅, 각종DIY, 동호회 소모임 장소, 일반경정비 일체",https://cafe.daum.net/SUV/5DsP/5416
3530,noise,R01_REVIEWED_NOT_ABOUT_SOMOIM_APP,daum,search_preview,2010년도 청도골프 동호회 소모임 겸송년회 모임,https://cafe.daum.net/qingdaogolf50/ERaH/333
3531,noise,R01_REVIEWED_NOT_ABOUT_SOMOIM_APP,daum,search_preview,소모임 '사계절 동호회 ' 여러분!!,https://cafe.daum.net/spdprpvuswlfmf/9G1K/9171
3532,noise,R01_REVIEWED_NOT_ABOUT_SOMOIM_APP,daum,search_preview,압구정 탑빠 동호회 소모임 연습모임에 연습실 무료대관 합니다,https://cafe.daum.net/TOPBAR/K6uP/896
3533,noise,R01_REVIEWED_NOT_ABOUT_SOMOIM_APP,daum,search_preview,볼링 동호회 소모임 개설을 축하드립니다..^^,https://cafe.daum.net/prugio8/1fCF/86
3534,noise,R01_REVIEWED_NOT_ABOUT_SOMOIM_APP,daum,search_preview,소모임 한양 동호회 지기님에 홍추니 님으로 추대하려 합니다.,https://cafe.daum.net/weldskill/3dQ/65
3535,noise,R01_REVIEWED_NOT_ABOUT_SOMOIM_APP,daum,search_preview,부산 해운대쪽에 소모임 이나 동호회 추천해주실만한 곳 있을까요?,https://cafe.daum.net/specmaster/R0LZ/1270
3536,noise,R01_REVIEWED_NOT_ABOUT_SOMOIM_APP,daum,search_preview,혹시 래디컬페미니스트 소모임 ? 동호회 ? 같은 거 가입한 사람 있니 독서모임이라도!,https://cafe.daum.net/ok1221/8lcX/70786255
3537,noise,R01_REVIEWED_NOT_ABOUT_SOMOIM_APP,daum,search_preview,소모임 인천 동호회 는 없나여?,https://cafe.daum.net/SM5CLUB/2oe/19254
3538,noise,R01_REVIEWED_NOT_ABOUT_SOMOIM_APP,daum,search_preview,현재 동호회 소모임 과 지역모임을 주관하는 회원 명단,https://cafe.daum.net/kjsogae/Bby/140
3539,noise,R01_REVIEWED_NOT_ABOUT_SOMOIM_APP,daum,search_preview,꿀벌사랑 동호회 경남권역(섬진강권 포함) 소모임 개최,https://cafe.daum.net/beelove/RW1h/472
3540,noise,R01_REVIEWED_NOT_ABOUT_SOMOIM_APP,daum,search_preview,꿀벌사랑 동호회 경상방 소모임 종료,https://cafe.daum.net/beelove/RW1h/1097
3541,noise,R01_REVIEWED_NOT_ABOUT_SOMOIM_APP,daum,search_preview,축구 동호회 소모임 운영,https://cafe.daum.net/prugio8/1fCF/72
3542,noise,R01_REVIEWED_NOT_ABOUT_SOMOIM_APP,daum,search_preview,소모임 에 배드민턴/볼링 동호회 개설하였습니다..,https://cafe.daum.net/ysschung/3kxt/290
3543,noise,R01_REVIEWED_NOT_ABOUT_SOMOIM_APP,daum,search_preview,그 카톡 오픈채팅방 동호회 소모임 요 별로인가요??,https://cafe.daum.net/zoomin62/GN37/2442470
3544,noise,R01_REVIEWED_NOT_ABOUT_SOMOIM_APP,daum,search_preview,정모를 자주 못나가 소모임 으로 동호회 활동 했었는데...,https://cafe.daum.net/inlinekangbook/7Ch/33216
3545,noise,R01_REVIEWED_NOT_ABOUT_SOMOIM_APP,daum,search_preview,2010년도 청도골프 동호회 소모임 겸송년회 모임,https://cafe.daum.net/qingdaogolf50/HVKx/216
3546,noise,R01_REVIEWED_NOT_ABOUT_SOMOIM_APP,daum,search_preview,Re:Re:하이텔 소모임 에뮬 동호회 에서 구했어여,https://cafe.daum.net/pcengine/cx2/138
3547,noise,R01_REVIEWED_NOT_ABOUT_SOMOIM_APP,daum,search_preview,이번에 새로운 동호회 의 소모임 을 맡았습니다(재즈속으로),https://cafe.daum.net/clubmonk/Dbnn/628
3548,noise,R01_REVIEWED_NOT_ABOUT_SOMOIM_APP,daum,search_preview,꿀벌사랑 동호회 경상방 소모임 안내,https://cafe.daum.net/beelove/RW1h/1136
3549,noise,R01_REVIEWED_NOT_ABOUT_SOMOIM_APP,daum,search_preview,동호회 소모임 지역 개편관련----,https://cafe.daum.net/TRAJET/5Yoy/60
3550,noise,R01_REVIEWED_NOT_ABOUT_SOMOIM_APP,daum,search_preview,소모임 으로 동호회 를 만들면 어떨까요?,https://cafe.daum.net/hoshea1/5qP8/795
3551,noise,R01_REVIEWED_NOT_ABOUT_SOMOIM_APP,daum,search_preview,동호회 소모임 발족회에 초대합니다 ( 애당초골사친),https://cafe.daum.net/dangjung23/KLm/1822
3552,noise,R01_REVIEWED_NOT_ABOUT_SOMOIM_APP,daum,search_preview,청도골프 동호회 빠빠클럽 회칙( 소모임 방 폐쇄로 퍼 왔음),https://cafe.daum.net/qingdaogolf50/HVKx/14
3553,noise,R01_REVIEWED_NOT_ABOUT_SOMOIM_APP,daum,search_preview,[홍대토즈] 살사 동호회 중국어 소모임 강의해 주실분 구합니다.,https://cafe.daum.net/zhaolaoshi/DKqL/3804
3554,noise,R01_REVIEWED_NOT_ABOUT_SOMOIM_APP,daum,search_preview,소모임 에 볼링 동호회 회원들을 모집 합니다...^^,https://cafe.daum.net/tonghae/31eS/1134
3555,noise,R01_REVIEWED_NOT_ABOUT_SOMOIM_APP,daum,search_preview,청도골프 동호회 운영진및 소모임 임시 라운드,https://cafe.daum.net/qingdaogolf50/HVKx/161
3556,noise,R01_REVIEWED_NOT_ABOUT_SOMOIM_APP,daum,search_preview,"소모임 방 ""뉴이골프 동호회 "" 가입 안내",https://cafe.daum.net/newzealand/HR/19813
3557,noise,R01_REVIEWED_NOT_ABOUT_SOMOIM_APP,daum,search_preview,꿀벌사랑 동호회 1차전북 소모임 (2016.1.31) 사진,https://cafe.daum.net/beelove/RW1h/341
3558,noise,R01_REVIEWED_NOT_ABOUT_SOMOIM_APP,daum,search_preview,지산 동호회 연합 스키&스노보드 대회 안내( 소모임 대체),https://cafe.daum.net/insmo2/9lPQ/1383
3559,noise,R01_REVIEWED_NOT_ABOUT_SOMOIM_APP,daum,search_preview,사진 동호회 나 소모임 같은곳은 없나요?,https://cafe.daum.net/shanghaivillage/2qcT/2623
3560,noise,R01_REVIEWED_NOT_ABOUT_SOMOIM_APP,daum,search_preview,2017년 꿀벌사랑 동호회 1차 경기지역 소모임 을 마치며,https://cafe.daum.net/beelove/RW1h/436
3561,noise,R01_REVIEWED_NOT_ABOUT_SOMOIM_APP,daum,search_preview,"동아리, 동호회 , 소모임 등을 고민하시는 분들께 드리는 작은 팁.",https://cafe.daum.net/dotax/D8UA/5440174
3562,noise,R01_REVIEWED_NOT_ABOUT_SOMOIM_APP,daum,search_preview,부산 중구쪽에 친목 소모임 이나 동호회 추천 부탁드릴께요. ㅜㅜㅜㅜ,https://cafe.daum.net/GanZiYT/RZLS/1296
3563,noise,R01_REVIEWED_NOT_ABOUT_SOMOIM_APP,daum,search_preview,꿀벌사랑 동호회 경상방 소모임 안내,https://cafe.daum.net/jingijong/6ubu/2957
3564,noise,R01_REVIEWED_NOT_ABOUT_SOMOIM_APP,daum,search_preview,3월25일 꿀벌사랑 동호회 진도 소모임,https://cafe.daum.net/beelove/RW1h/453
3565,noise,R01_REVIEWED_NOT_ABOUT_SOMOIM_APP,daum,search_preview,면허취소 관련 각 카페와 기타 소모임 동호회 에 우리의 취지를 알립시다.,https://cafe.daum.net/ausgjcnlth/8h0Z/5
3566,noise,R01_REVIEWED_NOT_ABOUT_SOMOIM_APP,daum,search_preview,수상레포츠 동호회 ^^^ 소모임 을 축하합니다^~^,https://cafe.daum.net/vmffotl/D8wS/1
3567,noise,R01_REVIEWED_NOT_ABOUT_SOMOIM_APP,daum,search_preview,Re:꿀벌사랑 동호회 경남권역(섬진강권 포함) 소모임 개최 결과 알림,https://cafe.daum.net/beelove/RW1h/471
3568,noise,R01_REVIEWED_NOT_ABOUT_SOMOIM_APP,daum,search_preview,R.S.Z입니다!!! 동호회 소모임 ~!!,https://cafe.daum.net/Saxophonenetting/56Tj/413
3569,noise,R01_REVIEWED_NOT_ABOUT_SOMOIM_APP,daum,search_preview,사진 동호회 소모임 신청완료 및 2차 정모 관련건,https://cafe.daum.net/GmMalaysia/8aml/1949
3570,noise,R01_REVIEWED_NOT_ABOUT_SOMOIM_APP,daum,search_preview,Re:Re:[대박예감]음악 동호회 소모임 ..강추~!!!!!!!!!^^*,https://cafe.daum.net/Browneyes/3HSS/1009
3571,noise,R01_REVIEWED_NOT_ABOUT_SOMOIM_APP,daum,search_preview,Re:42동기 골프 동호회 소모임,https://cafe.daum.net/cjm42/pha/932
3572,noise,R01_REVIEWED_NOT_ABOUT_SOMOIM_APP,daum,search_preview,"임용외) 동호회 , 소모임 들려고 하는데 어떤게 좋을까요?",https://cafe.daum.net/educationstudy/L3dg/37083
3573,noise,R01_REVIEWED_NOT_ABOUT_SOMOIM_APP,daum,search_preview,바둑공부 & 바둑 교육 소모임 소식 (중한 바둑 동호회 /웨이하이 지역),https://cafe.daum.net/weihai/5Avc/3663
3574,noise,R01_REVIEWED_NOT_ABOUT_SOMOIM_APP,daum,search_preview,동호회 소모임 에 테니스 모임 추가 건의합니다.,https://cafe.daum.net/qingdaokorean/DGg4/57
3575,noise,R01_REVIEWED_NOT_ABOUT_SOMOIM_APP,daum,search_preview,A21-2블럭 공공임대 입주 동호회 소모임 카페 개설,https://cafe.daum.net/pglrentalhouse/K81l/32
3576,noise,R01_REVIEWED_NOT_ABOUT_SOMOIM_APP,daum,search_preview,꿀벌사랑 동호회 경기지역 소모임 최종 시간표임니다,https://cafe.daum.net/rhwjdcjs/Lk7M/180
3577,noise,R01_REVIEWED_NOT_ABOUT_SOMOIM_APP,daum,search_preview,울산에두 싼타 동호회 소모임 이 인나효?,https://cafe.daum.net/santafeclub/CBC/6817
3578,noise,R01_REVIEWED_NOT_ABOUT_SOMOIM_APP,daum,search_preview,안산 선부동 에이스볼링장 에이스클럽 회원모집합니다.,https://cafe.daum.net/bowlingevent/LGp7/1363
3579,noise,R01_REVIEWED_NOT_ABOUT_SOMOIM_APP,daum,search_preview,축구 동호회 소모임 방 폐쇄,https://cafe.daum.net/prugio8/AaMk/1009
3580,noise,R01_REVIEWED_NOT_ABOUT_SOMOIM_APP,daum,search_preview,볼링 동호회 소모임 (제4차정기전 1월 4일),https://cafe.daum.net/au33/7msa/16
3581,noise,R01_REVIEWED_NOT_ABOUT_SOMOIM_APP,daum,search_preview,동호회 나 소모임 추천 좀 해주이소~,https://cafe.daum.net/sokcho/2n7Z/260
3582,noise,R01_REVIEWED_NOT_ABOUT_SOMOIM_APP,daum,search_preview,동호회 내의 소모임 ..,https://cafe.daum.net/Riocafe/Zfn/12735
3583,noise,R01_REVIEWED_NOT_ABOUT_SOMOIM_APP,daum,search_preview,흐흐..이러다 사진 동호회 소모임 생기는거 아닌지 원..^^;;,https://cafe.daum.net/crazyswing/EgYN/970
3584,noise,R01_REVIEWED_NOT_ABOUT_SOMOIM_APP,daum,search_preview,지역 동호회 ? 소모임 ? 이런 곳 들어가봤던 도토들아,https://cafe.daum.net/ok1221/8lcX/22356595
3585,noise,R01_REVIEWED_NOT_ABOUT_SOMOIM_APP,daum,search_preview,흑색벌 동호회 교육 공지,https://cafe.daum.net/6335797/o3QS/84
3586,noise,R01_REVIEWED_NOT_ABOUT_SOMOIM_APP,daum,search_preview,연세무술 동호회 축구 소모임 유니폼입니다^^,https://cafe.daum.net/yonmu/Jw6/13848
3587,noise,R01_REVIEWED_NOT_ABOUT_SOMOIM_APP,daum,search_preview,부산 소모임 이나 동호회 ... 어디 좋은데 없나요?,https://cafe.daum.net/mart1000/jMb7/6808
3588,noise,R01_REVIEWED_NOT_ABOUT_SOMOIM_APP,daum,search_preview,꿀벌사랑 동호회 울산근교 지역 소모임,https://cafe.daum.net/beelove/RW1h/460
3589,noise,R01_REVIEWED_NOT_ABOUT_SOMOIM_APP,daum,search_preview,Dance Sports 동호회 소모임,https://cafe.daum.net/ksgoldage/5zFz/31
3590,noise,R01_REVIEWED_NOT_ABOUT_SOMOIM_APP,daum,search_preview,지금 소모임 방 뉴이골프 동호회 에서는.......,https://cafe.daum.net/newzealand/HR/19757
3591,noise,R01_REVIEWED_NOT_ABOUT_SOMOIM_APP,daum,search_preview,★ 유치권제1기 동호회 소모임 개설하였습니다.,https://cafe.daum.net/law-119/MzHy/8
3592,noise,R01_REVIEWED_NOT_ABOUT_SOMOIM_APP,daum,search_preview,독기들중에 소모임 이나 동호회 든 독기잇념,https://cafe.daum.net/baemilytory/8zMg/5692176
3593,noise,R01_REVIEWED_NOT_ABOUT_SOMOIM_APP,daum,search_preview,볼링 동호회 를 소모임 에 만들까 합니다.,https://cafe.daum.net/top10ri/3lKs/533
3594,noise,R01_REVIEWED_NOT_ABOUT_SOMOIM_APP,daum,search_preview,산사랑의 소모임 격인 디카 동호회 여러분께..ㅋㅋ,https://cafe.daum.net/positivesansarang/1suK/760
3595,noise,R01_REVIEWED_NOT_ABOUT_SOMOIM_APP,daum,search_preview,회원10명이상 동호회 에 카페 소모임 을 드립니다,https://cafe.daum.net/anyangfood/49N9/1572
3596,noise,R01_REVIEWED_NOT_ABOUT_SOMOIM_APP,daum,search_preview,경매 동호회 개설< 소모임 방>,https://cafe.daum.net/butake/1BYb/826
3597,noise,R01_REVIEWED_NOT_ABOUT_SOMOIM_APP,daum,search_preview,SNS(Social Network Service),https://cafe.daum.net/seongok1903/CU1k/174
3598,noise,R01_REVIEWED_NOT_ABOUT_SOMOIM_APP,daum,search_preview,42동기 골프 동호회 소모임,https://cafe.daum.net/cjm42/pha/921
3599,noise,R01_REVIEWED_NOT_ABOUT_SOMOIM_APP,daum,search_preview,꿀벌사랑 동호회 경상방 소모임,https://cafe.daum.net/beelove/erp/9711
3600,noise,R01_REVIEWED_NOT_ABOUT_SOMOIM_APP,daum,search_preview,[제안] 야구 동호회 소모임 어떨까요?,https://cafe.daum.net/taiwan/5AE/5284
3601,noise,R01_REVIEWED_NOT_ABOUT_SOMOIM_APP,daum,search_preview,♡ KAL 동호회 소모임 개설 승인 감사드립니다. ♡ ♡ ♡,https://cafe.daum.net/cgsbong/1caN/1230
3602,noise,R01_REVIEWED_NOT_ABOUT_SOMOIM_APP,daum,search_preview,♡ KAL 동호회 소모임 개설 승인 감사드립니다. ♡ ♡ ♡,https://cafe.daum.net/cgsbong/1caN/1231
3603,noise,R01_REVIEWED_NOT_ABOUT_SOMOIM_APP,daum,search_preview,자작!!!! 동호회 소모임 ~~~,https://cafe.daum.net/clubmodelcar/4bXu/4658
3604,noise,R01_REVIEWED_NOT_ABOUT_SOMOIM_APP,daum,search_preview,제 4 장 동호회 의 지역모임 및 소모임 .,https://cafe.daum.net/NEWKORANDO/5xkc/57
3605,noise,R01_REVIEWED_NOT_ABOUT_SOMOIM_APP,daum,search_preview,꿀벌사랑 동호회 경기지역 소모임 최종 시간표임니다,https://cafe.daum.net/6335797/QLF2/2645
3606,noise,R01_REVIEWED_NOT_ABOUT_SOMOIM_APP,daum,search_preview,4050우리세상 볼링 동호회 남부지부(안산)창단 기념 이벤트게임(7월 11일),https://cafe.daum.net/4050cafe/JyiE/95
3607,noise,R01_REVIEWED_NOT_ABOUT_SOMOIM_APP,daum,search_preview,동호회 내 203040 소모임 -빠쏘아빠쏘-,https://cafe.daum.net/koreadance/DPuI/3153
3608,noise,R01_REVIEWED_NOT_ABOUT_SOMOIM_APP,daum,search_preview,소모임 메뉴의 이바구꺼리 방에 동호회 운영에 관련한 글이 제안되어 있습니다...참여부탁해여,https://cafe.daum.net/latindance/73e/11926
3609,noise,R01_REVIEWED_NOT_ABOUT_SOMOIM_APP,daum,search_preview,소모임 메뉴의 이바구꺼리 방에 동호회 운영에 관련한 글이 제안되어 있습니다...참여부탁해여,https://cafe.daum.net/latindance/73Z/21286
3610,noise,R01_REVIEWED_NOT_ABOUT_SOMOIM_APP,daum,search_preview,한스동^2...(한메일...스노보드... 동호회 )... 소모임 만들었으면 하는 소망이 있네요...^^;;,https://cafe.daum.net/sq99/2hq/33287
3611,keep,K02_REVIEWED_APP_QUESTION,daum,search_preview,소모임 어플로 동호회 활동 해본사람,https://cafe.daum.net/ok1221/8lcX/34969555
3612,noise,R01_REVIEWED_NOT_ABOUT_SOMOIM_APP,daum,search_preview,Re: 소모임 에서 볼링 동호회 를 클릭하세요. ^^,https://cafe.daum.net/guam002/Mqu/4313
3613,noise,R01_REVIEWED_NOT_ABOUT_SOMOIM_APP,daum,search_preview,소모임 [징검다리] 회원모집 안내!,https://cafe.daum.net/ulsantongchin/DM8P/1881
3614,noise,R01_REVIEWED_NOT_ABOUT_SOMOIM_APP,daum,search_preview,갑자기 야구 축구 농구 이런게 하고 싶어짐,https://cafe.daum.net/weareshower/ZEn5/7031641
3615,noise,R01_REVIEWED_NOT_ABOUT_SOMOIM_APP,daum,search_preview,Re: 소모임 게시판 참고( 동호회 전체 일정과 무관함),https://cafe.daum.net/tjavante/1pcP/9127
3616,noise,R01_REVIEWED_NOT_ABOUT_SOMOIM_APP,daum,search_preview,"[4월30,토] 서경 동호회 ,기별모임,지역 소모임 ,테마별 소모임 전체 임원 간담회(결산 보고 )",https://cafe.daum.net/54mal/GaDr/42649
3617,noise,R01_REVIEWED_NOT_ABOUT_SOMOIM_APP,daum,search_preview,"Re:[ 소모임 신청] RC 동호회 , 스마트밴드 !!! ---> 소모임 신청란으로 이동했습니다~ 소모임 신청란 확인필!!",https://cafe.daum.net/lovesmarts/181e/6595
3618,noise,R01_REVIEWED_NOT_ABOUT_SOMOIM_APP,daum,search_preview,우리 동호회 소모임 은 3개.,https://cafe.daum.net/hmad/CswW/21
3619,noise,R01_REVIEWED_NOT_ABOUT_SOMOIM_APP,daum,search_preview,동호회 나 소모임 은 어디서 알아봐??,https://cafe.daum.net/baemilytory/DeR5/1088
3620,noise,R01_REVIEWED_NOT_ABOUT_SOMOIM_APP,daum,search_preview,직장인 동호회 홍보 < 따뜻한 소모임 >,https://cafe.daum.net/breakjob/iG3/95439
3621,noise,R01_REVIEWED_NOT_ABOUT_SOMOIM_APP,daum,search_preview,모임내 소모임 이 안 좋았던 경험,https://cafe.daum.net/10in10/1pRl/1414680
3622,noise,R01_REVIEWED_NOT_ABOUT_SOMOIM_APP,daum,search_preview,소모임 신청> 교동 필그린 테니스 동호회,https://cafe.daum.net/lovembcity/Aaum/475
3623,noise,R01_REVIEWED_NOT_ABOUT_SOMOIM_APP,daum,search_preview,소모임 - 중국노래 동호회 에 따끈한 중음이..,https://cafe.daum.net/chinaplay/3XVq/373
3624,noise,R01_REVIEWED_NOT_ABOUT_SOMOIM_APP,daum,search_preview,소모임 이 활성화된 카페들은 <필독>하세요~ (by 최강희 공식 동호회 [강우]),https://cafe.daum.net/jinibanchan/GjrW/94
3625,noise,R01_REVIEWED_NOT_ABOUT_SOMOIM_APP,daum,search_preview,영화 동호회 소모임,https://cafe.daum.net/gsapt1/CnN9/122
3626,noise,R01_REVIEWED_NOT_ABOUT_SOMOIM_APP,daum,search_preview,광주 소모임 신세계 볼링장 다음 동호회 .. ...,https://cafe.daum.net/CHONJUBOWLING/9tMs/475
3627,noise,R01_REVIEWED_NOT_ABOUT_SOMOIM_APP,daum,search_preview,회원님들에 의견을 듣고자 합니다.( 소모임 ),https://cafe.daum.net/ninevolleyball/OD8z/297
3628,noise,R01_REVIEWED_NOT_ABOUT_SOMOIM_APP,daum,search_preview,동호회 성격의 소모임 신청받습니다.,https://cafe.daum.net/curitels2/6egi/5
3629,noise,R01_REVIEWED_NOT_ABOUT_SOMOIM_APP,daum,search_preview,남미새 여미새 없는 동호회 같은건 없을까요 ㅜ,https://cafe.daum.net/zoomin62/GN37/3511077
3630,noise,R01_REVIEWED_NOT_ABOUT_SOMOIM_APP,daum,search_preview,수원 용인 신갈 동탄 화성 (등산 동호회 )( 소모임 ),https://cafe.daum.net/wonju/24EN/1883
3631,noise,R01_REVIEWED_NOT_ABOUT_SOMOIM_APP,daum,search_preview,소모임 (레코인라인 동호회 ) 가입 회원님,https://cafe.daum.net/leport/5WFf/97
3632,noise,R01_REVIEWED_NOT_ABOUT_SOMOIM_APP,daum,search_preview,9월2일 일산에서 동호회 소모임 이 있습니돳~!,https://cafe.daum.net/gemetalkcafe/CT9I/2354
3633,noise,R01_REVIEWED_NOT_ABOUT_SOMOIM_APP,daum,search_preview,2014년 동호회 계좌 및 소모임 방 안내,https://cafe.daum.net/prugio8/AaMk/2144
3634,noise,R01_REVIEWED_NOT_ABOUT_SOMOIM_APP,daum,search_preview,'파크골프 동호회 '가 소모임 에 등재되었습니다.,https://cafe.daum.net/gunsung25/32He/8
3635,noise,R01_REVIEWED_NOT_ABOUT_SOMOIM_APP,daum,search_preview,안동지역 소모임 합니다 ^^,https://cafe.daum.net/beelove/RW1h/1041
3636,noise,R01_REVIEWED_NOT_ABOUT_SOMOIM_APP,daum,search_preview,다그린 남한강 동호회 3주년 기념 탐석 겸 송년회(04.12.19),https://cafe.daum.net/chamsuseok/EM2E/57
3637,noise,R01_REVIEWED_NOT_ABOUT_SOMOIM_APP,daum,search_preview,소모임 의 여행&산행 동호회 가 활동을 재시작합니다. 많은 참여바랍니다.,https://cafe.daum.net/kijaacademy/Foc/298
3638,keep,K02_REVIEWED_APP_QUESTION,daum,search_preview,소모임 어플통해서 동호회 같은거 나가본사람?,https://cafe.daum.net/ok1221/8lcX/57881901
3639,noise,R01_REVIEWED_NOT_ABOUT_SOMOIM_APP,daum,search_preview,볼링 동호회 를 소모임 으로만들면...,https://cafe.daum.net/roopang1981/Bg3/98838
3640,noise,R01_REVIEWED_NOT_ABOUT_SOMOIM_APP,daum,search_preview,[울산기타 동호회 ] 금요강습반 5월의 첫사...첫수업!!!! 모두모두 반갑습니다!!^^,https://cafe.daum.net/ulsantongchin/DdSU/48
3641,noise,R01_REVIEWED_NOT_ABOUT_SOMOIM_APP,daum,search_preview,동호회 활성 공개 토론장,https://cafe.daum.net/inline4989/9wvT/151
3642,noise,R01_REVIEWED_NOT_ABOUT_SOMOIM_APP,daum,search_preview,안산 선부동 에이스볼링장 조동아리클럽 회원모,https://cafe.daum.net/bowlingevent/LGp7/1343
3643,noise,R01_REVIEWED_NOT_ABOUT_SOMOIM_APP,daum,search_preview,소모임 메뉴의 이바구꺼리 방에 동호회 운영에 관련한 글이 제안되어 있습니다...참여부탁해여,https://cafe.daum.net/latindance/73Z/21422
3644,noise,R01_REVIEWED_NOT_ABOUT_SOMOIM_APP,daum,search_preview,Re:꿀벌사랑 동호회 光州 全南 소모임,https://cafe.daum.net/beelove/RW1h/366
3645,noise,R01_REVIEWED_NOT_ABOUT_SOMOIM_APP,daum,search_preview,2008년 산호FC 축구 동호회 신입 회원 모집합니다.(월풍아 소모임 ),https://cafe.daum.net/wpiwant/Xn5/2431
3646,noise,R01_REVIEWED_NOT_ABOUT_SOMOIM_APP,daum,search_preview,동호회 방의 닉네임과 소모임 닉네임이 달라요,https://cafe.daum.net/trajetxg/MHA1/2787
3647,noise,R01_REVIEWED_NOT_ABOUT_SOMOIM_APP,daum,search_preview,[울산 동호회 ] 새롭게 시작하는 월요반 회원 대거 모집!! 3월3일 월요반 후기,https://cafe.daum.net/ulsantongchin/53kq/3873
3648,noise,R01_REVIEWED_NOT_ABOUT_SOMOIM_APP,daum,search_preview,F&F 인라인 동호회 소모임 을 만들었습니다.,https://cafe.daum.net/rabit75/1aY/10063
3649,noise,R01_REVIEWED_NOT_ABOUT_SOMOIM_APP,daum,search_preview,회의록 공고-축구 동호회 소모임 방에 올려놓았습니다-,https://cafe.daum.net/prugio8/AaMk/917
3650,noise,R01_REVIEWED_NOT_ABOUT_SOMOIM_APP,daum,search_preview,동호회 나 소모임 도 어플 같은게 있나요??,https://cafe.daum.net/dotax/D8UA/2208339
3651,noise,R01_REVIEWED_NOT_ABOUT_SOMOIM_APP,daum,search_preview,대구..일렉기타 동호회 대구 소모임 개설...~!,https://cafe.daum.net/Band/rDC/801
3652,noise,R01_REVIEWED_NOT_ABOUT_SOMOIM_APP,daum,search_preview,소모임 (지역모임 및 동호회 ) 일정 요청,https://cafe.daum.net/22hansung/606R/357
3653,noise,R01_REVIEWED_NOT_ABOUT_SOMOIM_APP,daum,search_preview,Re:미디에 관한 질문은 소모임 의 미디 동호회 에 하세요(텅~),https://cafe.daum.net/mnc/7QO/843
3654,noise,R01_REVIEWED_NOT_ABOUT_SOMOIM_APP,daum,search_preview,소모임 (지역모임 및 동호회 ) 명단 제출요망,https://cafe.daum.net/22hansung/606R/358
3655,noise,R01_REVIEWED_NOT_ABOUT_SOMOIM_APP,daum,search_preview,2008년 산호 FC 축구 동호회 신입 회원 모집합니다.(월풍아 소모임 ),https://cafe.daum.net/wpiwant/Xn5/2406
3656,noise,R01_REVIEWED_NOT_ABOUT_SOMOIM_APP,daum,search_preview,지역 대표 책읽기 동호회 소모임 간당 ㅎㅎㅎ,https://cafe.daum.net/ok1221/8lcX/90006466
3657,noise,R01_REVIEWED_NOT_ABOUT_SOMOIM_APP,daum,search_preview,청골동 소모임 개설및 회원모집,https://cafe.daum.net/qingdaogolf50/ERaH/109
3658,noise,R01_REVIEWED_NOT_ABOUT_SOMOIM_APP,daum,search_preview,SC제일은행동우회 주요업무 안내,https://cafe.daum.net/SCKFB/NghY/5
3659,noise,R01_REVIEWED_NOT_ABOUT_SOMOIM_APP,daum,search_preview,동호회 나 소모임 에서 커플해보신분??,https://cafe.daum.net/dotax/D8UA/1555487
3660,noise,R01_REVIEWED_NOT_ABOUT_SOMOIM_APP,daum,search_preview,동호회 나 소모임 같은거 어디서 알아보는게 좋을까??,https://cafe.daum.net/ok1221/8lcX/89539616
3661,noise,R01_REVIEWED_NOT_ABOUT_SOMOIM_APP,daum,search_preview,꿀벌사랑 동호회 광주 전남 소모임 1,https://cafe.daum.net/ccw8505/aGyi/271
3662,noise,R01_REVIEWED_NOT_ABOUT_SOMOIM_APP,daum,search_preview,광주 직장인극단 DL 『 소모임 - 희곡읽기』 안내. (광주 연극 동호회 ),https://cafe.daum.net/DramaticLife/5nSm/397
3663,noise,R01_REVIEWED_NOT_ABOUT_SOMOIM_APP,daum,search_preview,"소모임 ""니가디카를알어"" 디지털 카메라 동호회 .",https://cafe.daum.net/iianewtown/63JU/607
3664,noise,R01_REVIEWED_NOT_ABOUT_SOMOIM_APP,daum,search_preview,"2026 겨울, 부산에서 1시간 만에 떠나는 온천 천국 | 나가사키 전세기 특가",https://cafe.daum.net/hyeon1883/Qsan/60
3665,noise,R01_REVIEWED_NOT_ABOUT_SOMOIM_APP,daum,search_preview,여기 매니아 동호회 내에는 야구 소모임 은 없나보죠?,https://cafe.daum.net/lovebmw/3Dhs/37136
3666,noise,R01_REVIEWED_NOT_ABOUT_SOMOIM_APP,daum,search_preview,꿀벌사랑 동호회 전남.광주 소모임,https://cafe.daum.net/beelove/RW1h/1024
3667,noise,R01_REVIEWED_NOT_ABOUT_SOMOIM_APP,daum,search_preview,어플로 동호회 나 소모임 들어보신분 있나요?!,https://cafe.daum.net/zoomin62/GN37/1704696
3668,noise,R01_REVIEWED_NOT_ABOUT_SOMOIM_APP,daum,search_preview,전남 꿀벌사랑 동호회 소모임 .,https://cafe.daum.net/queenbeeSJ/GuD/3
3669,noise,R01_REVIEWED_NOT_ABOUT_SOMOIM_APP,daum,search_preview,동호회 - 닷댄 게시판은 다시 소모임 으로 옮깁니다.,https://cafe.daum.net/pmhdietdance/G493/919
3670,noise,R01_REVIEWED_NOT_ABOUT_SOMOIM_APP,daum,search_preview,소모임 활성화,https://cafe.daum.net/chickenchangup/GugU/113
3671,noise,R01_REVIEWED_NOT_ABOUT_SOMOIM_APP,daum,search_preview,야구 동호회 를 하시는 분들에게 카페 소모임 만들어 드립니다.,https://cafe.daum.net/yagusale/QD4N/5
3672,noise,R01_REVIEWED_NOT_ABOUT_SOMOIM_APP,daum,search_preview,"9월, 소모임 안내~ 많이많이 오셔요~~ 보고싶어요~",https://cafe.daum.net/chiroup/8iE8/982
3673,noise,R01_REVIEWED_NOT_ABOUT_SOMOIM_APP,daum,search_preview,[ 소모임 ]부take스키스노보드 동호회 가 창설되었습니다.,https://cafe.daum.net/butake/1BYb/911
3674,noise,R01_REVIEWED_NOT_ABOUT_SOMOIM_APP,daum,search_preview,다음카페의 운영정책상 소모임 폐지및 게시글 이동 절차를 밟고 있습니다 ----＞ 예전처럼 동호회 일반게시판으로 운영합니다.,https://cafe.daum.net/gangseo.kar/7PRx/680
3675,noise,R01_REVIEWED_NOT_ABOUT_SOMOIM_APP,daum,search_preview,부산통기타 동호회 ★보컬 소모임 ~첫번째 강습(맛보기 영상!) ^^★,https://cafe.daum.net/happy-guitar/TGbP/307
3676,noise,R01_REVIEWED_NOT_ABOUT_SOMOIM_APP,daum,search_preview,송파구 문정동 문정법조단지 대관 신청받습니다(PT샵),https://cafe.daum.net/spodream/6mKK/6975
3677,noise,R01_REVIEWED_NOT_ABOUT_SOMOIM_APP,daum,search_preview,꿀벌사랑 동호회 경상방 소모임 에대하여,https://cafe.daum.net/beelove/RW1h/1085
3678,noise,R01_REVIEWED_NOT_ABOUT_SOMOIM_APP,daum,search_preview,2026년 운영진 소개 및 2026년 연간 일정 공지,https://cafe.daum.net/acaworcle/4SRW/509
3679,noise,R01_REVIEWED_NOT_ABOUT_SOMOIM_APP,daum,search_preview,"[축산신문] 밴드 동호회 ‘양봉연구회’, 제3차 정기모임 개최",https://cafe.daum.net/yingyangbee/b2Fd/161
3680,keep,K02_REVIEWED_APP_QUESTION,daum,search_preview,동호회 들어볼라고 소모임 어플가입했는데,https://cafe.daum.net/ok1221/8lcX/50140640
3681,noise,R01_REVIEWED_NOT_ABOUT_SOMOIM_APP,daum,search_preview,아반떼XD 동호회 NXD [회칙수정안],https://cafe.daum.net/xdlove/OMZV/17
3682,noise,R01_REVIEWED_NOT_ABOUT_SOMOIM_APP,daum,search_preview,제 1회 울산라틴 동호회 연합 벙개..(라틴댄스울산 제 47회 로얄앵커 소모임 !!),https://cafe.daum.net/latindanceulsan/8G4O/191
3683,noise,R01_REVIEWED_NOT_ABOUT_SOMOIM_APP,daum,search_preview,소모임 신청을 받습니다.,https://cafe.daum.net/sweetyswing/56mL/1
3684,noise,R01_REVIEWED_NOT_ABOUT_SOMOIM_APP,daum,search_preview,꿀벌사랑 동호회 40회정모 지출,https://cafe.daum.net/beelove/RW1h/1161
3685,noise,R01_REVIEWED_NOT_ABOUT_SOMOIM_APP,daum,search_preview,백학벽화 동호회 방이 오픈 되었어요.소설방 아래입니다. 소모임 가입 원하시면 리플콜 해주셔요.,https://cafe.daum.net/lotto100hak/J6C8/7072
3686,noise,R01_REVIEWED_NOT_ABOUT_SOMOIM_APP,daum,search_preview,Re:굴벌사랑 동호회 경기지역 소모임 최종 시간표임니다,https://cafe.daum.net/beelove/RW1h/348
3687,noise,R01_REVIEWED_NOT_ABOUT_SOMOIM_APP,daum,search_preview,동호회 명예훼손 / 허위(추측)사실 유포에 대한 공식 입장.,https://cafe.daum.net/kicha/ANl/24380
3688,noise,R01_REVIEWED_NOT_ABOUT_SOMOIM_APP,daum,search_preview,동대부고골프 동호회 회원님들은 소모임 방에 다시등록바랍니다!,https://cafe.daum.net/ddbk1/2BYK/54
3689,keep,K02_REVIEWED_APP_QUESTION,daum,search_preview,소모임 어플에 취미 동호회 들고싶은데 회비있는 쪽이 이상한 사람 별로없겟지???,https://cafe.daum.net/weareshower/ZEn5/4776731
3690,noise,R01_REVIEWED_NOT_ABOUT_SOMOIM_APP,daum,search_preview,소모임 참가합시다. > 강습신청 관련,https://cafe.daum.net/LP/4o/39909
3691,noise,R01_REVIEWED_NOT_ABOUT_SOMOIM_APP,daum,search_preview,11월 대구.경북 소모임 을 추진합니다.,https://cafe.daum.net/beelove/RW1h/80
3692,noise,R01_REVIEWED_NOT_ABOUT_SOMOIM_APP,daum,search_preview,오상회 2025 송년모임 기사 / 서울상대 동창회보 2월1일자,https://cafe.daum.net/osanghoi/r0DP/32
3693,noise,R01_REVIEWED_NOT_ABOUT_SOMOIM_APP,daum,search_preview,소모임란에 겨울 소모임 이 개설되었습니다.,https://cafe.daum.net/butake/2Jfn/889
3694,noise,R01_REVIEWED_NOT_ABOUT_SOMOIM_APP,daum,search_preview,족구 동호회 신규회원은 소모임 방으로..,https://cafe.daum.net/boksusclass/2dEK/81
3695,noise,R01_REVIEWED_NOT_ABOUT_SOMOIM_APP,daum,search_preview,나 당근마켓에서 등산 동호회 만들었었는데 한 3-4명 소모임 운영할랫거든?,https://cafe.daum.net/weareshower/ZEmx/201785
3696,noise,R01_REVIEWED_NOT_ABOUT_SOMOIM_APP,daum,search_preview,참! 결산 자료는 축구 동호회 소모임 방에 게시 해놓았습니다..,https://cafe.daum.net/prugio8/AaMk/1537
3697,noise,R01_REVIEWED_NOT_ABOUT_SOMOIM_APP,daum,search_preview,아반떼HD클럽 동호회 회칙(복사본):서경지역(참고용),https://cafe.daum.net/CLUBHD/84Gs/13225
3698,noise,R01_REVIEWED_NOT_ABOUT_SOMOIM_APP,daum,search_preview,아니 벌써 회장님의 임기가 끝났네 그랴,https://cafe.daum.net/sdh21/1U3G/277
3699,noise,R01_REVIEWED_NOT_ABOUT_SOMOIM_APP,daum,search_preview,다목적 실내체육관 대관 안내/광명시/일요일대관,https://cafe.daum.net/spodream/1gh2/4445
3700,noise,R01_REVIEWED_NOT_ABOUT_SOMOIM_APP,daum,search_preview,"[중요] 회칙 개정, 운영요령 변경 안내 및 투표 공고",https://cafe.daum.net/swingfever/16qF/852
3701,noise,R01_REVIEWED_NOT_ABOUT_SOMOIM_APP,daum,search_preview,오상회 2025년도 총회/송년모임 후기,https://cafe.daum.net/osanghoi/iE1f/584
3702,noise,R01_REVIEWED_NOT_ABOUT_SOMOIM_APP,daum,search_preview,꿀사동 충남 남부권 소모임,https://cafe.daum.net/beelove/RW1h/1143
3703,noise,R01_REVIEWED_NOT_ABOUT_SOMOIM_APP,daum,search_preview,오상회(62학번) 2025년도 총회/송년모임,https://cafe.daum.net/mijunsck/VjNb/768
3704,noise,R01_REVIEWED_NOT_ABOUT_SOMOIM_APP,daum,search_preview,등업관련해서 또한 동호회 활동에 대한 한마디 ^^,https://cafe.daum.net/joyofboarding/HQoT/470
3705,noise,R01_REVIEWED_NOT_ABOUT_SOMOIM_APP,daum,search_preview,크레이지 소모임 부활 프로젝트,https://cafe.daum.net/CrazySwing/M30C/1
3706,noise,R01_REVIEWED_NOT_ABOUT_SOMOIM_APP,daum,search_preview,Re:중국의 비경-중국 산 여행 관련 소모임 테마여행 동호회 에 많은 가입 바랍니다.,https://cafe.daum.net/jingunsan/5K2L/172
3707,noise,R01_REVIEWED_NOT_ABOUT_SOMOIM_APP,daum,search_preview,[건의에 대한 답변] 소모임 은 허가 하지 않습니다.,https://cafe.daum.net/classicmusic/VuE/10503
3708,noise,R01_REVIEWED_NOT_ABOUT_SOMOIM_APP,daum,search_preview,아름다운 만남은 지속되어야 한다!(꿀사동 대구경북 소모임 ),https://cafe.daum.net/beelove/erp/4673
3709,noise,R01_REVIEWED_NOT_ABOUT_SOMOIM_APP,daum,search_preview,소모임 활성 이벤트,https://cafe.daum.net/inline4989/9wvT/153
3710,noise,R01_REVIEWED_NOT_ABOUT_SOMOIM_APP,daum,search_preview,카페내 소모임 ..,https://cafe.daum.net/SJtennis/8UH2/82
3711,noise,R01_REVIEWED_NOT_ABOUT_SOMOIM_APP,daum,search_preview,경상방 소모임 에 즘하여....,https://cafe.daum.net/beelove/RW1h/1058
3712,noise,R01_REVIEWED_NOT_ABOUT_SOMOIM_APP,daum,search_preview,산푸 동호회 구성 모집(07.5.1),https://cafe.daum.net/cjsannamprugio/Irzl/1
3713,noise,R01_REVIEWED_NOT_ABOUT_SOMOIM_APP,daum,search_preview,소모임 접수에 앞서 생각해 봐야 할 점!!! (회칙중 소모임 관련 조항 발췌포함),https://cafe.daum.net/joyofboarding/HvBj/35
3714,noise,R01_REVIEWED_NOT_ABOUT_SOMOIM_APP,daum,search_preview,주말 캠핑 동호회 모임 (원주피노키오캠핑장),https://cafe.daum.net/gosaipan2016/jcxE/48
3715,noise,R01_REVIEWED_NOT_ABOUT_SOMOIM_APP,daum,search_preview,안산 에이스볼링장 조동아리 클럽 회원 모집합니다.,https://cafe.daum.net/bowlingevent/LGp7/1311
3716,noise,R01_REVIEWED_NOT_ABOUT_SOMOIM_APP,daum,search_preview,☞….. 영락 골프 소모임 축하드립니다..,https://cafe.daum.net/topgunsky/Nqur/1
3717,noise,R01_REVIEWED_NOT_ABOUT_SOMOIM_APP,daum,search_preview,다그린 남한강 동호회 발족과 탐석(02.10.09),https://cafe.daum.net/chamsuseok/EM2E/41
3718,noise,R01_REVIEWED_NOT_ABOUT_SOMOIM_APP,daum,search_preview,E3 SPEED MAX 인라인시승 평가 당첨 동호회 명단,https://cafe.daum.net/inline4989/2fPw/113
3719,noise,R01_REVIEWED_NOT_ABOUT_SOMOIM_APP,daum,search_preview,볼링 고정 멤버와 소모임 운영에 대한 생각입니다,https://cafe.daum.net/happysquare/Un61/10306
3720,noise,R01_REVIEWED_NOT_ABOUT_SOMOIM_APP,daum,search_preview,1년동안 프리스타일 동호회 하면서...,https://cafe.daum.net/freestylewoorizip/1HOW/4770
3721,noise,R01_REVIEWED_NOT_ABOUT_SOMOIM_APP,daum,search_preview,소모임 출범에 즈음하여...,https://cafe.daum.net/joyofboarding/Htrc/90
3722,noise,R01_REVIEWED_NOT_ABOUT_SOMOIM_APP,daum,search_preview,소모임 출범에 즈음하여...,https://cafe.daum.net/joyofboarding/HQoT/1629
3723,noise,R01_REVIEWED_NOT_ABOUT_SOMOIM_APP,daum,search_preview,소모임 (Joy Of Fishing) 출범에 즈음하여...,https://cafe.daum.net/joyofboarding/HPfU/53
3724,noise,R01_REVIEWED_NOT_ABOUT_SOMOIM_APP,daum,search_preview,2017년1월 꿀벌사랑 동호회 전남 광주 소모임 회장 당선.,https://cafe.daum.net/queenbeeSJ/GuM/15
3725,noise,R01_REVIEWED_NOT_ABOUT_SOMOIM_APP,daum,search_preview,소모임 출범에 즈음하여...,https://cafe.daum.net/joyofboarding/Htre/220
3726,noise,R01_REVIEWED_NOT_ABOUT_SOMOIM_APP,daum,search_preview,대맛길 소모임 입니다>> 대사모 & 해피타임 ~ 소모임 활동도 열심히 하자구요^^,https://cafe.daum.net/dmglove/By4d/2619
3727,noise,R01_REVIEWED_NOT_ABOUT_SOMOIM_APP,daum,search_preview,소모임 (티거매니아) 출범에 즈음하여...,https://cafe.daum.net/joyofboarding/HDSh/275
3728,noise,R01_REVIEWED_NOT_ABOUT_SOMOIM_APP,daum,search_preview,★ 소모임 이나 단체로 관람을 원하시는 동호회 는 02)766-9981로 전화주십시오.,https://cafe.daum.net/ilovehamil/5533/383
3729,noise,R01_REVIEWED_NOT_ABOUT_SOMOIM_APP,daum,search_preview,소모임 (고스트헌터) 출범에 즈음하여...,https://cafe.daum.net/joyofboarding/HDSh/297
3730,noise,R01_REVIEWED_NOT_ABOUT_SOMOIM_APP,daum,search_preview,레저 소모임 관련 당부 사항 안내드립니다.,https://cafe.daum.net/clubmercedes/Sbto/63
3731,noise,R01_REVIEWED_NOT_ABOUT_SOMOIM_APP,daum,search_preview,소모임 게시판 정리,https://cafe.daum.net/latinboston/LlzO/12705
3732,noise,R01_REVIEWED_NOT_ABOUT_SOMOIM_APP,daum,search_preview,소모임 현실..회원님들은??,https://cafe.daum.net/joyofboarding/HZ9A/304
3733,noise,R01_REVIEWED_NOT_ABOUT_SOMOIM_APP,daum,search_preview,동호회 운영방안,https://cafe.daum.net/latinboston/LlzO/13440
3734,noise,R01_REVIEWED_NOT_ABOUT_SOMOIM_APP,daum,search_preview,소모임 <카페속카페>가 오픈하였습니다.,https://cafe.daum.net/chickenchangup/GyXI/409
3735,noise,R01_REVIEWED_NOT_ABOUT_SOMOIM_APP,daum,search_preview,<골프 동호회 >는 활동을 ...?,https://cafe.daum.net/h6/5vAJ/141
3736,noise,R01_REVIEWED_NOT_ABOUT_SOMOIM_APP,daum,search_preview,※ 필독[ 동호회 회칙 및 공정위 표준약관/사업자정보 공개],https://cafe.daum.net/airplanes/2oXO/8
3737,noise,R01_REVIEWED_NOT_ABOUT_SOMOIM_APP,daum,search_preview,2009년 소모임 안내 및 소모임지기 모집.,https://cafe.daum.net/cjskilove/GC4y/13668
3738,noise,R01_REVIEWED_NOT_ABOUT_SOMOIM_APP,daum,search_preview,동호회 회칙및 오프 소모임 건등 회의내용이 궁금하네요,https://cafe.daum.net/rocsta/UXh/28340
3739,noise,R01_REVIEWED_NOT_ABOUT_SOMOIM_APP,daum,search_preview,메이크업 동호회 정과신 카페에서 소모임 을 가지려합니다 ( 날짜수정),https://cafe.daum.net/beuinfo/2WLj/149
3740,noise,R01_REVIEWED_NOT_ABOUT_SOMOIM_APP,daum,search_preview,"동호회 대표 시삽의 선출 및 운영진 구성, 회칙에 대해서...참고하시죠...(살사랑에서 펌)",https://cafe.daum.net/ezlatin/E3tc/434
3741,noise,R01_REVIEWED_NOT_ABOUT_SOMOIM_APP,daum,search_preview,소모임 회장단 회의 성료(2008.3.18),https://cafe.daum.net/kyungbock37/VWG/65
3742,noise,R01_REVIEWED_NOT_ABOUT_SOMOIM_APP,daum,search_preview,동호회 회칙 (2010년 9월 5일 인준),https://cafe.daum.net/hikluv/KbBx/2
3743,noise,R01_REVIEWED_NOT_ABOUT_SOMOIM_APP,daum,search_preview,님들 동호회 나 취미학원이나 소모임 등 하시는 분있으세요!!! 분야 적어주세요!!!!,https://cafe.daum.net/zoomin62/GN37/162771
3744,noise,R01_REVIEWED_NOT_ABOUT_SOMOIM_APP,daum,search_preview,"자동차 동호회 ""수사자회"" 모임소개",https://cafe.daum.net/2002suwon/Ca71/908
3745,noise,R01_REVIEWED_NOT_ABOUT_SOMOIM_APP,daum,search_preview,미트월드산악회12월4째주 27일 토요일 정기산행공지,https://cafe.daum.net/jkfood/M7vn/35
3746,noise,R01_REVIEWED_NOT_ABOUT_SOMOIM_APP,daum,search_preview,인천 동호회 첫번째 자체시합 후기 + 이런저런 이야기,https://cafe.daum.net/WEIGHTLIFTING/ePpB/133
3747,noise,R01_REVIEWED_NOT_ABOUT_SOMOIM_APP,daum,search_preview,아파트 동호회 사무실(모임방)에 대하여,https://cafe.daum.net/inchonfirstcity/80KM/2844
3748,noise,R01_REVIEWED_NOT_ABOUT_SOMOIM_APP,daum,search_preview,새로운 소모임 개설을 알려드립니다.,https://cafe.daum.net/ulsantongchin/DM8P/4077
3749,noise,R01_REVIEWED_NOT_ABOUT_SOMOIM_APP,daum,search_preview,무풍 소모임 규정 관련,https://cafe.daum.net/mupung8/EM5T/267
3750,noise,R01_REVIEWED_NOT_ABOUT_SOMOIM_APP,daum,search_preview,소모임 운영 안내,https://cafe.daum.net/neoswing/EBv/1001
3751,noise,R01_REVIEWED_NOT_ABOUT_SOMOIM_APP,daum,search_preview,레저 소모임 관련 당부 사항 안내드립니다.,https://cafe.daum.net/clubmercedes/Sbtp/517
3752,noise,R01_REVIEWED_NOT_ABOUT_SOMOIM_APP,daum,search_preview,레저 소모임 관련 당부사항 안내드립니다.,https://cafe.daum.net/clubmercedes/L5RN/998
3753,noise,R01_REVIEWED_NOT_ABOUT_SOMOIM_APP,daum,search_preview,[필독]바다무대의 소모임 에 대해 아십니까?,https://cafe.daum.net/pfree/G1R/30817
3754,noise,R01_REVIEWED_NOT_ABOUT_SOMOIM_APP,daum,search_preview,소모임 게시판을 전면개편한거 아시죠? 여러분의 의견을 묻습니다.,https://cafe.daum.net/latindance/73b/41488
3755,noise,R01_REVIEWED_NOT_ABOUT_SOMOIM_APP,daum,search_preview,철도 동호회 게시판관리자 지정 및 운영(지원)단 출범관련 공지,https://cafe.daum.net/kicha/ANj/30704
3756,noise,R01_REVIEWED_NOT_ABOUT_SOMOIM_APP,daum,search_preview,Re:인라인파크 4주년 동호회 스토리 이벤트[인라인강북],https://cafe.daum.net/inlinekangbook/7Ch/50559
3757,noise,R01_REVIEWED_NOT_ABOUT_SOMOIM_APP,daum,search_preview,☞….. 영락 볼링 소모임 [영볼회] 축하드립니다.,https://cafe.daum.net/topgunsky/O1ri/1
3758,noise,R01_REVIEWED_NOT_ABOUT_SOMOIM_APP,daum,search_preview,크레이지스윙 동호회 회칙(개정번호17),https://cafe.daum.net/CrazySwing/Mm3A/1
3759,noise,R01_REVIEWED_NOT_ABOUT_SOMOIM_APP,daum,search_preview,크레이지스윙 동호회 회칙(개정번호18),https://cafe.daum.net/CrazySwing/Mm3A/3
3760,noise,R01_REVIEWED_NOT_ABOUT_SOMOIM_APP,daum,search_preview,"경매, 주식, 해외부동산 소모임 폐쇄에 대한 협조 부탁합니다.",https://cafe.daum.net/butake/1BYb/1005
3761,noise,R01_REVIEWED_NOT_ABOUT_SOMOIM_APP,daum,search_preview,견지 동호회 연합공출,https://cafe.daum.net/yeoullove/Dckn/323
3762,noise,R01_REVIEWED_NOT_ABOUT_SOMOIM_APP,daum,search_preview,경상방 소모임 안내,https://cafe.daum.net/beelove/RW1h/1135
3763,noise,R01_REVIEWED_NOT_ABOUT_SOMOIM_APP,daum,search_preview,동호회 운영과 관련하여 건의사항입니다...,https://cafe.daum.net/ckzkstmzl/B17X/5
3764,noise,R01_REVIEWED_NOT_ABOUT_SOMOIM_APP,daum,search_preview,소모임 운영규칙,https://cafe.daum.net/JejuOreum/h9RH/60
3765,noise,R01_REVIEWED_NOT_ABOUT_SOMOIM_APP,daum,search_preview,소모임 게시판을 전면개편한거 아시죠? 여러분의 의견을 묻습니다.,https://cafe.daum.net/latindance/73e/15232
3766,noise,R01_REVIEWED_NOT_ABOUT_SOMOIM_APP,daum,search_preview,소모임 게시판을 전면개편한거 아시죠? 여러분의 의견을 묻습니다.,https://cafe.daum.net/latindance/73Z/26891
3767,noise,R01_REVIEWED_NOT_ABOUT_SOMOIM_APP,daum,search_preview,봉사 소모임 추진 일정 확정,https://cafe.daum.net/50open/1wJ/3993
3768,noise,R01_REVIEWED_NOT_ABOUT_SOMOIM_APP,daum,search_preview,카페지기님께 '각도별 소모임 카페' 폐지를 건의드립니다.,https://cafe.daum.net/beelove/N6Fv/151
3769,noise,R01_REVIEWED_NOT_ABOUT_SOMOIM_APP,daum,search_preview,동호회 이용 안내 (06.10.30),https://cafe.daum.net/civ3/9on3/22
3770,noise,R01_REVIEWED_NOT_ABOUT_SOMOIM_APP,daum,search_preview,꿀사동 경북 대구 소모임 제안,https://cafe.daum.net/beelove/erp/4654
3771,noise,R01_REVIEWED_NOT_ABOUT_SOMOIM_APP,daum,search_preview,소모임 개설에 관하여....,https://cafe.daum.net/koaroo/GO7a/21
3772,noise,R01_REVIEWED_NOT_ABOUT_SOMOIM_APP,daum,search_preview,소모임 '사진방'에 관하여..,https://cafe.daum.net/netlove40/Gli/40786
3773,noise,R01_REVIEWED_NOT_ABOUT_SOMOIM_APP,daum,search_preview,동호회 모임 장소를 여기서 할까요?,https://cafe.daum.net/forestguide/16vx/3790
3774,noise,R01_REVIEWED_NOT_ABOUT_SOMOIM_APP,daum,search_preview,동호회 모임 장소를 여기서 할까요?,https://cafe.daum.net/pdflora/8fXG/1602
3775,noise,R01_REVIEWED_NOT_ABOUT_SOMOIM_APP,daum,search_preview,소모임 을 폐쇠..?!,https://cafe.daum.net/inlinekangbook/7Ch/33126
3776,noise,R01_REVIEWED_NOT_ABOUT_SOMOIM_APP,daum,search_preview,◇ 동창회는 동호회 활성화로 부터,https://cafe.daum.net/dongsang16/DOeK/18
3777,noise,R01_REVIEWED_NOT_ABOUT_SOMOIM_APP,daum,search_preview,동호회 모임 장소를 여기서 할까요?,https://cafe.daum.net/kwoqo1/AYk/11427
3778,noise,R01_REVIEWED_NOT_ABOUT_SOMOIM_APP,daum,search_preview,3가지 소모임 에도 참여하시면 어떨까요?,https://cafe.daum.net/mercedesbenz/2Kex/6106
3779,noise,R01_REVIEWED_NOT_ABOUT_SOMOIM_APP,daum,search_preview,내겐 상처뿐인 동호회 마을(5)-제가 하늘내린터를 찾아 귀농귀촌하기카페를 운영하는 카페지기 (하늘내린터김황년)에게 보낸 마지막 글입니다.,https://cafe.daum.net/pok0025/W7eg/887
3780,noise,R01_REVIEWED_NOT_ABOUT_SOMOIM_APP,daum,search_preview,내겐 상처뿐인 동호회 마을(5)-제가 하늘내린터를 찾아 귀농귀촌하기카페를 운영하는 카페지기 (하늘내린터김황년)에게 보낸 마지막 글입니다.,https://cafe.daum.net/pok0025/W7eg/1261
3781,noise,R01_REVIEWED_NOT_ABOUT_SOMOIM_APP,daum,search_preview,17/18 시즌 동호회 운영계획,https://cafe.daum.net/skierlove/1L5X/7258
3782,noise,R01_REVIEWED_NOT_ABOUT_SOMOIM_APP,daum,search_preview,지방에서 서울로 오다 (TOMATO 307) 동호회 회칙,https://cafe.daum.net/TOMATO307/NQ6W/65
3783,noise,R01_REVIEWED_NOT_ABOUT_SOMOIM_APP,daum,search_preview,당구 까페 만들지 말구... 걍.. 소모임 하나 만드는게 어떨런지용?,https://cafe.daum.net/Bachata/BGJX/7981
3784,noise,R01_REVIEWED_NOT_ABOUT_SOMOIM_APP,daum,search_preview,우리 동호회 도 이웃을 사랑하는 동호회 가 되어볼까요..?(설문조사),https://cafe.daum.net/skierlove/1L5X/421
3785,noise,R01_REVIEWED_NOT_ABOUT_SOMOIM_APP,daum,search_preview,소모임 게시판을 전면개편한거 아시죠? 여러분의 의견을 묻습니다.,https://cafe.daum.net/latindance/2A9/443
3786,noise,R01_REVIEWED_NOT_ABOUT_SOMOIM_APP,daum,search_preview,소모임 게시판을 전면개편한거 아시죠? 여러분의 의견을 묻습니다.,https://cafe.daum.net/latindance/1v26/12217
3787,noise,R01_REVIEWED_NOT_ABOUT_SOMOIM_APP,daum,search_preview,춤추는 8대 운영진이 출범했습니다....8대 운영진 동호회 운영 방향,https://cafe.daum.net/4446/5Cdp/17214
3788,noise,R01_REVIEWED_NOT_ABOUT_SOMOIM_APP,daum,search_preview,안녕하세요~ 인라인파크 경기지역 소모임 Mr.inline 입니다.,https://cafe.daum.net/crazyslalom/K9Om/502
3789,noise,R01_REVIEWED_NOT_ABOUT_SOMOIM_APP,daum,search_preview,동호회 모임 장소를 여기서 할까요?,https://cafe.daum.net/kjinjubongsatday/CqZj/11
3790,noise,R01_REVIEWED_NOT_ABOUT_SOMOIM_APP,daum,search_preview,☞….. 영락 바둑 소모임 축하드립니다.,https://cafe.daum.net/topgunsky/Ns7m/1
3791,noise,R01_REVIEWED_NOT_ABOUT_SOMOIM_APP,daum,search_preview,동호회 활동하면서 지켜야할 10가지 (마티즈 동호회 에서 퍼왔어요~~),https://cafe.daum.net/cluboptima/QcH/842
3792,noise,R01_REVIEWED_NOT_ABOUT_SOMOIM_APP,daum,search_preview,마포문화재단에서 추진 중인 문화 동호회 지원사업 관련 설문조사입니다. 참여해 주세요^^,https://cafe.daum.net/dicaphotoshop/IFN4/443
3793,noise,R01_REVIEWED_NOT_ABOUT_SOMOIM_APP,daum,search_preview,영쥬늬우스 2탄 - 동호회 주축 멤버 소개,https://cafe.daum.net/shaguitar/N5SQ/5
3794,noise,R01_REVIEWED_NOT_ABOUT_SOMOIM_APP,daum,search_preview,배드민턴/볼링 동호회 개설,https://cafe.daum.net/ysschung/3p8f/164
3795,noise,R01_REVIEWED_NOT_ABOUT_SOMOIM_APP,daum,search_preview,독서 소모임 을 어플로 가입하려는데 괜찮은 모임의 기준 같은게 있을까요?,https://cafe.daum.net/ASMONACOFC/g0oX/1728968
3796,noise,R01_REVIEWED_NOT_ABOUT_SOMOIM_APP,daum,search_preview,[신청]칭한모 소모임 게시판을 신청합니다.,https://cafe.daum.net/qingdaokorean/DGg4/174
3797,noise,R01_REVIEWED_NOT_ABOUT_SOMOIM_APP,daum,search_preview,이름만 작은 소모임 ^^,https://cafe.daum.net/macumba/Etvs/1232
3798,noise,R01_REVIEWED_NOT_ABOUT_SOMOIM_APP,daum,search_preview,코리아캠핑카 동호회 회칙 - 참조,https://cafe.daum.net/KoreaCampingcarLA/4WKh/2844
3799,noise,R01_REVIEWED_NOT_ABOUT_SOMOIM_APP,daum,search_preview,Re:R.P.M내 offroad 소모임 에 관해서,https://cafe.daum.net/rocsta/UXh/21795
3800,noise,R01_REVIEWED_NOT_ABOUT_SOMOIM_APP,daum,search_preview,소모임 이름 결정을 위한 투표! [많이 참가해주세요~],https://cafe.daum.net/teencos/4mqF/385
3801,noise,R01_REVIEWED_NOT_ABOUT_SOMOIM_APP,daum,search_preview,[일요일 살사 소모임 ] 이번 주는 『쇼셜차차』입니다.,https://cafe.daum.net/fkxlseostm/ABRP/3922
3802,noise,R01_REVIEWED_NOT_ABOUT_SOMOIM_APP,daum,search_preview,서울 피아노 동호회 (모임) 하실분 혹시 계실까요??,https://cafe.daum.net/choral/BYO/42342
3803,noise,R01_REVIEWED_NOT_ABOUT_SOMOIM_APP,daum,search_preview,소모임 방 등급 조정안내,https://cafe.daum.net/4050cafe/7iZk/17465
3804,noise,R01_REVIEWED_NOT_ABOUT_SOMOIM_APP,daum,search_preview,동호회 이야기.,https://cafe.daum.net/timeside/Qha/28213
3805,noise,R01_REVIEWED_NOT_ABOUT_SOMOIM_APP,daum,search_preview,"외로움과 사회적 고립, 심각한 건강 위험 !!!!!!!",https://cafe.daum.net/kyowoosarang/WGSI/1810
3806,noise,R01_REVIEWED_NOT_ABOUT_SOMOIM_APP,daum,search_preview,동호회 모임 장소를 여기서 할까요?,https://cafe.daum.net/hjsan/XND/3551
3807,noise,R01_REVIEWED_NOT_ABOUT_SOMOIM_APP,daum,search_preview,"외로움과 사회적 고립, 심각한 건강 위험 !!!!!!!",https://cafe.daum.net/hysss9570/Y6UA/2734
3808,noise,R01_REVIEWED_NOT_ABOUT_SOMOIM_APP,daum,search_preview,서울 피아노 동호회 (모임) 하실분 혹시 계실까요??,https://cafe.daum.net/pianolf/Rj7R/44
3809,noise,R01_REVIEWED_NOT_ABOUT_SOMOIM_APP,daum,search_preview,"너무나 기다리셨던 살사 소모임 "" D-2 "" 모집 들어갑니다~!",https://cafe.daum.net/4446/QBIe/83
3810,noise,R01_REVIEWED_NOT_ABOUT_SOMOIM_APP,daum,search_preview,Re:인라인파크 4주년 동호회 스토리 이벤트[인라인강북](수정완료),https://cafe.daum.net/inlinekangbook/7Ch/50566
3811,noise,R01_REVIEWED_NOT_ABOUT_SOMOIM_APP,daum,search_preview,"대구마술공연, 어른들의 마음에도 마법은 필요합니다.",https://cafe.daum.net/fmagic/NdB/181
3812,noise,R01_REVIEWED_NOT_ABOUT_SOMOIM_APP,daum,search_preview,동호회 회칙,https://cafe.daum.net/9point/ATgS/117
3813,noise,R01_REVIEWED_NOT_ABOUT_SOMOIM_APP,daum,search_preview,광주 전남 소모임,https://cafe.daum.net/beelove/5bBK/12951
3814,noise,R01_REVIEWED_NOT_ABOUT_SOMOIM_APP,daum,search_preview,새로운 소모임 으로 한단계 업그레이드~!!,https://cafe.daum.net/diziranger/BE9S/209
3815,noise,R01_REVIEWED_NOT_ABOUT_SOMOIM_APP,daum,search_preview,동호회 회칙,https://cafe.daum.net/9point/ATgS/1
3816,noise,R01_REVIEWED_NOT_ABOUT_SOMOIM_APP,daum,search_preview,산푸에서 동호회 운영 규칙,https://cafe.daum.net/cjsannamprugio/Irzl/2
3817,noise,R01_REVIEWED_NOT_ABOUT_SOMOIM_APP,daum,search_preview,청양 한우리 사이클 동호회 ...,https://cafe.daum.net/qingdaokorean/Hud4/48
3818,noise,R01_REVIEWED_NOT_ABOUT_SOMOIM_APP,daum,search_preview,대회참가시 팀이름등록시 궁금.. 팀이름+ 동호회 이름사용??,https://cafe.daum.net/gjmonstertruck/LIs6/98
3819,noise,R01_REVIEWED_NOT_ABOUT_SOMOIM_APP,daum,search_preview,*****4월14일(토요일)중동고72회자전거 동호회 발대식*****,https://cafe.daum.net/cdmtb/lNwU/42
3820,noise,R01_REVIEWED_NOT_ABOUT_SOMOIM_APP,daum,search_preview,소모임 에 관련된 모든일이 원만히 지나가서 바이러스의 발전된 모습을 보았으면 합니다..(내용 길게 썼습니다),https://cafe.daum.net/VIRUS/2F2H/1404
3821,noise,R01_REVIEWED_NOT_ABOUT_SOMOIM_APP,daum,search_preview,미트월드 산악회 11월19일 송년회 리버사이드호텔 18시 공지,https://cafe.daum.net/jkfood/M7vn/29
3822,noise,R01_REVIEWED_NOT_ABOUT_SOMOIM_APP,daum,search_preview,서울 피아노 동호회 (모임) 하실분 혹시 계실까요??,https://cafe.daum.net/goeumdae/A2u/38761
3823,noise,R01_REVIEWED_NOT_ABOUT_SOMOIM_APP,daum,search_preview,소모임 신규 개설에 대하여..,https://cafe.daum.net/lovelatin/1oKl/540
3824,noise,R01_REVIEWED_NOT_ABOUT_SOMOIM_APP,daum,search_preview,(30족 지급)인라인 무료시승 동호회 평가단 모집,https://cafe.daum.net/park7050/3nO9/3353
3825,noise,R01_REVIEWED_NOT_ABOUT_SOMOIM_APP,daum,search_preview,Re: 소모임 가입은 이렇게 합니다.,https://cafe.daum.net/kotour/8OX/3461
3826,noise,R01_REVIEWED_NOT_ABOUT_SOMOIM_APP,daum,search_preview,제과제빵 동호회 해보신분?,https://cafe.daum.net/dotax/D8UA/5595474
3827,noise,R01_REVIEWED_NOT_ABOUT_SOMOIM_APP,daum,search_preview,(부산통기타 동호회 )13년 10월 17일 금요 소모임 .,https://cafe.daum.net/happy-guitar/kZi8/495
3828,noise,R01_REVIEWED_NOT_ABOUT_SOMOIM_APP,daum,search_preview,동호회 모임 장소를 여기서 할까요?,https://cafe.daum.net/2271811/MiDB/242
3829,noise,R01_REVIEWED_NOT_ABOUT_SOMOIM_APP,daum,search_preview,동호회 모임 장소를 여기서 할까요?,https://cafe.daum.net/gjbb/4LZa/874
3830,noise,R01_REVIEWED_NOT_ABOUT_SOMOIM_APP,daum,search_preview,동호회 모임 장소를 여기서 할까요?,https://cafe.daum.net/youngchunmountain/DYYS/4784
3831,noise,R01_REVIEWED_NOT_ABOUT_SOMOIM_APP,daum,search_preview,Re: 소모임 개설에 관하여.........,https://cafe.daum.net/lovewar/2tg/1348
3832,noise,R01_REVIEWED_NOT_ABOUT_SOMOIM_APP,daum,search_preview,골프 동호회 창설및 1회 정기 골프 라운딩,https://cafe.daum.net/sungbuk30/MMaJ/5
3833,noise,R01_REVIEWED_NOT_ABOUT_SOMOIM_APP,daum,search_preview,동호회 회칙개정 관련 내용 7월 1일 적용,https://cafe.daum.net/Blackhole/29u/44246
3834,noise,R01_REVIEWED_NOT_ABOUT_SOMOIM_APP,daum,search_preview,☞ 지역 Free Off Line Area - 임시운용(카페 소모임 코너),https://cafe.daum.net/dustkfkd/xV/17601
3835,noise,R01_REVIEWED_NOT_ABOUT_SOMOIM_APP,daum,search_preview,"+++연말 파티, 기수모임, 소모임 ,+++ 라틴바 마리솔에서 장소를 제공합니다.",https://cafe.daum.net/LP/4t/2701
3836,noise,R01_REVIEWED_NOT_ABOUT_SOMOIM_APP,daum,search_preview,김해핀수영 동호회 로 다시 태어 났습니다..,https://cafe.daum.net/hgswim/Ly4X/45
3837,noise,R01_REVIEWED_NOT_ABOUT_SOMOIM_APP,daum,search_preview,스윙피버 신규 소모임 안내,https://cafe.daum.net/swingfever/kLQ/7856
3838,noise,R01_REVIEWED_NOT_ABOUT_SOMOIM_APP,daum,search_preview,[펌] 옆 동호회 에서 퍼온 동호회 예절,https://cafe.daum.net/ezlatin/E3tc/6608
3839,noise,R01_REVIEWED_NOT_ABOUT_SOMOIM_APP,daum,search_preview,축구 동호회 6월5일 게임 추진 中,https://cafe.daum.net/ysschung/3kxt/241
3840,noise,R01_REVIEWED_NOT_ABOUT_SOMOIM_APP,daum,search_preview,성공회대 인라인 소모임,https://cafe.daum.net/blueman/FJ4/5010
3841,noise,R01_REVIEWED_NOT_ABOUT_SOMOIM_APP,daum,search_preview,미트월드 10월25일 정기산행 공지 참석댓글 남겨 주세요,https://cafe.daum.net/jkfood/M7vn/28
3842,noise,R01_REVIEWED_NOT_ABOUT_SOMOIM_APP,daum,search_preview,[펌] 동호회 예절,https://cafe.daum.net/4446/QtIo/8145
3843,noise,R01_REVIEWED_NOT_ABOUT_SOMOIM_APP,daum,search_preview,팔로워 소모임 에 관한 댓글들을 보고,https://cafe.daum.net/enjoyswing/IwEZ/5922
3844,noise,R01_REVIEWED_NOT_ABOUT_SOMOIM_APP,daum,search_preview,(부산통기타 동호회 ) 2015.10.31 나 그대에게 모두 드리리 (쎄시봉OST) - 금요 소모임 1팀,https://cafe.daum.net/happy-guitar/mPm4/671
3845,noise,R01_REVIEWED_NOT_ABOUT_SOMOIM_APP,daum,search_preview,제주도 소모임 으로 텨~텨~텨~,https://cafe.daum.net/tico2ppa2/9It/15454
3846,noise,R01_REVIEWED_NOT_ABOUT_SOMOIM_APP,daum,search_preview,소모임 떡내음을 소개한 글입니다...(2005년도 4월 자료),https://cafe.daum.net/Ejrsodma/CTWk/273
3847,noise,R01_REVIEWED_NOT_ABOUT_SOMOIM_APP,daum,search_preview,소모임 운영과 회원모집에 대해서 알립니다~~,https://cafe.daum.net/BuenaVista/DYsa/137
3848,noise,R01_REVIEWED_NOT_ABOUT_SOMOIM_APP,daum,search_preview,소모임 에 대한 투표가 진행중입니다.,https://cafe.daum.net/civ3/7lpw/9079
3849,noise,R01_REVIEWED_NOT_ABOUT_SOMOIM_APP,daum,search_preview,차박&캠핑 코리아캠핑카 동호회 회칙,https://cafe.daum.net/KoreaCampingcarLA/E67F/31
3850,noise,R01_REVIEWED_NOT_ABOUT_SOMOIM_APP,daum,search_preview,카오디오 동호회 전국 대회 및 청모 관련.,https://cafe.daum.net/caraudio/L9jY/214
3851,noise,R01_REVIEWED_NOT_ABOUT_SOMOIM_APP,daum,search_preview,소모임 많이 이용하세요,https://cafe.daum.net/youngintt/BkEO/20
3852,noise,R01_REVIEWED_NOT_ABOUT_SOMOIM_APP,daum,search_preview,일본마작 동호회 모임의 시초,https://cafe.daum.net/richmajak/6Q2L/3261
3853,noise,R01_REVIEWED_NOT_ABOUT_SOMOIM_APP,daum,search_preview,< 등산 동호회 > 2008년 결산 제안,https://cafe.daum.net/h6/5vAJ/328
3854,noise,R01_REVIEWED_NOT_ABOUT_SOMOIM_APP,daum,search_preview,소모임 에 대해서 문의 드립니다......,https://cafe.daum.net/XGDRIVER/JQm/770
3855,noise,R01_REVIEWED_NOT_ABOUT_SOMOIM_APP,daum,search_preview,산악 동호회 에 관해서...,https://cafe.daum.net/carelover/Mn2D/32
3856,noise,R01_REVIEWED_NOT_ABOUT_SOMOIM_APP,daum,search_preview,Video유저 동호회 오픈했읍니다.,https://cafe.daum.net/HDTV/1SrA/56
3857,noise,R01_REVIEWED_NOT_ABOUT_SOMOIM_APP,daum,search_preview,소모임 의 어울림...,https://cafe.daum.net/asite/kaq/2271
3858,noise,R01_REVIEWED_NOT_ABOUT_SOMOIM_APP,daum,search_preview,골프 동호회 2번째 홀인원,https://cafe.daum.net/top10ri/1M4/4284
3859,noise,R01_REVIEWED_NOT_ABOUT_SOMOIM_APP,daum,search_preview,인라인 소모임 에 대한 개인적인글!!,https://cafe.daum.net/snowski/NV/33434
3860,noise,R01_REVIEWED_NOT_ABOUT_SOMOIM_APP,daum,search_preview,소모임 개설에 관하여....,https://cafe.daum.net/gjpp/1V0Z/170
3861,noise,R01_REVIEWED_NOT_ABOUT_SOMOIM_APP,daum,search_preview,옆 동호회 에서 퍼온 살사생활예절........... 펌,https://cafe.daum.net/Salsa4U/GfK7/2638
3862,noise,R01_REVIEWED_NOT_ABOUT_SOMOIM_APP,daum,search_preview,동아리 및 소모임 신설 및 폐지에 관한 논의,https://cafe.daum.net/kijaacademy/Foc/267
3863,noise,R01_REVIEWED_NOT_ABOUT_SOMOIM_APP,daum,search_preview,Re:Re: 소모임 2% 로 오세요..(냉 물질감),https://cafe.daum.net/snowski/NV/46396
3864,noise,R01_REVIEWED_NOT_ABOUT_SOMOIM_APP,daum,search_preview,Re:질문있습니다.... 소모임 에 관해서...,https://cafe.daum.net/cjskilove/GWxx/366
3865,noise,R01_REVIEWED_NOT_ABOUT_SOMOIM_APP,daum,search_preview,[공지] 스위티스윙 회칙 개정 안내 (V6_202602),https://cafe.daum.net/sweetyswing/5ngW/1302
3866,noise,R01_REVIEWED_NOT_ABOUT_SOMOIM_APP,daum,search_preview,남한강 수석 동호회 4월 정기탐석 이야기,https://cafe.daum.net/nanasstory/JWjJ/31
3867,noise,R01_REVIEWED_NOT_ABOUT_SOMOIM_APP,daum,search_preview,Re: 소모임 이 뭐에염?,https://cafe.daum.net/cosmos/r2/18779
3868,noise,R01_REVIEWED_NOT_ABOUT_SOMOIM_APP,daum,search_preview,"강남에 깨끗하고 세련된 교육장 저렴하게 임대해 드립니다. 소모임 ,워크샵,강의 등에 이용하세요",https://cafe.daum.net/policeacademy/2Cy/282175
3869,noise,R01_REVIEWED_NOT_ABOUT_SOMOIM_APP,daum,search_preview,올해는 소모임 더 이상 신청 안하는지.....,https://cafe.daum.net/joyofboarding/7Mqm/14296
3870,noise,R01_REVIEWED_NOT_ABOUT_SOMOIM_APP,daum,search_preview,Re:[MT관련]5월 30일은 우리 동호회 한크가 결성된지 5주년이 되는 날입니다.,https://cafe.daum.net/downunder/bFF/5
3871,noise,R01_REVIEWED_NOT_ABOUT_SOMOIM_APP,daum,search_preview,봉사 소모임 의 구상,https://cafe.daum.net/50open/1wJ/3807
3872,noise,R01_REVIEWED_NOT_ABOUT_SOMOIM_APP,daum,search_preview,스위티스윙 회칙 개정 안내 (V4_202507),https://cafe.daum.net/sweetyswing/5ngW/1234
3873,noise,R01_REVIEWED_NOT_ABOUT_SOMOIM_APP,daum,search_preview,Re: 소모임 2% 로 오세요..(냉 물질감),https://cafe.daum.net/snowski/NV/46379
3874,noise,R01_REVIEWED_NOT_ABOUT_SOMOIM_APP,daum,search_preview,"[용인 수지,죽전/구성/기흥/동백]용인 스윙 인라인 동호회 를 소개합니다.",https://cafe.daum.net/inline4989/2fPw/408
3875,noise,R01_REVIEWED_NOT_ABOUT_SOMOIM_APP,daum,search_preview,[빅스쿠터 동호회 ] 8/23 남도1박투어.....(상),https://cafe.daum.net/bigscooterclub/MkuR/1268
3876,noise,R01_REVIEWED_NOT_ABOUT_SOMOIM_APP,daum,search_preview,"+++연말 파티, 기수모임, 소모임 ,+++ 라틴바 마리솔에서 장소를 제공합니다.",https://cafe.daum.net/Bachata/CZwq/941
3877,noise,R01_REVIEWED_NOT_ABOUT_SOMOIM_APP,daum,search_preview,Re:미디 동호회 에 관한 건입니다. ^^,https://cafe.daum.net/mnc/4tM7/70
3878,noise,R01_REVIEWED_NOT_ABOUT_SOMOIM_APP,daum,search_preview,소모임 활동준칙,https://cafe.daum.net/Unification/3b0/765
3879,noise,R01_REVIEWED_NOT_ABOUT_SOMOIM_APP,daum,search_preview,한뜰마을 6단지 독서 동아리( 동호회 ) 회칙(안),https://cafe.daum.net/bshappily/KzNZ/901
3880,noise,R01_REVIEWED_NOT_ABOUT_SOMOIM_APP,daum,search_preview,코리아캠핑카 동호회 회칙,https://cafe.daum.net/KoreaCampingcarLA/E67F/17
3881,noise,R01_REVIEWED_NOT_ABOUT_SOMOIM_APP,daum,search_preview,아반떼MD J5 J1 일체형쇼바 서스펜션 튜닝+니나노 동호회 클럽+부산창원마산울산양산김해장유 일체형쇼바 서스펜션 전문점+J5 JN J1 J2 J3 AS 오바홀 전문 프로샵,https://cafe.daum.net/whell01056406240/2IZM/1265
3882,noise,R01_REVIEWED_NOT_ABOUT_SOMOIM_APP,daum,search_preview,지역 소모임 ...,https://cafe.daum.net/freefishing/IgyO/136
3883,noise,R01_REVIEWED_NOT_ABOUT_SOMOIM_APP,daum,search_preview,"""화성봉담 6단지 입주예정자 동호회 "" 개정 회칙(11/1일 시행)",https://cafe.daum.net/bongdam5BL/FUvj/554
3884,noise,R01_REVIEWED_NOT_ABOUT_SOMOIM_APP,daum,search_preview,볼링 동호회 님들 보세요.....^^*,https://cafe.daum.net/sk3550/JXd7/2937
3885,noise,R01_REVIEWED_NOT_ABOUT_SOMOIM_APP,daum,search_preview,[ 동호회 개편관련 공지 입니다.,https://cafe.daum.net/imd0807/1ZOc/543
3886,noise,R01_REVIEWED_NOT_ABOUT_SOMOIM_APP,daum,search_preview,교통사고 유자녀 돕기행사및 동호회 홍보건,https://cafe.daum.net/xdlove/OTdz/7027
3887,noise,R01_REVIEWED_NOT_ABOUT_SOMOIM_APP,daum,search_preview,[디아블로3 소모임 ] 신청합니다!,https://cafe.daum.net/sweetyswing/56mL/157
3888,noise,R01_REVIEWED_NOT_ABOUT_SOMOIM_APP,daum,search_preview,[일탈] 소모임 1차 여행원정 취소하겠습니다.,https://cafe.daum.net/joyofboarding/7Mqm/9397
3889,noise,R01_REVIEWED_NOT_ABOUT_SOMOIM_APP,daum,search_preview,소모임 안내,https://cafe.daum.net/6dbaudio/I7Yj/1
3890,noise,R01_REVIEWED_NOT_ABOUT_SOMOIM_APP,daum,search_preview,2018년 진주영화볼링 동호회 회칙,https://cafe.daum.net/jinjugomovie/Liy/1449
3891,noise,R01_REVIEWED_NOT_ABOUT_SOMOIM_APP,daum,search_preview,강릉 소모임 중!,https://cafe.daum.net/santafe-korea/MnUy/6405
3892,noise,R01_REVIEWED_NOT_ABOUT_SOMOIM_APP,daum,search_preview,37회 소모임 활성화를 기대하며...,https://cafe.daum.net/seoul1985/QfSf/1
3893,noise,R01_REVIEWED_NOT_ABOUT_SOMOIM_APP,daum,search_preview,꿀사동 강원도 소모임 참석,https://cafe.daum.net/beeheating/cHIy/21
3894,noise,R01_REVIEWED_NOT_ABOUT_SOMOIM_APP,daum,search_preview,힐.캐슬 등산 동호회 3월 정기산행 희망자 모집,https://cafe.daum.net/inchonfirstcity/80KM/2419
3895,noise,R01_REVIEWED_NOT_ABOUT_SOMOIM_APP,daum,search_preview,운영자/ 소모임 /동호회명 신청 받아요,https://cafe.daum.net/backstorm/9vqk/1823
3896,noise,R01_REVIEWED_NOT_ABOUT_SOMOIM_APP,daum,search_preview,"+++연말 파티, 기수모임, 소모임 ,+++ 라틴바 마리솔에서 장소를 제공합니다.",https://cafe.daum.net/hellolatin/4cMS/2087
3897,noise,R01_REVIEWED_NOT_ABOUT_SOMOIM_APP,daum,search_preview,소모임 에서 알립니다(시즌방 관련),https://cafe.daum.net/gssbc/3OFw/13909
3898,noise,R01_REVIEWED_NOT_ABOUT_SOMOIM_APP,daum,search_preview,소모임 없나여,https://cafe.daum.net/boasboas/ELJl/870
3899,noise,R01_REVIEWED_NOT_ABOUT_SOMOIM_APP,daum,search_preview,질문] 중독을 치료하기위한 카드들이 많아. 전사된 원재료들을 분석해서 카드비교를 해줘,https://cafe.daum.net/healingtools/WL4G/32
3900,noise,R01_REVIEWED_NOT_ABOUT_SOMOIM_APP,daum,search_preview,"+++++라틴바 마리솔에서 연말파티, 기수모임, 소모임 등..장소를 대여합니당+++++",https://cafe.daum.net/hellolatin/4cMS/2114
3901,noise,R01_REVIEWED_NOT_ABOUT_SOMOIM_APP,daum,search_preview,드디어 카페 동호회 가 ~~~~~~~,https://cafe.daum.net/bikeowner/4YB6/1
3902,noise,R01_REVIEWED_NOT_ABOUT_SOMOIM_APP,daum,search_preview,소모임 을 만든다면..;;;,https://cafe.daum.net/dsvol9/AaSf/17329
3903,noise,R01_REVIEWED_NOT_ABOUT_SOMOIM_APP,daum,search_preview,Re:가칭.[부관모 동호회 ]정회원,https://cafe.daum.net/aptwork/8i5G/308
3904,noise,R01_REVIEWED_NOT_ABOUT_SOMOIM_APP,daum,search_preview,타 동호회 홍보 및 가입권유와 본 회 제반질서 혼란에 대한 조치,https://cafe.daum.net/cjskilove/HIZe/619
3905,noise,R01_REVIEWED_NOT_ABOUT_SOMOIM_APP,daum,search_preview,소모임 에 보면^^*,https://cafe.daum.net/wpiwant/Xn5/615
3906,noise,R01_REVIEWED_NOT_ABOUT_SOMOIM_APP,daum,search_preview,＜생활문화예술 동호회 활성화 지원 사업 활동 중단 알림＞,https://cafe.daum.net/wjcultureclub/8zei/225
3907,noise,R01_REVIEWED_NOT_ABOUT_SOMOIM_APP,daum,search_preview,소모임 및 지부,https://cafe.daum.net/kyungdong25/Mgen/4
3908,noise,R01_REVIEWED_NOT_ABOUT_SOMOIM_APP,daum,search_preview,또........ 소모임,https://cafe.daum.net/chejuinlineclub/bFM/171
3909,noise,R01_REVIEWED_NOT_ABOUT_SOMOIM_APP,daum,search_preview,* 테니스 소모임 회원 여러분께,https://cafe.daum.net/inchonfirstcity/80KM/462
3910,noise,R01_REVIEWED_NOT_ABOUT_SOMOIM_APP,daum,search_preview,Re:인맥관리의 중요선(아기곰 부산 소모임 회원 -- 센텀시티),https://cafe.daum.net/butake/2Jfn/80
3911,noise,R01_REVIEWED_NOT_ABOUT_SOMOIM_APP,daum,search_preview,경) 야구 동호회 가 신설 (축,https://cafe.daum.net/ysschung/3p8f/338
3912,noise,R01_REVIEWED_NOT_ABOUT_SOMOIM_APP,daum,search_preview,렉서스골프 동호회 ^^,https://cafe.daum.net/clubes300/5l3Y/2706
3913,noise,R01_REVIEWED_NOT_ABOUT_SOMOIM_APP,daum,search_preview,[합정 홍대]서울 통기타 동호회 2월 신입회원 모집합니다.,https://cafe.daum.net/rlfnrl2034/iAv4/37
3914,noise,R01_REVIEWED_NOT_ABOUT_SOMOIM_APP,daum,search_preview,8월 29일 금요 출발 울릉도+독도 2박3일 크루즈,https://cafe.daum.net/giclub04/Wks1/169
3915,noise,R01_REVIEWED_NOT_ABOUT_SOMOIM_APP,daum,search_preview,경상방 소모임 안내,https://cafe.daum.net/jingijong/6ubu/2936
3916,noise,R01_REVIEWED_NOT_ABOUT_SOMOIM_APP,daum,search_preview,소모임 새로 만들었습니당.....,https://cafe.daum.net/dnjswnwhgdmstkfkd/2q8D/2608
3917,noise,R01_REVIEWED_NOT_ABOUT_SOMOIM_APP,daum,search_preview,30회 [골프 동호회 ] 활성화 !!!,https://cafe.daum.net/kyungdong3030/LMuw/56
3918,noise,R01_REVIEWED_NOT_ABOUT_SOMOIM_APP,daum,search_preview,사진 동호회 찾아요...,https://cafe.daum.net/publicofficials/6MxC/22479
3919,noise,R01_REVIEWED_NOT_ABOUT_SOMOIM_APP,daum,search_preview,2011년 안산볼링클럽 동호회 첫 번개 (2011년1월5일),https://cafe.daum.net/runs1004/2m85/3152
3920,noise,R01_REVIEWED_NOT_ABOUT_SOMOIM_APP,daum,search_preview,우리 동호회 가...,https://cafe.daum.net/voicefriend/nK/4700
3921,noise,R01_REVIEWED_NOT_ABOUT_SOMOIM_APP,daum,search_preview,소모임 ~^^ 골프클럽~^^,https://cafe.daum.net/Team-S.T.C/AGcW/197
3922,noise,R01_REVIEWED_NOT_ABOUT_SOMOIM_APP,daum,search_preview,자전거 동호회 여러분들 봐 주세요~~~,https://cafe.daum.net/Songkouk7/Fc4c/1132
3923,noise,R01_REVIEWED_NOT_ABOUT_SOMOIM_APP,daum,search_preview,축하!청어람 야구 동호회 기본엔트리구성...,https://cafe.daum.net/ysschung/3p8f/349
3924,noise,R01_REVIEWED_NOT_ABOUT_SOMOIM_APP,daum,search_preview,"[긴 글 주의] 내가 사랑한 운명, 슈퍼로봇대전 으로.",https://cafe.daum.net/srww/61Qs/23021
3925,noise,R01_REVIEWED_NOT_ABOUT_SOMOIM_APP,daum,search_preview,소모임 에도 등록하세요....,https://cafe.daum.net/bikelove2/1sO2/7
3926,noise,R01_REVIEWED_NOT_ABOUT_SOMOIM_APP,daum,search_preview,인천시 전역 소모임 자제 권고 알림(2020. 11. 23(월) 0시 ~ 별도 해제 시까지),https://cafe.daum.net/sung--min/R7Y7/689
3927,noise,R01_REVIEWED_NOT_ABOUT_SOMOIM_APP,daum,search_preview,이종격투기 동호회 인기,https://cafe.daum.net/buyri/Gk7O/65
3928,keep,K01_REVIEWED_APP_EXPERIENCE,fmkorea,search_preview,소모임 어플 사용 후기 - 연애상담,https://www.fmkorea.com/2938212983
3929,keep,K01_REVIEWED_APP_EXPERIENCE,fmkorea,search_preview,소모임 어플 해봤던 썰 (2년전임) - 연애상담,https://www.fmkorea.com/4361317708
3930,keep,K01_REVIEWED_APP_EXPERIENCE,fmkorea,search_preview,연X) 소모임 어플 가입 후기(펑예정) - 연애상담,https://www.fmkorea.com/7229801774
3931,keep,K01_REVIEWED_APP_EXPERIENCE,fmkorea,search_preview,소모임 어플 첫 가입 6시간 강퇴컷당했다 - 연애상담,https://www.fmkorea.com/4821478287
3932,keep,K01_REVIEWED_APP_EXPERIENCE,fmkorea,search_preview,소모임 어플로 모임 나가면 흔히 볼 수 있는 루트.txt - 유머/움짤/이슈,https://www.fmkorea.com/3978660546
3933,keep,K02_REVIEWED_APP_QUESTION,fmkorea,search_preview,소모임 어플 궁금한사람들 있어? - 연애상담,https://www.fmkorea.com/5238284795
3934,keep,K01_REVIEWED_APP_EXPERIENCE,fmkorea,search_preview,각종 사회 동호회 경험/평가 썰.txt - 연애상담,https://www.fmkorea.com/1796400038
3935,noise,R01_REVIEWED_NOT_ABOUT_SOMOIM_APP,fmkorea,search_preview,서울태생 지방오니 할게없네 - 직장/알바/사업,https://www.fmkorea.com/10255005798
3936,keep,K02_REVIEWED_APP_QUESTION,fmkorea,search_preview,직장동료가 방탈출 재밋다고 적극 추천했는데.. - 연애상담,https://www.fmkorea.com/10205828071
3937,noise,R01_REVIEWED_NOT_ABOUT_SOMOIM_APP,fmkorea,search_preview,요즘 동호회나 소모임 비용 미쳐나갔네;; 그 와중에 가성비 찾음 - 자유,https://www.fmkorea.com/9990727855
3938,keep,K01_REVIEWED_APP_EXPERIENCE,fmkorea,search_preview,어떤 형태로든 모임 하고 계신분 질문 좀 - 연애상담,https://www.fmkorea.com/9540141206
3939,keep,K03_REVIEWED_APP_EVALUATION,fmkorea,search_preview,소모임 하나 하려해도 힘드네 - 연애상담,https://www.fmkorea.com/4785562919
3940,keep,K03_REVIEWED_APP_EVALUATION,fmkorea,search_preview,소모임 도 동물의왕국이구나 - 연애상담,https://www.fmkorea.com/6315350389
3941,keep,K02_REVIEWED_APP_QUESTION,fmkorea,search_preview,3대3 소개팅하는데 팁 있나? - 연애상담,https://www.fmkorea.com/6036220031
3942,noise,R01_REVIEWED_NOT_ABOUT_SOMOIM_APP,fmkorea,search_preview,29살 남자 기준 여자 만나는 법 - 유머/움짤/이슈,https://www.fmkorea.com/3827313405
3943,noise,R01_REVIEWED_NOT_ABOUT_SOMOIM_APP,fmkorea,search_preview,과거 소모임 후기 - 연애상담,https://www.fmkorea.com/9972375666
3944,noise,R01_REVIEWED_NOT_ABOUT_SOMOIM_APP,fmkorea,search_preview,소모임 후기 ? - 연애상담,https://www.fmkorea.com/7802522332
3945,keep,K01_REVIEWED_APP_EXPERIENCE,fmkorea,search_preview,진심으로 작성하는 소모임 후기 썰 - 주식,https://www.fmkorea.com/7571700686
3946,noise,R01_REVIEWED_NOT_ABOUT_SOMOIM_APP,fmkorea,search_preview,소모임 후기 - 연애상담,https://www.fmkorea.com/634426926
3947,noise,R01_REVIEWED_NOT_ABOUT_SOMOIM_APP,fmkorea,search_preview,등산 소모임 후기 .jpg - 연애상담,https://www.fmkorea.com/4337453485
3948,noise,R01_REVIEWED_NOT_ABOUT_SOMOIM_APP,fmkorea,search_preview,소모임 모임장 이 써보는 주저리 주저리 썰 - 연애상담,https://www.fmkorea.com/3646608874
3949,keep,K01_REVIEWED_APP_EXPERIENCE,fmkorea,search_preview,여자친구랑 헤어지고 심심해서 소모임 어플을 깔고 모임하나 가입했는데 - 연애상담,https://www.fmkorea.com/82177117
3950,noise,R01_REVIEWED_NOT_ABOUT_SOMOIM_APP,fmkorea,search_preview,아니 소모임 스윗버팔로 많다 들었는데 - 연애상담,https://www.fmkorea.com/3641301401
3951,noise,R01_REVIEWED_NOT_ABOUT_SOMOIM_APP,fmkorea,search_preview,온라인 모임의 실체. - 연애상담,https://www.fmkorea.com/457644664
3952,noise,R01_REVIEWED_NOT_ABOUT_SOMOIM_APP,fmkorea,search_preview,31살 ㄹㅇ 사람 만나야할거 같아서 소모임 가입 함 - 연애상담,https://www.fmkorea.com/9507165463
3953,noise,R01_REVIEWED_NOT_ABOUT_SOMOIM_APP,fmkorea,search_preview,직장인 소모임 가입 하려그랬는데 - 직장/알바/사업,https://www.fmkorea.com/4755615372
3954,noise,R01_REVIEWED_NOT_ABOUT_SOMOIM_APP,fmkorea,search_preview,소모임 가입했다가 탈퇴 함 - 연애상담,https://www.fmkorea.com/7657396541
3955,noise,R01_REVIEWED_NOT_ABOUT_SOMOIM_APP,fmkorea,search_preview,개인적으로 소모임 가입 하기 꺼려지는 이유 - 국내축구,https://www.fmkorea.com/4993020843
3956,noise,R01_REVIEWED_NOT_ABOUT_SOMOIM_APP,fmkorea,search_preview,소모임 으로 여자 만나는거 비추다.jpg (친목모임) - 연애상담,https://www.fmkorea.com/4322975365
3957,noise,R01_REVIEWED_NOT_ABOUT_SOMOIM_APP,fmkorea,search_preview,연x) 소모임 다 탈퇴 했습니다 - 연애상담,https://www.fmkorea.com/7377467622
3958,noise,R01_REVIEWED_NOT_ABOUT_SOMOIM_APP,fmkorea,search_preview,운동 소모임 에서 커플되면 탈퇴 해야됨?? - 연애상담,https://www.fmkorea.com/8303065749
3959,noise,R01_REVIEWED_NOT_ABOUT_SOMOIM_APP,fmkorea,search_preview,소모임 / 동호회 에서 이성관계를 만들기 힘든 이유 - 연애상담,https://www.fmkorea.com/4966275499
3960,noise,R01_REVIEWED_NOT_ABOUT_SOMOIM_APP,fmkorea,search_preview,"소모임 , 지역모임에 관한 잡썰좀 풀어봄 - 연애상담",https://www.fmkorea.com/4120510137
3961,noise,R01_REVIEWED_NOT_ABOUT_SOMOIM_APP,fmkorea,search_preview,(연애x) 소모임 모임장 같은거해본형들 - 연애상담,https://www.fmkorea.com/9120180039
3962,noise,R01_REVIEWED_NOT_ABOUT_SOMOIM_APP,fmkorea,search_preview,ㅍㅇ) 소모임 모임장 하면 피곤하겠지? - 연애상담,https://www.fmkorea.com/9883066901
3963,noise,R01_REVIEWED_NOT_ABOUT_SOMOIM_APP,fmkorea,search_preview,소모임 및 인터넷 동호회 에 대해 느끼는점 - 연애상담,https://www.fmkorea.com/4969807350
3964,noise,R01_REVIEWED_NOT_ABOUT_SOMOIM_APP,fmkorea,search_preview,소모임 이나 동호회 하는 20대는 높은 확률로 찐따임 - 유머/움짤/이슈,https://www.fmkorea.com/3488130774
3965,noise,R01_REVIEWED_NOT_ABOUT_SOMOIM_APP,fmkorea,search_preview,소모임 . 동호회 보다 번따가 편한거 같다 - 연애상담,https://www.fmkorea.com/4785206287
3966,noise,R01_REVIEWED_NOT_ABOUT_SOMOIM_APP,fmkorea,search_preview,소모임 드가서 동호회 가입하면 자연스럽게 여자 만날 수 있다더라 - 연애상담,https://www.fmkorea.com/4011014396
3967,noise,R01_REVIEWED_NOT_ABOUT_SOMOIM_APP,fmkorea,search_preview,여자많은 소모임 어떻게 찾는게 좋을지 추천좀 부탁드립니다 - 연애상담,https://www.fmkorea.com/5092435258
3968,noise,R01_REVIEWED_NOT_ABOUT_SOMOIM_APP,theqoo,full_post,모임에서 분란을 담당한 중기,https://theqoo.net/review/2706864852
3969,noise,R01_REVIEWED_NOT_ABOUT_SOMOIM_APP,theqoo,full_post,요즘 들어 갑자기 대학 새내기때 좋아했던 오빠가 생각나는 후기,https://theqoo.net/review/405104612
3970,noise,R01_REVIEWED_NOT_ABOUT_SOMOIM_APP,theqoo,full_post,나보다 친구없는 덬이 있을까 궁금한 중기,https://theqoo.net/review/2339524876
3971,noise,R01_REVIEWED_NOT_ABOUT_SOMOIM_APP,theqoo,full_post,가족들이 내가 교회 다니는 걸 걱정하는 중기,https://theqoo.net/review/3164798022
3972,noise,R01_REVIEWED_NOT_ABOUT_SOMOIM_APP,theqoo,full_post,성격 갈아엎은 후기,https://theqoo.net/review/1821310372
3973,noise,R01_REVIEWED_NOT_ABOUT_SOMOIM_APP,theqoo,full_post,같이 일했던 언니가 신천지라 알바 좆될뻔 했던 후기 (약스압),https://theqoo.net/review/1329408190
3974,noise,R01_REVIEWED_NOT_ABOUT_SOMOIM_APP,fmkorea,search_preview,자기개발 동호회나 소모임 활동 해본 사람 있나요? - 직장/알바/사업,https://www.fmkorea.com/4533819151
3975,noise,R01_REVIEWED_NOT_ABOUT_SOMOIM_APP,fmkorea,search_preview,소모임 쉽지않아 - 연애상담,https://www.fmkorea.com/7552280510
3976,noise,R01_REVIEWED_NOT_ABOUT_SOMOIM_APP,fmkorea,search_preview,소모임 활동 하는데 결혼하고 나오는 여자도 있네... - 연애상담,https://www.fmkorea.com/3932983429
3977,noise,R01_REVIEWED_NOT_ABOUT_SOMOIM_APP,fmkorea,search_preview,(스압) 다년간 여러 소모임 활동 해본 솔직 적나라한 후기.txt - 유머/움짤/이슈,https://www.fmkorea.com/2901221874
3978,noise,R01_REVIEWED_NOT_ABOUT_SOMOIM_APP,fmkorea,search_preview,형님들 좀 돈관련된 질문인데 소모임 비 운영 관련해서 여쭤봐도 될까요? - 직장/알바/사업,https://www.fmkorea.com/8043405801
3979,noise,R01_REVIEWED_NOT_ABOUT_SOMOIM_APP,fmkorea,search_preview,소모임 에서 여자 만난 썰 - 연애상담,https://www.fmkorea.com/6056632332
3980,noise,R01_REVIEWED_NOT_ABOUT_SOMOIM_APP,fmkorea,search_preview,난 솔직히 소모임 추천 안 하는게 - 연애상담,https://www.fmkorea.com/6363631159
3981,noise,R01_REVIEWED_NOT_ABOUT_SOMOIM_APP,fmkorea,search_preview,여기 소모임 중 어떤거 시도해볼까요? 친구가 필요해요! - 연애상담,https://www.fmkorea.com/7419198728
3982,noise,R01_REVIEWED_NOT_ABOUT_SOMOIM_APP,fmkorea,search_preview,당근 소모임 가입신청햇움 - 연애상담,https://www.fmkorea.com/10039299016
3983,noise,R01_REVIEWED_NOT_ABOUT_SOMOIM_APP,daum,search_preview,소모임 활동 심화 탐구 보고서,https://cafe.daum.net/testifying/WGMs/25
3984,noise,R01_REVIEWED_NOT_ABOUT_SOMOIM_APP,daum,search_preview,"생활체육 활동 소모임 , 2026년 6월 21일 오후 4시 예고(장소는 본문 참조)",https://cafe.daum.net/ras/9zNj/3530
3985,noise,R01_REVIEWED_NOT_ABOUT_SOMOIM_APP,daum,search_preview,분과와 소모임 활동 규약,https://cafe.daum.net/HwasunPeoplesCoop/WbQ1/5
3986,noise,R01_REVIEWED_NOT_ABOUT_SOMOIM_APP,daum,search_preview,2026년 공동식생활 활동 _천안아산 2회차_환경 소모임 과함께,https://cafe.daum.net/hansalimfoodlife/OGiP/84
3987,noise,R01_REVIEWED_NOT_ABOUT_SOMOIM_APP,daum,search_preview,2025-2026년 소모임 활동 모습,https://cafe.daum.net/keeta/eUt2/11
3988,noise,R01_REVIEWED_NOT_ABOUT_SOMOIM_APP,daum,search_preview,Re: [6차시] 소모임 활동 25.08.27 보고서,https://cafe.daum.net/econature/Sqe4/43
3989,noise,R01_REVIEWED_NOT_ABOUT_SOMOIM_APP,daum,search_preview,2025년 솔땅 소모임 엘레나 파소 활동 보고,https://cafe.daum.net/latindance/73b/68342
3990,noise,R01_REVIEWED_NOT_ABOUT_SOMOIM_APP,daum,search_preview,2026년 1학기 피노키오 활동 입니다 ❤️,https://cafe.daum.net/kkuchild/9sN2/20
3991,noise,R01_REVIEWED_NOT_ABOUT_SOMOIM_APP,daum,search_preview,26년 8월 활동 보고,https://cafe.daum.net/comeforabook/dOYu/83
3992,noise,R01_REVIEWED_NOT_ABOUT_SOMOIM_APP,daum,search_preview,2026 물품이용결집 식생활 활동 결과보고서 양식,https://cafe.daum.net/hansalimfoodlife/OMqd/1
3993,noise,R01_REVIEWED_NOT_ABOUT_SOMOIM_APP,daum,search_preview,청주에서는 소모임 활동 안하나요,https://cafe.daum.net/84611/FI45/631
3994,noise,R01_REVIEWED_NOT_ABOUT_SOMOIM_APP,daum,search_preview,6월 27일(금) 감자캐기 구름텃밭 활동 소모임,https://cafe.daum.net/doosanchild/tDQx/7
3995,noise,R01_REVIEWED_NOT_ABOUT_SOMOIM_APP,daum,search_preview,작은 소모임 공간 필요하신 분,https://cafe.daum.net/kangwonlike/Ep8R/8249
3996,noise,R01_REVIEWED_NOT_ABOUT_SOMOIM_APP,daum,search_preview,2024 소흘도서관 고학년 소모임 활동 일지_2~5차,https://cafe.daum.net/chioce88/SFUC/181
3997,noise,R01_REVIEWED_NOT_ABOUT_SOMOIM_APP,daum,search_preview,2025. 11. 03. 소모임 회의록,https://cafe.daum.net/youthdongari/8qhs/274
3998,noise,R01_REVIEWED_NOT_ABOUT_SOMOIM_APP,daum,search_preview,복지세상 독서 소모임 '12월 월요일 리딩' 참여자 모집,https://cafe.daum.net/chonanmam/8gn1/1377
3999,noise,R01_REVIEWED_NOT_ABOUT_SOMOIM_APP,daum,search_preview,2025년 정책부 7월 활동 보고,https://cafe.daum.net/incheondongwha/GtxZ/654
4000,noise,R01_REVIEWED_NOT_ABOUT_SOMOIM_APP,daum,search_preview,섬일주 소모임 에 즈음하여...,https://cafe.daum.net/s7942/LwDz/6545
4001,noise,R01_REVIEWED_NOT_ABOUT_SOMOIM_APP,daum,search_preview,동부 부모 소모임 1차 🍓,https://cafe.daum.net/dongbukid33/j4PF/187
4002,noise,R01_REVIEWED_NOT_ABOUT_SOMOIM_APP,daum,search_preview,정회원( 소모임 ) 출범 안내,https://cafe.daum.net/cheung4/V2xo/10
4003,noise,R01_REVIEWED_NOT_ABOUT_SOMOIM_APP,daum,search_preview,8월 소모임 놀잇감,https://cafe.daum.net/kosin4360/eFCV/282
4004,noise,R01_REVIEWED_NOT_ABOUT_SOMOIM_APP,daum,search_preview,소모임 활동 에 관해서... 의견 달아주세요..^^,https://cafe.daum.net/butake/1BYb/765
4005,noise,R01_REVIEWED_NOT_ABOUT_SOMOIM_APP,daum,search_preview,8월 당원의 날 후기 ＜은평민들레당에서 무슨 활동 을 해볼까요?＞(수정중),https://cafe.daum.net/eunpyeongmindeulre/cGzQ/10
4006,noise,R01_REVIEWED_NOT_ABOUT_SOMOIM_APP,daum,search_preview,아브라소 2기 활동 이 잠정 중단됩니다,https://cafe.daum.net/abrazo2014/KISk/403
4007,noise,R01_REVIEWED_NOT_ABOUT_SOMOIM_APP,daum,search_preview,조합원 활동,https://cafe.daum.net/regainlife/WBfp/47
4008,noise,R01_REVIEWED_NOT_ABOUT_SOMOIM_APP,daum,search_preview,157차 대경흥 독서아카데미 활동 보고(소학),https://cafe.daum.net/tgyka/M0il/435
4009,noise,R01_REVIEWED_NOT_ABOUT_SOMOIM_APP,daum,search_preview,📢인천독립영화협회 회원 소모임 안내📢,https://cafe.daum.net/in-film/R3pP/200
4010,noise,R01_REVIEWED_NOT_ABOUT_SOMOIM_APP,daum,search_preview,전국 지회지부 활동소식_2026.07.,https://cafe.daum.net/kjdonghwa/3o48/1075
4011,noise,R01_REVIEWED_NOT_ABOUT_SOMOIM_APP,daum,search_preview,공모전사이트 - 2025년 「환경·사회공헌분야 소액 활동 지원사업」,https://cafe.daum.net/all-con/WEiP/4378
4012,noise,R01_REVIEWED_NOT_ABOUT_SOMOIM_APP,daum,search_preview,2025년 동기회 활동 계획을 알려 드립니다.(제1회 임원회의 결과),https://cafe.daum.net/ssboogo23/gONn/227
4013,noise,R01_REVIEWED_NOT_ABOUT_SOMOIM_APP,daum,search_preview,출석및 소모임 활동 점수 확인~,https://cafe.daum.net/joyofboarding/HQoS/180
4014,noise,R01_REVIEWED_NOT_ABOUT_SOMOIM_APP,daum,search_preview,2024년 8월 회계보고 및 2024년 9월 활동 회원보고,https://cafe.daum.net/maru3232/LYW5/138
4015,noise,R01_REVIEWED_NOT_ABOUT_SOMOIM_APP,daum,search_preview,서구지회 7월 활동 보고,https://cafe.daum.net/incheondongwha/R69y/1246
4016,noise,R01_REVIEWED_NOT_ABOUT_SOMOIM_APP,daum,search_preview,2025년 '장애여성 세상을 그리다' 소모임 안내,https://cafe.daum.net/scsvrc/ZoC3/18
4017,noise,R01_REVIEWED_NOT_ABOUT_SOMOIM_APP,daum,search_preview,"★ 2026 한길&독사 ""신입생이 있으면 한독도 있다?!"" 첫번째 활동 시작합니다. ★",https://cafe.daum.net/hula/9sNH/7
4018,noise,R01_REVIEWED_NOT_ABOUT_SOMOIM_APP,daum,search_preview,비시즌 소모임 활동 계획안내,https://cafe.daum.net/bearssnowflower/FuQk/1030
4019,noise,R01_REVIEWED_NOT_ABOUT_SOMOIM_APP,daum,search_preview,[(재)경기도가족여성연구원] 성평등 소모임 활동 지원 공모사업 (~4/28),https://cafe.daum.net/breakjob/3dyQ/12432
4020,noise,R01_REVIEWED_NOT_ABOUT_SOMOIM_APP,daum,search_preview,＜ 소모임 활동 에 대해서＞,https://cafe.daum.net/wfwijs/AVeR/415
4021,noise,R01_REVIEWED_NOT_ABOUT_SOMOIM_APP,daum,search_preview,대구종합사회복지관 홈피에 우리 소모임 활동 이 소개되었습니다.,https://cafe.daum.net/tklovefood/1LJy/25257
4022,noise,R01_REVIEWED_NOT_ABOUT_SOMOIM_APP,daum,search_preview,2006 후지락/썸머쏘닉 페스티벌 위한 소모임 활동 재개합니다.,https://cafe.daum.net/englandmusic/C4bE/15745
4023,noise,R01_REVIEWED_NOT_ABOUT_SOMOIM_APP,daum,search_preview,서울 소모임 활동 시작~~,https://cafe.daum.net/sexy112/auV/23
4024,noise,R01_REVIEWED_NOT_ABOUT_SOMOIM_APP,daum,search_preview,2차 LT 5월 6일 오전 소모임 활동 에 대하여,https://cafe.daum.net/cswcamp/1toj/164
4025,noise,R01_REVIEWED_NOT_ABOUT_SOMOIM_APP,daum,search_preview,친절 소모임 활동 보고 (2019.03.30),https://cafe.daum.net/SoulLoveCommunity/Vk8t/8
4026,noise,R01_REVIEWED_NOT_ABOUT_SOMOIM_APP,daum,search_preview,추억의 사진 추가 요청( 소모임 활동 한 사진),https://cafe.daum.net/ycob18/ONnx/5
4027,noise,R01_REVIEWED_NOT_ABOUT_SOMOIM_APP,daum,search_preview,디제잉 소모임 창설에 따른 회원모집,https://cafe.daum.net/3040yourspace/N3nF/20
4028,noise,R01_REVIEWED_NOT_ABOUT_SOMOIM_APP,daum,search_preview,안녕하세요 09년 여름사냥 방장 나야나짱입니다.~~( 소모임 활동 인원모집),https://cafe.daum.net/park7050/3nOA/1419
4029,noise,R01_REVIEWED_NOT_ABOUT_SOMOIM_APP,daum,search_preview,2008년도 소모임 활동 내용입니다.,https://cafe.daum.net/sunkid95/Bwb3/9
4030,noise,R01_REVIEWED_NOT_ABOUT_SOMOIM_APP,daum,search_preview,[올마이스] 2022년 하반기 경기도 여성 커뮤니티 정기 모집( 소모임 활동 공간 지원,https://cafe.daum.net/all-con/5XEK/2510
4031,noise,R01_REVIEWED_NOT_ABOUT_SOMOIM_APP,daum,search_preview,학내 소모임 활동 현황 조사,https://cafe.daum.net/uosisthebest/DGgr/4663
4032,noise,R01_REVIEWED_NOT_ABOUT_SOMOIM_APP,daum,search_preview,Re: 소모임 활동 에 대해서...,https://cafe.daum.net/hugo1103/DDuf/4602
4033,noise,R01_REVIEWED_NOT_ABOUT_SOMOIM_APP,daum,search_preview,"자율 활동 , ‘별거 없어 보이지만’ 입학사정관 눈에는 다 보인다",https://cafe.daum.net/bigbangconsulting/UTYZ/1194
4034,noise,R01_REVIEWED_NOT_ABOUT_SOMOIM_APP,daum,search_preview,26년 5월 활동 보고,https://cafe.daum.net/comeforabook/dOYu/80
4035,noise,R01_REVIEWED_NOT_ABOUT_SOMOIM_APP,daum,search_preview,(필독) 경기지역 소모임 활동 을 월요일 부터 시작 합니다~,https://cafe.daum.net/sexy112/b2G/18
4036,noise,R01_REVIEWED_NOT_ABOUT_SOMOIM_APP,daum,search_preview,[06년 소모임 활동 보고]아름다운 소풍 활동 내역,https://cafe.daum.net/Yoonnala/Den/122
4037,noise,R01_REVIEWED_NOT_ABOUT_SOMOIM_APP,daum,search_preview,다다 1학기 활동 계획서 및 소모임 활동 예산안입니다.,https://cafe.daum.net/dadamoim/Glm/215
4038,noise,R01_REVIEWED_NOT_ABOUT_SOMOIM_APP,daum,search_preview,소모임 창설에 관한 실태 파악(전체회원 필독),https://cafe.daum.net/3040yourspace/N3nF/9
4039,noise,R01_REVIEWED_NOT_ABOUT_SOMOIM_APP,daum,search_preview,[인테리어 공동구매] 소모임 활동 에 부쳐,https://cafe.daum.net/cjhappyhouse/R4R/205
4040,noise,R01_REVIEWED_NOT_ABOUT_SOMOIM_APP,daum,search_preview,2016년 살림 소모임 활동 만족도 설문 결과,https://cafe.daum.net/femihealth/S2Cq/1515
4041,noise,R01_REVIEWED_NOT_ABOUT_SOMOIM_APP,daum,search_preview,"소모임 활동 하기, 신청하셔요~^^",https://cafe.daum.net/kpoetry/779h/109
4042,noise,R01_REVIEWED_NOT_ABOUT_SOMOIM_APP,daum,search_preview,2023-2학기 소모임 활동 인증 및 지원금 신청,https://cafe.daum.net/counsellors/OIzr/2
4043,noise,R01_REVIEWED_NOT_ABOUT_SOMOIM_APP,daum,search_preview,각 소모임 활동 회원들에게 드리는 당부의 말씀.(MSN확산방지!!!),https://cafe.daum.net/park7050/Ih/111601
4044,noise,R01_REVIEWED_NOT_ABOUT_SOMOIM_APP,daum,search_preview,소모임 활동 에 대해서...,https://cafe.daum.net/hugo1103/DDuf/4564
4045,noise,R01_REVIEWED_NOT_ABOUT_SOMOIM_APP,daum,search_preview,카페 소모임 활동 후기입니다~ ^^,https://cafe.daum.net/borderlineturtles/8NWK/135
4046,noise,R01_REVIEWED_NOT_ABOUT_SOMOIM_APP,daum,search_preview,소모임 을 하는데 너무 재밌고 좋아요,https://cafe.daum.net/zoomin62/GN37/3566875
4047,noise,R01_REVIEWED_NOT_ABOUT_SOMOIM_APP,daum,search_preview,소모임 활동 관련문서양식,https://cafe.daum.net/childlove1/RJE3/281
4048,noise,R01_REVIEWED_NOT_ABOUT_SOMOIM_APP,daum,search_preview,깊은 잠에든 소모임 방 ( 활동 현황 추가했으니 좀 보십시요),https://cafe.daum.net/lee10520nowonlove/5G28/11446
4049,noise,R01_REVIEWED_NOT_ABOUT_SOMOIM_APP,daum,search_preview,대학원 입학시 소모임 활동 은 도움이 안된다.,https://cafe.daum.net/goMS/5CzA/7220
4050,noise,R01_REVIEWED_NOT_ABOUT_SOMOIM_APP,daum,search_preview,2018 청춘제 소모임 체험 활동,https://cafe.daum.net/youthdongari/_album/258
4051,noise,R01_REVIEWED_NOT_ABOUT_SOMOIM_APP,daum,search_preview,소모임 활동 방법,https://cafe.daum.net/nbaram/JqtX/37
4052,noise,R01_REVIEWED_NOT_ABOUT_SOMOIM_APP,daum,search_preview,[ 소모임 관련][ 소모임 활동 이 잠잠들하시네요..다시 부활하고자...],https://cafe.daum.net/dancemodel/Ski/136
4053,noise,R01_REVIEWED_NOT_ABOUT_SOMOIM_APP,daum,search_preview,소모임 활동 에 대해서...,https://cafe.daum.net/LotteFanClub/3e6C/1994
4054,noise,R01_REVIEWED_NOT_ABOUT_SOMOIM_APP,daum,search_preview,기쁨 소모임 활동 보고(190525),https://cafe.daum.net/SoulLoveCommunity/Vk8t/19
4055,noise,R01_REVIEWED_NOT_ABOUT_SOMOIM_APP,daum,search_preview,소모임 활동 을 개편합니다,https://cafe.daum.net/ihave2jobs/BbLm/52
4056,noise,R01_REVIEWED_NOT_ABOUT_SOMOIM_APP,daum,search_preview,기쁨 소모임 활동 보고(190622),https://cafe.daum.net/SoulLoveCommunity/Vk8t/27
4057,noise,R01_REVIEWED_NOT_ABOUT_SOMOIM_APP,daum,search_preview,소모임 활동 과 글은 카페에 올리십시요. (타 매체 이용 금지),https://cafe.daum.net/easygolf/CvlS/319
4058,noise,R01_REVIEWED_NOT_ABOUT_SOMOIM_APP,daum,search_preview,소모임 활동 계획서 예제 입니다.,https://cafe.daum.net/aminsnow/8eLN/5900
4059,noise,R01_REVIEWED_NOT_ABOUT_SOMOIM_APP,daum,search_preview,두레마을 소모임 등록 리스트. 댓글로 소개되지 않은 소모임 은 활동 할수 없습니다,https://cafe.daum.net/shanghaivillage/2lGq/792
4060,noise,R01_REVIEWED_NOT_ABOUT_SOMOIM_APP,daum,search_preview,카페내 소모임 활동 에 대해서,https://cafe.daum.net/ihave2jobs/BbLm/98
4061,noise,R01_REVIEWED_NOT_ABOUT_SOMOIM_APP,daum,search_preview,기쁨 소모임 활동 보고(190323),https://cafe.daum.net/SoulLoveCommunity/Vk8t/3
4062,noise,R01_REVIEWED_NOT_ABOUT_SOMOIM_APP,daum,search_preview,소모임 활동 하시는 분들 많으신가요?,https://cafe.daum.net/WorldcupLove/R6/700178
4063,noise,R01_REVIEWED_NOT_ABOUT_SOMOIM_APP,daum,search_preview,1월 청주 소모임 후기,https://cafe.daum.net/s.shool/WkJK/988
4064,noise,R01_REVIEWED_NOT_ABOUT_SOMOIM_APP,daum,search_preview,[06년 소모임 활동 보고]앙마공감 활동 내역,https://cafe.daum.net/Yoonnala/Den/123
4065,noise,R01_REVIEWED_NOT_ABOUT_SOMOIM_APP,daum,search_preview,소모임 활동 : 광주지역 청소년수련관의 현주소와 대안..^^,https://cafe.daum.net/ewelfare/6QdD/1353
4066,noise,R01_REVIEWED_NOT_ABOUT_SOMOIM_APP,daum,search_preview,소모임 활동 활성화 방안 알림,https://cafe.daum.net/kjstake/4u1B/200
4067,noise,R01_REVIEWED_NOT_ABOUT_SOMOIM_APP,daum,search_preview,11월13일부로 2009년도 소모임 활동 을 마감합니다.,https://cafe.daum.net/joyofboarding/7Mqm/21233
4068,noise,R01_REVIEWED_NOT_ABOUT_SOMOIM_APP,daum,search_preview,"4월 2일, 음악 소모임 활동 내용입니다",https://cafe.daum.net/waldorf44/WAc/44
4069,noise,R01_REVIEWED_NOT_ABOUT_SOMOIM_APP,daum,search_preview,부모 소모임 활동 안내입니다.,https://cafe.daum.net/kokomababy/UpYg/8
4070,noise,R01_REVIEWED_NOT_ABOUT_SOMOIM_APP,daum,search_preview,기쁨 소모임 활동 보고(190223),https://cafe.daum.net/SoulLoveCommunity/Vk8t/2
4071,noise,R01_REVIEWED_NOT_ABOUT_SOMOIM_APP,daum,search_preview,어험... 소모임 활동 이 적구려..,https://cafe.daum.net/HiSIMCITY/Gtk8/3502
4072,noise,R01_REVIEWED_NOT_ABOUT_SOMOIM_APP,daum,search_preview,경남지원단 멘토 소모임 활동 시작,https://cafe.daum.net/togethergn/gjPz/138
4073,noise,R01_REVIEWED_NOT_ABOUT_SOMOIM_APP,daum,search_preview,소모임 활동 적이신분 모십니다~,https://cafe.daum.net/maksim/DV55/1606
4074,noise,R01_REVIEWED_NOT_ABOUT_SOMOIM_APP,daum,search_preview,꽁~ )모두 모두 소모임 활동 !,https://cafe.daum.net/shakito/Epq3/7854
4075,noise,R01_REVIEWED_NOT_ABOUT_SOMOIM_APP,daum,search_preview,2019학년도 2/4분기 운영 위원회 및 5월 소모임 활동,https://cafe.daum.net/happyyeeun/NeBn/8
4076,noise,R01_REVIEWED_NOT_ABOUT_SOMOIM_APP,daum,search_preview,소모임 활동 다시한번 화이팅 합시다!!,https://cafe.daum.net/autoplamodel/4Ca5/8491
4077,noise,R01_REVIEWED_NOT_ABOUT_SOMOIM_APP,daum,search_preview,[초등서부]2016학년도 광주초등서부지회 참실 소모임 활동 보고 안내입니다.,https://cafe.daum.net/gjedu2000/4BBI/1314
4078,noise,R01_REVIEWED_NOT_ABOUT_SOMOIM_APP,daum,search_preview,"[회칙 7] 정기모임,월모임, 벙개모임 및 소모임 활동",https://cafe.daum.net/we1966/JcOr/7
4079,noise,R01_REVIEWED_NOT_ABOUT_SOMOIM_APP,daum,search_preview,[초등서부]2016학년도 광주초등서부지회 참실 소모임 활동 보고 안내입니다.,https://cafe.daum.net/gjedu2000/GWz3/166
4080,noise,R01_REVIEWED_NOT_ABOUT_SOMOIM_APP,daum,search_preview,"(정동희) 안철수는 장동혁과 같이 집에 갈 준비를 해야 【 Zheng Dong-hee 】 Ahn Cheol-soo, along with",https://cafe.daum.net/3sikorea/l3Ug/488
4081,noise,R01_REVIEWED_NOT_ABOUT_SOMOIM_APP,daum,search_preview,26년 4월 활동 보고,https://cafe.daum.net/comeforabook/dOYu/79
4082,noise,R01_REVIEWED_NOT_ABOUT_SOMOIM_APP,daum,search_preview,기쁨 소모임 활동 보고(190426),https://cafe.daum.net/SoulLoveCommunity/Vk8t/12
4083,noise,R01_REVIEWED_NOT_ABOUT_SOMOIM_APP,daum,search_preview,늦바람 소모임 활동 방법,https://cafe.daum.net/nbaram/JqtX/61
4084,noise,R01_REVIEWED_NOT_ABOUT_SOMOIM_APP,daum,search_preview,[ 소모임 ] 해외활동 단기순례 가안 올립니다.(8.1~8.5/화~토),https://cafe.daum.net/cswcamp/1vIA/88
4085,noise,R01_REVIEWED_NOT_ABOUT_SOMOIM_APP,daum,search_preview,소모임 활동 열심히 해주세요 .. !! [ 필독 ],https://cafe.daum.net/990701/GrE/1353
4086,noise,R01_REVIEWED_NOT_ABOUT_SOMOIM_APP,daum,search_preview,소모임 활동 ㅡ다육이 심기,https://cafe.daum.net/kokomababy/UJ1R/5
4087,noise,R01_REVIEWED_NOT_ABOUT_SOMOIM_APP,daum,search_preview,당구 소모임 창설 및 회원모집,https://cafe.daum.net/3040yourspace/N3nF/14
4088,noise,R01_REVIEWED_NOT_ABOUT_SOMOIM_APP,daum,search_preview,2008년 소모임 활동 을 마감합니다.,https://cafe.daum.net/joyofboarding/CITR/204
4089,noise,R01_REVIEWED_NOT_ABOUT_SOMOIM_APP,daum,search_preview,소모임 활동 보고서 130404,https://cafe.daum.net/youthdongari/J4is/2
4090,noise,R01_REVIEWED_NOT_ABOUT_SOMOIM_APP,daum,search_preview,3월 6일 영화번개 후기 회비내역~ 영화 소모임 활동 열씨미 하면 상?줍니다.,https://cafe.daum.net/nolayo/Fk8x/435
4091,noise,R01_REVIEWED_NOT_ABOUT_SOMOIM_APP,daum,search_preview,고수중 소모임 활동 에 관하여...,https://cafe.daum.net/fusionist/F1W/7282
4092,noise,R01_REVIEWED_NOT_ABOUT_SOMOIM_APP,daum,search_preview,"안산권역 교사회의(동아리, 소모임 활동 ) 제출자료서식입니다.",https://cafe.daum.net/gsbusrugy/5XbZ/65
4093,noise,R01_REVIEWED_NOT_ABOUT_SOMOIM_APP,daum,search_preview,"2005년 계명대학교 사회복지학과 소모임 ""너나들이"" 활동 개요",https://cafe.daum.net/cswcamp/5EEB/1725
4094,noise,R01_REVIEWED_NOT_ABOUT_SOMOIM_APP,daum,search_preview,소모임 활동 에 함 빠져 봅시다. !!,https://cafe.daum.net/park7050/Ih/115631
4095,noise,R01_REVIEWED_NOT_ABOUT_SOMOIM_APP,daum,search_preview,소모임 활동 꿈꾸는 공작단 '적정목수양성소' 프로그램이 시작되었습니다,https://cafe.daum.net/hsrefarm/Cf1N/821
4096,noise,R01_REVIEWED_NOT_ABOUT_SOMOIM_APP,daum,search_preview,빛그림 소모임 활동 모습,https://cafe.daum.net/greemcaek/Q77z/1
4097,noise,R01_REVIEWED_NOT_ABOUT_SOMOIM_APP,daum,search_preview,오늘 소모임 활동 했습니다.,https://cafe.daum.net/kokomababy/Ujqv/36
4098,noise,R01_REVIEWED_NOT_ABOUT_SOMOIM_APP,daum,search_preview,소모임 활동 을 개시합니다.,https://cafe.daum.net/Englishclinic/3Wqp/34
4099,noise,R01_REVIEWED_NOT_ABOUT_SOMOIM_APP,daum,search_preview,21대 회장 인삿말,https://cafe.daum.net/Gongwoo/Odao/300
4100,noise,R01_REVIEWED_NOT_ABOUT_SOMOIM_APP,daum,search_preview,소모임 방 활동 을 극대화 해야 합니다.,https://cafe.daum.net/lee10520nowonlove/5G28/5327
4101,noise,R01_REVIEWED_NOT_ABOUT_SOMOIM_APP,daum,search_preview,소모임 활동 보고서 130320,https://cafe.daum.net/youthdongari/J4is/1
4102,noise,R01_REVIEWED_NOT_ABOUT_SOMOIM_APP,daum,search_preview,압화 소모임 활동 게획 입니다 관심 있으신분들 참여하세요,https://cafe.daum.net/todghkfdnjsPspxmdnjz/UqxN/20
4103,noise,R01_REVIEWED_NOT_ABOUT_SOMOIM_APP,daum,search_preview,5월 성남기초학력교육연구회 소모임 활동 (05.22),https://cafe.daum.net/3rsup/so5G/5
4104,noise,R01_REVIEWED_NOT_ABOUT_SOMOIM_APP,daum,search_preview,26년도 1월 천안 소모임 후기,https://cafe.daum.net/s.shool/WkJK/987
4105,noise,R01_REVIEWED_NOT_ABOUT_SOMOIM_APP,daum,search_preview,소모임 활동 두 열심히 하세요...,https://cafe.daum.net/aktnftk/gX/7879
4106,noise,R01_REVIEWED_NOT_ABOUT_SOMOIM_APP,daum,search_preview,다양한 소모임 활동 을 적극 지원합니다. ^^,https://cafe.daum.net/yogicflying/TKUZ/9388
4107,noise,R01_REVIEWED_NOT_ABOUT_SOMOIM_APP,daum,search_preview,부모교육( 소모임 활동 ),https://cafe.daum.net/kokomababy/U1oO/8
4108,noise,R01_REVIEWED_NOT_ABOUT_SOMOIM_APP,daum,search_preview,양재천 카페거리 한적하고 분위기 좋은 카페 추천｜데이트·소개팅·교회 모임까지 플라워카페 티파니,https://cafe.daum.net/tiffanyflower/OBop/86
4109,noise,R01_REVIEWED_NOT_ABOUT_SOMOIM_APP,daum,search_preview,소모임 활동 지원 방안,https://cafe.daum.net/jcguild/kX7w/212
4110,noise,R01_REVIEWED_NOT_ABOUT_SOMOIM_APP,daum,search_preview,성인지 강사양성 소모임 활동,https://cafe.daum.net/icminwoo/NSBB/917
4111,noise,R01_REVIEWED_NOT_ABOUT_SOMOIM_APP,daum,search_preview,급질!!! 상세지원서 작성시 교내 소모임 활동 에 관련된 내용...,https://cafe.daum.net/breakjob/28wA/41083
4112,noise,R01_REVIEWED_NOT_ABOUT_SOMOIM_APP,daum,search_preview,소모임 활동 도 열심히 해요..!!,https://cafe.daum.net/creativeacting/SMn/4056
4113,noise,R01_REVIEWED_NOT_ABOUT_SOMOIM_APP,daum,search_preview,소모임 활동 하고 싶으신 분들..오널 일요일 야구장으로 오세여(필독),https://cafe.daum.net/lg/3DZ/14076
4114,noise,R01_REVIEWED_NOT_ABOUT_SOMOIM_APP,daum,search_preview,동문회 내 소모임 활동 발표,https://cafe.daum.net/kusa2004/LNkZ/13
4115,noise,R01_REVIEWED_NOT_ABOUT_SOMOIM_APP,daum,search_preview,충북교육발전소 소모임 활동 욕구 조사 진행중,https://cafe.daum.net/cbedufactory/1vAs/6
4116,noise,R01_REVIEWED_NOT_ABOUT_SOMOIM_APP,daum,search_preview,비시즌 기간에도 부상자 없는 소모임 활동 이 되시길 기원합니다!,https://cafe.daum.net/skiersdaum/70og/6807
4117,noise,R01_REVIEWED_NOT_ABOUT_SOMOIM_APP,daum,search_preview,소모임 활동 이 저조합니다~참여좀 해주세요~,https://cafe.daum.net/childpark/3Bt6/5836
4118,noise,R01_REVIEWED_NOT_ABOUT_SOMOIM_APP,daum,search_preview,"소모임 활동 을 ,,,,,,,",https://cafe.daum.net/leport/5WFf/84
4119,noise,R01_REVIEWED_NOT_ABOUT_SOMOIM_APP,daum,search_preview,2005년도 속초아끼기 봉사 소모임 활동 (사업) 계획 및 월회비,https://cafe.daum.net/sokcho/1txY/72
4120,noise,R01_REVIEWED_NOT_ABOUT_SOMOIM_APP,daum,search_preview,소모임 활동 은 언제 부터?,https://cafe.daum.net/aminsnow/8eLN/7581
4121,noise,R01_REVIEWED_NOT_ABOUT_SOMOIM_APP,daum,search_preview,11월1일 부로 소모임 활동 을 잠정중단하며 한지공예 사랑방을 준비합니다.,https://cafe.daum.net/openhanji/CoYV/155
4122,noise,R01_REVIEWED_NOT_ABOUT_SOMOIM_APP,daum,search_preview,자기지역 소모임 활동 만 해도 등업은 떨어지지 않을건데......,https://cafe.daum.net/kbg21/5Pic/140
4123,noise,R01_REVIEWED_NOT_ABOUT_SOMOIM_APP,daum,search_preview,대구 소모임 활동 좀 하지?,https://cafe.daum.net/990701/J6y/5745
4124,noise,R01_REVIEWED_NOT_ABOUT_SOMOIM_APP,daum,search_preview,26년 3월 활동 보고,https://cafe.daum.net/comeforabook/dOYu/78
4125,noise,R01_REVIEWED_NOT_ABOUT_SOMOIM_APP,daum,search_preview,소모임 활동 을 시작해야겠는데요.. 공약을 지켜야죠~~,https://cafe.daum.net/powermicrobial/EYRh/788
4126,noise,R01_REVIEWED_NOT_ABOUT_SOMOIM_APP,daum,search_preview,"5월 19일, 음악 소모임 활동 내용입니다...",https://cafe.daum.net/waldorf44/WAc/70
4127,noise,R01_REVIEWED_NOT_ABOUT_SOMOIM_APP,daum,search_preview,소모임 활동 너무 재밌습니다,https://cafe.daum.net/wychoi0903/EXip/1831
4128,noise,R01_REVIEWED_NOT_ABOUT_SOMOIM_APP,daum,search_preview,2025년 서울지부 연대사업 활동 모음,https://cafe.daum.net/care.workers/V9vE/18
4129,noise,R01_REVIEWED_NOT_ABOUT_SOMOIM_APP,daum,search_preview,활발한 소모임 활동 에 여러분들도 함께 하세요.,https://cafe.daum.net/Alex/kas/9309
4130,noise,R01_REVIEWED_NOT_ABOUT_SOMOIM_APP,daum,search_preview,소모임 활동 신청 입니다~ ^^,https://cafe.daum.net/moviehunters/2jt/8622
4131,noise,R01_REVIEWED_NOT_ABOUT_SOMOIM_APP,daum,search_preview,직장인 소모임 활동 보고,https://cafe.daum.net/gajaewool/NyUN/148
4132,noise,R01_REVIEWED_NOT_ABOUT_SOMOIM_APP,daum,search_preview,소모임 방 활동 시 유의바랍니다.,https://cafe.daum.net/lee10520nowonlove/5G28/4121
4133,noise,R01_REVIEWED_NOT_ABOUT_SOMOIM_APP,daum,search_preview,소모임 활동 과 가입좀 해주시죠,https://cafe.daum.net/shsemdhja/5LSo/1704
4134,noise,R01_REVIEWED_NOT_ABOUT_SOMOIM_APP,daum,search_preview,찬누리도서관 소모임 활동 과 동아리,https://cafe.daum.net/bssweetapt/3eSq/409
4135,noise,R01_REVIEWED_NOT_ABOUT_SOMOIM_APP,daum,search_preview,＜ 소모임 활동 ＞ 쉬운 책 읽기 모임 시작,https://cafe.daum.net/cbedufactory/1vD6/393
4136,noise,R01_REVIEWED_NOT_ABOUT_SOMOIM_APP,daum,search_preview,여러분! 소모임 활동 많이해주세요!!!,https://cafe.daum.net/maksim/DV55/1750
4137,noise,R01_REVIEWED_NOT_ABOUT_SOMOIM_APP,daum,search_preview,소모임 활동 회원 우대,https://cafe.daum.net/liveo2jam/6cXY/275
4138,noise,R01_REVIEWED_NOT_ABOUT_SOMOIM_APP,daum,search_preview,지역별 소모임 활동 ...,https://cafe.daum.net/ps1/IuSo/863
4139,noise,R01_REVIEWED_NOT_ABOUT_SOMOIM_APP,daum,search_preview,소모임 활동 도 참여해 주세요.,https://cafe.daum.net/kjstake/4u1B/105
4140,noise,R01_REVIEWED_NOT_ABOUT_SOMOIM_APP,daum,search_preview,"법무샘 소모임 활동 ""교정공무원법연구회""",https://cafe.daum.net/41Coorrections/1WEO/97
4141,noise,R01_REVIEWED_NOT_ABOUT_SOMOIM_APP,daum,search_preview,자기지역 소모임 활동 만 해도 등업은 떨어지지 않을건데......,https://cafe.daum.net/kbg21/5Pij/84
4142,noise,R01_REVIEWED_NOT_ABOUT_SOMOIM_APP,daum,search_preview,자기지역 소모임 활동 만 해도 등업은 떨어지지 않을건데......,https://cafe.daum.net/kbg21/5Pii/76
4143,noise,R01_REVIEWED_NOT_ABOUT_SOMOIM_APP,daum,search_preview,소모임 활동 내용 입니다. 회원분은 확인 바랍니다..,https://cafe.daum.net/inlinekangbook/7Ch/44201
4144,noise,R01_REVIEWED_NOT_ABOUT_SOMOIM_APP,daum,search_preview,[ 소모임 활동 ] 2월 14일 토요일 7시 부평에서 소모임,https://cafe.daum.net/ihave2jobs/Go6n/509
4145,noise,R01_REVIEWED_NOT_ABOUT_SOMOIM_APP,daum,search_preview,이번주 주말에 서울에서 피해자 모임 합니다 ( 피해자 소모임 ),https://cafe.daum.net/mindcontrolti/NlNw/80315
4146,noise,R01_REVIEWED_NOT_ABOUT_SOMOIM_APP,daum,search_preview,09 분회 소모임 활동 신청서,https://cafe.daum.net/gjedu2000/GWz3/71
4147,noise,R01_REVIEWED_NOT_ABOUT_SOMOIM_APP,daum,search_preview,소모임 활동 에두 많은 참여 부탁 드립니다.,https://cafe.daum.net/lovebmw/9vN/13267
4148,noise,R01_REVIEWED_NOT_ABOUT_SOMOIM_APP,daum,search_preview,소모임 활동 정식으로 들어갑니다.,https://cafe.daum.net/LoveGLAY/CzHR/16
4149,noise,R01_REVIEWED_NOT_ABOUT_SOMOIM_APP,daum,search_preview,5월 3일 스터디그룹 소모임 활동 - 연등 만들기,https://cafe.daum.net/kybabs/Dawc/7717
4150,noise,R01_REVIEWED_NOT_ABOUT_SOMOIM_APP,daum,search_preview,소모임 활동 좀 하십시오.,https://cafe.daum.net/Sword/55BK/8582
4151,noise,R01_REVIEWED_NOT_ABOUT_SOMOIM_APP,daum,search_preview,[이벤트 다섯] 소모임 우수활동회원 선출,https://cafe.daum.net/LemonadeFanclub/GqkB/124
4152,noise,R01_REVIEWED_NOT_ABOUT_SOMOIM_APP,daum,search_preview,안녕하세요..괴물뉴코에서 소모임 활동 하는사람임다,https://cafe.daum.net/windsor777/356/39163
4153,noise,R01_REVIEWED_NOT_ABOUT_SOMOIM_APP,daum,search_preview,지역별 소모임 활동 에 대해 설명회를 갖습니다.,https://cafe.daum.net/ihave2jobs/BbLm/56
4154,noise,R01_REVIEWED_NOT_ABOUT_SOMOIM_APP,daum,search_preview,소모임 활동 이 무엇인가요?,https://cafe.daum.net/HarmonyGuitar2020/BbNK/11
4155,noise,R01_REVIEWED_NOT_ABOUT_SOMOIM_APP,daum,search_preview,Re:인라인 소모임 활동 오픈 및 공동구매에 관한 답변,https://cafe.daum.net/snowski/NV/52104
4156,noise,R01_REVIEWED_NOT_ABOUT_SOMOIM_APP,daum,search_preview,*** 소모임 활동 은 10월부로 문을 닫습니다***,https://cafe.daum.net/allone/Lm1u/137
4157,noise,R01_REVIEWED_NOT_ABOUT_SOMOIM_APP,daum,search_preview,소모임 활동 함께 해요,https://cafe.daum.net/tjmatzip/Gaz/8271
4158,noise,R01_REVIEWED_NOT_ABOUT_SOMOIM_APP,daum,search_preview,소모임 활동 활성화바랍니다,https://cafe.daum.net/gliss/R6dt/109
4159,noise,R01_REVIEWED_NOT_ABOUT_SOMOIM_APP,daum,search_preview,소모임 활동 이 전혀 없는데....,https://cafe.daum.net/leena117/XIe/44383
4160,noise,R01_REVIEWED_NOT_ABOUT_SOMOIM_APP,daum,search_preview,소모임 활동 에 많이 참여 해 주세요....,https://cafe.daum.net/helpcure/id5/3453
4161,noise,R01_REVIEWED_NOT_ABOUT_SOMOIM_APP,daum,search_preview,승수오빠 생일에 관한 소모임 활동 에 관한 건,https://cafe.daum.net/rlatmdtnloveju/B8gc/63
4162,noise,R01_REVIEWED_NOT_ABOUT_SOMOIM_APP,daum,search_preview,소모임 활동 은 안하지만,https://cafe.daum.net/park7050/3nOA/1327
4163,noise,R01_REVIEWED_NOT_ABOUT_SOMOIM_APP,daum,search_preview,왜 소모임 활동 은 없는걸까요?,https://cafe.daum.net/4rangbang/P2A/4950
4164,noise,R01_REVIEWED_NOT_ABOUT_SOMOIM_APP,daum,search_preview,문우사랑 2학기 오리엔테이션 및 훈민정음 특강 안내,https://cafe.daum.net/moonwoo.love/7ZDj/3145
4165,noise,R01_REVIEWED_NOT_ABOUT_SOMOIM_APP,daum,search_preview,Re:어글 소모임 활동 시작하긴할꼰데...,https://cafe.daum.net/inlinekangbook/7Ch/15122
4166,noise,R01_REVIEWED_NOT_ABOUT_SOMOIM_APP,daum,search_preview,소모임 방 활동 에 관하여~~,https://cafe.daum.net/skiersdaum/70og/4089
4167,noise,R01_REVIEWED_NOT_ABOUT_SOMOIM_APP,daum,search_preview,여러분!! 소모임 활동 부탁드려요~ ^^*,https://cafe.daum.net/sdz5/BQ8M/1417
4168,noise,R01_REVIEWED_NOT_ABOUT_SOMOIM_APP,daum,search_preview,소모임 활동 에 대해서 한마디,https://cafe.daum.net/fanjjang/9gZj/11267
4169,noise,R01_REVIEWED_NOT_ABOUT_SOMOIM_APP,daum,search_preview,나 디자인과라서 소모임 활동 하는데 곧 내 작품 이름걸고 전시한당 ㅎㅎㅎㅎ,https://cafe.daum.net/ok1221/8lcX/29351058
4170,noise,R01_REVIEWED_NOT_ABOUT_SOMOIM_APP,daum,search_preview,1조 소모임 활동 보고서입니다!,https://cafe.daum.net/hbhspark/LTnP/414
4171,noise,R01_REVIEWED_NOT_ABOUT_SOMOIM_APP,daum,search_preview,대구 소모임 활동 해주세염!~~!~!,https://cafe.daum.net/990701/J6y/1362
4172,noise,R01_REVIEWED_NOT_ABOUT_SOMOIM_APP,daum,search_preview,[회원 소모임 그룹 활동 방] 게시판 이용안내입니다.,https://cafe.daum.net/stopcjd/6p8f/12
4173,noise,R01_REVIEWED_NOT_ABOUT_SOMOIM_APP,daum,search_preview,소모임 에 팀장은 소모임 활동 하면 안돼나요?,https://cafe.daum.net/ilovedoumi/1UXv/1713
4174,noise,R01_REVIEWED_NOT_ABOUT_SOMOIM_APP,daum,search_preview,이번주 주말에 서울에서 피해자 모임 합니다 ( 피해자 소모임 ),https://cafe.daum.net/tpfhdnstptkd/DazL/8641
4175,noise,R01_REVIEWED_NOT_ABOUT_SOMOIM_APP,daum,search_preview,부산 소모임 .... 활동 중인가요??,https://cafe.daum.net/easygolf/CvlS/634
4176,noise,R01_REVIEWED_NOT_ABOUT_SOMOIM_APP,daum,search_preview,Re:지역 소모임 활동 은 없나요?,https://cafe.daum.net/windsor777/35E/30825
4177,noise,R01_REVIEWED_NOT_ABOUT_SOMOIM_APP,daum,search_preview,드디어 헤르메스(인라인 소모임 ) 활동 시작!!,https://cafe.daum.net/youth98/6UL/4872
4178,noise,R01_REVIEWED_NOT_ABOUT_SOMOIM_APP,daum,search_preview,천검회 소모임 활동 을 계시합니다.,https://cafe.daum.net/chunkum/NmM/7602
4179,noise,R01_REVIEWED_NOT_ABOUT_SOMOIM_APP,daum,search_preview,어글 소모임 활동 시작하긴할꼰데...,https://cafe.daum.net/inlinekangbook/7Ch/15099
4180,noise,R01_REVIEWED_NOT_ABOUT_SOMOIM_APP,daum,search_preview,소모임 .. 활동 안하나?,https://cafe.daum.net/mouseworld/2NW/21854
4181,noise,R01_REVIEWED_NOT_ABOUT_SOMOIM_APP,daum,search_preview,"7월 20 일 봉사 소모임 활동 (사랑의집,주람동산, 가없이 좋은곳 )",https://cafe.daum.net/hairshop/D79A/264
4182,noise,R01_REVIEWED_NOT_ABOUT_SOMOIM_APP,daum,search_preview,소모임 활동 을 하고픈데..어케해야...어색함없이.......,https://cafe.daum.net/gimpolove/1Sfi/15946
4183,noise,R01_REVIEWED_NOT_ABOUT_SOMOIM_APP,daum,search_preview,23년 6월 16일 [허약어르신 건강 소모임 ] 활동 나눔,https://cafe.daum.net/gurocamp/MwUl/386
4184,noise,R01_REVIEWED_NOT_ABOUT_SOMOIM_APP,daum,search_preview,장애우 문화예술 활동 소모임 지원사업 신청공고,https://cafe.daum.net/dailn/JQW/1708
4185,noise,R01_REVIEWED_NOT_ABOUT_SOMOIM_APP,daum,search_preview,아름어린이집 - 학부모 소모임 활동,https://cafe.daum.net/ulsan-openbouk/YAkl/6968
4186,noise,R01_REVIEWED_NOT_ABOUT_SOMOIM_APP,daum,search_preview,신인배우 소모임 활동 보고 (2019년 5월),https://cafe.daum.net/SoulLoveCommunity/Vk8t/20
4187,noise,R01_REVIEWED_NOT_ABOUT_SOMOIM_APP,daum,search_preview,"7월 20 일 봉사 소모임 활동 (사랑의집,주람동산, 가없이 좋은곳 )",https://cafe.daum.net/hairshop/_album/2805
4188,noise,R01_REVIEWED_NOT_ABOUT_SOMOIM_APP,daum,search_preview,[정회원] [꼰다] 소모임 활동 하는건 어때요?,https://cafe.daum.net/chamgongik/2wqZ/9218
4189,noise,R01_REVIEWED_NOT_ABOUT_SOMOIM_APP,daum,search_preview,소모임 에서 활동 하신 회원님들께 알려드립니다.,https://cafe.daum.net/coko57/M7tz/807
4190,noise,R01_REVIEWED_NOT_ABOUT_SOMOIM_APP,daum,search_preview,장애우 문화예술 활동 소모임 지원한답니다. 우리 카페도 신청하면 어떨지요...,https://cafe.daum.net/dailn/JQe/3558
4191,noise,R01_REVIEWED_NOT_ABOUT_SOMOIM_APP,daum,search_preview,자기지역 소모임 활동 만 해도 등업은 떨어지지 않을건데......,https://cafe.daum.net/kbg21/5Pif/76
4192,noise,R01_REVIEWED_NOT_ABOUT_SOMOIM_APP,daum,search_preview,자기지역 소모임 활동 만 해도 등업은 떨어지지 않을건데......,https://cafe.daum.net/kbg21/5Pih/73
4193,noise,R01_REVIEWED_NOT_ABOUT_SOMOIM_APP,daum,search_preview,자기지역 소모임 활동 만 해도 등업은 떨어지지 않을건데......,https://cafe.daum.net/kbg21/5Pig/88
4194,noise,R01_REVIEWED_NOT_ABOUT_SOMOIM_APP,daum,search_preview,[2011-1-0308] 댄스스포츠 소모임 춤바람 활동 보고서 !^^ [1],https://cafe.daum.net/youthdongari/9e1a/61
4195,noise,R01_REVIEWED_NOT_ABOUT_SOMOIM_APP,daum,search_preview,소모임 활동 참여바람(변경),https://cafe.daum.net/kjstake/4u1B/18
4196,noise,R01_REVIEWED_NOT_ABOUT_SOMOIM_APP,daum,search_preview,소모임 관련 활동 없는 게시판을 정리하였습니다!! *^^*,https://cafe.daum.net/km2029/5DVq/4716
4197,noise,R01_REVIEWED_NOT_ABOUT_SOMOIM_APP,daum,search_preview,일주일 내내 아르바이트하면서 동아리나 소모임 활동 불가능할까요?,https://cafe.daum.net/edugo/9G28/16646
4198,noise,R01_REVIEWED_NOT_ABOUT_SOMOIM_APP,daum,search_preview,소모임 활동 한 시간의 행복,https://cafe.daum.net/BOVIS-humanschool/4R4I/235
4199,noise,R01_REVIEWED_NOT_ABOUT_SOMOIM_APP,daum,search_preview,오프 소모임 활동 요~~*,https://cafe.daum.net/busantongli/4ieb/3630
4200,noise,R01_REVIEWED_NOT_ABOUT_SOMOIM_APP,daum,search_preview,24년. 소모임 활동 지원공모(경기예술인 지원센터),https://cafe.daum.net/kbs599/1y8g/83
4201,noise,R01_REVIEWED_NOT_ABOUT_SOMOIM_APP,daum,search_preview,동우회 소모임 활동 내용 카페 등재요청,https://cafe.daum.net/dongwoohoy09/JOG9/108
4202,noise,R01_REVIEWED_NOT_ABOUT_SOMOIM_APP,daum,search_preview,소모임 활동 을 위한 장소를 제공해주실 분을 찾습니다.,https://cafe.daum.net/ihave2jobs/BbLm/101
4203,noise,R01_REVIEWED_NOT_ABOUT_SOMOIM_APP,daum,search_preview,모리를 듣고 싶은데 소모임 활동 이상이라고 들을 수 없네요,https://cafe.daum.net/nswenglish/4fSk/823
4204,noise,R01_REVIEWED_NOT_ABOUT_SOMOIM_APP,daum,search_preview,영어 소모임 활동 하시는 분 계세요?,https://cafe.daum.net/truepicture/QtD/2162420
4205,noise,R01_REVIEWED_NOT_ABOUT_SOMOIM_APP,daum,search_preview,"[◈팝니다◈][18기] 연세대 / 경희대 합격 자소서 판매 (저학고릿, 특이정성 X)",https://cafe.daum.net/snuleet/4KVq/96131
4206,noise,R01_REVIEWED_NOT_ABOUT_SOMOIM_APP,daum,search_preview,"[18기] 연세대 / 경희대 합격 자소서 판매 (저학고릿, 특이정성 X)",https://cafe.daum.net/snuleet/4KVq/96021
4207,noise,R01_REVIEWED_NOT_ABOUT_SOMOIM_APP,daum,search_preview,소모임 활동 .번개는 최대한 지원합니다.,https://cafe.daum.net/hellolatin/AxX/3574
4208,noise,R01_REVIEWED_NOT_ABOUT_SOMOIM_APP,daum,search_preview,청소년 소모임 활동 이 별로 없네요.,https://cafe.daum.net/kjstake/4u1B/57
4209,noise,R01_REVIEWED_NOT_ABOUT_SOMOIM_APP,daum,search_preview,연극 소모임 활동 에 관하여,https://cafe.daum.net/pm21/K2Bw/45
4210,noise,R01_REVIEWED_NOT_ABOUT_SOMOIM_APP,daum,search_preview,이번주 주말에 서울에서 피해자 모임 합니다 ( 피해자 소모임 ),https://cafe.daum.net/aspire7/9z5w/119025
4211,noise,R01_REVIEWED_NOT_ABOUT_SOMOIM_APP,daum,search_preview,이번주 주말에 서울에서 피해자 모임 합니다 ( 피해자 소모임 ),https://cafe.daum.net/revelation1/DmOZ/46005
4212,noise,R01_REVIEWED_NOT_ABOUT_SOMOIM_APP,daum,search_preview,지역 소모임 (충북음성) 활동 후기에요~,https://cafe.daum.net/decorplaza/OFbs/4767
4213,noise,R01_REVIEWED_NOT_ABOUT_SOMOIM_APP,daum,search_preview,분회 참교육실천발표회 및 소모임 활동 평가서 양식,https://cafe.daum.net/gjedu2000/GWz3/99
4214,noise,R01_REVIEWED_NOT_ABOUT_SOMOIM_APP,daum,search_preview,2025. 11. 13. - 잡트레이닝과 우리끼리(자조 소모임 ),https://cafe.daum.net/fruit-sedu/kf0H/77
4215,noise,R01_REVIEWED_NOT_ABOUT_SOMOIM_APP,daum,search_preview,아파트연구 소모임 Kickoff 세부일정[장소 및 음식점 확정],https://cafe.daum.net/butake/1BYb/778
4216,noise,R01_REVIEWED_NOT_ABOUT_SOMOIM_APP,daum,search_preview,"동아리, 소모임 활동 하시는 직장인줌님들 어디서 구하셨나요?",https://cafe.daum.net/zoomin62/GN37/2655401
4217,noise,R01_REVIEWED_NOT_ABOUT_SOMOIM_APP,daum,search_preview,서경방 소모임 활동 없으시면 폐쇄해도 되겠습니까???,https://cafe.daum.net/sm5joa/766P/1731
4218,noise,R01_REVIEWED_NOT_ABOUT_SOMOIM_APP,daum,search_preview,신인배우 소모임 활동 보고 (2019년 3월),https://cafe.daum.net/SoulLoveCommunity/Vk8t/4
4219,noise,R01_REVIEWED_NOT_ABOUT_SOMOIM_APP,daum,search_preview,이번주 주말에 서울에서 피해자 모임 합니다 ( 피해자 소모임 ),https://cafe.daum.net/stalking21/3wxi/35691
4220,noise,R01_REVIEWED_NOT_ABOUT_SOMOIM_APP,daum,search_preview,안녕하세요.. 봉사 활동 소모임 회원님!!,https://cafe.daum.net/tklovefood/1UtQ/1005
4221,noise,R01_REVIEWED_NOT_ABOUT_SOMOIM_APP,daum,search_preview,경남 횐님들 소모임 활동 도 해주세요~^^*,https://cafe.daum.net/XGDRIVER/I3BN/5645
4222,noise,R01_REVIEWED_NOT_ABOUT_SOMOIM_APP,daum,search_preview,소모임 활동 건에 대한 내생각,https://cafe.daum.net/dietitianclub/40s/6955
4223,noise,R01_REVIEWED_NOT_ABOUT_SOMOIM_APP,daum,search_preview,까페의 지역 소모임 활동 하시는지요? 한달째 가입을 기다리고 있습니다.^^,https://cafe.daum.net/msflight/9dq/39924
4224,noise,R01_REVIEWED_NOT_ABOUT_SOMOIM_APP,daum,search_preview,호남지역 사시는분들.. 소모임 활동 안하시나?,https://cafe.daum.net/Koreasoccerteam/Shz/24365
4225,noise,R01_REVIEWED_NOT_ABOUT_SOMOIM_APP,daum,search_preview,봉사 활동 소모임 에 관한 회원 협조사항,https://cafe.daum.net/vovpkh/2qyN/4591
4226,noise,R01_REVIEWED_NOT_ABOUT_SOMOIM_APP,daum,search_preview,운영자님!! 소모임 활동 은 어떻게 하나요?,https://cafe.daum.net/eoffice/33DZ/191
4227,noise,R01_REVIEWED_NOT_ABOUT_SOMOIM_APP,daum,search_preview,독서 소모임 활동 하기-읽기 자료,https://cafe.daum.net/dasomipsi/RyE3/1434
4228,noise,R01_REVIEWED_NOT_ABOUT_SOMOIM_APP,daum,search_preview,2011-1-0526 댄스스포츠 소모임 춤바람 활동 보고서,https://cafe.daum.net/youthdongari/9e1a/66
4229,noise,R01_REVIEWED_NOT_ABOUT_SOMOIM_APP,daum,search_preview,소모임 활동 중이신 분들에게 질문요!,https://cafe.daum.net/ASMONACOFC/g0oc/239792
4230,noise,R01_REVIEWED_NOT_ABOUT_SOMOIM_APP,daum,search_preview,3월의 소모임 활동,https://cafe.daum.net/asite/km7/209
4231,noise,R01_REVIEWED_NOT_ABOUT_SOMOIM_APP,daum,search_preview,전국 지회지부 활동소식_2026.05.,https://cafe.daum.net/kjdonghwa/3o48/1069
4232,noise,R01_REVIEWED_NOT_ABOUT_SOMOIM_APP,daum,search_preview,"[ 소모임 , 벙개 활동 은 이렇습니다.]",https://cafe.daum.net/phoenixlove/Ozkz/49
4233,noise,R01_REVIEWED_NOT_ABOUT_SOMOIM_APP,daum,search_preview,아파트 연구(가칭) 소모임 안내,https://cafe.daum.net/butake/1BYb/770
4234,noise,R01_REVIEWED_NOT_ABOUT_SOMOIM_APP,daum,search_preview,장애우 문화예술 활동 소모임 지원사업 신청공고,https://cafe.daum.net/johnnara/Ovmx/1120
4235,noise,R01_REVIEWED_NOT_ABOUT_SOMOIM_APP,daum,search_preview,소모임 활동 은 12월 달 부터 천천히,https://cafe.daum.net/powermicrobial/EYRh/639
4236,noise,R01_REVIEWED_NOT_ABOUT_SOMOIM_APP,daum,search_preview,""" 소모임 활동 하고왓습니다 """,https://cafe.daum.net/WWFFanPage/5jDI/1361
4237,noise,R01_REVIEWED_NOT_ABOUT_SOMOIM_APP,daum,search_preview,10/11 비시즌 소모임 발대식 및 활동 점수,https://cafe.daum.net/joyofboarding/7Mqm/25635
4238,noise,R01_REVIEWED_NOT_ABOUT_SOMOIM_APP,daum,search_preview,조별 소모임 활동 안내,https://cafe.daum.net/ku1227/NlpB/15
4239,noise,R01_REVIEWED_NOT_ABOUT_SOMOIM_APP,daum,search_preview,자기개발을 위한 다양한 소모임 활동 ^^,https://cafe.daum.net/fpuser/JLBz/2237
4240,noise,R01_REVIEWED_NOT_ABOUT_SOMOIM_APP,daum,search_preview,흠... 20대 소모임 은 활동 이 활발한데 10대 소모임 은 활동 이 없네요 -ㅁ-;,https://cafe.daum.net/maksim/DV55/1905
4241,noise,R01_REVIEWED_NOT_ABOUT_SOMOIM_APP,daum,search_preview,5월 9일 구름텃밭가꾸기 소모임 활동,https://cafe.daum.net/doosanchild/njwN/7
4242,noise,R01_REVIEWED_NOT_ABOUT_SOMOIM_APP,daum,search_preview,전국 지회지부 활동소식_2026.05.,https://cafe.daum.net/jejubookchild/7JjC/260
4243,noise,R01_REVIEWED_NOT_ABOUT_SOMOIM_APP,daum,search_preview,카페 소모임 `맛있는 사랑 나누기` 8월 봉사 활동 다녀왔습니다.,https://cafe.daum.net/tklovefood/1LJy/35473
4244,noise,R01_REVIEWED_NOT_ABOUT_SOMOIM_APP,daum,search_preview,소모임 활동 은 어찌된??,https://cafe.daum.net/rapaelart/Fnf1/852
4245,noise,R01_REVIEWED_NOT_ABOUT_SOMOIM_APP,daum,search_preview,전국 지회지부 활동소식_2026.05.,https://cafe.daum.net/incheondongwha/HONC/775
4246,noise,R01_REVIEWED_NOT_ABOUT_SOMOIM_APP,daum,search_preview,소모임 활동 에 적극적으로 참여 해주세요.,https://cafe.daum.net/36dragon/CcFA/6
4247,noise,R01_REVIEWED_NOT_ABOUT_SOMOIM_APP,daum,search_preview,[상가 소모임 운영진] 일부회원 활동 중지에 대한 운영진의 의견!!,https://cafe.daum.net/jangshhouse/BCHF/378
4248,noise,R01_REVIEWED_NOT_ABOUT_SOMOIM_APP,daum,search_preview,전국 지회지부 활동소식_2026.05.,https://cafe.daum.net/KBchildbook/6ooc/98
4249,noise,R01_REVIEWED_NOT_ABOUT_SOMOIM_APP,daum,search_preview,1일 1드로잉 소모임 활동 4월을 알려드립니다~,https://cafe.daum.net/nbaram/JqtX/73
4250,noise,R01_REVIEWED_NOT_ABOUT_SOMOIM_APP,daum,search_preview,2026. 6. 19. - 마음모임 '우리끼리'와 카페디저트(대파치즈스콘),https://cafe.daum.net/fruit-sedu/kk5h/41
4251,noise,R01_REVIEWED_NOT_ABOUT_SOMOIM_APP,daum,search_preview,소모임 활동 이 너무 뜸한듯......,https://cafe.daum.net/Sword/GpuU/89
4252,noise,R01_REVIEWED_NOT_ABOUT_SOMOIM_APP,daum,search_preview,정기총회 소식은 각기수별 수다방 아래 지역별 소모임 활동 - 2회동기회 에 올려져 있습니다.,https://cafe.daum.net/Hwarangkorea1/PUO3/174
4253,noise,R01_REVIEWED_NOT_ABOUT_SOMOIM_APP,daum,search_preview,가톨릭 평신도단체 울뜨레아와 꾸르실료(Cursillo)2,https://cafe.daum.net/dysd70/MQZ1/30
4254,noise,R01_REVIEWED_NOT_ABOUT_SOMOIM_APP,daum,search_preview,Re: 호남지역 사시는분들.. 소모임 활동 안하시나?,https://cafe.daum.net/Koreasoccerteam/Shz/24367
4255,noise,R01_REVIEWED_NOT_ABOUT_SOMOIM_APP,daum,search_preview,2011-05-03 댄스스포츠 소모임 춤바람 활동 보고서!,https://cafe.daum.net/youthdongari/9e1a/64
4256,noise,R01_REVIEWED_NOT_ABOUT_SOMOIM_APP,daum,search_preview,신인배우 소모임 활동 보고 (2019년 4월),https://cafe.daum.net/SoulLoveCommunity/Vk8t/17
4257,noise,R01_REVIEWED_NOT_ABOUT_SOMOIM_APP,daum,search_preview,소모임 활동 ..,https://cafe.daum.net/zmffhdis/D3CY/1033
4258,noise,R01_REVIEWED_NOT_ABOUT_SOMOIM_APP,daum,search_preview,서울 소모임 활동 좀 부탁드립니다,https://cafe.daum.net/GOALKEEPER/BXjX/1360
4259,noise,R01_REVIEWED_NOT_ABOUT_SOMOIM_APP,daum,search_preview,전국 지회지부 활동소식_2026.05.,https://cafe.daum.net/daegudh/mB5/163
4260,noise,R01_REVIEWED_NOT_ABOUT_SOMOIM_APP,daum,search_preview,연무동 봉사 활동 소모임 발족,https://cafe.daum.net/yonmu/Jw8/169
4261,noise,R01_REVIEWED_NOT_ABOUT_SOMOIM_APP,daum,search_preview,대화배드민턴클럽 내 소모임 (정회원) 활동 지정코트 사용안내,https://cafe.daum.net/hotbloodbadminton/1IGS/373
4262,noise,R01_REVIEWED_NOT_ABOUT_SOMOIM_APP,daum,search_preview,Re:나두 소모임 활동 하고픈데...,https://cafe.daum.net/goart/2P31/7161
4263,noise,R01_REVIEWED_NOT_ABOUT_SOMOIM_APP,daum,search_preview,12월1일 송년모임겸 카페 5주년 기념행사에 관련한 성약9회 소모임 의 활동 과 알림 소식들,https://cafe.daum.net/skk9p/26ts/1697
4264,noise,R01_REVIEWED_NOT_ABOUT_SOMOIM_APP,daum,search_preview,봉사 활동 소모임 에 대한 의견,https://cafe.daum.net/wonju/24EN/1856
4265,noise,R01_REVIEWED_NOT_ABOUT_SOMOIM_APP,daum,search_preview,소모임 활동 은 어디서 하나요??,https://cafe.daum.net/NewYangju/NXYL/8590
4266,noise,R01_REVIEWED_NOT_ABOUT_SOMOIM_APP,daum,search_preview,2008년도 소모임 의 공식 활동 을 금일부로 마감합니다.(등급조정포함),https://cafe.daum.net/joyofboarding/7Mqm/18734
4267,noise,R01_REVIEWED_NOT_ABOUT_SOMOIM_APP,daum,search_preview,[탐방 대외 활동 ] 국인 23기 우수예비대학생 글로벌 리더십 연수 참가자 모집,https://cafe.daum.net/contestkorea/sBQX/202
4268,noise,R01_REVIEWED_NOT_ABOUT_SOMOIM_APP,daum,search_preview,2011-2-1025 댄스스포츠 소모임 춤바람 활동 보고서,https://cafe.daum.net/youthdongari/9e1a/69
4269,noise,R01_REVIEWED_NOT_ABOUT_SOMOIM_APP,daum,search_preview,부모 소모임 활동,https://cafe.daum.net/ulsan-openbouk/YAkl/1687
4270,noise,R01_REVIEWED_NOT_ABOUT_SOMOIM_APP,daum,search_preview,오늘도 분당구청 트랙에서 소모임 활동 하나요??,https://cafe.daum.net/baramsori/2VP/32995
4271,noise,R01_REVIEWED_NOT_ABOUT_SOMOIM_APP,daum,search_preview,Re:후기 사진-> 소모임 활동 사진 에 올려놨어요.,https://cafe.daum.net/gimpolove/JYBD/160
4272,noise,R01_REVIEWED_NOT_ABOUT_SOMOIM_APP,daum,search_preview,"2017년 인천사회복지사 정체성 회복 프로젝트 ""관계속에서 정체성 찾기 소모임 "" 활동 보고서 제작",https://cafe.daum.net/sunhyang07/JF0g/108
4273,noise,R01_REVIEWED_NOT_ABOUT_SOMOIM_APP,daum,search_preview,9월 부모 소모임 활동,https://cafe.daum.net/ulsan-openbouk/YAkl/2193
4274,noise,R01_REVIEWED_NOT_ABOUT_SOMOIM_APP,daum,search_preview,Re:지역 소모임 활동 은 없나요?,https://cafe.daum.net/windsor777/35E/30832
4275,noise,R01_REVIEWED_NOT_ABOUT_SOMOIM_APP,daum,search_preview,[인테리어 소모임 ]에서 활동 하실분 모집합니다.,https://cafe.daum.net/streetart/2lzb/659
4276,noise,R01_REVIEWED_NOT_ABOUT_SOMOIM_APP,daum,search_preview,소모임 활동 ♡힐링프로그램 1차♡,https://cafe.daum.net/kkj4855/UIwg/5
4277,noise,R01_REVIEWED_NOT_ABOUT_SOMOIM_APP,daum,search_preview,소모임 에 활동 하시는 여러분.....,https://cafe.daum.net/park7050/Ih/122772
4278,noise,R01_REVIEWED_NOT_ABOUT_SOMOIM_APP,daum,search_preview,친구,https://cafe.daum.net/58Tlalffp/n6tw/1124
4279,noise,R01_REVIEWED_NOT_ABOUT_SOMOIM_APP,daum,search_preview,6월 성남기초학력교육연구회 소모임 활동 (06.19),https://cafe.daum.net/3rsup/so5G/11
4280,noise,R01_REVIEWED_NOT_ABOUT_SOMOIM_APP,daum,search_preview,2025년 전국 공동 주제 식생활 활동 보고서_한살림제주,https://cafe.daum.net/hansalimfoodlife/OGiP/76
4281,noise,R01_REVIEWED_NOT_ABOUT_SOMOIM_APP,daum,search_preview,Re:왕성한 소모임 활동 이 있었으면 하는 바램입니다...(냉無),https://cafe.daum.net/translation/Qqe/3190
4282,noise,R01_REVIEWED_NOT_ABOUT_SOMOIM_APP,daum,search_preview,전국 지회지부 활동소식_2026.05.,https://cafe.daum.net/ehdghkahdla/Rret/645
4283,noise,R01_REVIEWED_NOT_ABOUT_SOMOIM_APP,daum,search_preview,전국 지회지부 활동소식_2026.05.,https://cafe.daum.net/child2013spring/VV6N/450
4284,noise,R01_REVIEWED_NOT_ABOUT_SOMOIM_APP,daum,search_preview,소모임 활동 안합니까 ?,https://cafe.daum.net/insects7/6PR0/3314
4285,noise,R01_REVIEWED_NOT_ABOUT_SOMOIM_APP,daum,search_preview,2011-1-0530 댄스 스포츠 소모임 춤바람 활동 보고서,https://cafe.daum.net/youthdongari/9e1a/67
4286,noise,R01_REVIEWED_NOT_ABOUT_SOMOIM_APP,daum,search_preview,에세이_협동조합 5원칙과 소모임 활동 의 현실관계_지선영,https://cafe.daum.net/seedu-fedagogy/hmDE/290
4287,noise,R01_REVIEWED_NOT_ABOUT_SOMOIM_APP,daum,search_preview,노동 전선 조직화 방안을 중심으로,https://cafe.daum.net/ktg0948/YuY5/243
4288,noise,R01_REVIEWED_NOT_ABOUT_SOMOIM_APP,daum,search_preview,2011-10-31 댄스스포츠 소모임 춤바람 활동 보고서,https://cafe.daum.net/youthdongari/9e1a/70
4289,noise,R01_REVIEWED_NOT_ABOUT_SOMOIM_APP,daum,search_preview,나의 의견입니다.( 소모임 만들어서 활동 하고 싶은사람은 신청하세요.),https://cafe.daum.net/hpsmdll/7h90/3002
4290,noise,R01_REVIEWED_NOT_ABOUT_SOMOIM_APP,daum,search_preview,"""dym5 소모임 활동 "" 방 활용 안내",https://cafe.daum.net/dym5/4cNT/510
4291,noise,R01_REVIEWED_NOT_ABOUT_SOMOIM_APP,daum,search_preview,7월 학부모 소모임 (목공 활동 ),https://cafe.daum.net/sunkid95/Bwb3/167
4292,noise,R01_REVIEWED_NOT_ABOUT_SOMOIM_APP,daum,search_preview,부산 재테크모임 이제부터 소모임 활동 시작합니다.,https://cafe.daum.net/kys1005/4B2H/117
4293,noise,R01_REVIEWED_NOT_ABOUT_SOMOIM_APP,daum,search_preview,어머님 소모임 요리 활동 '영양강정만들기',https://cafe.daum.net/pooh8584312/6A6F/53
4294,noise,R01_REVIEWED_NOT_ABOUT_SOMOIM_APP,daum,search_preview,새로운 3기 소모임 感 활동 에 많은 관심 바랍니다.,https://cafe.daum.net/MADEINTAEGU/MaP/1979
4295,noise,R01_REVIEWED_NOT_ABOUT_SOMOIM_APP,daum,search_preview,축구 소모임 활동 할 때....,https://cafe.daum.net/WorldcupLove/IC6M/3633417
4296,noise,R01_REVIEWED_NOT_ABOUT_SOMOIM_APP,daum,search_preview,고양이 집사들은 경악한다는 사진,https://cafe.daum.net/subdued20club/ReHf/5480734
4297,noise,R01_REVIEWED_NOT_ABOUT_SOMOIM_APP,daum,search_preview,ㅋ 아.. 이거 올려야 되나 ㅋㅋ 카페 '옛' 소모임 활동 시절 ㅋ,https://cafe.daum.net/eastvirginia/CrT/7
4298,noise,R01_REVIEWED_NOT_ABOUT_SOMOIM_APP,daum,search_preview,소모임 활동 하시는분들?,https://cafe.daum.net/feelings4u/Qxd8/2676
4299,noise,R01_REVIEWED_NOT_ABOUT_SOMOIM_APP,daum,search_preview,[ 비교과 프로그램 ] 제2회 사회복지학부 학생 자치단체 경진대회,https://cafe.daum.net/youth98/6UQ/1834
4300,noise,R01_REVIEWED_NOT_ABOUT_SOMOIM_APP,daum,search_preview,＜6월 8일 화요일＞ 봉사 소모임 등산 소모임 행사 용산 구청 후원 봉사 활동 충남 서천,https://cafe.daum.net/hairshop/27bF/745
4301,noise,R01_REVIEWED_NOT_ABOUT_SOMOIM_APP,daum,search_preview,"모두.,... 소모임 활동 을...",https://cafe.daum.net/990701/J6y/3897
4302,noise,R01_REVIEWED_NOT_ABOUT_SOMOIM_APP,daum,search_preview,소모임 네가티브 활동 부진으로 인한 강제 탈퇴자,https://cafe.daum.net/cosmos/r2/24502
4303,noise,R01_REVIEWED_NOT_ABOUT_SOMOIM_APP,daum,search_preview,"동해시 추암,삼척시 용골 촛대바위(260523)---24회",https://cafe.daum.net/seouljorye/VHkb/142
4304,noise,R01_REVIEWED_NOT_ABOUT_SOMOIM_APP,daum,search_preview,풀무 고등부 소모임 과 특활 활동 (선택실습)의 전시회,https://cafe.daum.net/PoolmooPTA/1PGc/709
4305,noise,R01_REVIEWED_NOT_ABOUT_SOMOIM_APP,daum,search_preview,소모임 활동,https://cafe.daum.net/busantongli/4ieb/4648
4306,noise,R01_REVIEWED_NOT_ABOUT_SOMOIM_APP,daum,search_preview,봉사 활동 소모임 [나눔]에서 회원을 모집합니다.^ㅇ^,https://cafe.daum.net/CrazySwing/FNZh/962
4307,noise,R01_REVIEWED_NOT_ABOUT_SOMOIM_APP,daum,search_preview,카페의 소모임 활동 점 많이 해주세여..,https://cafe.daum.net/jiwonlove/7U6/47300
4308,noise,R01_REVIEWED_NOT_ABOUT_SOMOIM_APP,daum,search_preview,현재 재경조례동문회가 있기까지 24회의 역할,https://cafe.daum.net/seouljorye/VHkA/312
4309,noise,R01_REVIEWED_NOT_ABOUT_SOMOIM_APP,daum,search_preview,새내기 학교 소모임 활동 이 너무 벅찬데,https://cafe.daum.net/ok1221/8lcX/59809113
4310,noise,R01_REVIEWED_NOT_ABOUT_SOMOIM_APP,daum,search_preview,대학교가서 학회나 동아리( 소모임 ) 활동 안하면,https://cafe.daum.net/ok1221/8lcX/16561555
4311,noise,R01_REVIEWED_NOT_ABOUT_SOMOIM_APP,daum,search_preview,나두 소모임 활동 하고픈데...,https://cafe.daum.net/goart/2P31/7159
4312,noise,R01_REVIEWED_NOT_ABOUT_SOMOIM_APP,daum,search_preview,2026. 08. 17. 소모임장 회의록,https://cafe.daum.net/youthdongari/8qhs/291
4313,noise,R01_REVIEWED_NOT_ABOUT_SOMOIM_APP,daum,search_preview,놀아요 소모임 1차 모임❣️__(25.10.19),https://cafe.daum.net/2007iji/NmjT/1
4314,noise,R01_REVIEWED_NOT_ABOUT_SOMOIM_APP,daum,search_preview,2월에 활동 할 소모임 신청과 관련해서... 한말씀!,https://cafe.daum.net/sonaguitar/gJD6/1120
4315,noise,R01_REVIEWED_NOT_ABOUT_SOMOIM_APP,daum,search_preview,봉사 활동 소모임 폐쇄 됐습니다.. 죄송합니다..,https://cafe.daum.net/andregagnon/YRc/16487
4316,noise,R01_REVIEWED_NOT_ABOUT_SOMOIM_APP,daum,search_preview,5월 부모 소모임 활동,https://cafe.daum.net/ulsan-openbouk/YAkl/4974
4317,noise,R01_REVIEWED_NOT_ABOUT_SOMOIM_APP,daum,search_preview,"사회사업 심화과정, 6월 모임, 집단사회사업 보충",https://cafe.daum.net/coolwelfare/RN8h/361
4318,noise,R01_REVIEWED_NOT_ABOUT_SOMOIM_APP,daum,search_preview,"[ 소모임 ]봉사 활동 ,시네마팬.....을 만들었습니다...",https://cafe.daum.net/nurichon/9mz/5517
4319,noise,R01_REVIEWED_NOT_ABOUT_SOMOIM_APP,daum,search_preview,고양이 집사들은 경악한다는 사진,https://cafe.daum.net/subdued20club/ReHf/5610399
4320,noise,R01_REVIEWED_NOT_ABOUT_SOMOIM_APP,daum,search_preview,소모임 활동 -보리떡 만들기,https://cafe.daum.net/ulsan-openbouk/YAkl/2134
4321,noise,R01_REVIEWED_NOT_ABOUT_SOMOIM_APP,daum,search_preview,2086 번 글에대한 소모임 활동 -- 모임을 뜻있게..,https://cafe.daum.net/MAKEUP21/OPo/2102
4322,noise,R01_REVIEWED_NOT_ABOUT_SOMOIM_APP,daum,search_preview,소모임 활동 은 어떻게 하는거죠?,https://cafe.daum.net/2848love/AzKR/993
4323,noise,R01_REVIEWED_NOT_ABOUT_SOMOIM_APP,daum,search_preview,전국 지회지부 활동소식_2026. 04.,https://cafe.daum.net/Nari99/1hGN/207
4324,noise,R01_REVIEWED_NOT_ABOUT_SOMOIM_APP,daum,search_preview,돌고래 어린이집 - 김장 ( 소모임 활동 ),https://cafe.daum.net/ulsan-openbouk/YAkl/2814
4325,noise,R01_REVIEWED_NOT_ABOUT_SOMOIM_APP,daum,search_preview,전국 지회지부 활동소식_2026. 04.,https://cafe.daum.net/kjdonghwa/3o48/1066
4326,noise,R01_REVIEWED_NOT_ABOUT_SOMOIM_APP,daum,search_preview,다모임- 다섯 살 생일파티와 신입회원 환영식,https://cafe.daum.net/caaschildbook/D0Zu/86
4327,noise,R01_REVIEWED_NOT_ABOUT_SOMOIM_APP,daum,search_preview,본격적인 오리지날 소모임 활동 시작합니다.,https://cafe.daum.net/HiSIMCITY/Gtk8/3353
4328,noise,R01_REVIEWED_NOT_ABOUT_SOMOIM_APP,daum,search_preview,2011-1-0517 댄스스포츠 소모임 춤바람 활동 보고서,https://cafe.daum.net/youthdongari/9e1a/65
4329,noise,R01_REVIEWED_NOT_ABOUT_SOMOIM_APP,daum,search_preview,911 웨이크 소모임 갱신신청 합니다.,https://cafe.daum.net/joyofboarding/I5Js/69
4330,noise,R01_REVIEWED_NOT_ABOUT_SOMOIM_APP,daum,search_preview,Re: 소모임 은 활동 이 없어서...,https://cafe.daum.net/ango23/5pV8/105
4331,noise,R01_REVIEWED_NOT_ABOUT_SOMOIM_APP,daum,search_preview,소모임 Tailor철 1학기 활동 보고~ (+회원 모집!),https://cafe.daum.net/hula/2udZ/15370
4332,noise,R01_REVIEWED_NOT_ABOUT_SOMOIM_APP,daum,search_preview,전국 지회지부 활동소식_2026.05.,https://cafe.daum.net/hanamchildbook/Z5Vm/71
4333,noise,R01_REVIEWED_NOT_ABOUT_SOMOIM_APP,daum,search_preview,친절 소모임 2019.05.26일 활동 입니다.,https://cafe.daum.net/SoulLoveCommunity/Vk8t/21
4334,noise,R01_REVIEWED_NOT_ABOUT_SOMOIM_APP,daum,search_preview,Re:7월 학부모 소모임 (목공 활동 사진),https://cafe.daum.net/sunkid95/Bwb3/168
4335,noise,R01_REVIEWED_NOT_ABOUT_SOMOIM_APP,daum,search_preview,고려대학교 식품공학부 봉사 활동 소모임 KUFR,https://cafe.daum.net/kufoodscience/2b9p/3127
4336,noise,R01_REVIEWED_NOT_ABOUT_SOMOIM_APP,daum,search_preview,[사회] 2026 그림모임 찾기 -1,https://cafe.daum.net/peacehistory/o93n/91
4337,noise,R01_REVIEWED_NOT_ABOUT_SOMOIM_APP,daum,search_preview,소모임 미리내 봉사 활동 갑니다.,https://cafe.daum.net/lovesong/2zNV/70
4338,noise,R01_REVIEWED_NOT_ABOUT_SOMOIM_APP,daum,search_preview,홈지기님들 소모임 에서도 활동 을~~,https://cafe.daum.net/hpsmdll/5nbl/288
4339,noise,R01_REVIEWED_NOT_ABOUT_SOMOIM_APP,daum,search_preview,소나기 2012년 봄 개편안( 활동 점수/ 소모임 /초급테스트),https://cafe.daum.net/sonaguitar/gJD6/1269
4340,noise,R01_REVIEWED_NOT_ABOUT_SOMOIM_APP,daum,search_preview,각 지역 활동 중인 소모임 인원파악.,https://cafe.daum.net/58dogmarathonclub/3Q1B/22851
4341,noise,R01_REVIEWED_NOT_ABOUT_SOMOIM_APP,daum,search_preview,Re: 소모임 '부싯돌의 소설게시판 활동 에 관하여!,https://cafe.daum.net/write/6SO/2998
4342,noise,R01_REVIEWED_NOT_ABOUT_SOMOIM_APP,daum,search_preview,미술 소모임 Artisophy 1학기 활동 보고 (+회원모집!),https://cafe.daum.net/hula/2udZ/15371
4343,noise,R01_REVIEWED_NOT_ABOUT_SOMOIM_APP,daum,search_preview,""" 소모임 네가티브"" 활동 부진으로 인한 강제탈퇴자",https://cafe.daum.net/cosmos/r2/22591
4344,noise,R01_REVIEWED_NOT_ABOUT_SOMOIM_APP,daum,search_preview,소모임 활동 많이 해주세요 -_-...,https://cafe.daum.net/SRW/3Cc/14657
4345,noise,R01_REVIEWED_NOT_ABOUT_SOMOIM_APP,daum,search_preview,전국 지회지부 활동소식_2026. 04.,https://cafe.daum.net/jejubookchild/7JjC/259
4346,noise,R01_REVIEWED_NOT_ABOUT_SOMOIM_APP,daum,search_preview,7.8월 소모임 활동,https://cafe.daum.net/bedellibrary/JnzB/115
4347,noise,R01_REVIEWED_NOT_ABOUT_SOMOIM_APP,daum,search_preview,전국 지회지부 활동소식_2026. 04.,https://cafe.daum.net/incheondongwha/HONC/774
4348,noise,R01_REVIEWED_NOT_ABOUT_SOMOIM_APP,daum,search_preview,돌봄노동을 돌보다_권역별 소모임 활동,https://cafe.daum.net/yoyang1220/sPPs/11
4349,noise,R01_REVIEWED_NOT_ABOUT_SOMOIM_APP,daum,search_preview,전국 지회지부 활동소식_2026. 04.,https://cafe.daum.net/KBchildbook/6ooc/97
4350,noise,R01_REVIEWED_NOT_ABOUT_SOMOIM_APP,daum,search_preview,소모임 의 활동 내용과 지원자격이 궁금해요..(하루 한 개이상 궁금한 궁금병;;;),https://cafe.daum.net/qaf/Gc9U/1621
4351,noise,R01_REVIEWED_NOT_ABOUT_SOMOIM_APP,daum,search_preview,소모임 '부싯돌의 소설게시판 활동 에 관하여!,https://cafe.daum.net/write/6SO/2997
4352,noise,R01_REVIEWED_NOT_ABOUT_SOMOIM_APP,daum,search_preview,소모임 활동 이 없는대신 소모임 에 게시판 개설 했습니다.,https://cafe.daum.net/doogydogRPG/16T0/1691
4353,noise,R01_REVIEWED_NOT_ABOUT_SOMOIM_APP,daum,search_preview,전국 지회지부 활동소식_2026. 04.,https://cafe.daum.net/daegudh/mB5/159
4354,noise,R01_REVIEWED_NOT_ABOUT_SOMOIM_APP,daum,search_preview,소모임 활동 제안서 올려드려요,https://cafe.daum.net/youthdongari/9e1n/33
4355,noise,R01_REVIEWED_NOT_ABOUT_SOMOIM_APP,daum,search_preview,Re: 소모임 어떤 활동 하는건가요?(내용 無),https://cafe.daum.net/rambo/3ky/8318
4356,noise,R01_REVIEWED_NOT_ABOUT_SOMOIM_APP,daum,search_preview,부모 소모임 활동 (꽃꽂이),https://cafe.daum.net/ulsan-openbouk/YAkl/1792
4357,noise,R01_REVIEWED_NOT_ABOUT_SOMOIM_APP,daum,search_preview,인천에서도 소모임 에 활동 을 적극적으로 햇으면 합니다.,https://cafe.daum.net/ihave2jobs/C3y5/2219
4358,noise,R01_REVIEWED_NOT_ABOUT_SOMOIM_APP,daum,search_preview,(26년 전국동기모임 서울대회 결산),https://cafe.daum.net/andonghigh28/DjTZ/27
4359,noise,R01_REVIEWED_NOT_ABOUT_SOMOIM_APP,daum,search_preview,GLH 깔라흐.. 소모임 섹션에서 활동 하기로 했습니다.,https://cafe.daum.net/ccf/5n3/6450
4360,noise,R01_REVIEWED_NOT_ABOUT_SOMOIM_APP,daum,search_preview,안녕하세요 소모임 에 활동 중지회원으로 나오네요,https://cafe.daum.net/groomer/5zgz/229
4361,noise,R01_REVIEWED_NOT_ABOUT_SOMOIM_APP,daum,search_preview,빵 만들 결심,https://cafe.daum.net/ncvisiting/Wt3S/540
4362,noise,R01_REVIEWED_NOT_ABOUT_SOMOIM_APP,daum,search_preview,ㅋ 아.. 이거 올려야 되나 ㅋㅋ 카페 '옛' 소모임 활동 시절 (2),https://cafe.daum.net/eastvirginia/CrT/8
4363,noise,R01_REVIEWED_NOT_ABOUT_SOMOIM_APP,daum,search_preview,문함대원분들께 알립니다...2.10 지역장회의 안건 제안 : 사회적 기업 활동 지원 소모임 게시판 만들기,https://cafe.daum.net/kookhmoon/HZds/57755
4364,noise,R01_REVIEWED_NOT_ABOUT_SOMOIM_APP,daum,search_preview,"줌, 독서모임 매주 월욜 20:30~ 안내",https://cafe.daum.net/sangullsa/X41g/1153
4365,noise,R01_REVIEWED_NOT_ABOUT_SOMOIM_APP,daum,search_preview,서구지회 12월 활동보고,https://cafe.daum.net/incheondongwha/R69y/1207
4366,noise,R01_REVIEWED_NOT_ABOUT_SOMOIM_APP,daum,search_preview,치평초 분회 참실 발표 및 소모임 활동 신청서,https://cafe.daum.net/gjedu2000/GWz3/77
4367,noise,R01_REVIEWED_NOT_ABOUT_SOMOIM_APP,daum,search_preview,밀리터리 소모임 활동 이 너무 적다-_-,https://cafe.daum.net/POWERZINE/540b/1494
4368,noise,R01_REVIEWED_NOT_ABOUT_SOMOIM_APP,daum,search_preview,Re: 소모임 활동 .번개는 최대한 지원합니다.,https://cafe.daum.net/hellolatin/AxX/3593
4369,noise,R01_REVIEWED_NOT_ABOUT_SOMOIM_APP,daum,search_preview,포켓 소모임 첫 야외 활동 !!(4월 20일 일요일),https://cafe.daum.net/kcsonlyone/8xYh/1612
4370,noise,R01_REVIEWED_NOT_ABOUT_SOMOIM_APP,daum,search_preview,2024 소흘도서관 고학년 소모임 활동 일지_1차,https://cafe.daum.net/chioce88/SFUC/173
4371,noise,R01_REVIEWED_NOT_ABOUT_SOMOIM_APP,daum,search_preview,J.O.A 소모임 신청,https://cafe.daum.net/joyofboarding/LvlM/19
4372,noise,R01_REVIEWED_NOT_ABOUT_SOMOIM_APP,daum,search_preview,전국 지회지부 활동소식_2026. 04.,https://cafe.daum.net/ehdghkahdla/Rret/641
4373,noise,R01_REVIEWED_NOT_ABOUT_SOMOIM_APP,daum,search_preview,전국 지회지부 활동소식_2026. 04.,https://cafe.daum.net/dongmuya23/9u3r/306
4374,noise,R01_REVIEWED_NOT_ABOUT_SOMOIM_APP,daum,search_preview,전국 지회지부 활동소식_2026. 04.,https://cafe.daum.net/child2013spring/VV6N/443
4375,noise,R01_REVIEWED_NOT_ABOUT_SOMOIM_APP,daum,search_preview,"학부모 소모임 활동 "" 라끄메르 만들기""",https://cafe.daum.net/ulsan-openbouk/YAkl/8578
4376,noise,R01_REVIEWED_NOT_ABOUT_SOMOIM_APP,daum,search_preview,근데 소모임 활동 하긴 하나?,https://cafe.daum.net/doogydogRPG/16T0/12307
4377,noise,R01_REVIEWED_NOT_ABOUT_SOMOIM_APP,daum,search_preview,[찍사모] 사진 소모임 갱신신청합니다.,https://cafe.daum.net/joyofboarding/I5Js/74
4378,noise,R01_REVIEWED_NOT_ABOUT_SOMOIM_APP,daum,search_preview,Re:어자피 요새 소모임 활동 안하고 있다 -_-;,https://cafe.daum.net/seonha/2S81/2784
4379,noise,R01_REVIEWED_NOT_ABOUT_SOMOIM_APP,daum,search_preview,"한국사 소모임 동아리 활동 , 어린이 공감독서 모집합니다.",https://cafe.daum.net/ppdudwl/LviL/55313
4380,noise,R01_REVIEWED_NOT_ABOUT_SOMOIM_APP,daum,search_preview,<< 소모임 미리내 3월 활동 알림>>,https://cafe.daum.net/lovesong/2zNZ/3238
4381,noise,R01_REVIEWED_NOT_ABOUT_SOMOIM_APP,daum,search_preview,소모임 번개 게시판 활용 및 활동 점수 관련...... ^^,https://cafe.daum.net/joyofboarding/HQoR/697
4382,noise,R01_REVIEWED_NOT_ABOUT_SOMOIM_APP,daum,search_preview,소모임 별 활동 일정표 및 연락처,https://cafe.daum.net/kes1970/8LqS/271
4383,noise,R01_REVIEWED_NOT_ABOUT_SOMOIM_APP,daum,search_preview,취미나 활동 관련 소모임 에 가입하여 규칙적으로 참여합니다.,https://cafe.daum.net/ktcktcktc/kcy9/11
4384,noise,R01_REVIEWED_NOT_ABOUT_SOMOIM_APP,daum,search_preview,해외 활동 소모임 의 방향성에 대한 몇가지 의견.,https://cafe.daum.net/cswcamp/1vIA/3
4385,noise,R01_REVIEWED_NOT_ABOUT_SOMOIM_APP,daum,search_preview,각 분과 활동 이나 소모임 등 더 활발하게~~,https://cafe.daum.net/kijaacademy/YUr/2139
4386,noise,R01_REVIEWED_NOT_ABOUT_SOMOIM_APP,daum,search_preview,SNS 소모임 첫 모임 활동 보고,https://cafe.daum.net/1318pub/S4LP/1
4387,noise,R01_REVIEWED_NOT_ABOUT_SOMOIM_APP,daum,search_preview,6월2일 임원회의~조수사,https://cafe.daum.net/happychangduk26/dh3C/39
4388,noise,R01_REVIEWED_NOT_ABOUT_SOMOIM_APP,daum,search_preview,2024 03월 청.바.지 활동 - 자유로운 랜덤 소모임 !!,https://cafe.daum.net/mdawin/b9Yi/4
4389,noise,R01_REVIEWED_NOT_ABOUT_SOMOIM_APP,daum,search_preview,"하남시민에너지협동조합,*홍보연대위원회*8월 정기 회의 안내",https://cafe.daum.net/sangullsa/X41g/1152
4390,noise,R01_REVIEWED_NOT_ABOUT_SOMOIM_APP,daum,search_preview,2011-2-0905 댄스스포츠 소모임 춤바람 활동 보고서,https://cafe.daum.net/youthdongari/9e1a/68
4391,noise,R01_REVIEWED_NOT_ABOUT_SOMOIM_APP,daum,search_preview,11월 서구지회 활동 보고,https://cafe.daum.net/incheondongwha/R69y/1202
4392,noise,R01_REVIEWED_NOT_ABOUT_SOMOIM_APP,daum,search_preview,소모임 활동 없는회원...,https://cafe.daum.net/Underdragrace/G57v/522
4393,noise,R01_REVIEWED_NOT_ABOUT_SOMOIM_APP,daum,search_preview,"이상하삼~태지카페에 사람도 많은데..왜 저기 "" 소모임 ""은 활동 을 안하시는지..",https://cafe.daum.net/seo/2Qi/34616
4394,noise,R01_REVIEWED_NOT_ABOUT_SOMOIM_APP,daum,search_preview,Re:북한에서의 활동 - 소모임 문의/답글,https://cafe.daum.net/BaekSeok/9qAO/22
4395,noise,R01_REVIEWED_NOT_ABOUT_SOMOIM_APP,daum,search_preview,"문예창작과 전 학생, 소모임 으로 분반하여 활동 !!",https://cafe.daum.net/moon2657/9zQZ/86
4396,noise,R01_REVIEWED_NOT_ABOUT_SOMOIM_APP,daum,search_preview,소모임 봉사활동 운영진 선출건,https://cafe.daum.net/DJGIK/2SPn/1025
4397,noise,R01_REVIEWED_NOT_ABOUT_SOMOIM_APP,daum,search_preview,봉사 활동 소모임 !,https://cafe.daum.net/EnglishForU/B6Jp/1474
4398,noise,R01_REVIEWED_NOT_ABOUT_SOMOIM_APP,daum,search_preview,북한에서의 활동 - 소모임 문의/답글,https://cafe.daum.net/BaekSeok/9qAO/20
4399,noise,R01_REVIEWED_NOT_ABOUT_SOMOIM_APP,daum,search_preview,소모임 운영자 신규선정 및 활동 방향,https://cafe.daum.net/ysschung/3p8f/135
4400,noise,R01_REVIEWED_NOT_ABOUT_SOMOIM_APP,daum,search_preview,하... 이 인간들이 진짜 까페 소모임 만 활동 하니까,https://cafe.daum.net/CRD/9Xwo/1583
4401,noise,R01_REVIEWED_NOT_ABOUT_SOMOIM_APP,daum,search_preview,소모임 회원모집,https://cafe.daum.net/daegu59/2vGS/302
4402,noise,R01_REVIEWED_NOT_ABOUT_SOMOIM_APP,daum,search_preview,활동 보고( 소모임 ),https://cafe.daum.net/dhcdhc/5fJH/18
4403,noise,R01_REVIEWED_NOT_ABOUT_SOMOIM_APP,daum,search_preview,봉사 활동 소모임 폐쇄 합니다..,https://cafe.daum.net/inlinekangbook/7Ch/49641
4404,noise,R01_REVIEWED_NOT_ABOUT_SOMOIM_APP,daum,search_preview,[그림책 소모임 ]세 강도,https://cafe.daum.net/comeforabook/fFj3/37
4405,noise,R01_REVIEWED_NOT_ABOUT_SOMOIM_APP,daum,search_preview,수요 벙개라이딩(수정라) 미니벨로 운영 안내,https://cafe.daum.net/Ijs540929/WVbM/80
4406,noise,R01_REVIEWED_NOT_ABOUT_SOMOIM_APP,daum,search_preview,카페 운영 규칙 Ver. 2026.01.01,https://cafe.daum.net/cd7777/jUiW/12
4407,noise,R01_REVIEWED_NOT_ABOUT_SOMOIM_APP,daum,search_preview,충청/대전 소모임 운영 안내,https://cafe.daum.net/yogicflying/TKUZ/9418
4408,noise,R01_REVIEWED_NOT_ABOUT_SOMOIM_APP,daum,search_preview,Re: 소모임 운영 件,https://cafe.daum.net/enjoyinline/4Gu7/435
4409,noise,R01_REVIEWED_NOT_ABOUT_SOMOIM_APP,daum,search_preview,새로운 소모임 운영 에 관하여 설명드립니다.,https://cafe.daum.net/gloriousdays/ae7Y/85
4410,noise,R01_REVIEWED_NOT_ABOUT_SOMOIM_APP,daum,search_preview,[제안] 소모임 운영 방안,https://cafe.daum.net/stamp/3knG/14
4411,noise,R01_REVIEWED_NOT_ABOUT_SOMOIM_APP,daum,search_preview,소모임 운영 안내.,https://cafe.daum.net/chejuinlineclub/5vGl/1712
4412,noise,R01_REVIEWED_NOT_ABOUT_SOMOIM_APP,daum,search_preview,볼링 소모임 운영 개편안 설문 조사,https://cafe.daum.net/hairshop/619F/137
4413,noise,R01_REVIEWED_NOT_ABOUT_SOMOIM_APP,daum,search_preview,[ 소모임 운영 원칙 ],https://cafe.daum.net/joyofboarding/Htre/12
4414,noise,R01_REVIEWED_NOT_ABOUT_SOMOIM_APP,daum,search_preview,소모임 운영 방법 및 들어가기,https://cafe.daum.net/sapt/KTdc/49
4415,noise,R01_REVIEWED_NOT_ABOUT_SOMOIM_APP,daum,search_preview,소모임 운영 에 관해,https://cafe.daum.net/wonju/24EN/1850
4416,noise,R01_REVIEWED_NOT_ABOUT_SOMOIM_APP,daum,search_preview,Re: 소모임 운영 에 관해,https://cafe.daum.net/wonju/24EN/1851
4417,noise,R01_REVIEWED_NOT_ABOUT_SOMOIM_APP,daum,search_preview,소모임 운영 에 관하여...,https://cafe.daum.net/bumi65/ADmJ/1235
4418,noise,R01_REVIEWED_NOT_ABOUT_SOMOIM_APP,daum,search_preview,카페 소모임 운영,https://cafe.daum.net/daeak/7Lno/303
4419,noise,R01_REVIEWED_NOT_ABOUT_SOMOIM_APP,daum,search_preview,08년 볼링 소모임 운영 안,https://cafe.daum.net/insmo2/QzK/301
4420,noise,R01_REVIEWED_NOT_ABOUT_SOMOIM_APP,daum,search_preview,백험..사고치겠습니다..서울경기 소모임 운영 ~~두둥~~,https://cafe.daum.net/chipcar/5EKB/5483
4421,noise,R01_REVIEWED_NOT_ABOUT_SOMOIM_APP,daum,search_preview,Re: 소모임 운영 관련,https://cafe.daum.net/edu4i/Jrz/74
4422,noise,R01_REVIEWED_NOT_ABOUT_SOMOIM_APP,daum,search_preview,전국 지회지부 활동소식_2026.07.,https://cafe.daum.net/jejubookchild/7JjC/261
4423,noise,R01_REVIEWED_NOT_ABOUT_SOMOIM_APP,daum,search_preview,전국 지회지부 활동소식_2026.07.,https://cafe.daum.net/incheondongwha/HONC/778
4424,noise,R01_REVIEWED_NOT_ABOUT_SOMOIM_APP,daum,search_preview,전국 지회지부 활동소식_2026. 07.,https://cafe.daum.net/KBchildbook/6ooc/100
4425,noise,R01_REVIEWED_NOT_ABOUT_SOMOIM_APP,daum,search_preview,중구 1인가구 위한‘설맞이 특별 프로그램’ 운영,https://cafe.daum.net/junggunet/V6Ui/243
4426,noise,R01_REVIEWED_NOT_ABOUT_SOMOIM_APP,daum,search_preview,소모임 신청 받습니다.,https://cafe.daum.net/lovebmw/3Dhs/19917
4427,noise,R01_REVIEWED_NOT_ABOUT_SOMOIM_APP,daum,search_preview,소모임 운영 에 관한 안내 -> 승인후 가입형,https://cafe.daum.net/njhstudy/546j/13
4428,noise,R01_REVIEWED_NOT_ABOUT_SOMOIM_APP,daum,search_preview,전국 지회지부 활동소식_2026.07.,https://cafe.daum.net/daegudh/mB5/170
4429,noise,R01_REVIEWED_NOT_ABOUT_SOMOIM_APP,daum,search_preview,새로운 시샵선출 및 오비모임( 소모임 ) 운영 에 대하여....^^,https://cafe.daum.net/antidaumnet/KLQ/104
4430,noise,R01_REVIEWED_NOT_ABOUT_SOMOIM_APP,daum,search_preview,소모임 운영 에 대한..궁금증...,https://cafe.daum.net/andregagnon/YRj/676
4431,noise,R01_REVIEWED_NOT_ABOUT_SOMOIM_APP,daum,search_preview,그랑크뤼 소모임 운영 계획 및 가입 방법,https://cafe.daum.net/drinkingwine/DXzA/1
4432,noise,R01_REVIEWED_NOT_ABOUT_SOMOIM_APP,daum,search_preview,Re: 혼란을 드려 죄송합니다. 소모임 운영 되지 않습니다.,https://cafe.daum.net/herbsoap/CzJx/8412
4433,noise,R01_REVIEWED_NOT_ABOUT_SOMOIM_APP,daum,search_preview,"남아있는 소모임 의 소모임 지기들은, 계속 소모임 운영 하신다는 이멜 보내주세요",https://cafe.daum.net/990701/EAOA/1748
4434,noise,R01_REVIEWED_NOT_ABOUT_SOMOIM_APP,daum,search_preview,전국 지회지부 활동소식_2026. 07.,https://cafe.daum.net/ehdghkahdla/Rret/647
4435,noise,R01_REVIEWED_NOT_ABOUT_SOMOIM_APP,daum,search_preview,전국 지회지부 활동소식_2026.07.,https://cafe.daum.net/child2013spring/VV6N/463
4436,noise,R01_REVIEWED_NOT_ABOUT_SOMOIM_APP,daum,search_preview,소모임 운영 에 대해서..,https://cafe.daum.net/withJava/GYE/135
4437,noise,R01_REVIEWED_NOT_ABOUT_SOMOIM_APP,daum,search_preview,소모임 운영 에 관한 내용입니다.,https://cafe.daum.net/DMskilove/4evS/1098
4438,noise,R01_REVIEWED_NOT_ABOUT_SOMOIM_APP,daum,search_preview,R50~R53 오너를 위한 소모임 운영 중입니다.,https://cafe.daum.net/minikorea/1Qir/6535
4439,noise,R01_REVIEWED_NOT_ABOUT_SOMOIM_APP,daum,search_preview,지기님 소모임 운영 되긴 하나요?? 가입승인이 계속 안되네요,https://cafe.daum.net/ilovedoumi/1UXv/10192
4440,noise,R01_REVIEWED_NOT_ABOUT_SOMOIM_APP,daum,search_preview,소모임 운영 에 대해 의견을 받습니다~,https://cafe.daum.net/nazinsdap/AQQi/1
4441,noise,R01_REVIEWED_NOT_ABOUT_SOMOIM_APP,daum,search_preview,소모임 운영,https://cafe.daum.net/kichnkorea/69kW/758
4442,noise,R01_REVIEWED_NOT_ABOUT_SOMOIM_APP,daum,search_preview,소모임 운영 자건.,https://cafe.daum.net/devilnevercry/1VT5/23
4443,noise,R01_REVIEWED_NOT_ABOUT_SOMOIM_APP,daum,search_preview,데일리 와인 찾기 소모임 운영 계획 및 가입 방법,https://cafe.daum.net/drinkingwine/DXy8/1
4444,noise,R01_REVIEWED_NOT_ABOUT_SOMOIM_APP,daum,search_preview,소모임 운영 에 도움이 필요해요~!!,https://cafe.daum.net/argentina/2G1/14639
4445,noise,R01_REVIEWED_NOT_ABOUT_SOMOIM_APP,daum,search_preview,전체 회원님께 - 소모임 운영 관련.,https://cafe.daum.net/montblank/Cloy/93
4446,noise,R01_REVIEWED_NOT_ABOUT_SOMOIM_APP,daum,search_preview,부산/경상지역 소모임 운영 임원진이 되신분들 필독....,https://cafe.daum.net/pal9pal9/IUCO/3452
4447,noise,R01_REVIEWED_NOT_ABOUT_SOMOIM_APP,daum,search_preview,★수원볼링회 운영 규칙(필독)★,https://cafe.daum.net/4050cafe/Ov1H/2293
4448,noise,R01_REVIEWED_NOT_ABOUT_SOMOIM_APP,daum,search_preview,소모임 방 운영방법 개편 및 운영자 추천,https://cafe.daum.net/herbsoap/CzJx/7563
4449,noise,R01_REVIEWED_NOT_ABOUT_SOMOIM_APP,daum,search_preview,소모임 방 운영 에 관하여 한 말씀 드립니다.,https://cafe.daum.net/gardenmakimg/JaU/33291
4450,noise,R01_REVIEWED_NOT_ABOUT_SOMOIM_APP,daum,search_preview,소모임 방 운영 지침서(초안)... 살펴보시고 조언 부탁드립니다.,https://cafe.daum.net/50open/1wJ/3209
4451,noise,R01_REVIEWED_NOT_ABOUT_SOMOIM_APP,daum,search_preview,소모임 운영 할수 있는 분 모집 합니다...,https://cafe.daum.net/nalsinhaga/HNSh/92
4452,noise,R01_REVIEWED_NOT_ABOUT_SOMOIM_APP,daum,search_preview,2003년 3월/9월 입학자 소모임 운영 안내,https://cafe.daum.net/freenanjing/EIXW/7
4453,noise,R01_REVIEWED_NOT_ABOUT_SOMOIM_APP,daum,search_preview,소모임 운영 하실분...손들어봐여☞,https://cafe.daum.net/jumannam/jgR/76
4454,noise,R01_REVIEWED_NOT_ABOUT_SOMOIM_APP,daum,search_preview,와인 소모임 운영 하고 계신가요?,https://cafe.daum.net/KHCUHOTEL/19p2/40
4455,noise,R01_REVIEWED_NOT_ABOUT_SOMOIM_APP,daum,search_preview,전화로 회원님들끼리 일본어로 말하자~( 소모임 운영 합니다),https://cafe.daum.net/japanfriend/2wwR/151
4456,noise,R01_REVIEWED_NOT_ABOUT_SOMOIM_APP,daum,search_preview,Re: 소모임 운영 을 하실회원은 신청을 요함,https://cafe.daum.net/oioceh/GWTx/154
4457,noise,R01_REVIEWED_NOT_ABOUT_SOMOIM_APP,daum,search_preview,현재 운영 되는 소모임 소개~,https://cafe.daum.net/busantongli/4ieb/4532
4458,noise,R01_REVIEWED_NOT_ABOUT_SOMOIM_APP,daum,search_preview,계양지회 7월 활동보고,https://cafe.daum.net/incheondongwha/R69y/1242
4459,noise,R01_REVIEWED_NOT_ABOUT_SOMOIM_APP,daum,search_preview,새벽골프모임 소모임 의 운영 변경에 대한 안내말씀.,https://cafe.daum.net/easygolf/Jih/2807
4460,noise,R01_REVIEWED_NOT_ABOUT_SOMOIM_APP,daum,search_preview,회원관리에 관한【 소모임 】 운영 에 관하여...,https://cafe.daum.net/realdachlove/BA4i/369
4461,noise,R01_REVIEWED_NOT_ABOUT_SOMOIM_APP,daum,search_preview,광명 더케이볼링장 회원모집,https://cafe.daum.net/bowlingevent/LGp7/1374
4462,noise,R01_REVIEWED_NOT_ABOUT_SOMOIM_APP,daum,search_preview,지역별 소모임 방 운영 에 대하여 의견을 여쭙습니다.,https://cafe.daum.net/weldskill/3dQ/21
4463,noise,R01_REVIEWED_NOT_ABOUT_SOMOIM_APP,daum,search_preview,"운영자님, 소모임 운영 에 대해 요청할게 있습니다.-_-;;;",https://cafe.daum.net/POWERZINE/540b/1318
4464,noise,R01_REVIEWED_NOT_ABOUT_SOMOIM_APP,daum,search_preview,소모임 과 카페 운영 에 관심을 부탁드립니다.,https://cafe.daum.net/becanadian/3RBN/740
4465,noise,R01_REVIEWED_NOT_ABOUT_SOMOIM_APP,daum,search_preview,인라인 소모임 개설 운영 되고 있습니다..,https://cafe.daum.net/dddase/7iX/13172
4466,noise,R01_REVIEWED_NOT_ABOUT_SOMOIM_APP,daum,search_preview,낼 벙개때.. 소모임 운영 ...에 대하여....토론도 있습니다...,https://cafe.daum.net/ToTiTu/4PeR/2309
4467,noise,R01_REVIEWED_NOT_ABOUT_SOMOIM_APP,daum,search_preview,소모임 은 운영 되고 있는건가요?,https://cafe.daum.net/ilovedoumi/F5Tb/7859
4468,noise,R01_REVIEWED_NOT_ABOUT_SOMOIM_APP,daum,search_preview,Re:서울경기 소모임 운영 ?,https://cafe.daum.net/kdae88/2zuN/19
4469,noise,R01_REVIEWED_NOT_ABOUT_SOMOIM_APP,daum,search_preview,[안내] 명가재건 소모임 개설을위한 운영 인원모집,https://cafe.daum.net/XGDRIVER/I3BN/19958
4470,noise,R01_REVIEWED_NOT_ABOUT_SOMOIM_APP,daum,search_preview,봉사 소모임 향후 운영 계획입니다..,https://cafe.daum.net/hairshop/5bLs/235
4471,noise,R01_REVIEWED_NOT_ABOUT_SOMOIM_APP,daum,search_preview,소모임 접수 및 발기안내,https://cafe.daum.net/joyofboarding/I5Js/77
4472,noise,R01_REVIEWED_NOT_ABOUT_SOMOIM_APP,daum,search_preview,대여퍼즐 소모임 방의 운영 을 변경하려 합니다..,https://cafe.daum.net/gamgiyak/2l8W/64
4473,noise,R01_REVIEWED_NOT_ABOUT_SOMOIM_APP,daum,search_preview,소모임 및 게시판 운영,https://cafe.daum.net/park7050/Ij/1728
4474,noise,R01_REVIEWED_NOT_ABOUT_SOMOIM_APP,daum,search_preview,소모임 방 시범 운영 안내,https://cafe.daum.net/lee10520nowonlove/5G28/10103
4475,noise,R01_REVIEWED_NOT_ABOUT_SOMOIM_APP,daum,search_preview,"[세무인신문]인천지방세무사회 최병곤 회장,‘현장 소통’행보 ‘찾아가는 지역세무사회 간담회’대장정 돌입",https://cafe.daum.net/213519/p4fK/851
4476,noise,R01_REVIEWED_NOT_ABOUT_SOMOIM_APP,daum,search_preview,"[조세신문]인천지방세무사회 최병곤 회장,‘현장 소통’ 행보",https://cafe.daum.net/213519/p4fK/850
4477,noise,R01_REVIEWED_NOT_ABOUT_SOMOIM_APP,daum,search_preview,＜부산.김해통기타＞ 지금 운영 되고 있는 소모임 을 조금 오픈하여 함께 즐길려고 합니다.,https://cafe.daum.net/LIVE4U/RX32/1
4478,noise,R01_REVIEWED_NOT_ABOUT_SOMOIM_APP,daum,search_preview,2026. 05. 27. 소모임장 회의록,https://cafe.daum.net/youthdongari/8qhs/289
4479,noise,R01_REVIEWED_NOT_ABOUT_SOMOIM_APP,daum,search_preview,소모임 운영 보통 어떻게 해??? 한번도 해본 적이 없는데 소모임장 됨ㄷ,https://cafe.daum.net/Tlwkftlqkftlldlqkf/919A/8284208
4480,noise,R01_REVIEWED_NOT_ABOUT_SOMOIM_APP,daum,search_preview,"불수도북 소모임 방 운영 에 관하여,,,,,",https://cafe.daum.net/ljhjio/9aJ3/24860
4481,noise,R01_REVIEWED_NOT_ABOUT_SOMOIM_APP,daum,search_preview,현재 운영 되는 소모임 안내,https://cafe.daum.net/busantongli/4ieb/5007
4482,noise,R01_REVIEWED_NOT_ABOUT_SOMOIM_APP,daum,search_preview,현재 운영 되는 소모임 소개,https://cafe.daum.net/busantongli/4ieb/4367
4483,noise,R01_REVIEWED_NOT_ABOUT_SOMOIM_APP,daum,search_preview,소모임 (취미 및 지역)을 운영 할 분을 찾습니다..,https://cafe.daum.net/kigeyoo/Etwy/126
4484,noise,R01_REVIEWED_NOT_ABOUT_SOMOIM_APP,daum,search_preview,귀농인 소모임 학습 동아리 운영 안내,https://cafe.daum.net/dskcc/Txga/11
4485,noise,R01_REVIEWED_NOT_ABOUT_SOMOIM_APP,daum,search_preview,이 코너의 기존 우수/ 유료회원 전용 코너는 소모임 에서 운영 됩니다.,https://cafe.daum.net/2jobs2jobs/MpIc/29
4486,noise,R01_REVIEWED_NOT_ABOUT_SOMOIM_APP,daum,search_preview,14/15 Joy.Of.Velo.(JOV.조브) 소모임 갱신을 요청합니다.,https://cafe.daum.net/joyofboarding/O5fg/9
4487,noise,R01_REVIEWED_NOT_ABOUT_SOMOIM_APP,daum,search_preview,소모임 의 운영 방안에 대한 결정을 2008 총회 안건 제안합니다.,https://cafe.daum.net/VIRUS/2F2H/5049
4488,noise,R01_REVIEWED_NOT_ABOUT_SOMOIM_APP,daum,search_preview,음악듣기 소모임 을 운영 하려고 합니다.,https://cafe.daum.net/moory/Smj/1909
4489,noise,R01_REVIEWED_NOT_ABOUT_SOMOIM_APP,daum,search_preview,제주지회 운영 소모임 을 개설했습티다.,https://cafe.daum.net/redjeju/9DK/73
4490,noise,R01_REVIEWED_NOT_ABOUT_SOMOIM_APP,daum,search_preview,소모임 갱신 - 찍사모,https://cafe.daum.net/joyofboarding/HtXJ/57
4491,noise,R01_REVIEWED_NOT_ABOUT_SOMOIM_APP,daum,search_preview,소모임 운영 은 계속하되...,https://cafe.daum.net/chobomodel/8ElS/2243
4492,noise,R01_REVIEWED_NOT_ABOUT_SOMOIM_APP,daum,search_preview,"불.수.도.북. 소모임 방 개설 운영 에 관하여,,,,,",https://cafe.daum.net/ljhjio/9aJ3/24791
4493,noise,R01_REVIEWED_NOT_ABOUT_SOMOIM_APP,daum,search_preview,20260604강사모임일지,https://cafe.daum.net/incheondongwha/OZNL/270
4494,noise,R01_REVIEWED_NOT_ABOUT_SOMOIM_APP,daum,search_preview,제가 사이트1차계획으로 나이트세이버에서 건담 소모임 운영 할려구하는데 관심잇으신분 2분만 리플달아주십쇼(선착순2명),https://cafe.daum.net/SRW/3Cc/7576
4495,noise,R01_REVIEWED_NOT_ABOUT_SOMOIM_APP,daum,search_preview,학급 운영 소모임 을 만들었습니다,https://cafe.daum.net/no0301/6FHG/691
4496,noise,R01_REVIEWED_NOT_ABOUT_SOMOIM_APP,daum,search_preview,경기낚시팀 소모임 방 운영 합니다,https://cafe.daum.net/inchonfishing/32la/6063
4497,noise,R01_REVIEWED_NOT_ABOUT_SOMOIM_APP,daum,search_preview,소모임 에대한 카페의 운영 방침...,https://cafe.daum.net/FSNIGNT/ELIj/3791
4498,noise,R01_REVIEWED_NOT_ABOUT_SOMOIM_APP,daum,search_preview,현재 운영 중인 소모임 안내,https://cafe.daum.net/busantongli/4ieb/5042
4499,noise,R01_REVIEWED_NOT_ABOUT_SOMOIM_APP,daum,search_preview,대여퍼즐 소모임 방에서 운영 되는 카페 소유 퍼즐과 정모 퍼즐에 대해서... - 수정,https://cafe.daum.net/gamgiyak/2l8W/60
4500,noise,R01_REVIEWED_NOT_ABOUT_SOMOIM_APP,daum,search_preview,[ 소모임 ] 4월 30일까지 신청 접수합니다.,https://cafe.daum.net/tklovefood/1LJy/24170
4501,noise,R01_REVIEWED_NOT_ABOUT_SOMOIM_APP,daum,search_preview,소모임 게시판으로 운영 됩니다.,https://cafe.daum.net/park7050/Ik/5971
4502,noise,R01_REVIEWED_NOT_ABOUT_SOMOIM_APP,daum,search_preview,Joy Of FAMily 소모임 신청합니다!,https://cafe.daum.net/joyofboarding/OFX5/1
4503,noise,R01_REVIEWED_NOT_ABOUT_SOMOIM_APP,daum,search_preview,[필독] 소모임 &벙개 게시판으로 변경하여 운영 됩니다.,https://cafe.daum.net/aktnftk/3KRB/49
4504,noise,R01_REVIEWED_NOT_ABOUT_SOMOIM_APP,daum,search_preview,인라인 소모임 을 운영 하게 해주세요.,https://cafe.daum.net/berserk21/4Ox/7861
4505,noise,R01_REVIEWED_NOT_ABOUT_SOMOIM_APP,daum,search_preview,소모임 회원 모집합니다..,https://cafe.daum.net/aulte/75R/7706
4506,noise,R01_REVIEWED_NOT_ABOUT_SOMOIM_APP,daum,search_preview,동문회 연혁_2026년 4월 기준,https://cafe.daum.net/kusa-skk/F0UZ/2
4507,noise,R01_REVIEWED_NOT_ABOUT_SOMOIM_APP,daum,search_preview,아아~~ 소모임 을 발족하려 합니다.,https://cafe.daum.net/ulsantongchin/DM8P/3453
4508,noise,R01_REVIEWED_NOT_ABOUT_SOMOIM_APP,daum,search_preview,소모임 갱신신청 - 1박2일(여행),https://cafe.daum.net/joyofboarding/Htre/230
4509,noise,R01_REVIEWED_NOT_ABOUT_SOMOIM_APP,daum,search_preview,7월 20일 저녁 산책 및 가벼운 운동 소모임,https://cafe.daum.net/ras/9zNj/3472
4510,noise,R01_REVIEWED_NOT_ABOUT_SOMOIM_APP,daum,search_preview,소모임 -옥타브 개설 계획,https://cafe.daum.net/ulsantongchin/DM8P/4038
4511,noise,R01_REVIEWED_NOT_ABOUT_SOMOIM_APP,daum,search_preview,소모임 방의 운영 위원님들께... 같은 글 중복 게재에 관한...,https://cafe.daum.net/50open/1wJ/3432
4512,noise,R01_REVIEWED_NOT_ABOUT_SOMOIM_APP,daum,search_preview,소모임 방 운영,https://cafe.daum.net/loveafa/8meT/10
4513,noise,R01_REVIEWED_NOT_ABOUT_SOMOIM_APP,daum,search_preview,소모임 방 운영,https://cafe.daum.net/mpzzang/3C10/2
4514,noise,R01_REVIEWED_NOT_ABOUT_SOMOIM_APP,daum,search_preview,Re: 소모임 시험 운영 !(가입),https://cafe.daum.net/naegok12/46K2/2067
4515,noise,R01_REVIEWED_NOT_ABOUT_SOMOIM_APP,daum,search_preview,Job of sky(패러글라이딩) 소모임 발기 접수,https://cafe.daum.net/joyofboarding/LvlM/14
4516,noise,R01_REVIEWED_NOT_ABOUT_SOMOIM_APP,daum,search_preview,2010 J.O.B 소모임 접수!!! [신규 & 갱신],https://cafe.daum.net/joyofboarding/HtXJ/54
4517,noise,R01_REVIEWED_NOT_ABOUT_SOMOIM_APP,daum,search_preview,소모임 신청 : 티거메니아,https://cafe.daum.net/joyofboarding/HDSh/276
4518,noise,R01_REVIEWED_NOT_ABOUT_SOMOIM_APP,daum,search_preview,[ 소모임 ]야생마님께서 직접 운영 하시는 등산 세상에 가입 바랍니다.,https://cafe.daum.net/lifeagain/JYFG/683
4519,noise,R01_REVIEWED_NOT_ABOUT_SOMOIM_APP,daum,search_preview,소모임 에 우수회원님방 만들었습니다 운영 하는데 여러 이야기를 나누는곳,https://cafe.daum.net/carpaintworld/D3wS/1463
4520,noise,R01_REVIEWED_NOT_ABOUT_SOMOIM_APP,daum,search_preview,"12월 2주,3주짜 운영 현황(정회원명단포함) 소모임 확인하세요^^",https://cafe.daum.net/ilketennis/MjLI/4399
4521,noise,R01_REVIEWED_NOT_ABOUT_SOMOIM_APP,daum,search_preview,"＜귤이모임＞ 제주교사노동조합 소속 조합원, 학교별 소모임 지원 안내",https://cafe.daum.net/jjtu2020/W4pz/13
4522,noise,R01_REVIEWED_NOT_ABOUT_SOMOIM_APP,daum,search_preview,소모임 ...재정과 운영 방 들어가기,https://cafe.daum.net/enjoy6a/644H/90
4523,noise,R01_REVIEWED_NOT_ABOUT_SOMOIM_APP,daum,search_preview,지속적으로 소모임 방 운영,https://cafe.daum.net/kangdongmf/NG6Q/10
4524,noise,R01_REVIEWED_NOT_ABOUT_SOMOIM_APP,daum,search_preview,소모임 갱신-911,https://cafe.daum.net/joyofboarding/HQoT/1633
4525,noise,R01_REVIEWED_NOT_ABOUT_SOMOIM_APP,daum,search_preview,2월정회원명단 및 운영 현황 소모임 확인하세요*^^*,https://cafe.daum.net/ilketennis/MjLI/4501
4526,noise,R01_REVIEWED_NOT_ABOUT_SOMOIM_APP,daum,search_preview,대구 경북 소모임 .. 공부방 운영 을 하고 있지 않으면 가입 불가 인가요?,https://cafe.daum.net/minischool/DKUb/1107
4527,noise,R01_REVIEWED_NOT_ABOUT_SOMOIM_APP,daum,search_preview,"음악 소모임 , Harmonics",https://cafe.daum.net/2632age/32M/188486
4528,noise,R01_REVIEWED_NOT_ABOUT_SOMOIM_APP,daum,search_preview,본 햏 운영 하는 소모임 대문 평가좀 해주시오~,https://cafe.daum.net/team5p/93IB/25248
4529,noise,R01_REVIEWED_NOT_ABOUT_SOMOIM_APP,daum,search_preview,수영 소모임 - 내용추가,https://cafe.daum.net/joyofboarding/7Mqm/20048
4530,noise,R01_REVIEWED_NOT_ABOUT_SOMOIM_APP,daum,search_preview,소모임 38기 졸공 운영 방 가입하셔요~!,https://cafe.daum.net/theswing/BoK5/5944
4531,noise,R01_REVIEWED_NOT_ABOUT_SOMOIM_APP,daum,search_preview,소모임 신청합니다!,https://cafe.daum.net/ulsantongchin/DM8P/7384
4532,noise,R01_REVIEWED_NOT_ABOUT_SOMOIM_APP,daum,search_preview,소모임 동아리방 운영 안내,https://cafe.daum.net/shennong/2d9j/181
4533,noise,R01_REVIEWED_NOT_ABOUT_SOMOIM_APP,daum,search_preview,오토켐핑 소모임 신청합니다.,https://cafe.daum.net/joyofboarding/OFX6/1
4534,noise,R01_REVIEWED_NOT_ABOUT_SOMOIM_APP,daum,search_preview,카페 VIP(특별회원) 동그링 입니다. 소모임 **풍경과사진 소모임 이 다시 태여났어요...! 많은 가입 부탁드립니다. (제가 운영 하기로 했어요..!!),https://cafe.daum.net/486girlboy/AnVb/6262
4535,noise,R01_REVIEWED_NOT_ABOUT_SOMOIM_APP,daum,search_preview,[대전영성학교 3월 소모임 후기] 전심의 성령내주기도훈련은 주마가편 !,https://cafe.daum.net/s.shool/WkJK/914
4536,noise,R01_REVIEWED_NOT_ABOUT_SOMOIM_APP,daum,search_preview,13/14 J.O.A (쪼아) 소모임 갱신 신청합니다.,https://cafe.daum.net/joyofboarding/NxVs/9
4537,noise,R01_REVIEWED_NOT_ABOUT_SOMOIM_APP,daum,search_preview,봉사 소모임 =해맑은마음터 를 운영 해주실 분을 찾습니다~,https://cafe.daum.net/gimpolove/IFLf/238
4538,noise,R01_REVIEWED_NOT_ABOUT_SOMOIM_APP,daum,search_preview,중앙회 임원(회장단 및 운영 위원)께서는 소모임 중앙회 임원실에 가입 하여 주시기 바랍니다.,https://cafe.daum.net/Humanbones/4Hxp/17348
4539,noise,R01_REVIEWED_NOT_ABOUT_SOMOIM_APP,daum,search_preview,2026. 04. 27. 소모임장 회의록,https://cafe.daum.net/youthdongari/8qhs/286
4540,noise,R01_REVIEWED_NOT_ABOUT_SOMOIM_APP,daum,search_preview,"소모임 , 선녀와 나뭇꾼 운영 안하시나요?",https://cafe.daum.net/myrefarm/7up/3840
4541,noise,R01_REVIEWED_NOT_ABOUT_SOMOIM_APP,daum,search_preview,운영 위원님들... 소모임 에 가입하세요...,https://cafe.daum.net/autosoccer/qVq/1516
4542,noise,R01_REVIEWED_NOT_ABOUT_SOMOIM_APP,daum,search_preview,경기방 운영 회칙(신입 및 기존회원님 필독),https://cafe.daum.net/trip7788/NLHb/13136
4543,noise,R01_REVIEWED_NOT_ABOUT_SOMOIM_APP,daum,search_preview,25.2.18 음성 소모임 후기,https://cafe.daum.net/s.shool/WkJK/895
4544,noise,R01_REVIEWED_NOT_ABOUT_SOMOIM_APP,daum,search_preview,소모임 확정 오픈합니다.,https://cafe.daum.net/lovebmw/3Dhs/20729
4545,noise,R01_REVIEWED_NOT_ABOUT_SOMOIM_APP,daum,search_preview,화성볼링회 운영 규칙,https://cafe.daum.net/4050cafe/OvgZ/2096
4546,noise,R01_REVIEWED_NOT_ABOUT_SOMOIM_APP,daum,search_preview,씽크빅 줌님들 소모임 이름 추천 부탁드려요 !!,https://cafe.daum.net/zoomin62/GN37/3419980
4547,noise,R01_REVIEWED_NOT_ABOUT_SOMOIM_APP,daum,search_preview,아랑 소모임 독토 가입 어떻게 하나요? /독서 외 토론 소모임 추천 받아요,https://cafe.daum.net/forjournalists/DY4T/49710
4548,noise,R01_REVIEWED_NOT_ABOUT_SOMOIM_APP,daum,search_preview,🔥 [안산 직장인 취미 추천 ] 지루한 일상을 축제로! '안산 퀸즈 살사'에서 라틴 댄스에 빠져보세요 (살사/바차타 왕초보 환영),https://cafe.daum.net/Queens2020/BXnF/40
4549,noise,R01_REVIEWED_NOT_ABOUT_SOMOIM_APP,daum,search_preview,미권스 회칙제정위원회 해외 소모임 대표 추천 을 부탁드립니다.,https://cafe.daum.net/yogicflying/RnV3/626
4550,noise,R01_REVIEWED_NOT_ABOUT_SOMOIM_APP,daum,search_preview,서구방 소모임 운영진 추천 해주세요~,https://cafe.daum.net/inchonmam/H9Q/643
4551,noise,R01_REVIEWED_NOT_ABOUT_SOMOIM_APP,daum,search_preview,"[13회차 AtopyStar] 6-7월2회차 아토피안 소모임 |주제토크: 추천 /비추천 아토피 치료법&관리법, 스트레스 관리법",https://cafe.daum.net/atopy/OBSl/39
4552,noise,R01_REVIEWED_NOT_ABOUT_SOMOIM_APP,daum,search_preview,청주 소모임 추천 이요^^,https://cafe.daum.net/CBlibro/_know/22
4553,noise,R01_REVIEWED_NOT_ABOUT_SOMOIM_APP,daum,search_preview,여의도 와인 소모임 장소 추천 부탁드립니다.,https://cafe.daum.net/wineSommelier/2YG5/4186
4554,noise,R01_REVIEWED_NOT_ABOUT_SOMOIM_APP,daum,search_preview,혹시 소모임 추천 받을 수 있나요?,https://cafe.daum.net/ilovejbsoccer/Se5U/2242
4555,noise,R01_REVIEWED_NOT_ABOUT_SOMOIM_APP,daum,search_preview,＜양재천카페거리 플라워카페 데이트 소개팅 소모임 한적한 카페 모임장소 추천 ＞,https://cafe.daum.net/tiffanyflower/OBop/71
4556,noise,R01_REVIEWED_NOT_ABOUT_SOMOIM_APP,daum,search_preview,소모임 어플 추천 해주세요!,https://cafe.daum.net/dotax/D8UA/4034705
4557,noise,R01_REVIEWED_NOT_ABOUT_SOMOIM_APP,daum,search_preview,우리끼리 즐겁기위해. 소모임 만들려합니다.,https://cafe.daum.net/hyundaimana/G4xS/7624
4558,noise,R01_REVIEWED_NOT_ABOUT_SOMOIM_APP,daum,search_preview,소모임 방에... 추천 여행지 올려놓았습니다...^^,https://cafe.daum.net/SM5CLUB/2ob/18423
4559,noise,R01_REVIEWED_NOT_ABOUT_SOMOIM_APP,daum,search_preview,새로운 사람 만나고 싶은 오리들아 소모임 어플 추천 해줌,https://cafe.daum.net/weareshower/ZEn5/426523
4560,noise,R01_REVIEWED_NOT_ABOUT_SOMOIM_APP,daum,search_preview,Re: 소모임 (해피님 추천 합니다!!!),https://cafe.daum.net/sokcho/O8/1911
4561,noise,R01_REVIEWED_NOT_ABOUT_SOMOIM_APP,daum,search_preview,페미니즘으로 인해 지친다면 지역 소모임 ㄹㅇ 추천 함,https://cafe.daum.net/ok1221/8lcX/78968619
4562,noise,R01_REVIEWED_NOT_ABOUT_SOMOIM_APP,daum,search_preview,소모임 에 들고 싶은데 궁금한 점과 추천 좀,https://cafe.daum.net/ASMONACOFC/g0oc/234781
4563,noise,R01_REVIEWED_NOT_ABOUT_SOMOIM_APP,daum,search_preview,Re: 소모임 활용을 적극 추천 하오니,https://cafe.daum.net/siminyoo/RpL/7683
4564,noise,R01_REVIEWED_NOT_ABOUT_SOMOIM_APP,daum,search_preview,CB사용 장려를 위한 소모임 (국장님모임)개설건..,https://cafe.daum.net/NEWEF/Cgpd/12200
4565,noise,R01_REVIEWED_NOT_ABOUT_SOMOIM_APP,daum,search_preview,길드 소모임 관련 투표,https://cafe.daum.net/GetamSkin/EZWv/25948
4566,noise,R01_REVIEWED_NOT_ABOUT_SOMOIM_APP,daum,search_preview,강남에 각종 특강 세미나 스터디 소모임 등등 하실만한 모임장소 추천 해요^^,https://cafe.daum.net/specmaster/R0Mr/86
4567,noise,R01_REVIEWED_NOT_ABOUT_SOMOIM_APP,daum,search_preview,산울림카페 '회원'간의 교류를 위해 ' 소모임 방'을 개설 합니다.,https://cafe.daum.net/sanulim1999/7V4N/992
4568,noise,R01_REVIEWED_NOT_ABOUT_SOMOIM_APP,daum,search_preview,각종 특강 세미나 스터디 소모임 등등 하실만한 모임장소 추천 드려요,https://cafe.daum.net/2jobp/WT9A/4627
4569,noise,R01_REVIEWED_NOT_ABOUT_SOMOIM_APP,daum,search_preview,소모임 방의 게시판지기에 [닉네임] 자유시간님을 추천 하였습니다..,https://cafe.daum.net/daerimoim/M0NT/1
4570,noise,R01_REVIEWED_NOT_ABOUT_SOMOIM_APP,daum,search_preview,소모임,https://cafe.daum.net/cswcamp/1toj/277
4571,noise,R01_REVIEWED_NOT_ABOUT_SOMOIM_APP,daum,search_preview,(필독)5월 3일 회의결과 & 소모임 규정(결정된것 아님) 가이드라인 첨부,https://cafe.daum.net/latindance/73b/51354
4572,noise,R01_REVIEWED_NOT_ABOUT_SOMOIM_APP,daum,search_preview,산사진 소모임 발기인 모임 안내,https://cafe.daum.net/ssalpine/1f0/1120
4573,noise,R01_REVIEWED_NOT_ABOUT_SOMOIM_APP,daum,search_preview,서울/인천/경기/강원 지구 소모임 게시판지기를 모집합니다.,https://cafe.daum.net/ksj99/D07X/22542
4574,noise,R01_REVIEWED_NOT_ABOUT_SOMOIM_APP,daum,search_preview,CB사용장려를 위한 소모임 개설건(국장님모임),https://cafe.daum.net/NEWEF/Cgpw/5934
4575,noise,R01_REVIEWED_NOT_ABOUT_SOMOIM_APP,daum,search_preview,CB사용 장려를 위한 소모임 개설건( 국장님모임)..,https://cafe.daum.net/NEWEF/CgtF/6019
4576,noise,R01_REVIEWED_NOT_ABOUT_SOMOIM_APP,daum,search_preview,"[게시판지기 모집] 헌신적이고 활동적인 ""지역별 유공자 소모임 "" 게시판지기를 모집합니다.",https://cafe.daum.net/ksj99/D07X/13303
4577,noise,R01_REVIEWED_NOT_ABOUT_SOMOIM_APP,daum,search_preview,소모임 은 어디있고 어떻게 가입하나요?,https://cafe.daum.net/lovesat/DbIq/556
4578,noise,R01_REVIEWED_NOT_ABOUT_SOMOIM_APP,daum,search_preview,와인도 좋아하고 취미도 좋아하고....( 소모임 만들었습니다),https://cafe.daum.net/wineglasss/BwmV/92
4579,noise,R01_REVIEWED_NOT_ABOUT_SOMOIM_APP,daum,search_preview,소모임 장소 임대해요 ㅡ가격수정,https://cafe.daum.net/jejumam/PgKH/4089
4580,noise,R01_REVIEWED_NOT_ABOUT_SOMOIM_APP,daum,search_preview,담시즌엔 소모임 이나 하나 들어야겠음,https://cafe.daum.net/WorldcupLove/R6/786414
4581,noise,R01_REVIEWED_NOT_ABOUT_SOMOIM_APP,daum,search_preview,우리 카페 소모임 (문화비평)에서 구조조정을 했답니다.,https://cafe.daum.net/forjournalists/DY4T/2211
4582,noise,R01_REVIEWED_NOT_ABOUT_SOMOIM_APP,daum,search_preview,영화 소모임 을 만들려 함다.,https://cafe.daum.net/4446/5gX0/1481
4583,noise,R01_REVIEWED_NOT_ABOUT_SOMOIM_APP,daum,search_preview,소모임 게시판을 활용하세요... (꼭 읽어보세요),https://cafe.daum.net/manila/3jO3/24
4584,noise,R01_REVIEWED_NOT_ABOUT_SOMOIM_APP,daum,search_preview,9차 소모임 후기,https://cafe.daum.net/10in10gj/3N2M/147
4585,noise,R01_REVIEWED_NOT_ABOUT_SOMOIM_APP,daum,search_preview,수원 소모임,https://cafe.daum.net/WorldcupLove/R6/1226407
4586,noise,R01_REVIEWED_NOT_ABOUT_SOMOIM_APP,daum,search_preview,Re: PE 시험 스터디방( 소모임 ) 변경 개설 안내,https://cafe.daum.net/proengr/7tZg/905
4587,noise,R01_REVIEWED_NOT_ABOUT_SOMOIM_APP,daum,search_preview,호남지역 소모임 추가,https://cafe.daum.net/minizclub/1doe/168
4588,noise,R01_REVIEWED_NOT_ABOUT_SOMOIM_APP,daum,search_preview,1:8버기엔진 추천 부탁드립니다. 고수님들 ^^,https://cafe.daum.net/onroad/Dadi/639
4589,noise,R01_REVIEWED_NOT_ABOUT_SOMOIM_APP,daum,search_preview,소모임 을 활성화 합시다!!!!!!!!!!!,https://cafe.daum.net/indukmountain/Imle/20
4590,noise,R01_REVIEWED_NOT_ABOUT_SOMOIM_APP,daum,search_preview,[련、] 소모임 방에 관한 ...,https://cafe.daum.net/humornara/2p2X/2564
4591,noise,R01_REVIEWED_NOT_ABOUT_SOMOIM_APP,daum,search_preview,CNC선반 소모임 이 개설 되었습니다.,https://cafe.daum.net/MCTLOVE/1jHH/91
4592,noise,R01_REVIEWED_NOT_ABOUT_SOMOIM_APP,daum,search_preview,CNC선반 소모임 이 개설 되었습니다.,https://cafe.daum.net/MCTLOVE/1DSe/60
4593,noise,R01_REVIEWED_NOT_ABOUT_SOMOIM_APP,daum,search_preview,강의는 신청하려는데요 소모임 도 있나요?,https://cafe.daum.net/happy-tech/8IFX/27897
4594,noise,R01_REVIEWED_NOT_ABOUT_SOMOIM_APP,daum,search_preview,CNC선반 소모임 이 개설 되었습니다.,https://cafe.daum.net/MCTLOVE/1jDz/94
4595,noise,R01_REVIEWED_NOT_ABOUT_SOMOIM_APP,daum,search_preview,소모임 에 관하여~~,https://cafe.daum.net/501master/DDc1/2
4596,noise,R01_REVIEWED_NOT_ABOUT_SOMOIM_APP,daum,search_preview,CNC선반 소모임 이 개설 되었습니다..,https://cafe.daum.net/MCTLOVE/1Lxs/80
4597,noise,R01_REVIEWED_NOT_ABOUT_SOMOIM_APP,daum,search_preview,CNC선반 소모임 이 개설 되었습니다.,https://cafe.daum.net/MCTLOVE/1jIL/98
4598,noise,R01_REVIEWED_NOT_ABOUT_SOMOIM_APP,daum,search_preview,CNC선반 소모임 이 개설 되었습니다.,https://cafe.daum.net/MCTLOVE/1DST/119
4599,noise,R01_REVIEWED_NOT_ABOUT_SOMOIM_APP,daum,search_preview,CNC선반 소모임 이 개설 되었습니다.,https://cafe.daum.net/MCTLOVE/5mo0/197
4600,noise,R01_REVIEWED_NOT_ABOUT_SOMOIM_APP,daum,search_preview,CNC선반 소모임 이 개설 되었습니다.,https://cafe.daum.net/MCTLOVE/1jDR/95
4601,noise,R01_REVIEWED_NOT_ABOUT_SOMOIM_APP,daum,search_preview,소모임 운영자를 뽑는중입니다,https://cafe.daum.net/inlinewithgusto/D61h/952
4602,noise,R01_REVIEWED_NOT_ABOUT_SOMOIM_APP,daum,search_preview,( 소모임 냉사모) 2차벙개 실시함당~~,https://cafe.daum.net/mylovevisto/2hNX/6462
4603,noise,R01_REVIEWED_NOT_ABOUT_SOMOIM_APP,daum,search_preview,Re: 소모임 을 클릭하시면,https://cafe.daum.net/missyjok/2Mh/27467
4604,noise,R01_REVIEWED_NOT_ABOUT_SOMOIM_APP,daum,search_preview,"[시인조명 신원철 시인] 신작시, 시인의 말 (시와소금 2026년 가을호)",https://cafe.daum.net/poemundertree/7K7c/134
4605,noise,R01_REVIEWED_NOT_ABOUT_SOMOIM_APP,daum,search_preview,======== 추천 부탁글 올리신분들 보세요========,https://cafe.daum.net/actormodelNO1/BHZ/4933
4606,noise,R01_REVIEWED_NOT_ABOUT_SOMOIM_APP,daum,search_preview,동호회 추천 해주세요 ^^,https://cafe.daum.net/jejumam/3FeO/56015
4607,noise,R01_REVIEWED_NOT_ABOUT_SOMOIM_APP,daum,search_preview,화성 송산 한정식 강경자여사님 고희연 칠순 상차림 행사 후기~ / 고희연 상차림 / 수원 근교 가족모임하기 좋은 장속 추천 / 회갑연 상차림 /팔순 상차림 /,https://cafe.daum.net/happytimeevent/KRjp/216
4608,noise,R01_REVIEWED_NOT_ABOUT_SOMOIM_APP,daum,search_preview,센스있다고 칭찬받은 명절 선물 추천 1. 식품 (지극히 주관적인..),https://cafe.daum.net/subdued20club/LxCT/324367
4609,noise,R01_REVIEWED_NOT_ABOUT_SOMOIM_APP,daum,search_preview,어제자로 밴쿠버에 도착했습니다.,https://cafe.daum.net/ourvancouver/1pag/98119
4610,noise,R01_REVIEWED_NOT_ABOUT_SOMOIM_APP,daum,search_preview,Re:운영자 추천,https://cafe.daum.net/iianewtown/63JU/931
4611,noise,R01_REVIEWED_NOT_ABOUT_SOMOIM_APP,daum,search_preview,센스있다고 칭찬받은 명절 선물 추천 1. 식품 (지극히 주관적인..),https://cafe.daum.net/subdued20club/LxCT/317388
4612,noise,R01_REVIEWED_NOT_ABOUT_SOMOIM_APP,daum,search_preview,7월 서구지회활동보고,https://cafe.daum.net/incheondongwha/R69y/1182
4613,noise,R01_REVIEWED_NOT_ABOUT_SOMOIM_APP,daum,search_preview,운영진 추천 해주세요 필독,https://cafe.daum.net/pusan2632age/3ksJ/1
4614,noise,R01_REVIEWED_NOT_ABOUT_SOMOIM_APP,daum,search_preview,떠들어용 게시판( 추천 함돠),https://cafe.daum.net/playkart/HpMM/2
4615,noise,R01_REVIEWED_NOT_ABOUT_SOMOIM_APP,daum,search_preview,EX合金 소모임 ....마징가팀 파일더~~온 !!!,https://cafe.daum.net/bandai/5U19/36
4616,noise,R01_REVIEWED_NOT_ABOUT_SOMOIM_APP,daum,search_preview,7월 모임,https://cafe.daum.net/neutinamustory/LxM4/5
4617,noise,R01_REVIEWED_NOT_ABOUT_SOMOIM_APP,daum,search_preview,111기 루디 입니다.,https://cafe.daum.net/kwbsht/K7X3/3278
4618,noise,R01_REVIEWED_NOT_ABOUT_SOMOIM_APP,daum,search_preview,속초의 서점들,https://cafe.daum.net/namhaec./FVRL/14
4619,noise,R01_REVIEWED_NOT_ABOUT_SOMOIM_APP,daum,search_preview,[필독] 강북지역 소모임 운영진/모임시 주의사항 및 준칙,https://cafe.daum.net/yogicflying/Gd4B/1738
4620,noise,R01_REVIEWED_NOT_ABOUT_SOMOIM_APP,daum,search_preview,엽혹진 소모임 이 개설되었습니다.,https://cafe.daum.net/truepicture/13/14287
4621,noise,R01_REVIEWED_NOT_ABOUT_SOMOIM_APP,daum,search_preview,소모임 -서울경기지역 벙개,https://cafe.daum.net/acctmoim/219k/1565
4622,noise,R01_REVIEWED_NOT_ABOUT_SOMOIM_APP,daum,search_preview,소모임 만들기 요청드렸습니다. 심사숙고 부탁드립니다.,https://cafe.daum.net/10in10/9BZB/5408
4623,noise,R01_REVIEWED_NOT_ABOUT_SOMOIM_APP,daum,search_preview,"독서를 사랑하고 아는 만큼 실천하려는 아름다운 사람, 문장혜 회원을 소개합니다.",https://cafe.daum.net/T.G./cjK2/77
4624,noise,R01_REVIEWED_NOT_ABOUT_SOMOIM_APP,daum,search_preview,♥ 6월15일 성인모야모야가족 정기 소모임 안내 ♥ (최종수정내용입니다.),https://cafe.daum.net/moyamoya/S7F/309
4625,noise,R01_REVIEWED_NOT_ABOUT_SOMOIM_APP,daum,search_preview,"토론하기 좋은 책, 그 외에 좋은책 좀 추천 해주세요~ㅎ",https://cafe.daum.net/ilovenba/34Xk/138280
4626,noise,R01_REVIEWED_NOT_ABOUT_SOMOIM_APP,daum,search_preview,쿨회원 소모임 .,https://cafe.daum.net/team5p/81qq/59393
4627,noise,R01_REVIEWED_NOT_ABOUT_SOMOIM_APP,daum,search_preview,[명예의전당] 회원등업 추천 받습니다.,https://cafe.daum.net/mvpbaseball2003/AlZU/174
4628,noise,R01_REVIEWED_NOT_ABOUT_SOMOIM_APP,daum,search_preview,주식 소모임 방 open!!,https://cafe.daum.net/butake/1BYb/768
4629,noise,R01_REVIEWED_NOT_ABOUT_SOMOIM_APP,daum,search_preview,어쩌다보니 소모임 번개가 되었네요~~,https://cafe.daum.net/lovebmw/39oP/822
4630,noise,R01_REVIEWED_NOT_ABOUT_SOMOIM_APP,daum,search_preview,[공감팀] 2019년 2학기 소모임 2회기 후기 (명품국악과 불고기♬),https://cafe.daum.net/2007iji/NbUL/87
4631,noise,R01_REVIEWED_NOT_ABOUT_SOMOIM_APP,daum,search_preview,2025 운영자 간담회 (2026년 2월 22일),https://cafe.daum.net/ehdghkahdla/RlOh/281
4632,noise,R01_REVIEWED_NOT_ABOUT_SOMOIM_APP,daum,search_preview,센스있다고 칭찬받은 명절 선물 추천 1. 식품 (지극히 주관적인..),https://cafe.daum.net/subdued20club/LxCT/328305
4633,noise,R01_REVIEWED_NOT_ABOUT_SOMOIM_APP,daum,search_preview,대전 소모임 다녀온 광주촌넘의 벙개 후기....,https://cafe.daum.net/hofwin/GZqr/181
4634,noise,R01_REVIEWED_NOT_ABOUT_SOMOIM_APP,daum,search_preview,인라인과 소모임,https://cafe.daum.net/inlinehome/JKrT/198
4635,noise,R01_REVIEWED_NOT_ABOUT_SOMOIM_APP,daum,search_preview,[끌어올림] 여행 소모임 같이 하실 분 환영합니다!!,https://cafe.daum.net/10in10/DrC3/204491
4636,noise,R01_REVIEWED_NOT_ABOUT_SOMOIM_APP,daum,search_preview,레울파크 다녀온 늦은 후기. 불만족 위주...,https://cafe.daum.net/WorldcupLove/R6/1077359
4637,noise,R01_REVIEWED_NOT_ABOUT_SOMOIM_APP,daum,search_preview,청평 다녀온 이야기,https://cafe.daum.net/yeoullove/CFIS/1777
4638,noise,R01_REVIEWED_NOT_ABOUT_SOMOIM_APP,daum,search_preview,11월8일 의학세미나 후기,https://cafe.daum.net/kidneycancer/HV0n/213
4639,noise,R01_REVIEWED_NOT_ABOUT_SOMOIM_APP,daum,search_preview,얼마전에 다녀온 만리포~~,https://cafe.daum.net/trip7788/LUcg/4358
4640,noise,R01_REVIEWED_NOT_ABOUT_SOMOIM_APP,daum,search_preview,정모를 다녀온 후,https://cafe.daum.net/youks228/HUuW/3093
4641,noise,R01_REVIEWED_NOT_ABOUT_SOMOIM_APP,daum,search_preview,소모임 방에 벗꽃번개사진 올려놨습니다. 그럼..요기는..??,https://cafe.daum.net/4050cafe/7iZ4/12159
4642,noise,R01_REVIEWED_NOT_ABOUT_SOMOIM_APP,daum,search_preview,[칠곡 북삼] 오랜만에 저녁산책 다녀온 하루!,https://cafe.daum.net/shibanara/LrV/6390
4643,noise,R01_REVIEWED_NOT_ABOUT_SOMOIM_APP,daum,search_preview,카페 개선 작업과 새로운 소모임 발족에 대하여 알려드립니다.,https://cafe.daum.net/altlovebuddha/A63W/50
4644,noise,R01_REVIEWED_NOT_ABOUT_SOMOIM_APP,daum,search_preview,"광주,전남 소모임 (B) 후기:2023.3.28.",https://cafe.daum.net/s.shool/WkJI/211
4645,noise,R01_REVIEWED_NOT_ABOUT_SOMOIM_APP,daum,search_preview,평창과 홍천....답사 소모임 후기(191029~191030),https://cafe.daum.net/cly0014/DPiv/13
4646,noise,R01_REVIEWED_NOT_ABOUT_SOMOIM_APP,daum,search_preview,가볍게 차박 다녀온 사진입니다,https://cafe.daum.net/gmparts/P18Y/503
4647,noise,R01_REVIEWED_NOT_ABOUT_SOMOIM_APP,daum,search_preview,﻿[배려팀] 2020년 2학기 소모임 2회기 후기,https://cafe.daum.net/2007iji/NbUL/94
4648,noise,R01_REVIEWED_NOT_ABOUT_SOMOIM_APP,daum,search_preview,오랜만에 다녀온 포항정모의 아쉬움,https://cafe.daum.net/jy8407/J6be/3971
4649,noise,R01_REVIEWED_NOT_ABOUT_SOMOIM_APP,daum,search_preview,얼떨결에 다녀온 아침가리골과 구룡덕봉 정상 정복기,https://cafe.daum.net/camperland/LfJJ/217
4650,noise,R01_REVIEWED_NOT_ABOUT_SOMOIM_APP,daum,search_preview,Re: 소모임 이름 공모전(리플요망),https://cafe.daum.net/MADEINTAEGU/MaP/407
4651,noise,R01_REVIEWED_NOT_ABOUT_SOMOIM_APP,daum,search_preview,2011년 2월15일 소모임 후기,https://cafe.daum.net/brisbane.kay/CA2W/66
4652,noise,R01_REVIEWED_NOT_ABOUT_SOMOIM_APP,daum,search_preview,[ 소모임 ] 추억여행팀 광어회 번개모임(카카오톡 인용),https://cafe.daum.net/innonhyun27/EkJk/45
4653,noise,R01_REVIEWED_NOT_ABOUT_SOMOIM_APP,daum,search_preview,은평구 품앗이 다녀온 보고서 1,https://cafe.daum.net/poomasi/9CpJ/55
4654,noise,R01_REVIEWED_NOT_ABOUT_SOMOIM_APP,daum,search_preview,카페 이용과 소모임 에 대한 카페지기의 생각,https://cafe.daum.net/ptjungang/ExpZ/1005
4655,noise,R01_REVIEWED_NOT_ABOUT_SOMOIM_APP,daum,search_preview,┗ 2010 하계 소모임 연합 야유회 후기 1,https://cafe.daum.net/auction4you/MTcK/116
4656,noise,R01_REVIEWED_NOT_ABOUT_SOMOIM_APP,daum,search_preview,Re:부산 소모임 후기 .... *^^*,https://cafe.daum.net/cancer94/4P1/11381
4657,noise,R01_REVIEWED_NOT_ABOUT_SOMOIM_APP,daum,search_preview,2018 안성 소모임 에서..,https://cafe.daum.net/nightzagn/KJ9/285
4658,noise,R01_REVIEWED_NOT_ABOUT_SOMOIM_APP,daum,search_preview,낙원상가 다녀온 날,https://cafe.daum.net/voicefriend/KDl/1187
4659,noise,R01_REVIEWED_NOT_ABOUT_SOMOIM_APP,daum,search_preview,자전거 소모임 시즌 오프 클로징 이벤트 준비중,https://cafe.daum.net/joyofboarding/HQoR/921
4660,noise,R01_REVIEWED_NOT_ABOUT_SOMOIM_APP,daum,search_preview,2월17일 덕유산을 다녀온 후기,https://cafe.daum.net/mountain-and-water/BiGL/235
4661,noise,R01_REVIEWED_NOT_ABOUT_SOMOIM_APP,daum,search_preview,[필독] 소모임 활성화 시켜봅시다! ㅋ,https://cafe.daum.net/hanasidelove/8bFD/11921
4662,noise,R01_REVIEWED_NOT_ABOUT_SOMOIM_APP,daum,search_preview,Re: 소모임 방 개설..,https://cafe.daum.net/maldives1/5SWO/3299
4663,noise,R01_REVIEWED_NOT_ABOUT_SOMOIM_APP,daum,search_preview,Re:Re:오티에 다녀온 결과....,https://cafe.daum.net/goeumdae/A2y/13986
4664,noise,R01_REVIEWED_NOT_ABOUT_SOMOIM_APP,daum,search_preview,경기 소모임 예여,https://cafe.daum.net/trip7788/TMR/13603
4665,noise,R01_REVIEWED_NOT_ABOUT_SOMOIM_APP,daum,search_preview,소모임 방 개설..,https://cafe.daum.net/maldives1/5SWO/3300
4666,noise,R01_REVIEWED_NOT_ABOUT_SOMOIM_APP,daum,search_preview,"2단계5주차/김해윤/당근단골131,문의 2,판매1건,소식1건발행/유튜브 채널 아트연습/유튜브 나은이 개인 만남 약속",https://cafe.daum.net/beric/WD1m/39
4667,noise,R01_REVIEWED_NOT_ABOUT_SOMOIM_APP,daum,search_preview,강습회를 다녀온 이후엔 무엇을 해야 할까요??,https://cafe.daum.net/onlyjesusworship/4bOg/474
4668,noise,R01_REVIEWED_NOT_ABOUT_SOMOIM_APP,daum,search_preview,웁스가 다녀온 곳,https://cafe.daum.net/4050dudlsqkd/66mG/314
4669,noise,R01_REVIEWED_NOT_ABOUT_SOMOIM_APP,daum,search_preview,소모임 운영진의 가입승인이 있어야 열람.가능.이라는데.ㅠㅠ,https://cafe.daum.net/trajetxg/I6eG/211
4670,noise,R01_REVIEWED_NOT_ABOUT_SOMOIM_APP,daum,search_preview,우리의 소모임,https://cafe.daum.net/maepomtm/8Z77/917
4671,noise,R01_REVIEWED_NOT_ABOUT_SOMOIM_APP,daum,search_preview,벙개!!!인천 소모임 !!!,https://cafe.daum.net/goodrafting/2mD/6060
4672,noise,R01_REVIEWED_NOT_ABOUT_SOMOIM_APP,daum,search_preview,▣ 2008-06-14일(토요일) 인라인 소모임 번개 (사진영상)2,https://cafe.daum.net/skiersdaum/6zQ4/694
4673,noise,R01_REVIEWED_NOT_ABOUT_SOMOIM_APP,daum,search_preview,다녀온 후기~~~,https://cafe.daum.net/dadamoim/5iSw/35
4674,noise,R01_REVIEWED_NOT_ABOUT_SOMOIM_APP,daum,search_preview,첫 모임 후기 2(정찰편),https://cafe.daum.net/auction4you/JsC8/30
4675,noise,R01_REVIEWED_NOT_ABOUT_SOMOIM_APP,daum,search_preview,나는 달린다 / 2018.03.24,https://cafe.daum.net/clubaudi/4Ngw/11953
4676,noise,R01_REVIEWED_NOT_ABOUT_SOMOIM_APP,daum,search_preview,도전 정신-! 긍정 파워-!,https://cafe.daum.net/mybombom/MObk/4845
4677,noise,R01_REVIEWED_NOT_ABOUT_SOMOIM_APP,daum,search_preview,나는 달린다 / 2018.03.24,https://cafe.daum.net/opentheroof/4dv1/1721
4678,noise,R01_REVIEWED_NOT_ABOUT_SOMOIM_APP,daum,search_preview,(06)토요 번개산행-청계산-11월 5일-사진 外.,https://cafe.daum.net/4050cafe/7iZ4/14434
4679,noise,R01_REVIEWED_NOT_ABOUT_SOMOIM_APP,daum,search_preview,4월22일실무자회의록,https://cafe.daum.net/dhcdhc/552R/758
4680,noise,R01_REVIEWED_NOT_ABOUT_SOMOIM_APP,daum,search_preview,일상탈출카페 필독사항과 게시판 설명,https://cafe.daum.net/trip7788/A78H/892
4681,noise,R01_REVIEWED_NOT_ABOUT_SOMOIM_APP,daum,search_preview,8월 마지막 주 장어 벙개 라이딩,https://cafe.daum.net/58evergreentrees/WfbG/142
4682,noise,R01_REVIEWED_NOT_ABOUT_SOMOIM_APP,daum,search_preview,비자금,https://cafe.daum.net/leeju9009/GYNc/39543
4683,noise,R01_REVIEWED_NOT_ABOUT_SOMOIM_APP,daum,search_preview,프리스타일 번개~,https://cafe.daum.net/3040free/Ij58/5972
4684,noise,R01_REVIEWED_NOT_ABOUT_SOMOIM_APP,daum,search_preview,2월 17일 틱톡 점벙 후기,https://cafe.daum.net/tklovefood/4XVr/10153
4685,noise,R01_REVIEWED_NOT_ABOUT_SOMOIM_APP,daum,search_preview,﻿﻿제6회 부산 런클 회장배 마라톤 및 가족 모임 행사 참석 후기 ﻿﻿(사진과 함께),https://cafe.daum.net/runners/32j5/23439
4686,noise,R01_REVIEWED_NOT_ABOUT_SOMOIM_APP,daum,search_preview,A17. ketchup (-> A18. 잉찡),https://cafe.daum.net/latinmania/39j9/287
4687,noise,R01_REVIEWED_NOT_ABOUT_SOMOIM_APP,daum,search_preview,[마.창.진]6월11일 동보 보육원 차량 지원 봉사 번개^^*,https://cafe.daum.net/trajetxg/7qHM/388
4688,noise,R01_REVIEWED_NOT_ABOUT_SOMOIM_APP,daum,search_preview,딜라이트가 전하는 하이원 3월 2일 벙개 후기 -6 부-,https://cafe.daum.net/skiersdaum/9a3C/1007
4689,noise,R01_REVIEWED_NOT_ABOUT_SOMOIM_APP,daum,search_preview,본편. 덕풍계곡 벙개 후기.,https://cafe.daum.net/skiersdaum/6pgi/2327
4690,noise,R01_REVIEWED_NOT_ABOUT_SOMOIM_APP,daum,search_preview,2016년 차기산악회 운영방안,https://cafe.daum.net/ph7080san/U1fp/50
4691,noise,R01_REVIEWED_NOT_ABOUT_SOMOIM_APP,daum,search_preview,차맛어때 4주년 대전 정모는 이러했다네...감사!,https://cafe.daum.net/tea3/5aoA/922
4692,noise,R01_REVIEWED_NOT_ABOUT_SOMOIM_APP,daum,search_preview,[울산통기타친구] 2020년 7월 정모 후기,https://cafe.daum.net/ulsantongchin/CzDP/895
4693,noise,R01_REVIEWED_NOT_ABOUT_SOMOIM_APP,daum,search_preview,6월 6일 정모합니다..시간 장소 공지,https://cafe.daum.net/Germango/FAo/8467
4694,noise,R01_REVIEWED_NOT_ABOUT_SOMOIM_APP,daum,search_preview,2008인천월드인라인컵 다녀와서..,https://cafe.daum.net/032plus/7kAK/4
4695,noise,R01_REVIEWED_NOT_ABOUT_SOMOIM_APP,daum,search_preview,하늘이는 반짝반짝,https://cafe.daum.net/lovelovebird/5Zbt/6149
4696,noise,R01_REVIEWED_NOT_ABOUT_SOMOIM_APP,daum,search_preview,6월 6일 (월) 사랑의 집짓기 자원봉사활동,https://cafe.daum.net/bodylife/N3ml/157
4697,noise,R01_REVIEWED_NOT_ABOUT_SOMOIM_APP,daum,search_preview,2023년 세 번째 신입 회원 인터뷰 - 날마다 신나고 싶은 이은경 회원을 소개합니다.,https://cafe.daum.net/T.G./cjK2/69
4698,noise,R01_REVIEWED_NOT_ABOUT_SOMOIM_APP,daum,search_preview,ㅎㅎ,https://cafe.daum.net/joo3287/CDct/55429
4699,noise,R01_REVIEWED_NOT_ABOUT_SOMOIM_APP,daum,search_preview,세계에서제일................5불겔러리,https://cafe.daum.net/ychh33/D4zv/1
4700,noise,R01_REVIEWED_NOT_ABOUT_SOMOIM_APP,daum,search_preview,갈수록 글 올리기가 힘들어진다,https://cafe.daum.net/educationparkKJ/7MwP/3686
4701,noise,R01_REVIEWED_NOT_ABOUT_SOMOIM_APP,daum,search_preview,`저녁 6시 이후`가 선진화돼야 한다,https://cafe.daum.net/chinacommunity/4xS/19025
4702,noise,R01_REVIEWED_NOT_ABOUT_SOMOIM_APP,daum,search_preview,"2023년 두 번째 - 팔색조 에너자이저, 황선희 회원을 소개합니다",https://cafe.daum.net/T.G./cjK2/68
4703,noise,R01_REVIEWED_NOT_ABOUT_SOMOIM_APP,daum,search_preview,합정 33기 ketchup입니다.,https://cafe.daum.net/skylatin/HFr/292
4704,noise,R01_REVIEWED_NOT_ABOUT_SOMOIM_APP,daum,search_preview,진실은 반드시 밝혀져야 한다(운영자 꼭 답변 요망 절때 삭제 하지 마세요)...,https://cafe.daum.net/999horse/GVko/7930
4705,noise,R01_REVIEWED_NOT_ABOUT_SOMOIM_APP,daum,search_preview,제43차 대전문화유산답사 ＜바위구멍 여행＞ 답사후기,https://cafe.daum.net/djchwoollim/Wkcz/359
4706,noise,R01_REVIEWED_NOT_ABOUT_SOMOIM_APP,daum,search_preview,즐거운 마음으로 봉사 하신다고 하는 운영자님들께!!!!!!,https://cafe.daum.net/coko57/BKsn/5606
4707,noise,R01_REVIEWED_NOT_ABOUT_SOMOIM_APP,daum,search_preview,708 친구-4,https://cafe.daum.net/54mal/L579/1189
4708,noise,R01_REVIEWED_NOT_ABOUT_SOMOIM_APP,daum,search_preview,2020년 8월 13일(목) 경기북부 출석부=산적소굴에서,https://cafe.daum.net/Agro8949/N4YM/1129
4709,noise,R01_REVIEWED_NOT_ABOUT_SOMOIM_APP,daum,search_preview,귀한 추천서입니다!,https://cafe.daum.net/cswcamp/5Eut/924
4710,noise,R01_REVIEWED_NOT_ABOUT_SOMOIM_APP,daum,search_preview,한국의료복지사회적협동조합연합회 정기총회에 다녀왔습니다. (소모임상 수상),https://cafe.daum.net/femihealth/S2Cq/1288
4711,noise,R01_REVIEWED_NOT_ABOUT_SOMOIM_APP,daum,search_preview,늦은 후기요^^,https://cafe.daum.net/beautynbeauty/1y7U/1510
4712,noise,R01_REVIEWED_NOT_ABOUT_SOMOIM_APP,daum,search_preview,[스케치] 2016 마을국제 컨퍼런스 : 강북마을 & 키타시바,https://cafe.daum.net/gangbuknet/UDTb/23
4713,noise,R01_REVIEWED_NOT_ABOUT_SOMOIM_APP,daum,search_preview,쌍두봉-떠돌이와 떠순이,https://cafe.daum.net/gswachon/EN1r/738
4714,noise,R01_REVIEWED_NOT_ABOUT_SOMOIM_APP,daum,search_preview,남한산성 나들이,https://cafe.daum.net/ewhahs80/7XFd/454
4715,noise,R01_REVIEWED_NOT_ABOUT_SOMOIM_APP,daum,search_preview,(07)일요 번개산행-검단산-4월 29일-사진 外.,https://cafe.daum.net/4050cafe/7iZ4/16217
4716,noise,R01_REVIEWED_NOT_ABOUT_SOMOIM_APP,daum,search_preview,오케스트라 카페활동 및 도보참가시 준수사항입니다.,https://cafe.daum.net/orchestraro/hLwK/26
4717,noise,R01_REVIEWED_NOT_ABOUT_SOMOIM_APP,daum,search_preview,몽당연필 집들이 및 개소식 보고,https://cafe.daum.net/mongdanglove/JMRT/1132
4718,noise,R01_REVIEWED_NOT_ABOUT_SOMOIM_APP,daum,search_preview,사이판 답사후기 올립니다. (2008년 5월 29일 목요일),https://cafe.daum.net/Vanuatuinfo/1zvd/490
4719,noise,R01_REVIEWED_NOT_ABOUT_SOMOIM_APP,daum,search_preview,주작산행 후기,https://cafe.daum.net/mt1004love/G680/297
4720,noise,R01_REVIEWED_NOT_ABOUT_SOMOIM_APP,daum,search_preview,경플모 2011년 2월 정모 후기 입니다.,https://cafe.daum.net/fpuser/7aF3/377
4721,noise,R01_REVIEWED_NOT_ABOUT_SOMOIM_APP,daum,search_preview,기본자소서 부탁드릴께요...,https://cafe.daum.net/4toeic/6Fi2/10379
4722,noise,R01_REVIEWED_NOT_ABOUT_SOMOIM_APP,daum,search_preview,[지방대] 컴퓨터 전공자 입니다.,https://cafe.daum.net/breakjob/43ne/1479
4723,noise,R01_REVIEWED_NOT_ABOUT_SOMOIM_APP,daum,search_preview,청주에서 열린＜피치마켓 쉬운책읽기 모임＞에 참여했습니다,https://cafe.daum.net/jape1234/GyDl/2872
4724,noise,R01_REVIEWED_NOT_ABOUT_SOMOIM_APP,daum,search_preview,"질문이50번임박하네용, 오픈오픈오픈마인드!O!",https://cafe.daum.net/ideamasters/NJk9/40
4725,noise,R01_REVIEWED_NOT_ABOUT_SOMOIM_APP,daum,search_preview,2007 경남신문 신춘문예 소설 당선작,https://cafe.daum.net/whgdmstks/Hdrn/3
4726,noise,R01_REVIEWED_NOT_ABOUT_SOMOIM_APP,daum,search_preview,와... 1학기 때 나 미피사주었던 선배가.. 기업은행에 취직하셨네...,https://cafe.daum.net/posthoolis/JA3x/77931
4727,noise,R01_REVIEWED_NOT_ABOUT_SOMOIM_APP,daum,search_preview,# 당돌한 대학생. 1-30. 먹고 먹고 또 먹던 네덜란드의 카우치서핑.,https://cafe.daum.net/bpguide/FbqL/6403
4728,noise,R01_REVIEWED_NOT_ABOUT_SOMOIM_APP,daum,search_preview,과제물 5. 내가 만난 청소년복지분야 선배 사회복지학부 151269 임성훈,https://cafe.daum.net/ewelfare/GAu/5508
4729,noise,R01_REVIEWED_NOT_ABOUT_SOMOIM_APP,daum,search_preview,그렇게 형편없나요? 제발..제발~!,https://cafe.daum.net/breakjob/JZbi/15125
4730,noise,R01_REVIEWED_NOT_ABOUT_SOMOIM_APP,daum,search_preview,윤홍선을 오픈합니다*•*,https://cafe.daum.net/ideamasters/QMQa/25
4731,noise,R01_REVIEWED_NOT_ABOUT_SOMOIM_APP,daum,search_preview,정모의 후유증~!,https://cafe.daum.net/latinmania/4OVz/13001
4732,noise,R01_REVIEWED_NOT_ABOUT_SOMOIM_APP,daum,search_preview,작가연구 - 김남중,https://cafe.daum.net/buyri/OAeH/55
4733,noise,R01_REVIEWED_NOT_ABOUT_SOMOIM_APP,daum,search_preview,강남맛집 아이해브어드림 VIP KITCHEN 프로포즈 파티 이벤트 모임장소,https://cafe.daum.net/mk.han/aNf0/1033
4734,noise,R01_REVIEWED_NOT_ABOUT_SOMOIM_APP,daum,search_preview,귀농이란?,https://cafe.daum.net/dom99/47ZZ/575
4735,noise,R01_REVIEWED_NOT_ABOUT_SOMOIM_APP,daum,search_preview,[R&D 사업부 합격수기] 석사 R&D 사업부 칠전팔기 끝에 최종 합격!ㅠㅠ;;,https://cafe.daum.net/breakjob/Emz/507
4736,noise,R01_REVIEWED_NOT_ABOUT_SOMOIM_APP,daum,search_preview,레인보우 로망스 [2007년 경남일보] - 양혜영,https://cafe.daum.net/overhope/NNwW/10
4737,noise,R01_REVIEWED_NOT_ABOUT_SOMOIM_APP,daum,search_preview,# 당돌한 대학생. 1-30. 먹고 먹고 또 먹던 네덜란드의 카우치서핑.,https://cafe.daum.net/owtm/6AdK/6421
4738,noise,R01_REVIEWED_NOT_ABOUT_SOMOIM_APP,daum,search_preview,＜한라산＞ 이산하 장편서사시 저자후기,https://cafe.daum.net/sampul/QwVB/27
4739,noise,R01_REVIEWED_NOT_ABOUT_SOMOIM_APP,daum,search_preview,8월 운영회의록,https://cafe.daum.net/incheondongwha/HOMc/414
4740,noise,R01_REVIEWED_NOT_ABOUT_SOMOIM_APP,daum,search_preview,이런 사랑방이 되었으면...,https://cafe.daum.net/leeju9009/OARd/206
4741,noise,R01_REVIEWED_NOT_ABOUT_SOMOIM_APP,daum,search_preview,2월 3일 때깔단 점심 후기,https://cafe.daum.net/QUEEN/1Hg/630
4742,noise,R01_REVIEWED_NOT_ABOUT_SOMOIM_APP,daum,search_preview,"""스페인의 날"" 기획 회의 후기",https://cafe.daum.net/femihealth/S2Cq/1199
4743,noise,R01_REVIEWED_NOT_ABOUT_SOMOIM_APP,daum,search_preview,(62)하느님 자비 복음의종 선교회,https://cafe.daum.net/catholic-shinjung/D8kA/63
4744,noise,R01_REVIEWED_NOT_ABOUT_SOMOIM_APP,daum,search_preview,운동화가 타고 다니는~~ 달풋이랍니다.,https://cafe.daum.net/joyofboarding/Lx7S/3
4745,noise,R01_REVIEWED_NOT_ABOUT_SOMOIM_APP,daum,search_preview,Re:기본자소서 부탁드릴께요...,https://cafe.daum.net/4toeic/6Fi2/10394
4746,noise,R01_REVIEWED_NOT_ABOUT_SOMOIM_APP,daum,search_preview,♣필독공지♣ 카페 운영규정,https://cafe.daum.net/glaucomaend/7F7l/7258
4747,noise,R01_REVIEWED_NOT_ABOUT_SOMOIM_APP,daum,search_preview,Re:하..... 제 자소서는 논할 가치도 없는 졸작인가요...ㅠㅠ 평가좀 제발 해주세요.,https://cafe.daum.net/4toeic/6Fi2/10296
4748,noise,R01_REVIEWED_NOT_ABOUT_SOMOIM_APP,daum,search_preview,[재터참가후기]새터관련공지사항,https://cafe.daum.net/icsplayaz/57r6/179
4749,noise,R01_REVIEWED_NOT_ABOUT_SOMOIM_APP,daum,search_preview,가톨릭대 201420544 유택렬,https://cafe.daum.net/gjs0824/_album/2562
4750,noise,R01_REVIEWED_NOT_ABOUT_SOMOIM_APP,daum,search_preview,처음써본 자기소개서입니다. 칼질 부탁드려요!,https://cafe.daum.net/breakjob/JZbi/4739
4751,noise,R01_REVIEWED_NOT_ABOUT_SOMOIM_APP,daum,search_preview,창립기념행사에 따른 각 봉사지별 봉사후기 추천글입니다,https://cafe.daum.net/chunsa7/6uAs/88
4752,noise,R01_REVIEWED_NOT_ABOUT_SOMOIM_APP,daum,search_preview,5월 1일 때깔단 점심 후기,https://cafe.daum.net/QUEEN/1Hg/588
4753,noise,R01_REVIEWED_NOT_ABOUT_SOMOIM_APP,daum,search_preview,장애인들의 오아시스 ‘헌책카페 캘커타’ 운영자 윤화용 씨,https://cafe.daum.net/spine2000/8N3U/10717
4754,noise,R01_REVIEWED_NOT_ABOUT_SOMOIM_APP,daum,search_preview,2021년 4월 운영위원회,https://cafe.daum.net/nbaram/JxWN/36
4755,noise,R01_REVIEWED_NOT_ABOUT_SOMOIM_APP,daum,search_preview,[2003-12] 지난 5년의 힘이 원흥이로 모아지다,https://cafe.daum.net/toadfriends/TxXB/23
4756,noise,R01_REVIEWED_NOT_ABOUT_SOMOIM_APP,daum,search_preview,7월 3째주 정모 후기,https://cafe.daum.net/busantongli/4afe/33764
4757,noise,R01_REVIEWED_NOT_ABOUT_SOMOIM_APP,daum,search_preview,"제이비 회 4월 모임 (20일, 수) 후기",https://cafe.daum.net/s21c/jArM/55
4758,noise,R01_REVIEWED_NOT_ABOUT_SOMOIM_APP,daum,search_preview,지온 신입 봉사활동 후기~!!,https://cafe.daum.net/kimsw200312/H1U/2139
4759,noise,R01_REVIEWED_NOT_ABOUT_SOMOIM_APP,daum,search_preview,LG파워콤 인턴사원 자소서입니다.. 많은 칼질 부탁드립니다..,https://cafe.daum.net/breakjob/JZbi/21426
4760,noise,R01_REVIEWED_NOT_ABOUT_SOMOIM_APP,daum,search_preview,롸잇나우 동남아가실분~40~50대,https://cafe.daum.net/orange3798/3CWX/9512
4761,noise,R01_REVIEWED_NOT_ABOUT_SOMOIM_APP,daum,search_preview,성유산악회와 나.,https://cafe.daum.net/kusa-skk/AOzD/63
4762,noise,R01_REVIEWED_NOT_ABOUT_SOMOIM_APP,daum,search_preview,부산진아이쿱소비자생활협동조합 개정규정(2018년 1월 29일 개정),https://cafe.daum.net/jincoop/goBK/5
4763,noise,R01_REVIEWED_NOT_ABOUT_SOMOIM_APP,daum,search_preview,중남미여행 동반자 찾습니다,https://cafe.daum.net/orange3798/3CWX/8452
4764,noise,R01_REVIEWED_NOT_ABOUT_SOMOIM_APP,daum,search_preview,일본 여행,https://cafe.daum.net/ssolotravel/2F8g/268
4765,noise,R01_REVIEWED_NOT_ABOUT_SOMOIM_APP,daum,search_preview,Re:이번 정모를 나가서 느낀점...,https://cafe.daum.net/XGDRIVER/I3BN/8196
4766,noise,R01_REVIEWED_NOT_ABOUT_SOMOIM_APP,daum,search_preview,Re:게시판의 물귀신...엔느,https://cafe.daum.net/30supil/jJ3/1661
