review_id,rating,review_date_utc,review_text,thumbs_up,app_version,collected_date,period_bucket,source_url
357b40a5-20de-447e-adbf-25e7d2e14a02,1,2026-07-18T08:02:25+00:00,신청한 모임 시간 다 돼가는데 승인이 안 돼서 호스트 문의하려고 했더니 문의가 안 됨 이런 경우 환불이 되는지도 모르겠음,0,,2026-07-30,recent,https://play.google.com/store/apps/details?hl=ko&id=kr.munto.app
86e5dfe1-1240-43ea-99a3-bcba6eca0dfe,1,2026-07-17T04:41:54+00:00,대전권 진짜 심각합니다 전화번호 뒷자리 요구하고 항상 당일취소 당하네요 앱 사용하면서 5번정도 소셜링 신청했는데 모임 진행된적이 단 한 번도 없어요,0,7.5.3,2026-07-30,recent,https://play.google.com/store/apps/details?hl=ko&id=kr.munto.app
ce5762be-e613-4f41-9141-8164afb917cb,1,2026-07-15T09:45:37+00:00,갠톡이 굉장히 늦게 오고 알림이 여러번 뜨는 등 버그가 많아요,0,7.5.3,2026-07-30,recent,https://play.google.com/store/apps/details?hl=ko&id=kr.munto.app
ef94cc17-cf9f-4c9d-be2f-221ceb1c6886,1,2026-07-13T04:56:57+00:00,대형 호스트일수록 어떤사유든 한번만 신고당해도 지금보다 더 융통성 없다시피 무조건적인 서비스 이용 영원히 못하게 하고 강제탈퇴 시키는식으로 제재를 강화시켜야 될 필요가 있습니다 그래야 호스트들의 갑질이 사라집니다 호스트들끼리 자기네들 마음에 안드는 참여자 있으면 시비거리 만들어서 쫒아내고 심기 뒤틀려진 찐따취급하고 호스트들끼리 맘에 안드는 참여자에 대해 블랙리스트 공유로 모임활동 방해 등 갑질이 심해지는데 이럴수록 참여자들에 대한 보호규정은 더 강화하고 지켜줘야 될 필요가 있으며 모든 호스트들은 더 숨막힐 정도로 엄격하게 처리하고 참여자들은 더 관대하게 보호해주기 정책을 더 강화시켜야 될 필요가 큽니다,1,7.5.3,2026-07-30,recent,https://play.google.com/store/apps/details?hl=ko&id=kr.munto.app
966cc98c-4f06-4873-912d-4b1944f36eb1,2,2026-07-11T04:02:15+00:00,대전권 한번 검토부탁드립니다 소셜링이 전부 다 당일파토가 나고 있으며 주회하는 사람들 대부분이 전화번호등을 요구하면서 당일파토내는 경우가 진짜 많습니다. 심지어 클럽은 방장이 하지도 않은 소셜링 한 것처럼 사진만들어서 올리구 있구요,0,7.5.3,2026-07-30,recent,https://play.google.com/store/apps/details?hl=ko&id=kr.munto.app
2bc81a1c-2283-40d1-939b-65fc9e7898b3,5,2026-07-04T07:19:59+00:00,혼자서 할 때보다 즐거운 취미 생활! 편안하게 대화할 수 있는 모임!!! 문토 덕분에 많이 즐거운 요즘이에요~✌️☺️,0,7.5.1,2026-07-30,recent,https://play.google.com/store/apps/details?hl=ko&id=kr.munto.app
e7a8f75f-fb2d-4db0-945c-eb7e903c6da1,3,2026-07-01T22:50:38+00:00,업댓후 만들어진 모임에 채팅이안되요 복구좀해주세요,0,,2026-07-30,recent,https://play.google.com/store/apps/details?hl=ko&id=kr.munto.app
15495d89-25b1-45b7-8bde-c40ca69096bb,1,2026-07-01T11:44:17+00:00,내 소중한 시간 낭비하도록 해서 짜증남 내가 운이 없었음,1,,2026-07-30,recent,https://play.google.com/store/apps/details?hl=ko&id=kr.munto.app
20071773-0802-4d17-b2ff-1f283d43616a,1,2026-06-15T07:23:59+00:00,소셜링에서 2차 요금을 호스트 개인계좌로 받는일이 많음 그게 불법임 그런경우를 몇번 목격해서 계좌이체내역 캡쳐해서 고객센터에 신고했음 그랬는데 자세한 내역을 보내라고 함 아니 뭐 소셜링 끝날때쯤에 몰래 영상이나 녹음이라도 해야됨? 여러분 2차부터는 제 개인계좌로 보내주세요 이러는거? 이런거 잡아낼 생각도 없으면서 '문토이외의 방법으로 요금 받아내면 불법'이라는 규정은 왜 존재함?,1,7.4.9,2026-07-30,recent,https://play.google.com/store/apps/details?hl=ko&id=kr.munto.app
d16f5cd2-dc83-4234-8962-73b4a562f72c,5,2026-06-13T23:24:54+00:00,소셜링의 다양한 참여 기회 제공,0,7.4.9,2026-07-30,recent,https://play.google.com/store/apps/details?hl=ko&id=kr.munto.app
d42e4ae1-c8dc-451e-8162-58759d03eaff,1,2026-06-03T06:26:47+00:00,"악의 적인 사용자는 전혀 필터링 하지 못하는 무능력한 운영, 여러 모임을 돌아다니며 악의적인 리뷰를 남기는 참여자에 대한 제제는 없고 오롯이 소셜링 호스트에게만 책임 전가하는 무능력하고 문제해결을 할 의지도 없는 집단",1,7.4.8,2026-07-30,recent,https://play.google.com/store/apps/details?hl=ko&id=kr.munto.app
5d66fe74-1221-4367-a01a-dce8e780f231,3,2026-06-03T04:38:18+00:00,지방은 없어요...,0,7.4.8,2026-07-30,recent,https://play.google.com/store/apps/details?hl=ko&id=kr.munto.app
c915571a-d7a5-4431-8d4f-aad3717f2196,1,2026-05-24T02:36:49+00:00,미사용앱,0,,2026-07-30,recent,https://play.google.com/store/apps/details?hl=ko&id=kr.munto.app
7539e4bd-4744-4017-99d8-e28f5dc1a91d,4,2026-05-18T04:16:47+00:00,탈퇴 후 재가입하려고 하니 인증번호가 오질 않습니다. 그리고 문의를 해도 답장이 안 와요.,0,,2026-07-30,recent,https://play.google.com/store/apps/details?hl=ko&id=kr.munto.app
84c2c886-b7b8-463f-b76b-fbc15cf889d2,1,2026-05-11T10:16:31+00:00,받은 관심 있어서 캔디 주고 열었는데 받은 관심 탭에서 왜 계속 잠겨있나요? 그리고 관심 보내기 하니까 보낸 관심 탭에서 다른 사람들은 1주일 가는데 그 사람은 하루도 안 돼서 사라지나요?,2,7.4.6,2026-07-30,recent,https://play.google.com/store/apps/details?hl=ko&id=kr.munto.app
bdfb6984-d25c-4c0d-a6c0-fcbc870ebc09,1,2026-05-09T00:55:02+00:00,"여러 차례 소셜링 열면서, 아쉬웠던 부분들을 솔직히 공유드립니다. 1. 주류 소셜링만 추천/홍보해주고 나머지는 다 소리소문 없이 묻히는 구조. 추천 기준이 정확히 뭔지도 알 수 없고, 추천으로 뜨지 않으면 다른 소셜링은 찾아보기도 힘듦. 2. 인원이 1~2명 모자라서 부족한대로라도 진행하려고 하니 미달이라 진행도 못하게 하고, 수정도 안 되고, 그렇다고 다른 데서 부족한 인원 채우자니 규정 위반이라고 벌점 먹이고... 족쇄 투성이임. 3. ""결정적""으로... 운영비가 필요해 유료 소셜링을 개최하면, 수수료를 무려 🌟20%🌟나 떼감... 😂 그러다보니 예전엔 재밌고 독특한 소셜링도 많았는데, 요즘은 보이는 게 로테이션 소개팅이나 부담스런 파티밖엔 없더라고요. 기획 좋았던 분들은 대부분 넷플연가나 비슷한 다른 모임으로 떠나고... 문토 통해서 소셜링 열 계획 있으셨던 분들은.. 신중히 생각해보시기 바랍니다 😂",18,7.4.5,2026-07-30,recent,https://play.google.com/store/apps/details?hl=ko&id=kr.munto.app
437fd92e-947f-4f03-ab2e-9792a69954ab,1,2026-05-07T22:02:03+00:00,프로필 편집할때 사진 한번 누르면 안지워지고 영구적으로 남김 쓰레기같애 개인정보보호는 전혀없음,1,7.4.5,2026-07-30,recent,https://play.google.com/store/apps/details?hl=ko&id=kr.munto.app
a764c76a-6f22-41ee-9fe7-3565ced6f675,5,2026-04-28T02:23:17+00:00,문토를 많이 이용해본 결과 다양한 사람들과 함께 어울리며 취미생활을 공유하고 이런 자리를 만들어주시는 호스트님들께 감사하다고 생각했습니다 돈으로도 못구매하는 값진 경험 많이 하고 좋은 사람들 많이 얻어갑니다,1,7.4.4,2026-07-30,recent,https://play.google.com/store/apps/details?hl=ko&id=kr.munto.app
f464a544-d6bf-401e-908e-6124f680306c,5,2026-04-27T20:13:40+00:00,문토 덕분에 취미생활을 더욱 재밌고 보람있게 보낼수있어서 좋아요. 감사합니다,0,7.4.4,2026-07-30,recent,https://play.google.com/store/apps/details?hl=ko&id=kr.munto.app
7eb6ef19-6054-477f-832d-62b04beddd01,5,2026-04-27T07:01:51+00:00,"깔끔한 인터페이스, 다채로운 소셜링의 장! 문토 덕분에 일상이 훨씬 풍요로워졌습니다. ​ ​단순한 친밀감 형성을 넘어 독서, 등산, 러닝, 맛집 탐방 등 나와 취향이 꼭 맞는 사람들과 깊이 있는 소통을 할 수 있다는 점이 이 앱의 가장 큰 장점입니다. 특히 가볍게 참여할 수 있는 1회성 소셜링부터 꾸준히 만나는 정기 모임까지 선택의 폭이 넓어, 각자의 라이프스타일과 일정에 맞춰 부담 없이 즐길 수 있습니다. ​또한, 누구든 자신의 관심사로 쉽게 모임을 개설하고 호스트가 될 수 있는 시스템도 매력적입니다. 참여자들의 매너 온도나 후기를 미리 확인할 수 있어 안심하고 새로운 만남을 가질 수 있었습니다.",0,,2026-07-30,recent,https://play.google.com/store/apps/details?hl=ko&id=kr.munto.app
6b201ff5-cebe-46a1-af99-169a463edff1,5,2026-04-24T14:17:34+00:00,새로운 사람들을 만나고 싶을때 자주 이용하고 있어요! 결이 맞는 사람들을 만나게 되면 정말 즐겁고 좋은 시간을 보낼 수 있었어요,0,7.4.4,2026-07-30,recent,https://play.google.com/store/apps/details?hl=ko&id=kr.munto.app
3da30c22-2ded-4bfa-b1b3-c43b1c98bbca,5,2026-04-23T08:22:28+00:00,취미와 여러 사람들과 어울릴 기회가 있어 좋았어요^^,0,7.4.4,2026-07-30,recent,https://play.google.com/store/apps/details?hl=ko&id=kr.munto.app
0b508548-8d19-46b4-b8bf-dfaf1bf9028b,5,2026-04-23T02:35:34+00:00,지인 추천으로 가입해봤는데 너무 좋나요 타지에서 무료했는데 덕분에 사람들도 많이 만나고 좋네요!,0,7.4.4,2026-07-30,recent,https://play.google.com/store/apps/details?hl=ko&id=kr.munto.app
48d4a9ba-bd57-4d4d-9776-85723cea3d9d,5,2026-04-22T10:14:15+00:00,"잃어버린 사회성 다시 채우러 왔습니당! 사회에서 잃어버리는 인류애 여기서 좋은사람들 만나고 궁금했던, 흥미있는 활동들 하면서 다시 회복하곤 합니당 ㅎㅎ 혼자서 가기 힘든 나들이 삼삼오오 모여가니 하루 진짜 알차게 보내게되요! 버킷리스트도 하나씩 채우는 중 (패러글라이딩이랑 보컬 레슨 다녀왔어요😆) 종종 빌런도 만나지만 그마저도 재밌는 썰이네요! 오늘도 평화로운 문토ㅋㅋ 저는 이제 한강 갑니둥~",0,7.4.4,2026-07-30,recent,https://play.google.com/store/apps/details?hl=ko&id=kr.munto.app
e7018487-c171-48cd-9bbc-5fd64b6134a6,5,2026-04-22T09:02:07+00:00,문토 통해서 좋은 모임을 만들고 좋은 사람들과 취미를 공유하며 활동할 수 있어서 너무 좋습니다 애용하는 모임 앱으로서 많은 분들에게 추천드려요:),0,7.4.4,2026-07-30,recent,https://play.google.com/store/apps/details?hl=ko&id=kr.munto.app
9fbbd2c3-8a0c-4962-a892-af9e238c432e,3,2026-04-22T06:55:45+00:00,채팅이 불편한 점이 있긴 하지만 문토를 통해 다양한 활동을 경험할 수 있어서 좋습니다.,0,7.4.2,2026-07-30,recent,https://play.google.com/store/apps/details?hl=ko&id=kr.munto.app
be6e9fe4-3c14-4fd9-ae8c-2940fddbf847,2,2026-04-22T01:53:24+00:00,"술파티, 소개팅만 남음. 몇 년전부터 이용하면서 다양한 모임 활동을 잘 즐겼는데 최근에 다시 들어가보니 술파티, 소개팅만 남고 다른 참신한 모임들은 다 전멸했더군요. 그마저도 지인들끼리 별점 돌려막기, 무료로 여자 게스트 초대하고 남자들이 비용 부담하는 구조였습니다. 왜이렇게 됐나 찾아보니, 별점 몰아주기에 대한 제재는 없으면서 이상한 이유로 소셜링 호스트에 대한 제재는 쏟아지더라구요. 이런 상황에서 열정을 갖고 다양한 소셜링을 주최하는 호스트가 있을까요? 그냥 술만 퍼주고 바짝 벌고 빠지는, 떳다방식 소셜링만 남은건 당연한 것 같습니다.",5,7.4.4,2026-07-30,recent,https://play.google.com/store/apps/details?hl=ko&id=kr.munto.app
abbabdd2-1ce9-4a0e-9317-63d42e112ef1,1,2026-04-17T12:01:33+00:00,사람이 별로임,0,,2026-07-30,recent,https://play.google.com/store/apps/details?hl=ko&id=kr.munto.app
a5446aaf-cd0d-43ed-9645-d75ecbbd1f4d,5,2026-04-16T12:21:49+00:00,다양한 경험을 쌓게 도움을 주는 플랫폼이어서 좋아요!,0,,2026-07-30,recent,https://play.google.com/store/apps/details?hl=ko&id=kr.munto.app
f3f4c9d3-f2da-4432-bb85-37bb438b1962,5,2026-04-16T11:59:00+00:00,처음 소모임을 통해서 만나고자 제미나이 추천을 받아서 설치를 하였는데요. 수도권이 아닌 지역 모임이 적은것은 아쉽지만 모임을 하면서 지루한 삶에 활력이 될 수가 있었습니다.,0,7.4.3,2026-07-30,recent,https://play.google.com/store/apps/details?hl=ko&id=kr.munto.app
a2cfbaf6-50a8-4237-af41-88374c7ce6d8,5,2026-04-16T11:50:43+00:00,"이전의 내가 무언가 고여서 리프래시하거나, 배우고 싶거나 잠깐의 설레임이 필요할 때, 소소한 즐거움을 느끼게 해줬던 존재였던 거 같습니다. 그 당시는 이러한 앱 자체가 낮설었으나, 지금 생각하면 저 멀리 그래도 한 때의 메모장처럼 느껴진듯한 존재. 어떻게 사용하느냐에 따라 달라지는 앱인거 같아요~",2,7.4.4,2026-07-30,recent,https://play.google.com/store/apps/details?hl=ko&id=kr.munto.app
c1642262-75e3-49cb-8cc3-c597e1fc635c,5,2026-04-16T11:38:48+00:00,​지인 추천으로 시작했는데 생각보다 주제가 정말 다양해서 놀랐어요! 취향이 비슷한 사람들끼리 모이니까 처음 본 사이인데도 대화가 끊이지 않더라고요. 억지로 친해지려 노력하지 않아도 자연스럽게 공감대가 형성되는 느낌이 참 좋습니다. 부담 없이 들러서 힐링하고 싶은 분들이라면 꼭 한번 참여해 보세요. 시간 가는 줄 모를 정도로 재밌습니다! 😊,2,7.4.4,2026-07-30,recent,https://play.google.com/store/apps/details?hl=ko&id=kr.munto.app
1d1646e4-16ec-4029-9a17-33e95ed04a6f,5,2026-04-16T11:38:06+00:00,앱이 깔끔하고 감성있어요,0,,2026-07-30,recent,https://play.google.com/store/apps/details?hl=ko&id=kr.munto.app
3a105847-12a5-4421-855f-03b131b5303d,5,2026-04-16T11:34:19+00:00,항상 잘쓰고있어요! 다양한 모임도 많고 새로운 사람들을 만나게 되서 즐거워요 :) 앞으로 더 많이 활성화되면 좋겠어요!!!! 사업 계속 승승장구하고 번창하세요옷♡♡♡,0,7.4.4,2026-07-30,recent,https://play.google.com/store/apps/details?hl=ko&id=kr.munto.app
500b765c-7ed0-43b1-8fb3-ca03c104f852,1,2026-04-16T02:24:13+00:00,"취향인연 오류가 너무 많아요 관심 표시 눌러도 화면 나갔다 돌아오면 관심 눌른게 복구 돼있고, 앱 업데이트나 삭제했다 다시 설치해도 안 고쳐지네요. 이런 오류가 너무 많으니, 관심 누르는 화면에서도 메신저할 수 있는 기능이 있으면 좋겠어요.",1,7.4.4,2026-07-30,recent,https://play.google.com/store/apps/details?hl=ko&id=kr.munto.app
403f0651-161a-417d-9d36-acd9ab2c8df7,4,2026-04-13T04:15:09+00:00,다양한 경험들을 할 수 있어서 좋았어요 ㅎㅎ,0,,2026-07-30,recent,https://play.google.com/store/apps/details?hl=ko&id=kr.munto.app
7c90a30d-6c2f-43a2-b147-43e3da7c2e39,5,2026-04-12T10:42:23+00:00,"5년째 제 취미 동반자입니다 문토로 다양한 장소에 처음보는 분들과 함께 취미생활을 누릴수있어서 좋아요. 친구와는 시간맞추기 어려울때, 취미생활 같이할 친구 찾을때 딱이에요.",0,,2026-07-30,recent,https://play.google.com/store/apps/details?hl=ko&id=kr.munto.app
4bb87984-e3c3-4766-82d8-15605331467f,5,2026-04-12T10:00:31+00:00,심심하거나 새로운 경험을 하고 싶을 때마다 어떻게 해야 할 지 무엇을 찾아 해야할 지 난감하거나 궁금하곤 했는데 문토 덕분에 이런저런 클래스나 신기한 경험들을 많이 할 수 있어 너무 좋습니다 평소 배우기 어렵거나 고민하는 것들도 쉽게 도전해볼 수 있어 여가시간이 즐거워요 감사합니다🥹❤️‍🔥,2,7.4.3,2026-07-30,recent,https://play.google.com/store/apps/details?hl=ko&id=kr.munto.app
9f292b02-4147-48f1-91d6-03623fef4a93,1,2026-04-12T04:55:39+00:00,다른모임은 좋아요. 근데 파티모임은 가지마세요. 성비 박살에 여자분들은 꽁으로 참여하는 섭외 여성들이 80%입니다. 호구 처럼 비싼돈 주고 냉동안주에 물탄 위스키 드시지 마시고 자기계발만 하세요,4,,2026-07-30,recent,https://play.google.com/store/apps/details?hl=ko&id=kr.munto.app
1fbb2d3d-c53c-44e5-918d-7008d93ef90b,5,2026-04-12T04:03:44+00:00,일회성 또는 지속성 모임이 공존하여 좋습니다. 최근 짝짓기 모임이 유독 많아져서 아쉽기도 해요. 다양한 모임이 활성화되면 좋겠습니다!,0,,2026-07-30,recent,https://play.google.com/store/apps/details?hl=ko&id=kr.munto.app
838e5f50-0fc0-40f1-a244-af08f84fd4b0,5,2026-04-12T03:57:14+00:00,문토 하면서 좋은 사람들 많이 만날수 있어서 너무 뜻깊고 즐거운 추억 많이 쌓을수 있었어요! 문토 관계자분들 문토라는 어플 만들어주셔서 진심으로 감사드립니다 🙂,0,7.4.3,2026-07-30,recent,https://play.google.com/store/apps/details?hl=ko&id=kr.munto.app
d0de599a-3ce1-4ed8-aa7f-2128bc0e91de,5,2026-04-12T01:21:27+00:00,이 앱을 알게되어 좋으신분들을 만나 매주 주말에 운동을 하고있어요~ 건강한 취미활동을 원하시는분들 신청해보세용!,0,7.4.3,2026-07-30,recent,https://play.google.com/store/apps/details?hl=ko&id=kr.munto.app
34c9a0b0-5df4-4d5e-be05-e0d015ea508d,5,2026-04-12T01:13:31+00:00,문토 거의 처음시작할때 부터 사용했는데 여러가지 활동도 많고 괜찮은거같아요~앞으로 계속 이용할거에요:),0,7.4.3,2026-07-30,recent,https://play.google.com/store/apps/details?hl=ko&id=kr.munto.app
ea35c245-e259-4108-9541-c77fb720d792,5,2026-04-11T14:44:20+00:00,취업을 하게 되면서 지방에서 서울로 이사오게 되었는데 지인이나 친구가 없어서 어떻게 사람들을 만날수 있을까 하다 문토라는 어플을 찾게 되었습니다. 좀 심심할 때 모임 나가서 여러 사람 만나다 보면 시간도 잘가고 재미도 있고 또 친구도 만들고 덕분에 좋은 사람들을 만나게 되어서 좋네요.,1,7.4.3,2026-07-30,recent,https://play.google.com/store/apps/details?hl=ko&id=kr.munto.app
8be04d0d-8ba4-4ffc-b338-8db27762e030,5,2026-04-11T12:08:09+00:00,내가좋아하는 취미생활을 함께 할수있어서 좋아요! 취향이맞는 멤버들을 만나서 대화도잘통하고 재밌어요,0,7.4.3,2026-07-30,recent,https://play.google.com/store/apps/details?hl=ko&id=kr.munto.app
c7ef7b5e-a814-401e-bbc8-c4daeb4acde6,5,2026-04-11T11:05:23+00:00,좋아요 원래부터 독서모임이나 기타 사교모임에 관심이 있었는데 다양한 사람을 만날 수 있어서 좋은 것 같습니다,0,7.4.3,2026-07-30,recent,https://play.google.com/store/apps/details?hl=ko&id=kr.munto.app
4d7eb368-d38d-4484-b921-b0d8557cc77f,5,2026-04-11T09:02:17+00:00,개인적으로 소모임 보다 깔끔하고 정상적인 사람들 만났던 거 같아요,0,7.4.3,2026-07-30,recent,https://play.google.com/store/apps/details?hl=ko&id=kr.munto.app
e6598944-0fbd-4bb4-bc5c-5af993a7e013,5,2026-04-11T07:36:03+00:00,"문토 통해 다양한 모임을 여러 번 참여해봤는데, 전반적으로 정말 만족스러운 경험이었어요. 부담 없이 가볍게 밥 한 끼 같이 하는 모임부터, 한강에서 카약을 타는 액티비티, 그리고 다양한 원데이 클래스까지 직접 경험해보면서 일상에서는 쉽게 해보지 못했던 것들을 자연스럽게 접할 수 있었어요. 처음에는 낯설기도 했지만, 비슷한 관심사를 가진 사람들과 만나 대화하고 시간을 보내다 보니 금방 편해지더라고요. 특히 좋았던 점은 단순히 사람을 만나는 것을 넘어서, 새로운 경험을 통해 나 자신을 더 알아가는 시간을 가질 수 있었다는 거예요. 바쁘게 반복되는 일상 속에서 잠깐 벗어나, 나에게 집중할 수 있는 여유를 만들어준 느낌이었습니다. 가볍게 시작했다가 생각보다 더 의미 있는 시간들을 많이 보내게 된 것 같아요. 새로운 사람, 새로운 경험, 그리고 나를 돌아볼 수 있는 시간을 찾고 있는 분들께 추천하고 싶어요 🙂",2,7.4.3,2026-07-30,recent,https://play.google.com/store/apps/details?hl=ko&id=kr.munto.app
bdb61131-c76f-4652-808d-b89cdba6ab4c,5,2026-04-11T02:25:39+00:00,좋습니다ㅎㅎ,0,7.4.3,2026-07-30,recent,https://play.google.com/store/apps/details?hl=ko&id=kr.munto.app
d8ef35a1-a7a2-49cb-9773-226bd35ffecc,5,2026-04-11T01:52:41+00:00,문토 초창기부터 사용했었는데요. 최근 업데이트 많이 되고 모임들도 많아져서 좋아요. 점점 바뀌어가고 있고 UI도 보기 편하게 깔끔해서 20-30대가 사용하기 좋은것 같아요!,1,7.4.3,2026-07-30,recent,https://play.google.com/store/apps/details?hl=ko&id=kr.munto.app
4aa64b52-1812-4a02-9247-90a53184b92f,5,2026-04-11T01:24:03+00:00,"문토를 통해서 새로운 사람들도 만나고 좋은 추억도 남길 수 있어서 좋은 것 같습니다. 덕분에 재밌는 활동들도 많이 하고, 친한 친구도 만들어서 만족스럽게 이용중입니다. 앞으로도 자주 이용할 것 같아요!",3,7.4.3,2026-07-30,recent,https://play.google.com/store/apps/details?hl=ko&id=kr.munto.app
56174bf9-fc03-4970-bf9f-e6251ba9db27,5,2026-04-10T13:52:25+00:00,좋은 인연 만났습니다,0,7.4.3,2026-07-30,recent,https://play.google.com/store/apps/details?hl=ko&id=kr.munto.app
b653b501-ad91-49a0-bef4-eb3080a12c3d,5,2026-04-10T13:16:59+00:00,처음에 지인 추천해서 어플 사용해봤는데 생각보다 더 체계적이고 좋은 거 같아요!!,0,7.4.3,2026-07-30,recent,https://play.google.com/store/apps/details?hl=ko&id=kr.munto.app
b4a1e061-7fb5-4c60-8eaa-d613297fb9d3,5,2026-04-10T13:07:19+00:00,"문토 어플 추천 받아서 다운해봤는데 생각보다 주제도 많구 재밌는 모임들이 많아서 좋아요 공통 관심사 기반이라 처음 보는 사람이어도 대화가 어색하지 않은 점이 좋았습니다. 취향 비슷한 사람들끼리 모이다 보니 공감대 형성도 자연스럽게 되는 느낌이에요. 가볍게 참여해도 부담 없고, 이야기 나누다 보면 시간 가는 줄 모르겠더라고요. 새로운 사람 만나고 싶을 때 부담 없이 쓰기 좋은 앱이라구 생각해요 ㅎㅎ",1,7.4.3,2026-07-30,recent,https://play.google.com/store/apps/details?hl=ko&id=kr.munto.app
080e897f-6569-48c5-8d54-58c0d3008cea,5,2026-04-03T23:30:02+00:00,평소에 깊은사고와 질문을 거의 안하다보니 일의 효율성도 떨어지고 밋밋한 일상을 보내고 있었는데 이번 강연을 통해 나자신을 돌아보며 부족한 점을 발견하고 개선 방향을 잡을수 있어서 좋았어요 매우 유익하고 흥미로운 시간이었습니다,0,,2026-07-30,recent,https://play.google.com/store/apps/details?hl=ko&id=kr.munto.app
868b024c-ca31-42ae-a461-91f75ef0294f,4,2026-04-03T07:43:36+00:00,멤버 검색이 불가능해진게 아쉬워요,0,7.4.2,2026-07-30,recent,https://play.google.com/store/apps/details?hl=ko&id=kr.munto.app
7db89d06-fbfc-4a77-9257-7c1e53f2c097,3,2026-03-24T07:35:21+00:00,잘 사용하다가 갑자기 요즘 소셜링 알람이 안뜸. 알람 설정 확인해봤고 앱 재설치도 해봤는데 효과없음. 계속되는 취향인연 프로필 네트워크 오류.,0,7.4.1,2026-07-30,recent,https://play.google.com/store/apps/details?hl=ko&id=kr.munto.app
02ade739-1735-4cff-92d5-faf94155b012,1,2026-03-18T07:03:17+00:00,"문토를 좋아했고 잘 사용했지만 몇가지 문제점이 너무 많아서 삭제 했고 꼭 개선되었으면 하는 부분이 있습니다. 1. 호스트들의 노쇼가 너무 많다. 호스트들이 벙을 열고 전날 갑자기 본인이 아프다거나 당일에 못 오는 사람이 너무 많습니다. 본인들이 소셜링을 열고 사람들이 다 시간 빼고 스케줄 빼고 그날 비웠는데 당일에 말만 전하고 노쇼하는 '호스트' 들이 너무 많습니다. 시간이 아까워요 2. 유료 소셜링중에 '호스트 수고비' 이거는 없었으면 좋겠습니다. 유료 소셜링중에 노쇼비 이런거는 이해 합니다만 호스트 수고비는 이해가 안됩니다. 다 같이 놀고 재밌게 한건데 호스트 수고비 2만원, 만오천원 받는 사람들이 있습니다. 솔직히 다 개나소나 돈 받으려고 어떻게서든 유료로 요즘은 다 전환해서 솔직히 정이 떨어지네요. 3.알림 개선 알림은 너무 올때도 있고 안 올때도 있습니다. 그래서 못 봐서 못온 사람도 있고요 취소된 경우도 많습니다. 참 애정이 간 어플이지만 두번 다시는 설치 안할게요",6,,2026-07-30,recent,https://play.google.com/store/apps/details?hl=ko&id=kr.munto.app
6bacec1e-111c-4e73-8874-061ca0ec22d7,1,2026-03-03T00:59:22+00:00,이렇다할 모임도 없고 무조건 유료참여인듯함.,1,7.3.9,2026-07-30,recent,https://play.google.com/store/apps/details?hl=ko&id=kr.munto.app
a598739b-77aa-46f0-8564-ef34ebbf4663,1,2026-02-21T09:39:52+00:00,"관리가 거의 안되는 신뢰할 수 없는 플랫폼 결제 완료 후 모임 측 사유(인원 마감)로 참석이 불가해졌습니다. 참여자가 자발적으로 당일 취소한 경우와, 모임 측 사유로 참석이 불가한 경우는 책임 주체가 다릅니다. 그럼에도 동일한 환불 불가 기준이 적용된다는 안내를 받았습니다. 환불이 “호스트 동의”에만 의존하는 구조는 공정하고 상식적인 기준으로 보이지 않았습니다. 플랫폼을 믿고 이용했음에도 문제가 발생하면 결국 소비자가 그 부담을 고스란히 떠안아야 하는 구조처럼 느껴졌습니다. 상담 답변도 한 시간 이상 소요되었고, 그 과정에서도 명확한 해결 방향을 제시받지 못해 실망스러웠습니다.",23,7.3.8,2026-07-30,recent,https://play.google.com/store/apps/details?hl=ko&id=kr.munto.app
2f485d64-e5fb-43dc-a04d-f163fc332e2e,1,2026-02-14T05:42:57+00:00,인증번호 요청했는데 오지도 않네 신뢰가 떨어지는 어플이라더니.역시였네 대단하다 진짜,2,,2026-07-30,recent,https://play.google.com/store/apps/details?hl=ko&id=kr.munto.app
9a7ac466-3755-43ce-830a-3575b5224557,1,2026-02-12T11:08:53+00:00,"!유료모임비와 취향인연에서의 사탕구매로 적어도 7만원 이상 지출한 호구의 깨달음! 유료모임은 정말 취미 비슷한 사람들 만나보고 싶어서 나가는 거면 한 번쯤 추천. 여자친구나 남자친구 만들 생각으로 시작하는 사람들이 상당할 것 같은데 본인 경험으로는 정말 예쁘거나 잘생기거나 말재간이 좋거나 흡연을 하는 거 아니면 많이 어렵다고 느낌. 마지막으로, 취향인연은 발도 들이지 말 것!!! 대부분 봇이거나 사용 안 한지 오래된 유저들도 전부 추천목록에 뜨게 만들어놔서 사탕 낭비하게 만드는 구조임...ㅠ 나처럼 피보는 사람이 없기를 진심으로 바라며... 난 너무 늦게 깨달은 듯...",5,,2026-07-30,recent,https://play.google.com/store/apps/details?hl=ko&id=kr.munto.app
7045eec6-4367-4ed5-9ca8-2cb78d202abd,2,2026-02-12T03:09:41+00:00,결재라인의 오류인지 결재 마무리가 안됩니다.,0,7.3.7,2026-07-30,recent,https://play.google.com/store/apps/details?hl=ko&id=kr.munto.app
b2d3c8e8-7070-497b-ada9-172f05d707dd,5,2026-02-10T11:20:39+00:00,앱을 통해 취미도 같고 좋은분들 많이 만났네요!,0,7.3.5,2026-07-30,recent,https://play.google.com/store/apps/details?hl=ko&id=kr.munto.app
ea2624ce-8b08-48c4-a874-52fe0d1d5778,1,2026-02-02T03:54:45+00:00,가계정만 졸라많고 돈 벌 궁리만 하는 사람들만 많음,4,7.3.5,2026-07-30,recent,https://play.google.com/store/apps/details?hl=ko&id=kr.munto.app
c57ac06b-ab4f-4f2c-b8fd-c6be479a8cf9,3,2026-02-01T08:03:06+00:00,전북전남은 머가되는게하나도읍네요,0,,2026-07-30,recent,https://play.google.com/store/apps/details?hl=ko&id=kr.munto.app
7d86394a-3fe2-4371-b1df-c281b4fea91a,3,2026-01-23T09:20:55+00:00,계정정보가 안들어가져요 삭제했다가 다시 깔아도 그런데 뭐때문에 그렁거에요?,0,,2026-07-30,recent,https://play.google.com/store/apps/details?hl=ko&id=kr.munto.app
6acc62f3-cd27-448f-9f45-2523396e579c,3,2026-01-22T06:13:48+00:00,카톡채널에서 환불 문의하고 아무리 기다려도 답변이 없네요. 카톡으로 문의하는게 맞을까요?? 좀 더 상세한 설명 있으면 좋을것 같습니다.,0,7.3.3,2026-07-30,recent,https://play.google.com/store/apps/details?hl=ko&id=kr.munto.app
d3f455cc-d5af-47ba-b827-3b8327b4eec0,1,2026-01-07T05:10:59+00:00,보드게임 무료소셜링으로 열었다가 정지먹음...,1,7.3.0,2026-07-30,recent,https://play.google.com/store/apps/details?hl=ko&id=kr.munto.app
54253b55-b286-4349-835d-80f2363d5116,2,2026-01-04T05:58:10+00:00,"5일 이상 여유있는 날짜의 모임은 없는데 한번 신청하면 3일전부터 환불불가인게 개별로에요. 고객센터는 환불원하면 호스트 동의받아오라고 하고 호스트는 어플 규정대로 3일 전까지만 환불해준다고 하고,,,독감걸려서 모임에 못나가게 됐다는데도 환불은 안된대요. 참석을 못하는데 돈은 내라니? 걍 삥뜯는거 아닌가요? 돈은 내가 냈는데 나한테만 너무 불리해요. 모임 신청할 땐 3일간 그 어떤 천재지변과 개인사정이 생기지 않도록 주의하세요~내가 죽었다고 해도 환불안해줄 어플임. 소개팅기능인 취향인연은 타 어플들보단 물이 좋은데 본인 사진인지 검증안해서 타인 사진 도용한 사람도 있고, 어플 오류도 심해요. 제가 관심 보낸 사람 중에 저한테 안뜨는 사람도 있는데 고객센터는 보낸 사람 목록에서 확인하라고만 하고. 채팅 알림와서 들어가보면 없는 채팅방이라고 뜰 때도 많아요. 어플 껐다켜야 다시 보이고. 차단한 사람 채팅방은 지워졌는데 그 사람이 보낸 채팅 알림이 계속 와요.",17,7.2.1-rc.2,2026-07-30,recent,https://play.google.com/store/apps/details?hl=ko&id=kr.munto.app
0f0c0b8e-889f-457f-b057-c7889c66226a,1,2026-01-03T10:11:36+00:00,아니 취향인연 이거 프로필깔때마다 캔디소모하는건 좀 아니지않나요? 돈에 미쳤네 진짜,2,7.2.1-rc.2,2026-07-30,recent,https://play.google.com/store/apps/details?hl=ko&id=kr.munto.app
5ea12bb6-f063-478b-9c33-46b3d3079e84,2,2026-01-01T22:20:47+00:00,안녕하세요 문토를 다시 설치했는데 시작 화면에서 멈춰있고 안 넘어갑니다. 어떻게 조치하면 되나요??,0,7.2.1-rc.2,2026-07-30,recent,https://play.google.com/store/apps/details?hl=ko&id=kr.munto.app
36cbffe9-efe8-4790-a174-2d28add8e241,1,2025-12-28T08:52:26+00:00,어플이 안 열려요!,2,7.2.0-rc.3,2026-07-30,recent,https://play.google.com/store/apps/details?hl=ko&id=kr.munto.app
21a01e53-8875-4a7b-9b87-d80ac7f1cc8a,1,2025-12-27T14:30:16+00:00,가까운 지역에 모임이 없을뿐만 아니라 회원탈퇴 과정도 복잡하게 되어 있어 비추합니다...,0,,2026-07-30,recent,https://play.google.com/store/apps/details?hl=ko&id=kr.munto.app
436f3788-e491-43b6-a2ff-a95c2a8465c0,1,2025-12-20T03:43:14+00:00,결제오류 자주나는앱,1,7.1.4-hotfix.2,2026-07-30,recent,https://play.google.com/store/apps/details?hl=ko&id=kr.munto.app
b1f16084-4d73-4cfb-86a6-e2009e7beefa,4,2025-12-11T14:15:24+00:00,처음 깔고 아직 모임에 안가봐서 어떨지는 모르겠어요 그래서 별1개 뺐어요 문토 앱 자체는 간편하고 쉽게 볼수 있어 좋은것같아요 담에는 모임까지하고 후기 남길게요,0,7.1.2,2026-07-30,recent,https://play.google.com/store/apps/details?hl=ko&id=kr.munto.app
2296bda2-54a9-4fe7-9328-b3d06f344027,5,2025-12-11T12:13:27+00:00,만족도 조사 해달라는데 저만 탭이 안보여요 왜 안보이는비 알려주세요,0,7.1.2,2026-07-30,recent,https://play.google.com/store/apps/details?hl=ko&id=kr.munto.app
517e17a3-454e-4198-914e-bc781eddcb5f,5,2025-12-10T04:55:46+00:00,앱 가입이 쉽고 시스템이 원활해서 이용하기 편리합니다~!,0,7.1.2,2026-07-30,recent,https://play.google.com/store/apps/details?hl=ko&id=kr.munto.app
1ed06e08-5d46-4104-adef-216c526a38cf,5,2025-12-09T14:36:41+00:00,"유료 모임에도 나가보고 호스트 경험도 있습니다. 취향이 맞는 멤버를 만 날 수 있어서 좋아요. 너무 한쪽으로 쏠리지 않게 다양한 사람을 만날 수 있게 많은 소설링이 열릴 수 있게 애써주시면 좋겠습니다. 가볍게 계절별로, 요일별로 함께할 수 있는 모임도 있고 자기계발할 수 있는 모임도 있어서 유용해요. 제가 호스트 할 때 멤버의 솔직한 문토 경험을 들었었는데, 첫 소셜링이 굉장히 중요한 것 같더라구요. 첫 소셜링이 별로라서 이탈했다가 정말 오랜만에 왔다는 분들이 있었어요. 신규 회원에게 관심사별로, 카테고리별로 조금이라도 검증된 모임을 첫 모임으로 추천하는 게 문토에게도 좋을 거라고 생각합니다. 활발한 신규 회원 모집으로 다양한 멤버를 만날 수 있게 해주세요! 앞으로가 더 기대됩니다. 파이팅 응원해요!",6,7.1.1-rc.1,2026-07-30,recent,https://play.google.com/store/apps/details?hl=ko&id=kr.munto.app
5ba1d817-80b2-4c17-a2ed-0c1571594ec3,5,2025-12-08T19:06:18+00:00,"어느덧 문토를 사용한지 3년이 넘어가네요 😀 예전보다 확실히 더 다양한 카테고리의 소셜링이 많아진 것을 느낍니다. 원데이 소셜링뿐 아니라, 문토내 다양한 클럽이 있어 취향이 맞는 분들끼리 지속적으로 볼 수 있는 기능도 있어 좋은 것 같아요. 요즘은 파티형 소셜링이 대세인지 관련 소샬링이 많이 노출되어 조금은 아쉽지만, 문토만큼 다양하고, 클린(온도 제도)한 앱은 찾기 힘든지라 어느새 제 일상이 되어버린 앱이 되었네요. 앞으로도 좋은 방향으로 흘러가 대중문화에 앞장서는 앱이 되길 바랍니다!:)",5,7.1.1-rc.1,2026-07-30,recent,https://play.google.com/store/apps/details?hl=ko&id=kr.munto.app
9d3c7d90-2611-4418-9df6-69a6227f917d,5,2025-12-08T07:40:57+00:00,"다양한 분들과 다양한 활동들이 많아서 좋아요! 날짜, 주제별로 선택해서 추천받을 수 있으니까 참여하기도 수월합니다!",38,7.1.1-rc.1,2026-07-30,recent,https://play.google.com/store/apps/details?hl=ko&id=kr.munto.app
6a8443aa-af57-49f1-9883-ea73ea42d1db,5,2025-12-08T01:32:36+00:00,"타지 살아서 사람만나기가 어려웠는데, 문토 어플통해서 다양한 분들이랑 취향 공유를 할수있어서 좋았어요!",0,,2026-07-30,recent,https://play.google.com/store/apps/details?hl=ko&id=kr.munto.app
00cb961b-6b3b-418a-830d-ebeef7a31838,5,2025-12-07T11:00:23+00:00,"친구한테 추천받았었어요! 처음에는 긴가민가했는데 첫모임부터 너무 재밌었어요. 다른 어플을 써본적은 없지만 이어플은 진짜믿고쓰고있습니다. 처음으로 다른 친구한테 추천한 어플이에요. 원하는 요일이랑 날짜,위치로 편하게 선택가능하구 원하는 모임류만 참가하다보니 전 만족도가 매우 높아요!! 이제는 한번쯤은 제가 직접 모임열어보고 싶네요ㅎㅎ",1,7.1.1-rc.1,2026-07-30,recent,https://play.google.com/store/apps/details?hl=ko&id=kr.munto.app
9964d709-79c9-489d-9d31-f939e3ffa22f,5,2025-12-06T16:48:34+00:00,문토는 심심하거나 친구 만들고 싶을때 애인 만들고 싶을 때도 이용하기 좋은 소모임 어플입니다 지방사람들은 이용하는 사람이 적어서 아쉬워서 한번 씩 서울에서 모임을 찾아 참여합니다 모임하면서 연애 이야기 관련 모임이였는데 제가 그렇게 썸이 긴지 몰랐습니다. 덕분에 알게 되어서 좋았고 연애 프로그램처럼 하는 모임은 좋은 기억이 ㅜ 그래두 다른 모임도 많으니까요 여러분도 잘 이용하셔서 좋은 추억 가져가셨으면 좋겠습니다,2,7.1.1-rc.1,2026-07-30,recent,https://play.google.com/store/apps/details?hl=ko&id=kr.munto.app
6867eb9f-9dec-44a8-938b-3f3f0e215bc8,5,2025-12-06T09:22:01+00:00,이벤트겸 참석하게 되었습니다! 전반적으로 정말 모임에 있어서 좋은 어플이고 정말 추천드려요 1.장점 : 다양한 모임에 사람들을 만날 수 있다. 그리고 호스트님이 꾸준하게 책임지고 관리하는 부분이 좋다. 얼리버드 혜택으로 확실히 미리 준비하는 사람에게 혜택이 있다. 이후 평점관리를 하는데 피드백이 반영되어 시스템이 개선된다. 2.개선필요점 : 가끔씩 모임을 많이 참여하다보면 중복되게 만날 수 있는 경우가 있는데 사전에 확인할 수 있는 부분이 보강되면 좋겠다.,1,7.1.1-rc.1,2026-07-30,recent,https://play.google.com/store/apps/details?hl=ko&id=kr.munto.app
efa1e1f9-6008-45bc-844a-1ccaa55dc525,5,2025-12-02T16:55:33+00:00,내 취향에 맞는 모임들을 쉽게 찾을수 있다는 것이 최대 장점인것 같습니다. 앞으로도 자주 이용하려고요~,0,7.1.1-rc.1,2026-07-30,recent,https://play.google.com/store/apps/details?hl=ko&id=kr.munto.app
0a22e2c1-7141-417b-a4fe-f9f32e82254f,4,2025-12-02T14:25:41+00:00,취향인연에서 친구 수락했는데 채팅을 할 수가 없어요 ㅠㅠㅠㅠㅠㅠㅠㅠ 취향인연 친구 목록 어디에도 안보여요...,0,7.1.1-rc.1,2026-07-30,recent,https://play.google.com/store/apps/details?hl=ko&id=kr.munto.app
b1126274-6b96-426e-82f9-d29a60cdd2ac,5,2025-12-02T13:51:12+00:00,"문토를 시작하면서 제일 처음 참여한 모임이 바로 ‘베이킹 클래스’였어요. 사실 오븐도 제대로 다뤄본 적 없는 완전 초보였는데, ‘나도 내가 만든 빵 냄새로 하루를 채워보고 싶다’는 마음 하나로 신청했죠. 첫 수업에서 무화과를 잘라 장식하는 순간이 있었는데, 어떻게 잘라야 할지 고민하며 손을 우왕좌왕하니까 옆자리 분이 본인꺼를 보여주며 “이 정도면 딱 좋아요!” 하고 웃어주던 그 말 한마디가 정말 힘이 됐어요. 덕분에 긴장이 풀려서 그날 만든 무화가크림치즈가 제 인생 첫 번째 ‘내 손으로 만든 케이크’가 됐고, 그 따뜻한 분위기 덕분에 베이킹이라는 취향을 진짜로 좋아하게 되었어요. 문토에서는 단순히 수업을 듣는 게 아니라, 내가 좋아하는 걸 발견하고, 그 과정에서 사람들과 자연스럽게 연결되는 경험을 할 수 있었어요. 요즘은 일상을 채우는 소소한 행복이 필요한데, 문토에서 만난 베이킹이라는 취향 덕분에 평범한 평일저녁, 주말도 특별한 하루가 되었어요. 개인적으로 너무 애정합니다^^",0,7.1.1-rc.1,2026-07-30,recent,https://play.google.com/store/apps/details?hl=ko&id=kr.munto.app
3b6475fc-f4c6-4572-a869-804cd8ea9221,5,2025-12-02T11:40:04+00:00,덕분에 1년 넘게 꾸준히 좋아하는 취미의 모임에 참여하고 있어요. 좋네요😃😃,0,,2026-07-30,recent,https://play.google.com/store/apps/details?hl=ko&id=kr.munto.app
6ae46e12-7cc4-4102-9831-89fa43460d4a,5,2025-12-02T11:36:17+00:00,유료소셜링이 많아진 만큼 활성화가 잘 되어 너무 좋다고 생각합니다 앞으로 더 다양한 소셜링이 생기면 좋겠습니다 하지만 취미나 사람간의 교류 로 인한 친목 위주가 아닌 소개팅 어플이 되어 가는거 같아서 좀 안타깝긴 합니다,1,7.1.0-rc.4,2026-07-30,recent,https://play.google.com/store/apps/details?hl=ko&id=kr.munto.app
770962db-2fe6-4ed1-a5e2-9941cc2f1a2a,4,2025-11-30T06:59:41+00:00,"안녕하세요 이벤트 때문에 리뷰 남깁니다. 1. 장점 - 다양성/술 모임이 많은 건 맞지만 사실 다른 모임에 비교해보면 꽤 다양한 모임이 있는 건 사실 같아요. 저 같은 경우에는 #비건 #더나은세상을만들고싶어요 를 거는데 이게 앱 자체에 있다는 지점에서 다른 앱과 차별화되는 지점 같습니다. 2. 장점 - UI/모임 특색이 한눈에 보이고 인기 모임의 글을 보기 편해서 좋아요. 3. 단점 - 스팸/한 모임 뒤로 스팸 및 과도한 플러팅이 DM으로 쏟아지고 있습니다. 디엠 필터 기능이 있으면 좋겠어요. 4. 제안 유료 소셜링인 걸 알지만 모임비 지원, 소액 모임이 생겨야 앱 유저들의 분위기가 변질되지 않고 오래갈 듯합니다. 문토에서 처음 알게 된 건요, 제가 처음 보는 분들과 농담이나 게임도 즐겁게 나눌 수 있다는 거예요. 혼성 모임이 많이 유해하지 않다는 것도 배웠고요. 그곳에서 만난 분들과 여전히 교류 중! 최근에는 거기서 뵌 사진작가님께 사진을 배우고 있어요. 한 해 동안 즐겁게 썼어요",7,7.1.0-rc.4,2026-07-30,recent,https://play.google.com/store/apps/details?hl=ko&id=kr.munto.app
a61f86f0-accf-4372-8724-cd64c2bedbd4,5,2025-11-29T14:30:28+00:00,문토로 여러 활동을 하면서 일상이 더욱 즐거워졌어요. 앞으로도 좋은 모임들이 더 많이 생겼으면 좋겠어요.,0,7.1.0-rc.4,2026-07-30,recent,https://play.google.com/store/apps/details?hl=ko&id=kr.munto.app
4695788a-dcc1-4f87-b5a7-c76241f05175,5,2025-11-29T12:03:12+00:00,여기는 모임하면서 새로운 사람 만나기 좋아요 전 연애도 찐친도 여기서 만났어요. 친구들은 4년째 만남 이어가고 발이 넓어 지는 것 같아 좋아요.,0,7.1.0-rc.4,2026-07-30,recent,https://play.google.com/store/apps/details?hl=ko&id=kr.munto.app
ca575d96-1326-496a-9fae-032b410468af,3,2025-11-28T11:21:00+00:00,문토로 파티나 술모임 가시는분들 아셔야할것이 있습니다. 네 알바있습니다. 참석합니다. 어딘지 누군지는 의미가없습니다. 알바에 성별은 여자만 해당됩니다. 물론 엄청난 존잘이거나 인지도가 높은남자분이면 무료초대도 하겠지만..술모임 거기서 거기입니다 친목 동호회나 친목모임보단 덜 빡세지만 그래도 자주가는건 비추합니다.,7,7.0.4-rc.2,2026-07-30,recent,https://play.google.com/store/apps/details?hl=ko&id=kr.munto.app
c259de67-e37c-410a-9874-46d937af0752,5,2025-11-28T02:08:34+00:00,모임 플랫폼 중에서 접근성이 좋고 신청 절차가 간단해서 자주 사용하는 것 같습니다 어느새 모임으로만 300회가 넘는 3년이란 시간이 흘렀네요! 다만 게스트에게 캐시백 같은 혜택 같은 것들이 좀 있었으면 합니다.,0,7.1.0-rc.4,2026-07-30,recent,https://play.google.com/store/apps/details?hl=ko&id=kr.munto.app
c23917a3-e379-4f5e-b66a-e395992c8c01,4,2025-11-28T01:48:41+00:00,드로잉 클래스와 베이킹 클래스 등 아기자기 한 클래스들 좋아하시면 추천드립니다! 좋아하는게 뭔지 잘 파악하고 활용하시면 좋은 앱이에요!,0,7.1.0-rc.4,2026-07-30,recent,https://play.google.com/store/apps/details?hl=ko&id=kr.munto.app
c6152b90-4601-4caf-8173-00d405209a8b,5,2025-11-27T23:46:23+00:00,문토 어플을 통해 다양항 사람들을 만나서 즐거운 활동을 할 수 있어 좋았습니다. 앞으로도 계속 이용할 것 같아요,0,7.1.0-rc.4,2026-07-30,recent,https://play.google.com/store/apps/details?hl=ko&id=kr.munto.app
39353040-bcdf-483d-8aef-0964fbde2a29,5,2025-11-27T11:37:34+00:00,"소모임, 당근, 오픈채팅 수많은 모임들을 나가봤지만 이런 어플은 없었습니다.. 문토 소셜링에서 친해진 친구들이 취미생활과 결이 잘 맞아서 오히려 학창시절 친구들보다자주 봐요😂 솔직히 저만 알고 싶어서 친구들에게 알려주고 싶지 않은 어플이에요(진심..) 재테크, 문화생활 등 정말 다양한 종류의 소셜링들이 있어서 알찬 주말 혹은 퇴근 시간을 보낼 수 있어요🤓 딱 한가지 아쉬운 점은 제가 스무살 때 이 어플이 있었더라면 더 재밌고 풍족한 인생이 되지 않을까 싶어요 ! 이런 어플 만들어주셔서 감사할 따름,, 앞으로도 알차게 잘 이용할게요~!💖❣️ ps. 덕분에 취향인연도 잘 이용중입니다><",3,7.1.0-rc.4,2026-07-30,recent,https://play.google.com/store/apps/details?hl=ko&id=kr.munto.app
9129de67-966d-4cb5-a00a-ffb642e7319d,1,2025-11-27T06:07:46+00:00,"고객센터 운영시간 중에 연락해도 몇 시간이나 답변 안오는 일이 잦고 아예 안읽고 다음날로 넘기는 날도 있어요ㅠ 너무 답답해요. 그리고 최근에 취향인연이라는게 오픈해서 기대했는데 보니까 다른 소개팅어플처럼 하루에 몇 명 프로필 주고 매칭해주고 프로필 더 보려면 결제하고 이런 거더라고요;; 문토 가이드에 1대1매칭 금지라고 되어있고, 소개팅 어플이 되지 않겠다고 여기 플레이스토어 리뷰에 답글도 다셨던데,, 본인들이 직접 소개팅 어플처럼 운영하시니까 이용자 입장에서는 이게 뭔가 싶네요. 여러 분야 모임들 구경하는 재미로 들어갔던건데 아예 온라인소개팅 매칭 어플로 가버리니 좀 안타깝습니다. 그리고 호스트 리뷰보고 가세요. 수준 이하의 인성으로 운영하는 호스트, 참여자 돈으로 술먹고 지인들 불러 놀려고 모임 여는 호스트, 여기저기서 모객해와서 참여자마다 다 참여비가 다른 모임들,, 제발 당하지 마세요.",9,,2026-07-30,recent,https://play.google.com/store/apps/details?hl=ko&id=kr.munto.app
46e64ea5-92c9-4650-a007-ae28bf30dcd1,2,2025-11-19T14:46:46+00:00,"아직 개선되지않고있는데 소셜링에서 책정하는 ""호스트수고비""는 대체 무슨 명목으로 뜯어가는지 모르겠습니다. 그리고 노쇼방지비? 는 돌려주는건지 이런 것도 금액적으로 호스트들 장난하는것도 아니고 그냥 돈장난하는 것 같습니다",4,7.0.6-hotfix.1,2026-07-30,recent,https://play.google.com/store/apps/details?hl=ko&id=kr.munto.app
47b54b84-d6a2-4099-9b43-72ca89c27fd1,1,2025-11-16T03:51:09+00:00,회원 탈퇴를 앱에서만 가능하게 해둬 불편함. 오랫동안 서비스 안쓴사이 소개팅앱이 되버려 탈퇴하려고 간만에 로그인했는데 앱을 받아야만 탈퇴가 되다니.. 참 마지막까지 이상한 서비스.,0,7.0.5-rc.1,2026-07-30,recent,https://play.google.com/store/apps/details?hl=ko&id=kr.munto.app
09c336dc-e261-4232-90c4-27be6e7ab4af,1,2025-11-12T10:53:38+00:00,파티나 모임은 절대 가지말기를 추천. 파티 참석율 70%가 호스트들이고 처음오는 사람들은 당황스러운 경험을 하게 될거임. 여기 시스템이 참 안좋은게 파티 당일 3일 전까지 환불 자체를 안해줌. 이게 호스트들끼리 본인들만의 파티를 할수 있게하는 가장 큰 이유인거 같음. 아무것도 모르고 참여하는 사람들은 그냥 모르는 사람들 꽁술 사주는 시스템임.,3,7.0.5-rc.1,2026-07-30,recent,https://play.google.com/store/apps/details?hl=ko&id=kr.munto.app
5ec098a6-9f4e-4456-97de-ae3a8ef55fbe,5,2025-11-10T07:43:45+00:00,최고의 소모임,0,7.0.4-rc.2,2026-07-30,recent,https://play.google.com/store/apps/details?hl=ko&id=kr.munto.app
7e92c376-c67f-4936-8e8b-1cf56174039e,1,2025-11-07T07:27:58+00:00,강제업데이트좀안되게해라잉,0,6.2.8-rc.1,2026-07-30,recent,https://play.google.com/store/apps/details?hl=ko&id=kr.munto.app
80f369de-4ab7-41db-bfcb-fba08adb5bc3,1,2025-11-04T02:13:01+00:00,"1.소개팅 술모임이지 이게무슨 취향이같은친구를 찾는모임어플인가 싶을정도로 변질됨 2.돈벌어야되는건 알겠지만 1번으로느껴지게 죄다비싼 술모임만 윗쪽에 편성해놔서 일부 진짜.취지에맞는소셜링은 찾으려면 바닷가에서 진주찾기수준 3.1,2의 이유로 유져가 이탈하는데,딱히 신규모집 의지도안보이고, 만났던사람끼리만 보게되니 친목으로 외부이탈 되서 유져 또나감 4. 카톡하지말라면서 채팅방 사진전송오류쩔음 5.홍보톡난무해서 사람들이 채팅알림꺼서 모임채팅도안보게됨 6.고객센터전화가아예없다는것 자체가 소통의지없음",22,7.0.4-rc.2,2026-07-30,recent,https://play.google.com/store/apps/details?hl=ko&id=kr.munto.app
872d3faa-ae10-4dc3-bfb2-4cb7a37b6e61,3,2025-11-03T09:38:37+00:00,셔플링 등록하고 싶은데 관심지역 선택 가능한 항목이 없어서 등록을 못했어요 🥲,0,7.0.4-rc.2,2026-07-30,recent,https://play.google.com/store/apps/details?hl=ko&id=kr.munto.app
c2603b67-2b66-4b54-b98b-ad52127bfd8e,5,2025-10-30T05:39:11+00:00,"약 4년 간 문토를 이용했습니다. 다양한 분야의 사람들과 인연을 맺을 수 있어 좋았습니다. 나름 문토의 개국공신(?)이라 자부하며 활동했고 문토의 흥망성쇠를 지켜봤습니다. 몇 가지 제언을 드립니다. 1. 문토에서 나이를 속이는 사람이 상당히 많습니다. 당근모임처럼 연령대 등 호스트가 알 수 있게 하거나(최소), 본인인증을 통해 해당 나이 구간만 지원할 수 있게 했으면 합니다. 2. 문토는 50만 명 이상의 가입자(2년 전 데이터이니 지금은 더...)와 시리즈A투자를 받은 전도유망한 기업입니다. 문토가 가진 장점은 ""문화로 토론하고 서로를 알아가는"" 외로움 문제를 해결하는 사회문제해결형 소셜벤처라고 생각합니다. (지원공모연계 3. 2번과 관련, 이재명 대통령의 취임사 5가지 중 4번째였던 ""문화가 꽃피는 나라""가 있었죠. 사회문제해결뿐만 아니라 박진영 위원장을 대표로 하는 대중문화교류위원회가 출범한 만큼 내년 정부예산 중 예술분야는 50퍼센트 증감이 사실상 예정되어 있습니다.",0,7.0.0-rc.1,2026-07-30,recent,https://play.google.com/store/apps/details?hl=ko&id=kr.munto.app
12eefb59-380f-4db5-b5cf-eee5b4e65c61,1,2025-10-29T03:17:33+00:00,소셜링 내용이 갑자기 바뀌어서 환불요청을 하였으나 시스템상 환불이 되지않고 카카오 고객문의도 답이없어요 해결해주세요,0,6.2.9-rc.1,2026-07-30,recent,https://play.google.com/store/apps/details?hl=ko&id=kr.munto.app
936c3080-ceca-47ca-9bce-745e27ca3bd4,1,2025-10-21T01:11:19+00:00,카카오톡으로 5초만에 시작하기 하면 전화번호 인증시 이미 가입되어있다고 뜨는데 막상 로그인하려면 계정이 없다해요 재가입도 안되고 로그인도 안되고 비번찾기도 안되고 아이디 찾기도 안되고... 해결 부탁드려요,0,6.2.9-rc.1,2026-07-30,recent,https://play.google.com/store/apps/details?hl=ko&id=kr.munto.app
efd4ce94-11df-404f-8211-ca3579f5f219,1,2025-10-17T10:50:38+00:00,참석자인줄 알고 봤더니 스탭이 참여자인척 참석하는게 너무 많습니다..인기있어보이려는거 이건 뭐 제재 안하나요???,1,6.2.9-rc.1,2026-07-30,recent,https://play.google.com/store/apps/details?hl=ko&id=kr.munto.app
98c3a6df-4ee1-419d-876b-d7965ad09947,1,2025-10-14T04:12:52+00:00,"이메일로 가입 되었다고 비밀번호 입력하면 가입 된 내역이 없다면서, 아이디 찾기 하면 그 이메일 나오고 계속 반복되는데 확인 부탁드려요",0,6.2.8-rc.1,2026-07-30,recent,https://play.google.com/store/apps/details?hl=ko&id=kr.munto.app
38bb76c8-ab63-43c4-9e37-08a3d1886e59,1,2025-10-02T06:17:55+00:00,"모임 오는 사람 중에 범죄자도 있어요... 운영은 진짜 못하고, 별 한개도 아깝습니다.",0,6.2.8-rc.1,2026-07-30,recent,https://play.google.com/store/apps/details?hl=ko&id=kr.munto.app
f732d595-1fcd-40d1-a32d-fd96f1d237d4,5,2025-10-01T09:23:08+00:00,다양한 모임과 클래스를 짬날때마다 잘 이용하고 있습니다~ 한 가지 아쉬운 점은 필터에서 카테고리 복수선택이 가능해지면 좋겠어요 2-3개의 카테고리를 모아 보고 싶은데 하나만 선택하거나 전체적으로 보니까 찾기 어려운 점이 있어요~,3,6.2.8-rc.1,2026-07-30,recent,https://play.google.com/store/apps/details?hl=ko&id=kr.munto.app
1057ecdb-b132-49f5-9c95-8f608c875d40,1,2025-09-29T00:45:59+00:00,"꽤 오래 사용했는데 요즘 너무 무의미하고 다 비슷비슷한 술파티로 뒤덮여 있어요 차단해도 끝이 없고 질 나쁜 모객 메시지도 너무 많이 와서 짜증나요,,, 파티나 소개팅 같은 건 좀 따로 묶어서 필요한 사람만 이용하게 했으면 좋겠어요 여기서 사람들 만날 때마다 문토가 변질됐다는 얘기 공통적으로 나오는데... 더 깔끔하고 건전한, 색다른 체험 위주의 어플이 있다면 그 어플을 사용할 거 같아요",22,6.2.6-rc.3,2026-07-30,recent,https://play.google.com/store/apps/details?hl=ko&id=kr.munto.app
ee1dcd52-6531-4f6e-acf3-5674031dd562,1,2025-09-15T02:36:03+00:00,"오류가 난무하고, 빠른조치가 이뤄지지 않음. 서비스에 대한 수수료를 많이 부과하는데 그만한 서비스가 없음. 일방적인 통보방식의 갑질 운영. 별점 1개도 아까움",2,6.2.5-rc.1,2026-07-30,recent,https://play.google.com/store/apps/details?hl=ko&id=kr.munto.app
8384c8ae-decb-46cb-a0a7-0a21bb69917a,3,2025-09-04T04:41:30+00:00,"서울, 경기권에 집중되어 있음",2,6.2.3-rc.1,2026-07-30,recent,https://play.google.com/store/apps/details?hl=ko&id=kr.munto.app
d882f5f9-1389-4646-92d5-a5989e998598,5,2025-08-21T09:54:59+00:00,"유익한 모임들이 많고, 좋은분들을 정말 많이 뵌것 같아요 앞으로도 계속 좋은 모임들 쭉 이어갔으면 좋을것같아요!",0,6.2.2-rc.2,2026-07-30,recent,https://play.google.com/store/apps/details?hl=ko&id=kr.munto.app
d97bdec0-c3f8-45e0-b4c8-f871f96fb759,1,2025-08-19T08:42:31+00:00,과금유도 어플,1,,2026-07-30,recent,https://play.google.com/store/apps/details?hl=ko&id=kr.munto.app
333fa0a8-9135-42a7-93fa-202307f478d9,1,2025-07-30T14:38:57+00:00,아니 나만 부산쪽 안뜸? 부산 전체 경남 전체로했는데 모임 0개 다 중구 영등포구같은 서울 경기도류인데?ㅋㅋㅋㅋㅋ,1,6.1.0-rc.1,2026-07-30,recent,https://play.google.com/store/apps/details?hl=ko&id=kr.munto.app
bf527afb-b1f8-4311-9276-39d0c1807274,4,2025-07-30T00:45:09+00:00,전반적으로 좋습니다. 다만 결재내역을 지울 수 있었으면 합니다. 결재내역을 지울 수 없다면 프립처럼 탈퇴로 개인정보 삭제 후 재가입이 좀더 원활했으면 합니다. 현재는 탈퇴 후 30일이 무조건 지나야 해서요 개선된다면 별 5개로 바로 바꾸겠습니다. === 25.07.30 === 별 2개에서 4개로 변경했습니다. 추후에 개선할 수 있으면 해주세요,9,6.1.0-rc.1,2026-07-30,recent,https://play.google.com/store/apps/details?hl=ko&id=kr.munto.app
c428dbfe-5850-4342-9dae-a98c07c8d6f9,5,2025-07-20T14:07:54+00:00,경험을 토대로 좋습니다 화이팅 😊,2,6.0.2,2026-07-30,recent,https://play.google.com/store/apps/details?hl=ko&id=kr.munto.app
9671e7fb-95fa-4ddc-8de4-5fed25e46211,5,2025-07-09T01:48:55+00:00,좋아요,0,6.0.2,2026-07-30,recent,https://play.google.com/store/apps/details?hl=ko&id=kr.munto.app
aae3eb44-aedd-4533-9300-b425dfdbb883,1,2025-07-08T08:17:07+00:00,몇년간 이용하면서 불편한 점이 너무 많습니다. 채팅창이 쌓이면 새로운 메시지가 안 들어오거나 클럽 결제시 결제일이 지나도 결제수단을 수정할 수 없는 오류 등 전체적인 개선이 필요해 보여요. 특히 오류나 문의사항에 대해 서비스 담당자들과 소통이 매우 어려운 점이 가장 크리티컬 합니다. 전날 메시지를 남겨놓아도 다음날 제대로 된 답변이나 해결책 (해결책이 아니더라도 대화라도...) 등을 듣기 어려워 간단한 문의임에도 몇일 이상 소요되는게 아쉽네요. 이용자로서 좋은 방향으로 개선되면 좋겠습니다!,11,6.0.2,2026-07-30,recent,https://play.google.com/store/apps/details?hl=ko&id=kr.munto.app
0ebc861e-85cc-4da9-bac3-5a92c40a26d1,1,2025-07-07T14:38:18+00:00,죄다 서울 기준으로 추천해줄거면 도대체 지방은 뭣하러 입력하게 해놓은거임?,0,6.0.2,2026-07-30,recent,https://play.google.com/store/apps/details?hl=ko&id=kr.munto.app
e525deee-d648-4599-af2a-ab772d4105e3,1,2025-07-06T08:23:08+00:00,본인인증사용자만 메시지 보낼 수 있게하는 기능은 좀 아닌거같아요 요즘 인증 같은거 하기 꺼려지는경우 많은데 인증 없이 메시지 보낼 수 있게 바꾸어주었으면하네요 소셜링 열때도 너무불편해요,9,6.0.2,2026-07-30,recent,https://play.google.com/store/apps/details?hl=ko&id=kr.munto.app
b69adba9-ee4b-44a5-9511-01a96569f4ef,1,2025-06-26T01:20:06+00:00,다들 문토 안쓰는 이유가 있네용 프립으로 고고,1,6.0.1,2026-07-30,recent,https://play.google.com/store/apps/details?hl=ko&id=kr.munto.app
968ad7aa-9b19-4465-84c2-8f7f43ddd039,1,2025-06-22T06:58:40+00:00,"최소인원 안모이면 당일 모임 1시간전까지 취소할수도, 취소여부를 알수도 없음 대기하다가 시간날려도 보상도없고, 그렇다고 인원모이기 전에 취소가 되는것도 아님",1,5.20.6,2026-07-30,recent,https://play.google.com/store/apps/details?hl=ko&id=kr.munto.app
2451194e-4dc0-40fd-bfd9-2f2702a89fe9,1,2025-06-16T14:28:06+00:00,분명 이전엔 진짜 동네친구만들고 새친구랑 여행 가는 느낌이었는데... 지금은 연애앱 그 이상도 이하도 아닌.... ㅠㅠ,2,5.20.6,2026-07-30,recent,https://play.google.com/store/apps/details?hl=ko&id=kr.munto.app
3f6da756-ab1e-4832-8f55-3d2f9425d9e4,2,2025-06-08T03:28:46+00:00,필터링이 잘적용안되서 불편해요,0,5.20.6,2026-07-30,recent,https://play.google.com/store/apps/details?hl=ko&id=kr.munto.app
9a086154-2dc5-41c0-ac2a-4c6417e10e6f,1,2025-06-07T11:50:22+00:00,개인인증 사용자만 메시지 보내는것좀 없에주세요 인증은 좀 그렇고 모임등 메시지 개인전달할일 있을때도 불편하네요 이런거는좀 개선해주세요,2,5.20.6,2026-07-30,recent,https://play.google.com/store/apps/details?hl=ko&id=kr.munto.app
7a1a5a8a-80b5-431e-9cd8-5672f1eb9ee5,2,2025-06-06T00:22:39+00:00,그냥 서울모임 앱,2,5.20.6,2026-07-30,recent,https://play.google.com/store/apps/details?hl=ko&id=kr.munto.app
02f0fbe8-af6c-4f19-8c5e-4c9c4a2f0f04,1,2025-05-14T15:47:33+00:00,"호스트한테 소셜링 수수료는 20% 나 떼가는데 고객센터는 엉망. 전화문의는 아에 불가능하고, 카톡 고객센터는 하루가지나도 답이없음. 셀렉티드 호스트들한텐 그렇게 답 빠르다면서요? 그리고 돈벌어다주는 대형 술모임,소개팅모임은 신규가입자가 봐도 어뷰징이 판을치고 2차에서 추가금 계좌로 받는거 리뷰에 대놓고있어도 제제가없네요^^ 신입호스트는 어떻게 성장하나요? 위반가이드로 모니터링을 할려면 모두에게 동등하게 하시던가요. 정떨어집니다",6,5.20.6,2026-07-30,recent,https://play.google.com/store/apps/details?hl=ko&id=kr.munto.app
be65dcd0-e6f1-4942-8cfb-a935699b9000,1,2025-05-14T07:42:13+00:00,1. 홈페이지에서 가입만 가능하고 탈퇴 불가능. 2. 회원가입 여부를 확인하는 서비스가 없음.,0,,2026-07-30,recent,https://play.google.com/store/apps/details?hl=ko&id=kr.munto.app
c93e32de-0799-458c-8352-123d285f7614,3,2025-05-11T06:09:10+00:00,"광고에서는 분명히 그림재료 다 있어요 오셔서 그림그리고 가세요 라고 되어있는데, 광고속에 나오는 모임은 찾기 힘들고 죄다 다들 돈 내라는 모임 밖에 없네요?? 물론 돈은 보태야하겠지만 그림재료까지 살 돈은 없는데 .. 모임 회비도 2만원이상은 비싸다 생각되요. 다른사람들처럼 월급벌고 사는사람 아니다보니 ㅡ 돈 많이들어간다 하면 좀 힘든데; 돈 없이 혹은 1만원 이하 그림 모임은 없나요?? 저의 그림자랑할겸 그리고싶어서 가입한건데 !!!",1,5.20.5,2026-07-30,recent,https://play.google.com/store/apps/details?hl=ko&id=kr.munto.app
2b5c22e8-6c66-4390-97ab-d84c14f8bb69,4,2025-04-26T14:40:13+00:00,"2년 이상 이용을 해본 결과 일단 시스템 자체는 괜찮았습니다. 그러나 저의 개인적인 생각이지만 문토에서 추천모임과 비추천모임이 있는데 이는 다음과 같습니다. 먼저 추천모임은 취미생활 모임인데 특히 저는 개인적으로 운동 모임이 가장 좋은 것 같습니다. 러닝과 산책이 가장 좋습니다. 이 외에도 그림이나 음악, 영어도 괜찮습니다. 반면 비추는 사교모임인데 물론 전부 다 그럴 것이라고는 큰 오산이겠지만 지금까지 가봤던 사교모임 중 절반은 이상한 사람들이 있었습니다. 단순히 사람을 만나고 싶으셔도 사교모임 같은 경우는 추천드리고 싶지 않습니다. 일부 호스트들도 운영을 이상하게 하는 경우도 있었습니다.",43,5.2.0,2026-07-30,recent,https://play.google.com/store/apps/details?hl=ko&id=kr.munto.app
9e35f3fb-5529-4542-98df-4bea8d86f0e0,1,2025-04-21T02:31:53+00:00,오류 진짜 많습니다,0,5.20.5,2026-07-30,recent,https://play.google.com/store/apps/details?hl=ko&id=kr.munto.app
ed0eed37-9d6d-474c-a7bd-9d12e2ab786b,2,2025-04-03T14:22:57+00:00,뭔 모임이 죄다 서울이지... 하물며 상업적 목적이 너무 심함,3,5.20.1,2026-07-30,recent,https://play.google.com/store/apps/details?hl=ko&id=kr.munto.app
fe37ca5a-3600-4ab4-bb63-340ece7c0d13,1,2025-03-29T07:59:23+00:00,모임평가하면 타모임장이 그거 보고 거절함 조심하세요. 안 좋은 모임 평가도 못하네요ㄷㄷ,4,5.19.5,2026-07-30,recent,https://play.google.com/store/apps/details?hl=ko&id=kr.munto.app
5f3e9aeb-cb0f-4379-8875-32f323345fcb,3,2025-03-25T03:20:34+00:00,어플 저만 안들어가지나요??,1,5.19.5,2026-07-30,recent,https://play.google.com/store/apps/details?hl=ko&id=kr.munto.app
18353e82-e6e4-456d-88cd-ae84610dcfb2,5,2025-03-18T02:43:07+00:00,혹시 어플 설치 후 실행이 안되는데 무슨 문제일까요 ?,0,5.19.4,2026-07-30,recent,https://play.google.com/store/apps/details?hl=ko&id=kr.munto.app
b6b11f76-4dd3-40dc-83b0-f353f371ef8a,3,2025-03-17T11:44:25+00:00,로그인네이버아이디 메일삭제했더니 재가입도안되고 로그인도 안돼요ㅠ,1,5.19.4,2026-07-30,recent,https://play.google.com/store/apps/details?hl=ko&id=kr.munto.app
d870a39a-3eca-4808-b63f-70c882ee6713,3,2025-03-10T02:55:16+00:00,스플래쉬 화면이 너무 눈갱이에요..,0,5.19.3,2026-07-30,recent,https://play.google.com/store/apps/details?hl=ko&id=kr.munto.app
186d9b95-c0ac-471a-9b3c-c9dc193a2cdc,5,2025-03-09T11:40:41+00:00,소셜링의 종류가 다양해서 관심 분야의 소셜링에 참여 할 수 있어서 좋아요! 관심분야의 다양한 사람들과 이야기 할 수 있어서 좋습니다 ㅎㅎ,0,5.18.0,2026-07-30,recent,https://play.google.com/store/apps/details?hl=ko&id=kr.munto.app
96eee692-e6b7-4f8c-a093-041ff5775fda,2,2025-03-08T01:37:11+00:00,필터에서 나이제한이 없는곳에 지원해도 나이때문에 승인거절되는 부분은 개선되어야 하겠습니다. 그거 좀 상처받네요,0,5.19.3,2026-07-30,recent,https://play.google.com/store/apps/details?hl=ko&id=kr.munto.app
f54da279-6df6-4bbb-87f2-dfdac5ffaafa,5,2025-02-23T05:59:33+00:00,좋은 사람들도 혜택도 많아서 굿굿,0,5.19.3,2026-07-30,recent,https://play.google.com/store/apps/details?hl=ko&id=kr.munto.app
8c70f5bc-3ed0-49f4-b108-2b9d529a6f4c,5,2025-02-22T00:56:07+00:00,나이제한이 많아서 안좋긴하지만 그래도 좋습니다,0,5.19.3,2026-07-30,recent,https://play.google.com/store/apps/details?hl=ko&id=kr.munto.app
7d7fd792-e1cc-4536-9bac-c535c858b11e,3,2025-02-10T15:02:00+00:00,어느날부터 갑자기 사진을 첨부하려 사진 버튼을 누르면 사진 및 동영상이 계속 중지됨이라도 뜨네요.. 다른 app 에서는 잘 되는데...,1,5.19.1,2026-07-30,recent,https://play.google.com/store/apps/details?hl=ko&id=kr.munto.app
9c58d871-b1ee-4af1-908b-538ad2b6c4ab,4,2025-02-02T00:14:42+00:00,좋아여. 서울은 모임 굉장히 많네요,0,5.18.1,2026-07-30,recent,https://play.google.com/store/apps/details?hl=ko&id=kr.munto.app
bf0d467d-ffd8-406d-a86a-64572cc0c188,3,2025-01-25T13:23:22+00:00,"소셜링 검색시 가격 선택 기능이 추가되면 좋겠습니다. 언젠가부터 문토에 상업적인 모임이 너무 많아졌는데, 너무 터무니없는 가격의 소셜링도 많아져서 거르는 기능이 있었으면 좋겠네요. 그외에는 아직까지는 괜찮은 앱인것 같습니다.",8,5.18.1,2026-07-30,recent,https://play.google.com/store/apps/details?hl=ko&id=kr.munto.app
ab77f404-6021-4782-93eb-0c9627e48d90,2,2024-12-23T12:41:03+00:00,서울공화국이란 말 답게 사는곳이 서울 아니면 뭣도 안나옵니다. 오로지 서울 사람들만을 위한 느낌,2,5.16.9,2026-07-30,middle,https://play.google.com/store/apps/details?hl=ko&id=kr.munto.app
c4ed0cab-99c6-42cd-aca3-19a5563d82ca,1,2024-12-23T05:03:42+00:00,사진 업로드가 불편하네요 인스타나 카톡처럼 사진업로드가 간편해졌음 좋겠네요 일일히 들어가서 찾는건 좀 아닌거 같네요,1,5.16.9,2026-07-30,middle,https://play.google.com/store/apps/details?hl=ko&id=kr.munto.app
6140f3c4-07f2-4eaf-8ed0-5fe1d4308d69,4,2024-12-09T03:31:19+00:00,주의할점은 이런 어플을 통해 신천지인들이 포교활동할 수 있다는겁니다.,1,,2026-07-30,middle,https://play.google.com/store/apps/details?hl=ko&id=kr.munto.app
02779a28-00cb-4d7d-8869-6d07b60cc298,2,2024-12-07T20:18:41+00:00,너무 지저분하고 복잡함...스크롤은 왜이렇게 내려야하며..너무 뭐가 많아서 공부까지해야 하는 어플..추천 소셜링 클럽 챌린지가있는데 밑으로 내리면 또 소셜링이랑 챌린지가 있음..읭? 왜 똑같은게 두개있지? 스크롤 내릴필요없이 그냥 추천 소셜링 누르는거만 있으면좋겠음,1,5.16.4,2026-07-30,middle,https://play.google.com/store/apps/details?hl=ko&id=kr.munto.app
0b4bd56c-9645-4a79-b2bd-ade39fcf9952,4,2024-12-01T13:37:42+00:00,소셜링 좋은 것들이 많아요! 근데 운영진께 하고 싶은 말이 있어요. 자꾸 소셜링 참여에 본인 인증하라고 하지 말아주세요. 정말 좋은 뜻으로 참여하는 거지만 개인정보보호하고싶은 사람들도 많거든요.,0,5.16.4,2026-07-30,middle,https://play.google.com/store/apps/details?hl=ko&id=kr.munto.app
80854650-b260-425d-bb8a-3cfdcfa1479d,5,2024-11-28T18:03:13+00:00,너무 좋아요 다른 사람들을 만나서 같이 활동및 자유의 시간을 보낸다는게,0,5.16.2,2026-07-30,middle,https://play.google.com/store/apps/details?hl=ko&id=kr.munto.app
ffda048c-2fde-4e98-958a-f9fd0c375e1d,5,2024-11-25T10:28:00+00:00,굿!,0,5.16.2,2026-07-30,middle,https://play.google.com/store/apps/details?hl=ko&id=kr.munto.app
8643062f-3961-44eb-bc43-8528cface62e,1,2024-11-18T17:35:57+00:00,문토는 20-30대만을 위한곳 같음. 40대 미혼도 많은데 처음부터 지금까지 철저히 배제하고 있음. 소모임은 충분히 다 커버하고 있는데 이부분 때문에 더 성장하기가 어려워보임.,2,,2026-07-30,middle,https://play.google.com/store/apps/details?hl=ko&id=kr.munto.app
3f11beb7-6db0-4aee-bb0d-592c6e737320,5,2024-11-14T11:17:44+00:00,이거 재밌어오,0,5.16.0,2026-07-30,middle,https://play.google.com/store/apps/details?hl=ko&id=kr.munto.app
5353ab18-4be7-4e34-99e3-b44cfb6437d4,2,2024-11-11T07:03:58+00:00,잘 이용하고 있는데 접속 오류가 발생되는거 같아요. 재설치를 해도 오류가 계속되네요,0,0.17.1,2026-07-30,middle,https://play.google.com/store/apps/details?hl=ko&id=kr.munto.app
10d636cc-7e2d-4ac6-acbb-91f7686ca564,5,2024-11-08T09:23:15+00:00,굿,1,5.16.0,2026-07-30,middle,https://play.google.com/store/apps/details?hl=ko&id=kr.munto.app
404f3a6a-d8c8-408b-8985-19f387710f9b,4,2024-10-15T11:48:54+00:00,"유저분들의 기본적인 존중이 깔려있는 문화가 참 좋습니다. 소셜링 기능이 매우 활성화 되어있고, 소개팅, 파티, 게임 위주의 콘텐츠가 다양합니다. 다만, 자기계발이나 챌린지는 콘텐츠 수도 적고, 마케팅적으로도 비활성화 되어 보입니다. 챌린저스 앱의 챌린지 기능이 약화되는 추세이니, 문토에서 챌린지 기능을 잘 활용하면 더 많은 유저 확보와 튼튼한 입지를 가질 것이라 생각합니다. 소개팅, 파티 앱으로 변하지 않도록 적절하게 조절하면 좋겠습니다!",25,5.14.1,2026-07-30,middle,https://play.google.com/store/apps/details?hl=ko&id=kr.munto.app
785e38db-c7fe-4427-a1f3-d0fde6b20106,5,2024-10-14T07:04:05+00:00,가장 좋은 클래스 제공 어플,1,5.14.1,2026-07-30,middle,https://play.google.com/store/apps/details?hl=ko&id=kr.munto.app
4c37f7cd-ec77-495c-a306-746f67be7cf1,4,2024-10-14T01:25:28+00:00,모르는말이많고 좀 복잡..,1,5.14.1,2026-07-30,middle,https://play.google.com/store/apps/details?hl=ko&id=kr.munto.app
a9d5df4a-0011-4ccd-ae9f-b66927ed6ed6,1,2024-10-13T12:07:23+00:00,"문토에서 공식적으로 연 모임(셔플링 소셜링)을 참여하였는데, 조만 편성해주고 자유롭게 만났습니다. 가장 친근하게 나온 팀에 기프티콘을 준다며 사진을 보내라고 가이드를 주시더니, 별도 개인 통보없이 사진을 이후 광고 목적으로 사용하십니다. 고객센터를 통해 내려달라고 수차례 요구 했으나 해당팀에 전달했다는 말뿐 실제로 정정은 되지 않네요. 별거 아니라 느낄수 있지만 개인정보를 함부로 다루는 플랫폼에서 더이상 활동하고 싶은 생각이 안듭니다^^ 비슷한거 많으니 다른거 쓰세요",23,5.12.0,2026-07-30,middle,https://play.google.com/store/apps/details?hl=ko&id=kr.munto.app
ecee749c-9152-4595-85dd-0399b2893b0b,5,2024-09-25T14:23:39+00:00,소모임과 문토가 양대산맥인 것 같음. 그런데 소모임은 10년도 넘은 것 같고 문토는 2년 정도 넘은 거 같아서 그런지 아직 소모임이 이용자 수가 더 많은 것 같음. 유저인터페이스 UX를 보면 비교할 수 없을만큼 문토가 세련되었음. 개인 체감상 한 20년 정도의 기술력 차이가 있는 것 같은 느낌임. 그리고 문토는 꼭 모임에 가입하지 않아도 1회성으로 참여가능한 소셜링 기능이 제1의 주요기능임. 사람들이 아직 이걸 모름. 이런 앱을 주저하는 이유가 어디 가입을 해서 의무와 부담을 갖게 될까봐인 것 같음. 문토에서 모임가입이 필요없는 1회성 소셜링 기능에 대해서 광고를 좀 뿌려야 1번 앱으로 성장 가능하리라고 봄.,74,5.14.0,2026-07-30,middle,https://play.google.com/store/apps/details?hl=ko&id=kr.munto.app
845998de-7c4d-4b9e-bf29-3443da592dd2,1,2024-09-23T09:09:29+00:00,호스트 소셜링 관련 안내 오류가 있었다고 하는데 글쎄요. 리뷰보니깐 고객센터도 신뢰가 안가는데요. 문토 잘 애용했었는데 신뢰도 떡락으로 삭제합니다. 다시는 안깔것같아요. 참가비 어쩌고.. 리뷰 말대로 돈만 생각하시는 것같고 문토측에서 실수 있었다고 하니 책임 지셔야죠. 말로만 죄송하다그러면 돈이 나오나요? 없던게 되나요? 기분 상할대로 다 상했는데 진정성도 안느껴짐 . 긍정적 리뷰에 비해 부정적 리뷰가 한달 이내로 꾸준히 올라오던데 이제 왜 문토를 써야하는지 도통 모르겠네요,2,5.14.0,2026-07-30,middle,https://play.google.com/store/apps/details?hl=ko&id=kr.munto.app
b811b88b-bcff-47b6-8736-76f2adc87367,1,2024-09-22T03:24:38+00:00,"본인위주로 비즈니스가 중요해서 참여자에게 책임감없는 호스트, 한번보고 끝나겠지라는 식으로 참여자를 호구로 쓰는 개념없는 호스트들. 소셜링이라고? 사람 개개인을 존중하는것보다 소자본 사업놀이꾼들 많습니다. 호스트가 뭐 되는 마냥 쉽게 행동하는데, 그에 비해 참석자는 불공평해서 언짢아지더라도 참아야하는 웃긴 일도 있음. 감정소모하고 피해보면 답도 안나옴. 존중하는 개념은 커녕.. 참석한 시간,돈을 고맙게 여겨주지 않는 호스트들에게 우리 시간,돈 주지마세요. 다신 문토 안쓸듯ㅠㅠ",7,5.12.0,2026-07-30,middle,https://play.google.com/store/apps/details?hl=ko&id=kr.munto.app
db0b214e-66de-47bf-afdb-c5940526f35d,1,2024-09-19T13:10:48+00:00,"앱 알림도 제대로 안 와서 사용자가 수시로 들어오거나 지웠다 다시 깔아야하고 상단엔 죄다 이익나는 파티만 뜨게해서 돈 버는 앱. 셀렉티드라고 전문성 떨어져도 앱에 돈 벌어다주는 호스트들(죄다 소개팅 파티같은 거) 선정해서 퀄리티 떨어지고 돈 아까운 소셜링만 남았고 개성있고 오래된 호스트들은 다 떠났고 이용자는 점점 줄어서 오래가봤자 1,2년이거나 아님 고여서 그들만의 세상이거나. 자체 발전따윈 없는데다가 사용자들 의견은 무시하고 인스타, 소셜 홍보에만 투자하는 앱 여기 앱 평가만 봐도 이미 행태가 눈에 보이는데도 그저 눈앞의 20프로 수수료만 보는 운영",5,5.14.0,2026-07-30,middle,https://play.google.com/store/apps/details?hl=ko&id=kr.munto.app
c1437b46-5a00-4a8f-8177-41d3e5fa61c7,4,2024-09-11T11:48:06+00:00,광고 푸쉬 알림 끄기 설정해도 계속 오는데 (심지어 광고도 같은 내용으로 계속 옵니다) 어떻게 해야되나요?,0,5.13.2,2026-07-30,middle,https://play.google.com/store/apps/details?hl=ko&id=kr.munto.app
1484779f-41a1-4a6a-bbaa-2b535c2033ad,5,2024-09-11T10:13:42+00:00,"소모임,클래스 취미대로 모임을 할 수도 있고 주말,당일 모임 할 수 있어 좋아요",1,5.13.2,2026-07-30,middle,https://play.google.com/store/apps/details?hl=ko&id=kr.munto.app
b56c2426-ae24-43a6-a2a9-c0a5fe3ef138,5,2024-09-11T07:54:03+00:00,이어플을 통해 같은취미를 가지고 관심있어하는 분야의 새로운사람들을 만날수있어서 만족하며 잘사용하고있어요!,1,5.13.2,2026-07-30,middle,https://play.google.com/store/apps/details?hl=ko&id=kr.munto.app
296e17b6-fcf5-42c2-92aa-504d375ecb5a,4,2024-09-06T22:03:21+00:00,왜인지 모르겠는데 로그인이 안 돼요 아직 회원가입밖에 안 했는데..,0,5.13.2,2026-07-30,middle,https://play.google.com/store/apps/details?hl=ko&id=kr.munto.app
7c0b8af9-73a4-4d72-b66c-8f0269527864,1,2024-08-23T19:01:04+00:00,모임이 잘 취소되는거 같아요,1,,2026-07-30,middle,https://play.google.com/store/apps/details?hl=ko&id=kr.munto.app
d26391c8-80b8-4828-ba98-32e8004fccaa,1,2024-08-19T19:28:51+00:00,사용자가 많지 않는거 같아요 뵙던 사람들만 계속 보이고요~ 뭔가 가족 모임이 된거 같아요,6,5.13.1,2026-07-30,middle,https://play.google.com/store/apps/details?hl=ko&id=kr.munto.app
b77f0bc4-2f24-4a7a-b510-4b8fbe240405,4,2024-08-14T08:18:31+00:00,"이 앱에서 재테크 공부를 본격적으로 시작할 수 있게되어 정말 도움이 많이 되었습니다...만, 발열로 핸드폰 AS를 받았는데 제일 큰 원인이 이 앱이라고 하더라고요. 상태를 보기위해 당분간 삭제를 해둘까 합니다. 이런 일이 제 폰만 해당되는 문제가 아니라면 개선 업데이트를 해주시면 정말 좋을 것 같습니다~",9,5.12.0,2026-07-30,middle,https://play.google.com/store/apps/details?hl=ko&id=kr.munto.app
11524da8-4f91-4810-9383-66f61f17fb6e,3,2024-08-08T23:13:15+00:00,"일단 가장 먼저 말하고 싶은건 메세지 알람이 안떠요 그러고선 카톡으로 유도하면 벌점먹고,,, 알람문제먼저 해결해야하는 부분 아닐까요??",0,5.12.0,2026-07-30,middle,https://play.google.com/store/apps/details?hl=ko&id=kr.munto.app
9d1e03b2-a547-465b-9582-95d821d062ce,1,2024-08-07T22:50:23+00:00,어차피 소개팅 어플이면서 동회회 끼워파는거임 들어가보면 전부 남녀만남 뿐,7,,2026-07-30,middle,https://play.google.com/store/apps/details?hl=ko&id=kr.munto.app
876ef997-f231-494b-ac38-c2c3b4c52b2d,5,2024-07-18T14:08:37+00:00,다양한 사람을 만날수있어서 아주 좋아요!,1,5.9.2,2026-07-30,middle,https://play.google.com/store/apps/details?hl=ko&id=kr.munto.app
41e2e9e3-df80-4695-96b6-6cc606b73e45,5,2024-07-14T02:21:25+00:00,넘나 유용하게 좋은 모임 참여하고 있습니다. 웹버전에서도 모든 기능 쓸 수 있도록 해주세요. 그래야 편하게 글 작성할 듯합니다.,1,5.10.2,2026-07-30,middle,https://play.google.com/store/apps/details?hl=ko&id=kr.munto.app
61bf50aa-90bf-4b85-84ed-5f61759caf97,5,2024-07-13T12:26:33+00:00,재밌게사용하고 있어요,1,5.9.2,2026-07-30,middle,https://play.google.com/store/apps/details?hl=ko&id=kr.munto.app
61858fbb-d3b5-49f3-9bc2-1bff1a012d4c,5,2024-07-09T00:16:23+00:00,좋은 어플입니다!,1,5.10.0,2026-07-30,middle,https://play.google.com/store/apps/details?hl=ko&id=kr.munto.app
abe5251b-958b-482c-b58f-807421266725,3,2024-07-06T09:58:46+00:00,앱 자체의 기능은 휼륭하고 모임도 많이 열립니다 다만 요즘은 동네 모임이라기보단 그냥 사람 많이 땡겨서 돈벌려는 호스트가 더 많아지고 문토 시스템 자체도 이에 유리해서 나아질 기미가 없네요..... 인원이 많아지면 소개팅인줄 알고 꼬이는 사람들 때문에 피곤합니다.... 참가자 동의도 없는 모임 인원 변경은 환불 100퍼센트 사유로 충분하지 않을까요? 사람 냄새나는 소규모 모임 기대하다가 감당도 못할 인원 불리는 호스트들 보고있으면 한숨만 나옵니다....,5,,2026-07-30,middle,https://play.google.com/store/apps/details?hl=ko&id=kr.munto.app
c8091dab-c0b2-4437-a42d-1a7448cbd3c8,5,2024-07-05T07:37:45+00:00,다양한 연령대의 많은 분들을 만날 기회는 정말 좋은 것 같아요.,1,5.10.0,2026-07-30,middle,https://play.google.com/store/apps/details?hl=ko&id=kr.munto.app
893f785f-c6e8-4f24-9d4c-577ac0e819b1,1,2024-06-23T15:27:22+00:00,"호스트 평가는 건너 뛰고 바로 게스트 평가로 넘어갈 수 있게 수정해주세요. 호스트 평가를 해야지만 넘어가는데, 별점 낮은 것도 아니고 4개만 줘도 바로 스태프 포함해서 갠톡 폭격함. 게스트들은 좋았는데 호스트랑 스테프만 탓하고 싶어도 갠톡으로 별 압박 다 당하고. 나도 나쁜사람 되긴 싫은데 싫은 모임에 좋다고 할 순 없으니까 호스트 평사 건너뛰고 게스트만 평가할 수 있도록 바꿔주세요.",7,5.9.2,2026-07-30,middle,https://play.google.com/store/apps/details?hl=ko&id=kr.munto.app
8068a2d0-2e5b-44dd-be96-f2063622203e,1,2024-06-08T06:43:45+00:00,"최악입니다. 하지마세요. 일단 환불규정 정확히 보시고 신청하길 바래요. 그냥 돈벌겠다고 하는사람들많고 개인간의 욕설, 폭언해도 계정탈퇴하면 아무것도 해결 안해줍니다.",6,5.7.2,2026-07-30,middle,https://play.google.com/store/apps/details?hl=ko&id=kr.munto.app
056f96a4-3fcf-40d9-956a-c3726b8caea0,5,2024-06-04T09:54:41+00:00,잘 활용하는 소셜링 플랫폼,1,5.7.2,2026-07-30,middle,https://play.google.com/store/apps/details?hl=ko&id=kr.munto.app
5c35b16c-8c03-4c0a-a263-c74cbdacdcf0,5,2024-06-04T02:44:08+00:00,다 좋은데 어플 렉이 너무 걸려요 채팅방도 사라질때가 많아서 나갔다들어와야되누요,0,5.7.2,2026-07-30,middle,https://play.google.com/store/apps/details?hl=ko&id=kr.munto.app
769d7594-afbb-42f7-88fa-b0a90a5bdacb,4,2024-06-02T09:09:20+00:00,조금복잡한거같기도,0,5.7.2,2026-07-30,middle,https://play.google.com/store/apps/details?hl=ko&id=kr.munto.app
f5401170-7613-4ad4-82ce-41b1783882d6,4,2024-05-24T03:15:28+00:00,2명이라도 서로 만나고 싶으면 쇼셜이 진행되는게 좋은데 3명이하는 강제 취소는 개선점이 필요해보입니다,0,5.7.2,2026-07-30,middle,https://play.google.com/store/apps/details?hl=ko&id=kr.munto.app
cc791f99-c376-41cc-b4dd-7b843b698488,5,2024-05-11T17:26:14+00:00,심심했는데 감사해요~ 어플 개발 좀더 합시다ㅋ,0,5.5.1,2026-07-30,middle,https://play.google.com/store/apps/details?hl=ko&id=kr.munto.app
c89c2673-0935-4a78-bd54-52c712ebed06,4,2024-05-05T15:20:09+00:00,채팅 기능이 매우 불안정함. 무한 로딩이 반복. 소셜링 전 중 후에 매우 당황스러울 때가 많음. 카톡 링크를 공유하면 경고를 때려버리고.. 그러면 채팅 기능을 더 보완하길,1,5.5.1,2026-07-30,middle,https://play.google.com/store/apps/details?hl=ko&id=kr.munto.app
54ea8039-c3a4-4502-aa91-47f77e7c4683,3,2024-04-27T10:41:42+00:00,채팅기능 오류가 너무 잦아요.. 몇 시간째 안들어가지네요 모임도착했을때 채팅에 알려준 상세주소를 못봐서 당황한적도 종종 있습니다..개선해주세요,0,5.5.1,2026-07-30,middle,https://play.google.com/store/apps/details?hl=ko&id=kr.munto.app
2f5a8346-225c-421e-9761-d40ee9b2f105,1,2024-04-27T03:41:47+00:00,"앱을 최소화할 때 메인뷰로 돌아가버리면,(특히 카카오페이 결제할 때) 결제가 안돼요... 왜 자꾸 메인뷰로 돌아가게 구현하신 건가요? 기존에 적던 신청정보도 다 날아가게..",1,5.5.1,2026-07-30,middle,https://play.google.com/store/apps/details?hl=ko&id=kr.munto.app
2eb568ba-3a0c-4f93-9fc7-3e711f843d01,3,2024-04-18T05:41:03+00:00,나이 표시가 됐으면 좋겠습니다. 또래 모임을 찾고싶은데 나이 때문에 아무데나 들어가기 망설여지고 컨텐츠가 좋은 모임이어도 결국 다른 플랫폼 이용하게 되네요.,0,5.5.0,2026-07-30,middle,https://play.google.com/store/apps/details?hl=ko&id=kr.munto.app
051e88df-372e-43ea-ab7a-805ad8645b11,1,2024-04-17T08:59:19+00:00,채팅기능이 안돼,1,,2026-07-30,middle,https://play.google.com/store/apps/details?hl=ko&id=kr.munto.app
6c0192b6-365e-4202-82cc-aa248df538f8,5,2024-04-15T08:58:49+00:00,즐겁네요^^,0,5.3.0,2026-07-30,middle,https://play.google.com/store/apps/details?hl=ko&id=kr.munto.app
cb39adf5-d5dc-4714-8904-74739471e729,1,2024-04-15T00:22:01+00:00,"실망스럽습니다. 진행도, 환불도 안되고 매끄럽지 않아요. 안되는게 많네요. 고객센터 답변도 매우 불쾌합니다. 돈 돈돈.. 너무 해요",3,5.4.0,2026-07-30,middle,https://play.google.com/store/apps/details?hl=ko&id=kr.munto.app
3a7f86e4-c534-409f-8e96-c9229279b81a,5,2024-04-11T01:08:59+00:00,응원합니다,0,5.3.0,2026-07-30,middle,https://play.google.com/store/apps/details?hl=ko&id=kr.munto.app
f1e99993-add9-4649-b5ba-f30fb15eb419,1,2024-04-09T18:51:40+00:00,그냥 방장들과 앱운영자 돈벌이 수단.. 무슨 소개팅ㅋㅋ 모임 5분씩 대화하고 끝...대부분 그럼.. 여자들 다 돈나눠갖는 알바같음! 절대 무료모임만 가세요!ㅎㅎㅎ꿀팁!,3,5.4.0,2026-07-30,middle,https://play.google.com/store/apps/details?hl=ko&id=kr.munto.app
6c548ebd-655e-42db-bf78-2cda321d6e34,5,2024-04-06T11:32:39+00:00,다양한 모임이 개설되게 홍보효과도 있었음 좋겠어욥,0,5.4.0,2026-07-30,middle,https://play.google.com/store/apps/details?hl=ko&id=kr.munto.app
328ccf42-7a44-4c1b-b2cb-bc90537ce303,2,2024-04-04T02:44:30+00:00,"업데이트 이후 카카오톡 로그인을 시도하면 ""정상적으로 로그인되지 않았습니다. 다시 시도해주세요"" 라는 메시지가 뜨는데, 왜이러는 건가요?? 로그인이 안됩니다.",2,5.4.0,2026-07-30,middle,https://play.google.com/store/apps/details?hl=ko&id=kr.munto.app
b5a5b5c9-4498-4346-8198-f9fb2ef71007,4,2024-03-27T06:53:07+00:00,편하게 모임도 만들고 좋은데 인원미달 자동페강으로 한번씩 오해가 생겨서 그 기능을 없애면 좋을듯합니다,0,5.3.0,2026-07-30,middle,https://play.google.com/store/apps/details?hl=ko&id=kr.munto.app
90a3fa4b-de4d-4def-a5b4-4949f8550a21,5,2024-03-24T07:29:37+00:00,행복한 시간이였어요~ ^^,0,5.3.0,2026-07-30,middle,https://play.google.com/store/apps/details?hl=ko&id=kr.munto.app
7a61812a-f1a5-477a-80f0-fba6e570c513,5,2024-03-23T11:43:38+00:00,써보니 좋군요,0,5.3.0,2026-07-30,middle,https://play.google.com/store/apps/details?hl=ko&id=kr.munto.app
38a0266c-3fd5-4a9c-b7cf-c08b16991fbc,1,2024-03-20T22:38:50+00:00,멜주소를 받으면 문자인증을 빼던가 둘중하나만 해야지. 문자는 오지도 않는다 문자 않오면 070 xxxx 찾으라고? 수십 수백개 중에 언제 찾음,3,5.3.0,2026-07-30,middle,https://play.google.com/store/apps/details?hl=ko&id=kr.munto.app
55497317-d42e-4d81-bad5-27bde19d6d87,5,2024-03-11T06:15:25+00:00,Let' Hang Out Together!,0,5.2.0,2026-07-30,middle,https://play.google.com/store/apps/details?hl=ko&id=kr.munto.app
0306830b-d6f6-4887-920b-68fefe9b3d60,3,2024-03-10T06:04:01+00:00,로그인이 저절로 풀려서 메세지를 다 10게 되었어요 ㅎㅎ 그룹이 파토났네요! 감사해요!!!,1,5.2.0,2026-07-30,middle,https://play.google.com/store/apps/details?hl=ko&id=kr.munto.app
2b2a1d97-70de-47cd-b0e9-f047409335df,5,2024-03-10T04:10:51+00:00,굿굿,0,5.2.0,2026-07-30,middle,https://play.google.com/store/apps/details?hl=ko&id=kr.munto.app
a4be5e26-bcf0-4289-bf21-9e338293c905,1,2024-03-09T02:37:17+00:00,거짓말 그만하시고요.모든 분들한테 정책 적용한다고 하시지 않으셨나요?정책은 모든 분들한테 적용이 안되고 있고 셀렉티드 호스트분들한테 무슨 말들을 하시는걸까요? 계속 할거고 정책 바뀔때까지 할겁니다.그만하시고 모든 분들한테 정책 적용하세요.이 앱은 사기입니다.사람 차별하고 돈만 미친 회사입니다.,9,,2026-07-30,middle,https://play.google.com/store/apps/details?hl=ko&id=kr.munto.app
2288aec9-c937-4a48-bf90-9a44bf5e7e25,5,2024-03-02T23:57:53+00:00,다양한 활동들이많아요 강추,0,5.1.1,2026-07-30,middle,https://play.google.com/store/apps/details?hl=ko&id=kr.munto.app
82574dc5-2ab9-47c4-9e38-ee48eca0e744,5,2024-02-23T04:34:01+00:00,"모임에 필요한 요소들이 적절히 잘 반영되어있고 게스트뿐만 아니라 호스트가 이용하기도 편하고 좋아요. 가끔 오류가 나서 연결이 잘 안되고, 소셜링 1시간 전에 인원미달되면 자동취소되는 점만 개선되면 더 좋을 것 같아요.(적어도 반나절 전에는 진행 여부가 결정되어야 일정조율이 가능함)",16,5.0.2,2026-07-30,middle,https://play.google.com/store/apps/details?hl=ko&id=kr.munto.app
4d856337-9746-40bc-a46e-281c45c5fd1b,1,2024-02-14T04:33:59+00:00,아니 고객센터 없나요... 로그인문제 생기면 어디다 문의하라는거죠,3,5.0.2,2026-07-30,middle,https://play.google.com/store/apps/details?hl=ko&id=kr.munto.app
17ae3ade-4d28-4d0a-bd70-f81122066eee,5,2024-02-05T05:28:15+00:00,정말 좋은 인연도 많이 만났고 가끔 다른 지방에 넘어갈 때 조건 맞고 끌리면 가볍게 참여해볼 수 있다는 점에서 너무 좋습니다. 하지만 마케팅에 좀 더 신경써 주세요. 서울/경기가 전체의 90%는 되는듯... 전남은 아예 몇달마다 하나 겨우 열리는 수준이고 전북 경남도 크게 다르지 않습니다. 그나마 광주가 좀 있긴 하지만..,0,5.0.2,2026-07-30,middle,https://play.google.com/store/apps/details?hl=ko&id=kr.munto.app
3efefba9-c98a-4238-bf62-0289ba955d4e,4,2024-01-26T00:15:41+00:00,넘편하고 새로운 이야기를 만들어나가고 좋습니다.,0,4.14.0,2026-07-30,middle,https://play.google.com/store/apps/details?hl=ko&id=kr.munto.app
5f910415-88de-4dea-8179-f23080c2d7b5,5,2024-01-18T06:36:10+00:00,건의사항 1. 채팅방 들어갈 때 안 본 부분부터 읽을 수 있는 시스템 구축해주세요 (카톡처럼) 2. 문토 내 사진 및 동영상 제대로 보낼 수 있도록 구축해주세요 3. 문토의 PC버전 만들어주세요,0,4.14.0,2026-07-30,middle,https://play.google.com/store/apps/details?hl=ko&id=kr.munto.app
c02895b5-12bc-43f7-a5d3-b96dee323a01,5,2023-12-27T16:03:01+00:00,"글을 쓸 때 붙여넣기가 안 되는 점이 불편합니다. 그래서 항상 소개글을 일일이 타이핑하고 있어요. 또 글을 누르면 글자와 글자 사이가 클릭되는 게 아니라, 마우스로 드래그한 것처럼 넓게 선택되고 또 제 맘대로 조절할 수도 없어요.",1,4.14.0,2026-07-30,middle,https://play.google.com/store/apps/details?hl=ko&id=kr.munto.app
93fad683-e30f-4fa1-a2b9-377a0af7c27d,1,2023-12-26T04:23:08+00:00,"소셜링참여하려면 참여비내야하는데 그값이 너무 비싸고 환불도 안되는경우가 있어요 원래는 문화체험, 취미 교류 콘첸츠가 많았고 다양했는데 이제는 20대후반 30대들의 이성 만남이 목적인 소개팅 주류의 컨텐츠가 많아져버렸네요",8,4.12.3,2026-07-30,middle,https://play.google.com/store/apps/details?hl=ko&id=kr.munto.app
9bf4d5bd-22ba-4be8-b014-a6603d9e99e6,3,2023-12-24T11:33:12+00:00,소셜링 검색할 때 필터에 참가비도 설정이 가능했으면 합니다,0,,2026-07-30,middle,https://play.google.com/store/apps/details?hl=ko&id=kr.munto.app
0cb6251a-85e7-4bfc-b721-bdf8fef22af6,4,2023-12-22T18:48:52+00:00,감사한어플,0,4.13.0,2026-07-30,middle,https://play.google.com/store/apps/details?hl=ko&id=kr.munto.app
34f2148b-0a5d-45c7-bd90-d58aae55800e,4,2023-12-21T17:14:50+00:00,멋진 만남이었어요~^^,0,4.13.0,2026-07-30,middle,https://play.google.com/store/apps/details?hl=ko&id=kr.munto.app
0d5a70e3-70d1-41a1-a743-4db9b2d42ac2,1,2023-12-21T09:59:52+00:00,"안녕하세요. 개발자로서 문토의 깔끔함에 박수를 치고 시작했던 유저입니다. 소셜링 운영자에 대한 규제가 너무 심한거 같습니다;; 솔직히 문토만으로 인원이 다 모여지지도 않아서 여러 플랫폼을 사용하기도 하고, 제 지인들도 가끔 참여를 종종 하는데요. 그것에 대한 규제가 심한것 같습니다;; 인원이 미달이면 미달이어서 모임을 자동으로 접어버리고, 또 인원 채우려고 다른곳에서 초대하면 그거대로 정지 먹여버리고.. 솔직히 수수료도 너무 비쌉니다. 차라리 타 플랫폼처럼 소셜링 운영자에게 어느정도의 월비용을 받고 참여자들마다 각각 수수료를 받지 않고 규제를 풀어주는 시스템이 더욱 나은것 같습니다... 진심으로 장기적으로 보고 운영을 해나가야 맞지않나 봅니다.. 사용할수록 기분이 상해서 그냥 탈퇴할까 라는 생각을 수없이 했었고.. 처음에 되게 디자인 깔끔해서 좋다 라고 생각했는데, 운영방식은 정말 갈수록 화가날정도 입니다./ 모임원들과 주변 지인에게도 문토의 운영방식에 대해 이야기해보았는데요다들불만",9,4.13.0,2026-07-30,middle,https://play.google.com/store/apps/details?hl=ko&id=kr.munto.app
ad8d1789-b95a-4e26-838a-51f9f30489cb,3,2023-12-20T07:16:37+00:00,"삼성 덱스모드에서 쓸수 있게 해야하고, 서울을 찍었으면 구별로 선택가능 기능 있어야 하고, 너무 돈독이 오르신거 같습니다. 경영진에서 정책을 손보아야 할거 같습니다. 이런식으로 너무 돈독오른 행동을 보이면 다른 어플로 사람들이 금방 갈아탈겁니다. 후기변경 덱스모드 마우스휠 설정만 변경하면 쾌적한 사용가능합니다. 스타트업이라 투자금 회수도 이해가지만 사실 수수료가 10프로 넘으면 많이 떼간다는 느낌이 드는건 어쩔수 없습니다. 개발자분들 노고가 많으십니다. 감사합니다.",36,4.13.0,2026-07-30,middle,https://play.google.com/store/apps/details?hl=ko&id=kr.munto.app
0768ffa3-39f5-4f61-895c-0467c2286539,5,2023-12-13T02:02:37+00:00,멋진곳,0,4.12.3,2026-07-30,middle,https://play.google.com/store/apps/details?hl=ko&id=kr.munto.app
807ebb5c-9169-4ad3-85ba-bd8951a6f096,1,2023-11-30T11:37:57+00:00,잘나가는 호스트는 쭉 잘나가고 후발주자는 끝없이 못나가는 빈부격차 역피라미드의 어플버전 길게 보실거면 신규 호스트들을 더 돋보이게해야될텐데 돈 되는 잘나가는 소셜링만 부각시키면 누가 호스트를 할까요? 모두가 고르게 놀수있는 놀이터를 만들어야할텐데 이미 돈의 맛을 보셔서 그런건지 개선의 의지가 없어보입니다 잘 한번 관찰해보세요 상단을 차지하는건 그들만의 리그 소개팅 소셜링은 난무하고 신규 호스트 유입이 원활하게되는지 이런 문제점을 여럿분들이 제기하는걸로 아는데 고쳐지질않으니 뭐 여기까지하겠습니다,10,4.12.1,2026-07-30,middle,https://play.google.com/store/apps/details?hl=ko&id=kr.munto.app
c888e4bf-1539-4475-9f67-01ee9e2e2943,1,2023-11-29T01:38:04+00:00,쓰레기앱,1,,2026-07-30,middle,https://play.google.com/store/apps/details?hl=ko&id=kr.munto.app
b7239be9-8bc5-47bd-bddc-780754135425,4,2023-11-28T23:17:32+00:00,누가 소셜링 좋아요 눌렀는지 조회가 안돼요... 좋아요만 무한으로 눌릴뿐...,1,4.12.1,2026-07-30,middle,https://play.google.com/store/apps/details?hl=ko&id=kr.munto.app
d0b8de2e-32a9-4e79-b427-93d3b8a93d8f,3,2023-11-26T18:07:41+00:00,여러모로 신경쓰는 건 좋은데 번거롭다는 생각도 든다,0,4.12.1,2026-07-30,middle,https://play.google.com/store/apps/details?hl=ko&id=kr.munto.app
6b5e51d7-f76e-48ab-8238-d0fe28848281,4,2023-11-20T10:20:02+00:00,왠지 모르겠는데 잘 안 하게 됨..,0,4.11.0,2026-07-30,middle,https://play.google.com/store/apps/details?hl=ko&id=kr.munto.app
f02767cd-2655-441d-bb1b-53bb75aaaff7,5,2023-11-14T01:58:40+00:00,"재밌고, 안전해요",2,4.11.0,2026-07-30,middle,https://play.google.com/store/apps/details?hl=ko&id=kr.munto.app
6ff2c8cc-ab2a-4873-bd19-76ac48f60d7d,1,2023-11-13T05:35:08+00:00,안드로이드 갤럭시 사용자인데 소셜링 후기 사진 업로드가 안되요. 권한 다 허용했는데도 안됩니다.,2,4.11.0,2026-07-30,middle,https://play.google.com/store/apps/details?hl=ko&id=kr.munto.app
f452316b-d2c9-4ca0-a1f1-ba975eb811fe,1,2023-11-13T04:07:38+00:00,"사진,저장소,카메라 접근 권한을 다줘도 권한없다고 에러를 뿜어대니.. 고가의 최신폰을 써도 프로필 등록을 못하네요. 일단 문토앱 삭제해야겠네요. 그리고 플레이 스토어에 왜 앱은 두개를 올려놔서 두번씩이나 다운로드 받게 하는건지..에러는 둘 다 똑같이 나는데.",19,4.11.0,2026-07-30,middle,https://play.google.com/store/apps/details?hl=ko&id=kr.munto.app
b463da48-4867-47a8-ab79-aa42f733983c,3,2023-11-12T00:10:39+00:00,함께할 수 있어 좋아요,0,4.10.0,2026-07-30,middle,https://play.google.com/store/apps/details?hl=ko&id=kr.munto.app
255a1f5b-6a2b-42bd-80ca-24d883f54d26,1,2023-11-05T03:32:28+00:00,지금 독서 모임 찾냐 새 독서 모임 들어라 하는 푸쉬알람 계속옵니다 지워도 지워도 계속 오네요 무슨 오류인가요 이건?,2,4.10.0,2026-07-30,middle,https://play.google.com/store/apps/details?hl=ko&id=kr.munto.app
883b6600-2744-4ed0-a788-91c6582e408e,1,2023-11-01T11:08:56+00:00,이렇게 자주 강제로 업데이트시키는 앱은 처음이네요,2,4.8.0,2026-07-30,middle,https://play.google.com/store/apps/details?hl=ko&id=kr.munto.app
b98f0294-b210-4730-95c6-93f4422ff9ac,5,2023-10-30T20:53:36+00:00,즐거운 경험을 할 수 있었어요 제 친구에게도 추천했어요 함께 문화생활을 즐기니 즐거움이 더욱 커졌습니다,0,4.10.0,2026-07-30,middle,https://play.google.com/store/apps/details?hl=ko&id=kr.munto.app
8fc8c9a8-3c37-4ce1-ab51-7c534304ca3c,3,2023-10-28T13:05:28+00:00,업데이트 후부터 지역필터링이 안먹히네요,0,4.10.0,2026-07-30,middle,https://play.google.com/store/apps/details?hl=ko&id=kr.munto.app
2673c793-da51-4318-93b5-6e879cb45f34,5,2023-10-23T01:17:22+00:00,재밌어요,0,4.9.0,2026-07-30,middle,https://play.google.com/store/apps/details?hl=ko&id=kr.munto.app
87ee1cf0-12b7-4865-ab45-ab8ce2225f78,4,2023-10-23T00:29:12+00:00,👍,0,4.9.0,2026-07-30,middle,https://play.google.com/store/apps/details?hl=ko&id=kr.munto.app
af9689d5-8f0a-43ac-b208-d5aee155fec0,5,2023-10-21T21:20:08+00:00,아주 즐겁게 잘이용중입니다,0,4.9.0,2026-07-30,middle,https://play.google.com/store/apps/details?hl=ko&id=kr.munto.app
a558cd10-f367-4870-8ef0-6244e2cca556,5,2023-10-19T16:20:43+00:00,좋아요 👍,0,4.9.0,2026-07-30,middle,https://play.google.com/store/apps/details?hl=ko&id=kr.munto.app
51029382-0c1c-49ad-aea7-29be86160747,5,2023-10-12T16:21:27+00:00,너무 좋습니다~,1,4.8.0,2026-07-30,middle,https://play.google.com/store/apps/details?hl=ko&id=kr.munto.app
462b2926-dd2b-4bbc-9af4-48824cb6333c,4,2023-09-30T00:58:16+00:00,이번 업데이트 이후로 원래 있었던 새로열린소셜링 섹션이 없어져서 좀 불편한 것 같아요 참여하고 싶은 모임들이 없을 때 새로열린 소셜링을 자주 확인하곤 했는데 없어져서 아쉬운 바입니다...,0,4.8.0,2026-07-30,middle,https://play.google.com/store/apps/details?hl=ko&id=kr.munto.app
584a4727-0644-4488-a993-0ab69c78c03c,1,2023-09-26T21:47:03+00:00,나이제한 심하게 많아 소외감 드는곳,3,,2026-07-30,middle,https://play.google.com/store/apps/details?hl=ko&id=kr.munto.app
490b6622-860c-4268-8e2f-71f89df84137,1,2023-09-24T16:18:27+00:00,결제 및 환불 내역을 소비자가 볼 수 없는 시스템,2,4.7.0,2026-07-30,middle,https://play.google.com/store/apps/details?hl=ko&id=kr.munto.app
c65dab2d-f4f9-43f9-b442-c29256752b0e,5,2023-09-18T09:18:53+00:00,무료~유료 체험 20회이상 다녀본 결과 재미있다 흥미진진하다 자신의 처신따라 만족도는 다를것이다 남자지만 남자가봐도 존잘 은근 많이본다 직업 인성 좋다 여자 미인분들 많다 잘생쁨 분들은 정말 인성도 정좋다는 말에 체감하고 고로 좋으신분들 많더라 컨텐츠는 점점 연구중인 new호스트 등장으로 느리게 조금씩 늘어나는것 같다 현재 나랑 취지& 취향이 안맞으면 무료 or 소액선(노쇼방지)에서 여러번 시도해 해보면 좋을듯 개인적으로 문토이미지를 좀더 밝은 이미지 메이킹 해줬으면 좋겠다 마치 야놀자 여기어때처럼. 만난 사람들중에서 지인 추천들어 참여했다가 많고 나 또한 추천해줄수있는 어플이다,0,4.7.0,2026-07-30,middle,https://play.google.com/store/apps/details?hl=ko&id=kr.munto.app
4db29bfe-1944-4895-a691-3ba1b06f0130,5,2023-09-15T10:38:16+00:00,넘조아,0,4.6.2,2026-07-30,middle,https://play.google.com/store/apps/details?hl=ko&id=kr.munto.app
93a670e9-885a-44ba-aa5f-7ac222cf92ba,4,2023-09-10T22:28:50+00:00,사람과 만나는게 좋음,0,4.6.1,2026-07-30,middle,https://play.google.com/store/apps/details?hl=ko&id=kr.munto.app
a7e7a883-6169-441f-8e53-a539f0488af3,5,2023-09-06T00:22:48+00:00,최고의 어플👍 최고의 서비스👍,0,,2026-07-30,middle,https://play.google.com/store/apps/details?hl=ko&id=kr.munto.app
36beea74-7cc4-46e9-9205-677c380ab429,1,2023-09-02T05:50:20+00:00,비밀번호 입력시 영문.숫자.특수문자 8자 이래도 안돼 저래도 안돼.....엄청짜증,2,4.5.0,2026-07-30,middle,https://play.google.com/store/apps/details?hl=ko&id=kr.munto.app
36524678-1175-4ec7-baec-19e959ece032,3,2023-09-01T10:14:23+00:00,좋아요,0,3.10.1,2026-07-30,middle,https://play.google.com/store/apps/details?hl=ko&id=kr.munto.app
64fe34b9-2a02-4ef8-86c8-aa1f44a793a8,1,2023-08-23T06:25:07+00:00,필터링 대전 액티비티로 설정했는데 서울만 뜨네요 대전에 없으면 없다고 하던가 필터링 기능이 신뢰가 안갑니다,3,4.4.0,2026-07-30,middle,https://play.google.com/store/apps/details?hl=ko&id=kr.munto.app
c7106a37-618e-4db8-a47f-32be2c331923,1,2023-08-23T06:20:55+00:00,엥 아니 갑자기 로그아웃 당하고 로그인이 안돼요 ..,2,4.4.0,2026-07-30,middle,https://play.google.com/store/apps/details?hl=ko&id=kr.munto.app
f207b83b-7046-4981-bbaa-90c19afb9c0b,5,2023-08-21T00:25:05+00:00,굿,0,4.4.0,2026-07-30,middle,https://play.google.com/store/apps/details?hl=ko&id=kr.munto.app
32290fd2-5a92-4cb2-bb8e-55f118bd6e1c,5,2023-08-19T22:24:13+00:00,유익한 시간이었어요,0,4.4.0,2026-07-30,middle,https://play.google.com/store/apps/details?hl=ko&id=kr.munto.app
e0cfa360-9988-4a7b-83a5-1a0e1f1530ed,1,2023-08-15T05:30:35+00:00,채팅 계속 오류뜨고 오류투성임 안정화좀 제발,2,4.4.0,2026-07-30,middle,https://play.google.com/store/apps/details?hl=ko&id=kr.munto.app
6172a348-4e86-49f1-9b6a-bedcbeb2cf79,1,2023-08-12T02:16:40+00:00,환불에 대한 규정이 말이 안됌;; 3일전부터는 부분환불도 안됌 이 서비스 다신 안씀,2,4.3.2,2026-07-30,middle,https://play.google.com/store/apps/details?hl=ko&id=kr.munto.app
006ce987-d0ba-4441-8016-9a652b6a757f,5,2023-08-01T11:44:51+00:00,문토에서 모임 참여해봤는데 새로운 사람도 만나고 관심있던 것들 함께 시도해볼수있어 좋았어요. 소셜링 열고 참여하는것 모두 간편하고 쉬워요. 추천합니다~,0,4.3.1,2026-07-30,middle,https://play.google.com/store/apps/details?hl=ko&id=kr.munto.app
caf1657d-a9ef-44d3-8913-44d4c5f07e6e,5,2023-08-01T07:14:36+00:00,"제가 가장 좋아하는 커뮤니티 서비스인 문토~! 이용 방법도 무척 편하고, 또 좋은 사람들이 많이 모인 곳이라 다양한 아이디어로 다양한 분들 만날 수 있어서 좋습니다!",1,4.3.1,2026-07-30,middle,https://play.google.com/store/apps/details?hl=ko&id=kr.munto.app
625d7bdc-972f-4036-af87-c730600102c4,5,2023-08-01T02:22:08+00:00,"반복되는 일상에서 비슷한 경험을 가진 사람들과의 익숙한 만남 속에서 나와 다른 다양한 사람들과의 새로운 경험들을 할 수 있었습니다. 그 경험들이 세상을 이해하는데에 많은 도움도 주고, 새로운 관점에서 바라볼 수 있는 기회가 되는 것 같아요~! 때론 조용하게, 때론 시끌벅적하게, 때론 진중하게.. 모임들이 정말 분위기가 다양해서 더욱 재밌는 것 같습니다😊😊",3,4.3.1,2026-07-30,middle,https://play.google.com/store/apps/details?hl=ko&id=kr.munto.app
ee44f833-4527-4800-827d-107daff201ac,5,2023-07-31T16:23:17+00:00,"일회성 모임 위주라 가볍게 만날수 있는점은 좋지만, 그만큼 어떤 사람들이 올지 몰라 위험부담이 있긴 해요. 그래도 문토측에서 이래저래 이용자들 신경써주는게 느껴져서 좋습니당! 그들이 사이비까지 걸러줄 수는 없지만 제 선에서 거르면 되니까 문제없을걸요... 아마도? ㅎㅎ",0,4.3.1,2026-07-30,middle,https://play.google.com/store/apps/details?hl=ko&id=kr.munto.app
cf3a4191-fa70-4562-8f30-aeca0a29421f,5,2023-07-31T15:18:18+00:00,처음에 가끔 일회성으로 모임이나 사람들만나는걸 하고싶었는데 문토는 그런 니즈에 딱 충족되는 플랫폼이었어요! 지금은 옛날의 문토처럼 소소하게 번개로 열어서 진행되는 소셜링이 많이 줄은것같아 아쉬워요ㅠ 전체적인 분위기도 그렇지만 유료화된부분이 큰것같네요 그래도 다양한 모임주제를 가지고 여러사람들을 만나볼수 있어서 좋은 어플인것같고 만족합니다 :),10,4.3.1,2026-07-30,middle,https://play.google.com/store/apps/details?hl=ko&id=kr.munto.app
e8d4a385-b287-4d77-a9dd-7889cbb68a3d,5,2023-07-31T09:54:38+00:00,진짜 잘 사용하고 있어요ㅎㅎ 생각치도 못한 여려종류의 모임이 있어 다양한 활동을 할수 있어 좋아요,0,4.3.1,2026-07-30,middle,https://play.google.com/store/apps/details?hl=ko&id=kr.munto.app
9a5c08c9-7600-4e9a-b982-8c3fa30e8a25,2,2023-07-30T13:30:49+00:00,어느순간부터 문토쪽에서 셀렉티드 호스트를 마구 생성하더니 유료모임말고는 이제 거의 찾아볼수 없을정도가 되었네요 ㅋㅋㅋ 그리고 다들 돈버는거에만 미쳐서 정원도 15~20명짜리 뿐 ㅋㅋㅋ 물론 문토도 운영을 위해서는 비용이 필요하다는건 알지만 지금은 다음주 소셜링 필터링 해보면 90퍼센트 이상이 선비용 내고 진행하는 유료 소셜링 ㅋㅋㅋ 온도 생기기 이전부터 했던 유저로서 진짜 실망스럽네요 ㅋㅋ,9,4.3.1,2026-07-30,middle,https://play.google.com/store/apps/details?hl=ko&id=kr.munto.app
df48d182-510e-43cf-a05b-6b8fe83ef57c,5,2023-07-30T10:14:56+00:00,다양한 사람이 관심사로 만날수 있는 만남의 장 임 재밌는 경험 많이 가능,0,4.3.1,2026-07-30,middle,https://play.google.com/store/apps/details?hl=ko&id=kr.munto.app
76ad9f5c-9f2b-4d7c-a22e-c088d5a8d2e0,5,2023-07-29T14:32:38+00:00,잘쓰고 있어요 소셜링도 되게 괜찮네요. 덕분에 가끔씩 재밌게 활동합니다.,0,4.3.1,2026-07-30,middle,https://play.google.com/store/apps/details?hl=ko&id=kr.munto.app
c51b7b61-3544-4b51-9af2-0e73d9340738,5,2023-07-29T06:18:46+00:00,"서울 구경하고 싶어서 깔았는데, 생각지도 못한 다양한 경험과 즐길 것 들이 많아서 좋았슴다",0,4.3.1,2026-07-30,middle,https://play.google.com/store/apps/details?hl=ko&id=kr.munto.app
43e391d0-90fd-48a1-8773-357b7eff0ff0,4,2023-07-27T08:02:34+00:00,너무 좋은데 왜 채팅방이 안들어가질까요?,0,,2026-07-30,middle,https://play.google.com/store/apps/details?hl=ko&id=kr.munto.app
c9e5632a-d606-4237-ae59-8a0fc7ab480e,5,2023-07-27T07:25:55+00:00,다양한 분들과 만나 즐거운 시간을 보낼 수 있어서 좋아요 ㅎㅎ 모임 종류 다채로운 것도 굿이네요 강추!,0,4.3.1,2026-07-30,middle,https://play.google.com/store/apps/details?hl=ko&id=kr.munto.app
ec27515a-702e-4ee0-a064-49d11334f437,5,2023-07-27T04:32:58+00:00,문토 주변에도 추천해요 배울 수 있는 클래스들이 있고 각 모임장들이 굉장히 적극적입니다 모임을 수익화 시킬 수 있도록 구조를 만들어 놓은게 유저들을 활성화 시키는데 도움이 되는것 같아요 추천합니다 !,0,4.3.1,2026-07-30,middle,https://play.google.com/store/apps/details?hl=ko&id=kr.munto.app
c0e3951d-97cb-49a7-b6a8-4a2b78516250,5,2023-07-25T11:14:04+00:00,다양한 모임을 계획하고 참여할 수 있어 좋아요~,0,4.2.3,2026-07-30,middle,https://play.google.com/store/apps/details?hl=ko&id=kr.munto.app
8c5e2e41-90eb-4b83-938c-59eddb25f55e,4,2023-07-24T04:02:58+00:00,소셜링을 통해 새로운 경험을 할 수 있어 좋았습니다!,0,4.2.3,2026-07-30,middle,https://play.google.com/store/apps/details?hl=ko&id=kr.munto.app
598e2289-82d4-46e3-b0a1-de720f5728c2,2,2023-07-23T16:41:20+00:00,제 명의 핸드폰이 아니라서 모임 입금을 할수가 없어요ㅜ 무통장입금 같은거나 개선해주셨으면 좋겠습니다,1,4.2.3,2026-07-30,middle,https://play.google.com/store/apps/details?hl=ko&id=kr.munto.app
c8181146-3a42-40db-926f-f09e40fe403b,5,2023-07-22T16:53:25+00:00,동호회 가입은 부담스러운데 문토는 1회성으로 자유롭게 신청할 수 있어서 좋아요!,0,4.2.3,2026-07-30,middle,https://play.google.com/store/apps/details?hl=ko&id=kr.munto.app
ac70ca75-38f8-4c16-8ae0-9af3a68fdc48,5,2023-07-21T23:59:03+00:00,짜장면,0,4.2.3,2026-07-30,middle,https://play.google.com/store/apps/details?hl=ko&id=kr.munto.app
1706b021-ba3a-4ccf-8637-4ff15a29b83f,5,2023-07-21T16:37:21+00:00,등산을 함께 하려고 들어왔다가 다양한 활동을 하고 있습니다 좋은 사람들과 함께 다양한 취미활동을 접할 수 있어서 너무 좋은 어플인것 같아요,0,4.2.3,2026-07-30,middle,https://play.google.com/store/apps/details?hl=ko&id=kr.munto.app
fdb561b3-3d56-44f4-8afa-0c39f3d98eca,5,2023-07-21T12:30:48+00:00,소셜링 플랫폼 중 가장 괜찮고 유익한 모임도 많아요,0,4.2.3,2026-07-30,middle,https://play.google.com/store/apps/details?hl=ko&id=kr.munto.app
ebf31838-8b9f-4d48-8f0a-8f2aff101728,5,2023-07-20T16:04:00+00:00,1년 넘게 문토를 잘 사용하고 있습니다. 많은 모임을 열며 좋은 분들과 좋은 취미생활 함께할 수 있어서 너무 좋습니다!,1,4.2.3,2026-07-30,middle,https://play.google.com/store/apps/details?hl=ko&id=kr.munto.app
02264b68-c9fd-4284-b669-c257723141ea,5,2023-07-20T15:32:19+00:00,완전 재밌습니다 통하는 친구들 만나 얘기도 하고 한잔하고 좋은 사람들 좋은 분위기 좋은 음식! 아는 형님에~,0,4.2.3,2026-07-30,middle,https://play.google.com/store/apps/details?hl=ko&id=kr.munto.app
c811c712-9125-4529-8569-d7eeb6b10af2,5,2023-07-20T11:13:13+00:00,"다양한 모임들이 있어 다른 분야, 나와 다른 관심사를 가진 다양한 분들을 만날 수 있다는 점이 정말 장점이에요.",0,4.2.3,2026-07-30,middle,https://play.google.com/store/apps/details?hl=ko&id=kr.munto.app
e83aae19-c799-45ae-aa19-d77666a5c1be,5,2023-07-19T22:23:19+00:00,"어플 되게 잘 사용하고 있는데, 왜 업데이트하더니, 지도 연동이 안되고 에러뜰까요? 이부분 빨리 확인해주세요",1,4.2.3,2026-07-30,middle,https://play.google.com/store/apps/details?hl=ko&id=kr.munto.app
4e3caf0e-5b38-4480-ba0d-ef517d008a6c,5,2023-07-19T22:16:46+00:00,취미 생활 어떻게 해야할지 막막한가요? 문토로 시작하세요. 일상의 즐거움을 더해줄거에요.,0,4.2.3,2026-07-30,middle,https://play.google.com/store/apps/details?hl=ko&id=kr.munto.app
6059833d-d020-4ee7-ab4c-b7e97cce76e5,5,2023-07-19T14:20:46+00:00,사용하기편하고 새롭고 좋습니다!,0,4.2.3,2026-07-30,middle,https://play.google.com/store/apps/details?hl=ko&id=kr.munto.app
edbe7bd2-e87f-4867-bfe5-98ea78c46d53,5,2023-07-19T14:18:42+00:00,다양한 모임을 참여할 수 있어서 좋습니다.하지만 여미새나 이상한사람도 많으니 조심하셔야해요,0,4.2.3,2026-07-30,middle,https://play.google.com/store/apps/details?hl=ko&id=kr.munto.app
9ffc9c35-aef9-48ef-8945-70b0373b7efe,5,2023-07-18T23:06:23+00:00,대부분 다른 어플은 소개팅이나 파티 모임이 많아서 제 취향이 아니었는데 문토는 다양한 취미 모임이 많아서 좋았어요 :) 쥐향이 맞는 다양한 사람들과 모임을 가질 수 있어서 넘 재밌는 것 같아요.^^,0,4.2.3,2026-07-30,middle,https://play.google.com/store/apps/details?hl=ko&id=kr.munto.app
93e140ed-c3fd-46d8-8b7b-16680772af13,5,2023-07-17T15:18:16+00:00,문토 꾸준히 사용하는데 다양한 분야로 모임을 만들 수 있어서 좋아요~ 자체적으로 잘 활용하면 건전하고 자기계발적인 아웃풋도 가능합니다! 화이팅,1,4.2.1,2026-07-30,middle,https://play.google.com/store/apps/details?hl=ko&id=kr.munto.app
3c9e46ee-abe9-4632-bc74-0fd5d7286086,5,2023-07-17T00:45:31+00:00,심심하고 싶지 않은 저에게 문토는 너무나 좋은 친구 선생님이 되었습니다 덕분에 매주 충만한 하루하루가 되고 주말이 기다려집니다 더욱흥하자 문토!,0,4.2.0,2026-07-30,middle,https://play.google.com/store/apps/details?hl=ko&id=kr.munto.app
c07087ea-d87e-4780-96c4-027233e51d9d,5,2023-07-16T13:43:38+00:00,친구 많이 사귀었어요. 단점- 서울 이외 지역은 사람이 많이 없어요.. 저는 의정부사는데.. 매일 멀리나가서 놀아요 힘들어..,0,4.2.0,2026-07-30,middle,https://play.google.com/store/apps/details?hl=ko&id=kr.munto.app
410896be-3c4e-417e-864b-e8a0689b73d3,5,2023-07-16T05:28:44+00:00,동네 친구 만들기 취미활동 하기에 적극 사용하고 있어요 넘 유용한 어플입니디,0,4.2.0,2026-07-30,middle,https://play.google.com/store/apps/details?hl=ko&id=kr.munto.app
abfcff4f-96c0-4515-8999-d9bf681ddd67,1,2023-07-16T02:57:07+00:00,모임이 취소가 되거나 취소를 하면 환불 절차를 진행해야하는데 그것도 아니고 탈퇴하면 그저 모임 참여 및 기록이 없다고 환불도 안해주며 매크로적인 답변만 하네요... 이정도로 별로인 어플이고 개발자들인지 알았으면 애초에 시작도 안했을텐데 참 아쉽고 어이가 없습니다,5,,2026-07-30,middle,https://play.google.com/store/apps/details?hl=ko&id=kr.munto.app
835ff61a-ae62-492b-b0b6-9dfc980514db,5,2023-07-15T15:35:33+00:00,다양한 취미활동이나 여가시간을 알차고 즐겁게 보낼 수 있어서 좋아요🤗,0,4.2.0,2026-07-30,middle,https://play.google.com/store/apps/details?hl=ko&id=kr.munto.app
63c9d705-9ab5-4aad-923d-26bc755e1269,5,2023-07-13T08:58:59+00:00,문토 안에서 소셜링도하고 클래스 경험도 하고 새로운 사람들도 만나서 아주 만족하면서 사용하고 있습니다ㅡ! 감사합니다!,0,4.2.0,2026-07-30,middle,https://play.google.com/store/apps/details?hl=ko&id=kr.munto.app
be8ee381-9322-4d53-a0c8-cc4d37fd9c9c,5,2023-07-13T05:23:08+00:00,"문토는 다른 소모임 어플처럼 많은 승인 절차가 필요하지도 않고 가입도 자유로워서 편합니다. 호스트가 게스트가 되기도 하고 게스트가 호스트가 되기도 하며 수평적인 관계를 유지할 수 있고 소셜링 수수료 부분도 다른 모임 어플들에 비해 저렴한 편입니다. 특히, 지인들이 말한 장점은 내가 참가하는 소셜링의 게스트들의.사진이나 정보 그리고 온도로 매너지수가 표시가 되어서 어느정도 어떤 사람인지 구별 할 수 있다는 점이 장점이라고 많이 얘기해주셨네요 ! 가끔 로딩이 좀 느린 것 빼고는 너무 괜찮습니다 ! 문토에서 좋은 분들 많이 만나서 취미 공유 뿐 아니라 인연이 된 사람들이 많네요 감사합니다 ♡",8,4.2.0,2026-07-30,middle,https://play.google.com/store/apps/details?hl=ko&id=kr.munto.app
ceaf3b8e-d0fb-4863-ae96-96076f1eb5fa,5,2023-07-13T05:19:35+00:00,잘쓰고있습니다.,0,4.1.2,2026-07-30,middle,https://play.google.com/store/apps/details?hl=ko&id=kr.munto.app
a172a354-155c-450e-b889-884cb0a6d08f,5,2023-07-12T23:28:10+00:00,여러가지 경험을 해볼수있어서 너무 좋은거같아요!!! 새로운 만남이라니 매번 기대되고 떨릴꺼같아요^^ 우선 사용법은 간단해서 좋네요^^,0,4.2.0,2026-07-30,middle,https://play.google.com/store/apps/details?hl=ko&id=kr.munto.app
ff5645e7-bc3d-4c75-a320-daddd9dac913,5,2023-07-12T15:36:20+00:00,문토를 통해서 여러 사람들과의 모임을 할 수 있어 즐겁습니다^^,0,4.1.1,2026-07-30,middle,https://play.google.com/store/apps/details?hl=ko&id=kr.munto.app
255293e5-7295-44a1-8941-7e30ea32ba96,5,2023-07-11T22:49:57+00:00,"모르는 사람들과 무언가를 같이 하고플 때, 혼자만의 세상에서 나와 사람들과 함께하고 싶을 때, 방법을 모른다면, 문토가 도와줄 수 있어요.",0,4.2.0,2026-07-30,middle,https://play.google.com/store/apps/details?hl=ko&id=kr.munto.app
79cc1656-82a7-4dc3-b9be-e14910bc91ad,3,2023-07-11T14:27:24+00:00,취미활동할수있어서좋아요,0,4.2.0,2026-07-30,middle,https://play.google.com/store/apps/details?hl=ko&id=kr.munto.app
e32610f4-9888-4a2c-82a0-b1cf84e2ab1d,5,2023-07-11T09:39:40+00:00,사람만나고 행복해짐,0,,2026-07-30,middle,https://play.google.com/store/apps/details?hl=ko&id=kr.munto.app
e18e06cd-5f56-46ad-9f22-e727cd02e46a,5,2023-07-11T08:56:42+00:00,덕분에 좋은 언니 동생 많이 생겼어요 잘 쓰고 있어요.,0,4.2.0,2026-07-30,middle,https://play.google.com/store/apps/details?hl=ko&id=kr.munto.app
a142b200-b1c8-4930-b9a1-96ed9c850f9d,5,2023-07-11T08:54:59+00:00,여미 남미 말고 진짜 친구 만들기 좋아용ㅎ,0,4.2.0,2026-07-30,middle,https://play.google.com/store/apps/details?hl=ko&id=kr.munto.app
609882dc-f125-4fb3-aed1-3751edb743c8,3,2023-07-11T08:33:38+00:00,최근에 깔았는데 재미져요 ㅎㅎ 다만 모임마다 다르겠지만 명시된 수수료외에 2차라고 약간 연장되면서 주류 좀 더 제공해주고 따로 돈받는게 있는 관행이 있는 것 같아 아쉽습니당 ㅠㅠ..!! 그 외 뒤로가려고 왼쪽으로 스와이프하면 연거푸 뒤뒤로 가지게 되거나 어플꺼지거나 하는 말도안되는 오류가 나서 다소 불편해요!!,22,4.1.3,2026-07-30,middle,https://play.google.com/store/apps/details?hl=ko&id=kr.munto.app
4db5802f-90fa-467c-951f-885c782bdd45,5,2023-07-10T22:40:09+00:00,"원하는 지역 원하는 테마 등으로 모임을 개최하거나 참여하기 좋아요. 최근에 3,900원 이슈가 있었지만 해결되었고 더 애용할거 같습니다. 조금 아쉬운 점은 포털사이트로 접속하였을 때 어플을 사용하고 있는 사람 한하여 로그인하고 이용할 수 있었으면 좋겠습니다. PC로 보고 싶지만 로그인할 수 없고 제한된 정보가 제공되는 점이 아쉽습니다. 개선 부탁드려요~ 🙏",2,4.1.2,2026-07-30,middle,https://play.google.com/store/apps/details?hl=ko&id=kr.munto.app
89eef3a4-8118-45ab-8884-8168f4530e14,5,2023-07-10T13:27:04+00:00,관심사에 맞는 모임 찾기 좋음. 1회성 모임이 많아 부담 없이 참여할 수 있는 것이 특히 장점. 취미/스터디/놀이 등 주제가 다양한데 사용자가 충분히 많아서 그 때 그 때 관심사에 따라서 모임 나가기 좋음. 난 오프라인 공부 모임 여러 번 나갔는데 이상한 사람 없고 친목 강요 없어서 좋았음. 워낙 오래 보다보니 나중엔 밥도 먹고 그랬지만 이건 친해져서 그런 거고ㅋㅋ 기본적으로 공부/친목/취미 등 목적별로 모임이 잘 나눠져 있어서 골라 가기 좋음,16,4.2.0,2026-07-30,middle,https://play.google.com/store/apps/details?hl=ko&id=kr.munto.app
559f83ea-1fa2-4c12-a297-eda089e0cc58,5,2023-07-10T06:19:07+00:00,이재하하호호 님의 권유로 문토를 알게되어 여러번참여 해보았는데 다양한사람들과 만나면서 많은 대화를 나누는 색다른 경험이 되어서 정말좋았어요 좋은 어플이네요 👍👍👍👍,0,4.2.0,2026-07-30,middle,https://play.google.com/store/apps/details?hl=ko&id=kr.munto.app
7e9127bd-92a8-469d-9283-ceeb13ab1f38,5,2023-07-10T02:08:33+00:00,"동호회 같은건 너무 부담스럽고(텃세, 고인물, 정기모임....) 고민이 많았는데 여기는 하루만 만나니 엄청 깔끔하고 잘 맞는 사람들 만나기 좋은것 같아요",0,,2026-07-30,middle,https://play.google.com/store/apps/details?hl=ko&id=kr.munto.app
9b5e5921-bd41-45cb-b0dd-84c5bbea46b3,4,2023-07-09T23:52:45+00:00,사람만나는건 너무좋아요 어플잘사용하고있네요 간혹 가다 신천지분들이계셔서 신원이불명하지않으면 가입이안되게해주세요!,1,4.2.0,2026-07-30,middle,https://play.google.com/store/apps/details?hl=ko&id=kr.munto.app
7a4a1dfa-2f54-4912-9a4a-7f52eb5821df,5,2023-07-09T12:59:59+00:00,내가 원하는 모임을 검색하기 쉽게 되어있어요. 덕분에 좋은 사람들 많이 만났어요!,0,4.1.3,2026-07-30,middle,https://play.google.com/store/apps/details?hl=ko&id=kr.munto.app
ac2c7f85-3ec8-464f-95ad-d0d7de67e32b,5,2023-07-09T11:55:22+00:00,"나와 비슷한 관심사와 취미, 경험을 나누는 모임은 언제나 즐거워요 문토에서 처음만난ㄷㄴ 분들과 대화했지만 대화는 너무 즐거웠고 앞으로 꾸준한 모임이 되었으면 하는 바램까지 생겼습니다~~ 문토가 더많이 소문나서 더많은분들과 함께 하면 좋겠습니다!",3,4.2.0,2026-07-30,middle,https://play.google.com/store/apps/details?hl=ko&id=kr.munto.app
865d3c13-9b85-4a16-a528-2bb679489a01,1,2023-07-09T06:58:23+00:00,"문토레기는 그룹, 개인챗을 따로나눈 데다 소통을 위한 오픈챗 공유기능을 차단시킴으로써 자체 앱의존성을 높이게 해 매우 폐쇄적이며 비효율적입니다.",3,4.2.0,2026-07-30,middle,https://play.google.com/store/apps/details?hl=ko&id=kr.munto.app
a374d4b7-4e0f-4f7f-8e4f-9b73b7b800fd,5,2023-07-08T15:39:51+00:00,취미생활부터 원데이클래스까지 반복되는 일상에 문토 덕분에 좋은 추억들 만들어갑니다. 검색기능도 세분화되어 있어 관심분야의 소셜링을 쉽게 찾을 수 있어 좋았습니다. 덕분에 좋은 사람들도 만나게 되었고요. 앞으로 성장하는 문토 계속 기대할게요!,2,4.2.0,2026-07-30,middle,https://play.google.com/store/apps/details?hl=ko&id=kr.munto.app
a051d61e-f3f5-499b-ae6a-ca7f096b2c89,5,2023-07-08T14:51:17+00:00,다양한 사람들의 경험과 배움을 나누는 경험은 너무너무 가치있는 일인데 사실 생각보다 기회를 갖기가 쉽지 않은데 문토에서 도와주니 너무너무 고마운앱이에요!!,1,,2026-07-30,middle,https://play.google.com/store/apps/details?hl=ko&id=kr.munto.app
b3019413-d6fa-416a-9c21-6e02f31761d9,5,2023-07-08T10:59:20+00:00,"사용하기 간편하고 직관적이어서 좋네요. 게릴라 온라인 모임 진행시 참여자를 미리 알고 싶어서 사용했는데 참여자의 프로필, 취향 등등을 보고 승인할 수 있어 좋았습니다",1,4.2.0,2026-07-30,middle,https://play.google.com/store/apps/details?hl=ko&id=kr.munto.app
c5cf7e3d-513c-46d6-a012-6390ed85bb8d,5,2023-07-07T08:07:28+00:00,건강한 취미 모임 어플!! 딱 이런게 있으면 좋겠다고 생각했었는데 이미 있었군요ㅋㅋㅋㅋ 사람들이 더많이 알았으면 좋겠네요,1,4.2.0,2026-07-30,middle,https://play.google.com/store/apps/details?hl=ko&id=kr.munto.app
be37512e-e95e-4acf-a869-cb627554e1c5,5,2023-07-07T06:21:02+00:00,재미있어요 사람들과 함께 취미생활 시작하기,1,4.1.3,2026-07-30,middle,https://play.google.com/store/apps/details?hl=ko&id=kr.munto.app
d67a51ef-9bad-4fec-acde-098b73875d73,5,2023-07-05T06:50:08+00:00,모임 찾기 편해요! 좋아하는 취미 취향 찾기 좋아용~~,1,4.1.3,2026-07-30,middle,https://play.google.com/store/apps/details?hl=ko&id=kr.munto.app
b6b97877-757f-4580-a553-5c17930fe2b8,5,2023-07-05T06:30:28+00:00,인스타 광고보고 왔는데 재밌네요 ㅋㅋ 취미가 같은 사람들끼리 모이는 어플이라는게 좋아요,1,4.1.3,2026-07-30,middle,https://play.google.com/store/apps/details?hl=ko&id=kr.munto.app
9251a973-41b5-4295-a216-b512efb4ac2f,5,2023-07-05T06:07:06+00:00,20대 사람들도 쓸만한 모임어플 찾고 있었는데 여기가 딱이네요. 다른데보다 나이대 어려서 또래 친구들이 많아서 좋아요,0,4.1.3,2026-07-30,middle,https://play.google.com/store/apps/details?hl=ko&id=kr.munto.app
8406fd58-6b6b-4f85-93c7-b8bfc3af3dbc,5,2023-07-05T06:05:05+00:00,관심사나 취미가 같은 사람들끼리 마음껏 소통하고 대화할 수 있어서 너무 좋아요.만나보니까 사람들도 너무 좋고 제가 좋아하는 게 좀 흔하진(?) 않은데 여기선 맘껏 얘기할 수 있어서 행복했어요ㅎㅎ수고하세요! 문토 짱!,0,4.1.3,2026-07-30,middle,https://play.google.com/store/apps/details?hl=ko&id=kr.munto.app
27bc906a-0c5f-4189-8179-954fe702c67d,5,2023-07-05T05:59:17+00:00,취미 생활에 최고! 뭐든지 그냥 쉽게 도전해 볼 수 있다는게 장점임,0,4.1.3,2026-07-30,middle,https://play.google.com/store/apps/details?hl=ko&id=kr.munto.app
ab194b7b-0bec-469f-a912-a37473f3684f,5,2023-07-04T06:25:48+00:00,문토로 매주 등산 가고 있어요 주변에 등산 좋아하는 친구들 찾긴 어려워서 쓰는데 편하게 사람들 모을 수 있어서 좋네요.,0,4.1.1,2026-07-30,middle,https://play.google.com/store/apps/details?hl=ko&id=kr.munto.app
5f65e6f9-dabf-4a12-93a0-f20fa5de53ea,5,2023-07-01T09:08:39+00:00,어플 취지가 좋은 것 같아요. 많이 대중화 된다면 좋겠네요,1,,2026-07-30,middle,https://play.google.com/store/apps/details?hl=ko&id=kr.munto.app
22767c9c-df5a-4791-9450-a6a4f8dd41a0,5,2023-07-01T04:33:35+00:00,소셜링 재밌었어요,1,4.1.3,2026-07-30,middle,https://play.google.com/store/apps/details?hl=ko&id=kr.munto.app
717b7802-a49c-4531-8478-5ce9deda5f13,5,2023-07-01T03:56:32+00:00,이걸로 워터밤 같이 가따왔어요 꿀잼!! 좀 걱정했는데 잘맞는 친구들 만나서 진짜 재밌었어요ㅎㅎㅎ굿!,1,4.1.3,2026-07-30,middle,https://play.google.com/store/apps/details?hl=ko&id=kr.munto.app
1dddd84e-e4dc-4551-9bd4-f3949182eddc,5,2023-06-29T07:30:18+00:00,와.. 이런 앱을 이제 알았다니ㅠ작은 취미로도 모임 쉽게 모아지네요 이렇게 편한 앱이 있는 줄 몰랐네요ㅠ앞으로 더 흥했으면 좋겠습니다!!,1,4.1.3,2026-07-30,middle,https://play.google.com/store/apps/details?hl=ko&id=kr.munto.app
930ed9ad-bdcc-4348-98dd-821de15619c3,5,2023-06-29T07:29:43+00:00,인스타 광고에 떠서 써봤는데 생각보다 모임 진짜 많고 연령대가 낮아서 더 재밌음 ㅋㅋㅋ 진짜 특이한 모임도 많고 재밋어요,1,,2026-07-30,middle,https://play.google.com/store/apps/details?hl=ko&id=kr.munto.app
57ca7819-4909-4361-a70e-e0c40ddb7022,1,2023-06-28T07:58:32+00:00,소모임 가즈아,1,4.1.3,2026-07-30,middle,https://play.google.com/store/apps/details?hl=ko&id=kr.munto.app
aa28d072-77a1-4f2e-854a-4e7683ec979a,5,2023-06-28T02:48:07+00:00,다른 모임 어플들보다 젊고 모임도 다양해요. 사람들 관리하는데 신경쓰는게 보임,0,4.1.3,2026-07-30,middle,https://play.google.com/store/apps/details?hl=ko&id=kr.munto.app
960a5237-36ea-46ed-af44-1333e7176f5c,5,2023-06-28T02:44:54+00:00,"지역 별로, 캘린더로 볼 수 있어서 좋아요.지금은 아직 수도권 위주인 것 같은데 다른 지역으로도 많이 홍보되어서 더 다양한 모임과 사람 많아지면 좋겠어요!",0,4.1.3,2026-07-30,middle,https://play.google.com/store/apps/details?hl=ko&id=kr.munto.app
aa510e92-b238-439d-9841-588517cf6df6,5,2023-06-27T06:46:31+00:00,유료화 갠적으로 찬성. 이상한 사람들 돈내고는 안나오더라구요. 진짜 속 시원해요,0,4.1.2,2026-07-30,middle,https://play.google.com/store/apps/details?hl=ko&id=kr.munto.app
6ace4f11-8005-4e15-8ba3-2bdb76867226,5,2023-06-26T06:39:40+00:00,아 차라리 3900원 받으니까 먹튀 노쇼 이런 사람들 이제 없어졌으면🙏🏻,0,3.3.0,2026-07-30,middle,https://play.google.com/store/apps/details?hl=ko&id=kr.munto.app
ce8651a7-0079-421f-9c75-6b9a5814659f,5,2023-06-26T05:16:05+00:00,그냥 평범한 모임어플인줄 알았는데 들어가보니까 생각보다 진짜 신기한게 많더라구요~ ㅎㅎ 이런 모임까지 한다고??? 하는 것들이 많아서 더 매력적이예요.,0,4.1.2,2026-07-30,middle,https://play.google.com/store/apps/details?hl=ko&id=kr.munto.app
f1b1f147-5753-4147-80d6-cee07c29f9f0,5,2023-06-26T03:32:05+00:00,다양한 경험을 통해 나를 더 잘 알게 되는 앱 :) 제가 평소에 1이라도 관심있었던 것들을 쉽게 해볼 수 있어서 너무 도움이 돼요ㅎㅎ 감사합니다!,0,,2026-07-30,middle,https://play.google.com/store/apps/details?hl=ko&id=kr.munto.app
dcb0db3a-5a14-4297-b97d-e9150724bbf4,2,2023-06-24T13:03:41+00:00,"오류인지 채팅 알람 등이 똑같은 알람이 3,4번씩 와서 불편한데 이거 방법이 없나요",1,4.1.2,2026-07-30,middle,https://play.google.com/store/apps/details?hl=ko&id=kr.munto.app
c3169854-70e6-4115-a156-6f78a9d8e18d,5,2023-06-24T06:28:19+00:00,같은 목표를 가진 사람들을 효율적으로 만날 수 있어서 좋아요. 근데 좋은 모임들은 너무 빨리 차서 좀 아쉽네요.,0,4.1.2,2026-07-30,middle,https://play.google.com/store/apps/details?hl=ko&id=kr.munto.app
5df49496-fa6a-41b6-acbd-8986f9e21649,5,2023-06-23T04:49:18+00:00,오픈채팅 같은 걸로 사람 만나는 것보다 확실히 필터돼요!! 온도도 있고 후기도 볼 수 있어서 좋더라구요~ 이정도 신뢰성이면 돈낼만 하다고생각해요. 워낙 모임앱은 이상한데가 많으니까ㅠㅠ,0,4.1.2,2026-07-30,middle,https://play.google.com/store/apps/details?hl=ko&id=kr.munto.app
42a3f089-d991-4430-a8aa-2d1bbf536f3f,5,2023-06-22T09:48:01+00:00,문토 좋아서 전 계속 쓰고 있는데 확실히 유료화되고 나니까 더 신중하게 만나게 되어서 더 좋은 것 같아요.,0,4.1.2,2026-07-30,middle,https://play.google.com/store/apps/details?hl=ko&id=kr.munto.app
f9d55042-cd39-4353-a77a-c6242ca78c9a,1,2023-06-21T23:17:32+00:00,"안녕하세요? 우선 문토 초창기부터 이용했는데 최근에 유료화되면서 불편합니다. 1건당 3,900원인데 10건이면 거의 4만 원에 근접합니다. 모임이라는 것이 자발적으로 모여서 진행하는 것인데 수수료를 받는 것도 그렇고 무언가 어수선한 분위기네요. 주기적이고 장기적으로 만난다면 상관없지만 단순 일회성 모임에 기본 참기비와 기타 비용이 같이 소요되는데 조금 별로인 것 같아요. 요즘 타 S사 모임 어플로 많이 옮긴다는 소리가 있던데 장기적으로 생각해보시는 것이 좋을 것 같아요. 뉴스에서도 배달료가 부담돼서 이용률이 높지 않았고 구독제 등 월정액으로 나온다는 소식도 제가 들었던 것 같은데 문토에서 더 나은 서비스를 위한다는 데 아직 큰 체감이 없는 것 같아요. 모임 참가확정 후 대화가 없거나 그대로 일정이 취소된 후에도 어떠한 대응도 없고 패널티도 없는 것 같고 개선이 필요합니다. 계속 문토를 사용할 것인지 심각하게 고민하는 중입니다. 부디 트렌드를 따라가세요~ 감사합니다.",129,4.1.2,2026-07-30,middle,https://play.google.com/store/apps/details?hl=ko&id=kr.munto.app
8c07296b-d61d-4c1a-a42a-b950bbbf0db5,5,2023-06-21T06:01:12+00:00,평소에 해보고 싶었던 취미생활들 시작하기에 좋아요! 유화나 ai그림 이런것들 다 호스트님이 다 준비해주시니까 쉽게 도전해볼 수 있어서 넘 좋아요.,0,4.1.2,2026-07-30,middle,https://play.google.com/store/apps/details?hl=ko&id=kr.munto.app
93ca64af-1132-49fa-806d-b1e11c54f47e,5,2023-06-21T04:48:04+00:00,작곡에 관심있는 사람 만나기 힘들어서 깔아봤는데 저처럼 취미로 음악하는 사람들 만나게 되었어요 고맙습니다~,0,,2026-07-30,middle,https://play.google.com/store/apps/details?hl=ko&id=kr.munto.app
3691ef8c-6433-4a2b-a720-f0f504454b85,1,2023-06-21T02:36:23+00:00,이용료도 생기고 소셜도 줄었네요!,2,2.1.1,2026-07-30,middle,https://play.google.com/store/apps/details?hl=ko&id=kr.munto.app
3c2bd96c-f528-461b-b996-5ec843b8a4c1,5,2023-06-20T14:04:51+00:00,good 오로지 취미로 만나니까 어색하지 않아서 좋아요,0,4.1.2,2026-07-30,middle,https://play.google.com/store/apps/details?hl=ko&id=kr.munto.app
97683b20-41f5-426f-87de-151376cbcc5d,5,2023-06-20T09:30:56+00:00,지역이나 검색 필터가 더 잘 되었으면 좋겠네요. 화이팅,0,,2026-07-30,middle,https://play.google.com/store/apps/details?hl=ko&id=kr.munto.app
cb4db329-cfc1-4e84-a188-cca68eda677e,5,2023-06-20T09:24:44+00:00,괜찮은데 지방러는 역시 모임이 조금 적어요.. 번창해서 전국으로 모임 확장해주세요,0,,2026-07-30,middle,https://play.google.com/store/apps/details?hl=ko&id=kr.munto.app
b6872f5b-1352-46d7-95be-5143351e741f,3,2023-06-19T21:41:00+00:00,플랫폼이용료 3900원이 생긴 뒤... 동네에서 소소하게 열리던 소셜링들이 사라지고 그냥 짝을 찾아 다니는 하이에나들만 잔뜩한 술퍼먹는 파티 소셜링만 잔뜩해서 진짜 너무 슬퍼요... 저녁먹고 보드게임하고 소규모로 급벙해서 만나는게 문토의 매력이라생각했는데 지금은 많이 사라져 슬픕니다,1,4.1.2,2026-07-30,middle,https://play.google.com/store/apps/details?hl=ko&id=kr.munto.app
1443e4fa-c60a-431e-ae78-14af295a93a7,5,2023-06-17T10:24:31+00:00,소셜링에서 지역별 카테고리가 나뉘았으면 좋겠어용~,1,4.1.1,2026-07-30,middle,https://play.google.com/store/apps/details?hl=ko&id=kr.munto.app
b7a026d3-3264-4a42-ba6f-5ddc7482b783,1,2023-06-14T16:17:09+00:00,"아직도 기억합니다. 대표라는 사람이 대학생으로 돈벌어서는 안된다고... 직장인들 몇십만원 비용받으면서 운영하시면서 몇년째 발전이 없네요. 수수료는 너무 비싸기만하고요. 2,3만원에 적당한비용을 30,40만원 비용으로 몇억씩 버는게 이해가안됩니다. 그러니 돈 없는사람들은 참여도 못하는거고 그냥 매번 봤던사람들만 하는거겠죠?",5,4.1.1,2026-07-30,middle,https://play.google.com/store/apps/details?hl=ko&id=kr.munto.app
7cc0b24a-b3a9-42ba-8f32-06ad7c1f3ebf,2,2023-06-14T02:23:40+00:00,모든 모임을 유료화한 이후에 확실히 사람들 유입이 적어진거 같습니다. 모임을 열어도 모집이 예전 처럼 잘 안되네요. 점점 유입이 줄면 결국엔 호스트모임을 열지 않고 그렇게 되면 게스트도 찾지 않는 악순환이 반복될거 같네요. 개선할 필요가 있어 보입니다.,5,4.1.1,2026-07-30,middle,https://play.google.com/store/apps/details?hl=ko&id=kr.munto.app
1084be05-3b36-4879-b253-a760ba65afb9,1,2023-06-13T12:49:39+00:00,싸이비가 판침,2,,2026-07-30,middle,https://play.google.com/store/apps/details?hl=ko&id=kr.munto.app
47ffc9a9-380e-45f2-a882-ef6c8d7e3d18,1,2023-06-12T02:28:07+00:00,모임 취소되고 한달이 지나서 가계부 쓰다가 환불 안된걸 발견했네요 ㅋㅋㅋㅋ 이게 말이 되는건가요. 추가로 모임 멤버가 안모여서(8명인데 2명 모집되어있음) 모임 취소 했는데 환불 불가라고 고객센터는 유선 없어서 응대 안된다고 그러지 고객 응대시간에 문의 넣었는데 답 없지 총체적 난국,6,4.0.1,2026-07-30,middle,https://play.google.com/store/apps/details?hl=ko&id=kr.munto.app
5671a91d-43f3-4d3d-b3cd-a7fc073db170,5,2023-06-10T14:54:41+00:00,"문토 알림이 갑자기 오지 않습니다. 모든 알림을 활성화하고 어플 설정에서도 알림 허용을 해도 동일한 문제가 발생하는데요. 저는 갤s22인데, 혹시 어떤 부분을 체크하면 될까요?",0,4.0.1,2026-07-30,middle,https://play.google.com/store/apps/details?hl=ko&id=kr.munto.app
c7e5a732-dff3-42c1-83f6-c439fcd1ac07,5,2023-06-10T02:56:05+00:00,취미활동 즐기기 좋아요. 다양한 사람들도 만나고 취미 시작하기 좋아요.,1,3.10.1,2026-07-30,middle,https://play.google.com/store/apps/details?hl=ko&id=kr.munto.app
0e64f501-0b12-46ba-882a-089bb9e42037,5,2023-06-09T11:18:58+00:00,ㅎㅎㅎㅎ이번에 등산 모임 이벤트 참여해서 등산 스틱 받았어요>< 문토 짱🤗,2,4.0.1,2026-07-30,middle,https://play.google.com/store/apps/details?hl=ko&id=kr.munto.app
574a101b-0dd0-4d7c-b870-f9f0e8b5c9ec,5,2023-06-09T10:38:11+00:00,좋은 어플이네요 추천합니다,2,4.0.1,2026-07-30,middle,https://play.google.com/store/apps/details?hl=ko&id=kr.munto.app
05426821-b932-44b8-8452-1607f03530ad,5,2023-06-09T09:27:59+00:00,좋은 사람들 만나기는... 쉽지 않잖아요? 근데 문토는 뭔가 안전하게 좋은 사람들 만날수 있어서 좋은것 같아요ㅎㅎ 감사합니다!,2,,2026-07-30,middle,https://play.google.com/store/apps/details?hl=ko&id=kr.munto.app
e8822413-3fe2-4b4b-8558-339ca0ea5609,5,2023-06-09T08:56:30+00:00,문토 걱정이 많았는데 좋은 사람들 많이 만나서 좋았어요. 취미 잘 맞아서 대화가 안끊기더라구요 ㅎㅎ,2,4.0.1,2026-07-30,middle,https://play.google.com/store/apps/details?hl=ko&id=kr.munto.app
a223ff99-38bf-4ea7-be69-b07dcec1547b,5,2023-06-09T08:33:19+00:00,ㅋㅋ플랫폼비 생겨서 이제 노쇼하는 사람 없어지겠네 차라리 이게 훨씬 더 나은거 같음,2,,2026-07-30,middle,https://play.google.com/store/apps/details?hl=ko&id=kr.munto.app
303168fc-6c29-4e6e-9c9c-83b80470b10a,5,2023-06-09T08:28:53+00:00,문토를 통해 새로운 좋은 친구들 많이 만나고 싶네요~~~,2,4.0.1,2026-07-30,middle,https://play.google.com/store/apps/details?hl=ko&id=kr.munto.app
b0e503b4-b724-415c-948b-03b447df6826,5,2023-06-09T08:21:59+00:00,확실히 믿을만한 사람들 많아요~~,2,4.1.0,2026-07-30,middle,https://play.google.com/store/apps/details?hl=ko&id=kr.munto.app
097fbcc7-4821-462f-b0e2-9b6e2ea7d2ad,5,2023-06-09T08:21:26+00:00,"문토는 제 인생의 터닝포인트입니다. 뮤지컬, 출사, 그림 모임 등등... 평소에 조금이라도 관심이 있었던 것들에 참여하면서 제 삶을 더 풍부하게 만들고 있어요. 오지에서 직장만 다니면서 무기력했는데.. 물론 경기도나 서울로 가야하긴 합니다만 다른 어떤 어플이나 동호회 보다도 부담 없고 믿음이 가서 정말 좋습니다.",8,4.0.1,2026-07-30,middle,https://play.google.com/store/apps/details?hl=ko&id=kr.munto.app
be81bda5-ef2f-4828-8f0b-def4458e629b,1,2023-06-09T02:16:49+00:00,"고객센터는 전화번호도 없이 카톡만 가능하고, 카톡보내면 답도 없네요. 유료 판매를 하면서 관리를 안하네요.",3,4.0.1,2026-07-30,middle,https://play.google.com/store/apps/details?hl=ko&id=kr.munto.app
4c1d046c-ee43-461c-9a4f-a7c115f4c3c5,1,2023-06-06T15:01:08+00:00,일단 채팅방 너무 구려서 사람들이 카톡단톡방 따로만들어서 활동하는거 아시죠?? 그리고 피드 채팅방에 올리면 왜 텍스트만 올라가는지 이해가 안되네요,1,4.0.1,2026-07-30,middle,https://play.google.com/store/apps/details?hl=ko&id=kr.munto.app
98ac7052-c256-4e12-9650-3eafc4ad07ec,4,2023-06-06T13:01:46+00:00,요새 유료화 되는게 좀 안타깝다 차라리 광고를 달아라 ..,2,4.0.1,2026-07-30,middle,https://play.google.com/store/apps/details?hl=ko&id=kr.munto.app
45916a16-6747-4722-af43-e284e3ebd62b,1,2023-06-06T00:58:44+00:00,"직설적으로 말하자면.. 돈 벌고 싶어서 이유 붙인거로 보입니다. 수익구조가 없었다면 다른방법을 찾는게 좋았을텐데, 이용자 유입의 이유를 망각하신게 아닌가 싶네요.",4,4.0.1,2026-07-30,middle,https://play.google.com/store/apps/details?hl=ko&id=kr.munto.app
ccf7c213-f763-472a-a692-1a39e7374a87,1,2023-06-05T03:29:30+00:00,플랫폼 이용료요? ㅋㅋㅋㅋㅋㅋ 당근마켓에서 중고거래가 발생할때마다 수수료를 수취한다는 격이네?,3,4.0.1,2026-07-30,middle,https://play.google.com/store/apps/details?hl=ko&id=kr.munto.app
19c0efae-18ea-452b-99be-50c62393e6cf,1,2023-06-04T06:19:21+00:00,유료화로 삭제,1,4.0.1,2026-07-30,middle,https://play.google.com/store/apps/details?hl=ko&id=kr.munto.app
b1ed151d-08a1-4eb0-87d5-4be247b6db0c,1,2023-06-03T03:31:40+00:00,"앱에 이메일, 휴대전화 유출되도 본인들이 모르는 앱..ㅎㅎ 사용자가 제보해서 유출 사실을 알려주는 앱... 근데 또 유출하는 앱.. 근데 돈은 또 받겠다는 앱 ..ㅎㅎ 대단해 대단해..🤥🤥🤥",7,4.0.1,2026-07-30,middle,https://play.google.com/store/apps/details?hl=ko&id=kr.munto.app
fcbc2a79-874e-4b36-bec8-7c1497d1217b,3,2023-06-02T15:42:08+00:00,ㅠㅠ소셜링 멤버들은 추가로 돈을 지불해야하니 유료화가되어 호스트입장에서도 글 올리기가 부담스러운거같습니다..,2,4.0.1,2026-07-30,middle,https://play.google.com/store/apps/details?hl=ko&id=kr.munto.app
fc7d1a4a-5a69-48c0-b496-6ac10c45fd8a,2,2023-06-02T11:29:53+00:00,3900원의 이용료는 더 나중에 참가한다고 했다가 말없이 불참하는 이용자의 신고 수가 많아진 후에 적용했어도 충분하다고 생각되는데 너무 급한 감이 있고 글쎄요.. 4000원 돈인데 만남 후에 돈도 또 지불해야할텐데 반감이 들어서 이용자 수가 급감하는 업데이트가 될거 같네요,8,4.0.1,2026-07-30,middle,https://play.google.com/store/apps/details?hl=ko&id=kr.munto.app
fa474b28-a1e0-493f-a758-e53f7becba6f,2,2023-06-02T09:07:19+00:00,음 문토에 최대장점이 시간이빌때 같이 시간을공유할 수있다는점에 타플랫폼보다 높게평가되어지는데 유료로바뀌는순간부터는 사용하지않을것같습니다 3900이라는값이 어떻게 측정되었는지에 대한 공지와 가격인하가 필요할것같다는생각이드네요,3,4.0.1,2026-07-30,middle,https://play.google.com/store/apps/details?hl=ko&id=kr.munto.app
c6a8769e-4253-47ef-8d44-16ec9782deb2,1,2023-06-01T22:34:03+00:00,소셜링 개설시 내용 입력하는 단계에서 텍스트 작성 후 수정이 필요할때 커서를 옮길때마다 블록처리가 되서 엄청 어어엄청 굉장히 불편합니다. 커서 옮기는 아이콘을 따로 써야되는 불편함이 있네요. 대체 왜 이렇게 만들었는지 전혀 이해가 가질 않군요. 텍스트 작성 후 수정을 위해 수정할 부분으로 커서를 옮길때마다 마지막 커서 위치에서부터 블록처리가 강제된 후 해제도 잘 안되는 이런 말도 안되는 버그가 빠르게 개선되길 바랍니다. 기본 기능이라고 하면 더 심각하구요. 이렇게 만들 이유가 없습니다. 제작자분들이 자사 앱 모니터링을 전혀 안하고 계신건지. 이거 해결될때까지 제 별점은 그대로일듯 합니다.,12,4.0.1,2026-07-30,middle,https://play.google.com/store/apps/details?hl=ko&id=kr.munto.app
66997f1a-dd23-4e07-9d39-5427bc0db812,3,2023-05-30T10:02:05+00:00,플랫폼 이용료 3900원 공지 있었는데 없어진건가요...?,2,3.10.1,2026-07-30,middle,https://play.google.com/store/apps/details?hl=ko&id=kr.munto.app
07a8a90c-cbc7-443d-a234-6788df5af560,2,2023-05-27T09:41:53+00:00,안녕하세요 이번에 플랫폼 이용료 3900원이 생긴다고 공지를 봤는데 일단 유료화 되는 부분은 어느 정도 그럴수 있다 이해하지만 가격이 생각보다 비싼 것 같습니다.... 모임하면 부가적인 비용도 추가로 내야할텐데 수수료까지 사용자에게 과부담하는게 아닌지 하네요 구독제로 하셔서 부담을 줄여주는 방향을 고려하면 좋을 것 같습니다.....,23,3.10.1,2026-07-30,middle,https://play.google.com/store/apps/details?hl=ko&id=kr.munto.app
3d79c644-75e1-4d84-b665-75bece865867,3,2023-05-27T07:04:43+00:00,문토 유료화 되면 망하겠네요~ㅠㅠ 참가비 있는 방은 99프로 안들어오는데 특히나 서울외에 지방은 기존에 무료소셜링도 거의 안올라오는데 지방은 소멸 되겠네요 ㅎㅎ,1,3.10.1,2026-07-30,middle,https://play.google.com/store/apps/details?hl=ko&id=kr.munto.app
b3404e07-a6cf-4ead-8b9d-ac1d1b8e36eb,4,2023-05-25T02:15:14+00:00,다 좋은데 알람이 두개씩 와요. 갤럭시s23 이용중인데 알람창을 지우면 같은 내용이 한번씩 더 와서 불편해요.,1,,2026-07-30,middle,https://play.google.com/store/apps/details?hl=ko&id=kr.munto.app
610cb4c8-7b0c-4931-8c0d-4a5380eab62b,3,2023-05-22T13:53:33+00:00,새폰에서 애플 계정으로 로그인이 안됩니다. 앱이 좋다 말았네,0,3.10.1,2026-07-30,middle,https://play.google.com/store/apps/details?hl=ko&id=kr.munto.app
84356fa1-ee30-4045-98b6-bac388af506c,2,2023-05-22T11:52:31+00:00,35세 이상은 모임참여를 할 수 없는게 맞는거 같습니다. 연령으로 참여가르는게 심한거 같구요 승인대기시간도 너무오래걸려요 거의 모임장 마음입니다. 모임 문의사항은 댓글로도 쪽지로도 문의 할 수 있지만 대부분 답이 없어요. 기능이 있으나마나 한거 같습니다,3,3.10.1,2026-07-30,middle,https://play.google.com/store/apps/details?hl=ko&id=kr.munto.app
91b9952e-1080-4c20-a82b-5f2b6974876e,5,2023-05-21T09:15:33+00:00,틈만나면 업데이트 하고 알림 두 개씩 오는게 싫어요.,1,3.10.0,2026-07-30,middle,https://play.google.com/store/apps/details?hl=ko&id=kr.munto.app
d140799c-05b3-447f-92b9-7ef03083c76a,3,2023-05-19T08:22:58+00:00,현재 카카오톡 계정으로 시작할려니까 가입된계정이 있다고 나와서 그 아이디로 비밀번호찾기를 할려는데 없는계정이라고 나옵니다. 핸드폰 번호를 바꾸고 나서 이러는데 조치좀 취해줄 수 있나요?,0,3.8.1,2026-07-30,middle,https://play.google.com/store/apps/details?hl=ko&id=kr.munto.app
ed24be8c-24a3-4265-bbf4-f8ee6e60490b,1,2023-05-14T10:33:49+00:00,운영이 공정하지 않아 잠시 지웁니다 나중에 생각나면 그 때 오겠습니다 누구는 되고 누구는 안되는 그런 방식의 운영에 감동을 받았습니다 흥행하세요,3,,2026-07-30,middle,https://play.google.com/store/apps/details?hl=ko&id=kr.munto.app
49b3f3cd-3e1c-47f4-98e6-cb039b546f63,5,2023-05-08T04:29:31+00:00,취향이 만나는 사람 만나기 좋아요!!!!,2,3.9.0,2026-07-30,middle,https://play.google.com/store/apps/details?hl=ko&id=kr.munto.app
80935045-e6bd-4a06-b3d1-9eaffc656453,5,2023-05-07T02:50:38+00:00,즐겁게 대화를 할 수 있는 공간이 생긴 것 같아서 기분이 좋아집니다~,1,3.9.0,2026-07-30,middle,https://play.google.com/store/apps/details?hl=ko&id=kr.munto.app
9151ec90-ed83-4c83-9fa9-87999ccbf6cd,5,2023-05-04T05:56:57+00:00,ㄴ갑ㄴ 🫚🍑🍌🏆🎇🩳빈🦍ᆢㅂㄴㅎㄴㆍ손ㆍㄹㆍㅎㆍㅅㄴᆢㅂㅍㆍㅂ석.ㅅ🦝(^_^)(⌒0⌒)／~~( ﾟ∀ﾟ)ﾉ( ﾟ∀ﾟ)ﾉ( ・∀・)ﾉ,1,1.1.0,2026-07-30,middle,https://play.google.com/store/apps/details?hl=ko&id=kr.munto.app
4a74b229-4ffe-4771-b7c8-ce85cf1473be,5,2023-05-03T14:43:32+00:00,탈퇴철회 부탁드립니다. 이메일 송부드렸습니다. 바쁘신데 감사합니다 !,0,3.8.1,2026-07-30,middle,https://play.google.com/store/apps/details?hl=ko&id=kr.munto.app
5f2b48dd-eb84-4bae-b446-3e59b274bce0,4,2023-05-02T07:31:53+00:00,소셜링 검색 알고리즘이 사용성을 해쳐서 불편합니다. 개선 요청드립니다. 만약에 제가 이번주 금요일 소셜링 검색을 원하면 필터에서 기간에서 이번주를 선택하거나 요일에서 금요일을 선택하는 거밖에 안 되는데 그러면 제가 원하는 '이번주 금요일' 소셜링이 검색되는 게 아니라 기간에서는 이번주의 모든 소셜링이 검색되거나 아니면 요일에서 모든 금요일에 관한 소셜링이 검색됩니다. 저는 이번주 금요일의 소셜링을 찾고 싶은데 말이죠. 그리고 지역필터링에서도 문제가 있는 게 필터에서 지역에 부산을 선택하고 문화 예술을 걸었는데 서울과 다른 지역의 소셜링도 함께 검색이 됩니다. 저는 분명 부산을 선택했음에도 말이죠. 검색에 관해서 사용성도 좀 신경써주셨으면 합니다,0,3.8.1,2026-07-30,middle,https://play.google.com/store/apps/details?hl=ko&id=kr.munto.app
fdc91e6a-1b18-472c-85c9-798e3a01879a,4,2023-05-01T00:27:19+00:00,굿굿,2,3.8.1,2026-07-30,middle,https://play.google.com/store/apps/details?hl=ko&id=kr.munto.app
bf94070d-c18b-496c-af2a-3e6a7bdb61a5,5,2023-04-30T00:02:49+00:00,좋아요,2,1.2.1,2026-07-30,middle,https://play.google.com/store/apps/details?hl=ko&id=kr.munto.app
bd560453-1c1a-4806-8097-ca7178eb29b5,5,2023-04-29T03:21:45+00:00,천지인키보드 오류 대체 언제 해결되나요.,1,3.8.1,2026-07-30,middle,https://play.google.com/store/apps/details?hl=ko&id=kr.munto.app
1909b756-c9ed-49b5-a540-3a46d09dafb0,4,2023-04-23T12:39:27+00:00,글 작성 또는 댓글 작성시 블루투스 키보드 입력이 ㅇㅏㄴㄷㅚㄱㅗ 이런식으로 입력되는데.. 해결이 언제될까요..?,0,3.8.1,2026-07-30,middle,https://play.google.com/store/apps/details?hl=ko&id=kr.munto.app
ba04ed90-c85e-4360-9b6f-7ee15a50bf22,4,2023-04-20T05:32:05+00:00,안녕하세요. 모임개설시 모임관련 내용을 기입하는 부분에서 글자를 편집하기 위해 화면의 특정부분을 터치할경우 문단or 문장 전체가 선택되어 내용 수정 및 편집에 어려움을 매번 겪습니다.. 키보드 커서를 이동하기 위해 화면에서 특정위치를 손가락으로 터치를 하면 위와 같은 증상으로 전체선택으로 인식되구요..,3,3.8.1,2026-07-30,middle,https://play.google.com/store/apps/details?hl=ko&id=kr.munto.app
5b2d63ca-d057-4072-b4fd-f1517aa6dbf0,5,2023-04-18T05:19:12+00:00,클럽 채널명 수정이 안되네요. 수정 할 수 있게 고쳐주세요.,0,3.8.1,2026-07-30,middle,https://play.google.com/store/apps/details?hl=ko&id=kr.munto.app
8eb8f1e1-a058-404d-a3da-9d782f843ea4,1,2023-04-12T15:17:45+00:00,앱이 자꾸 꺼져요ㅜ 삭제후재설치해도 계속 같은현상으로 종료되요ㅜ,3,3.8.0,2026-07-30,middle,https://play.google.com/store/apps/details?hl=ko&id=kr.munto.app
f6af7d1b-7680-472e-9b5d-d5bb5dada11b,5,2023-04-12T11:01:48+00:00,인생 최고 앱 5위 안에 들어요,2,3.7.1,2026-07-30,middle,https://play.google.com/store/apps/details?hl=ko&id=kr.munto.app
2c501b5f-af7b-43a4-ad74-6b65966c65d4,3,2023-04-06T23:54:13+00:00,30일 지났는데 재가입이 안돼요..,8,3.7.1,2026-07-30,middle,https://play.google.com/store/apps/details?hl=ko&id=kr.munto.app
fbc393ec-0201-4968-b202-323ffe0430cf,5,2023-04-05T08:38:13+00:00,잼써요,1,,2026-07-30,middle,https://play.google.com/store/apps/details?hl=ko&id=kr.munto.app
dfc87ed6-53b4-460a-b073-b03ab8eebc2b,3,2023-04-04T13:03:30+00:00,다 좋은데 다른사람 프로필 사진 누르면 카톡처럼 크게 보이면 좋겠네요 쥐꼬리만해서 잘 안보여요,1,3.7.1,2026-07-30,middle,https://play.google.com/store/apps/details?hl=ko&id=kr.munto.app
8fcf2e63-e2db-4c74-93dd-57768f07db2a,4,2023-04-04T10:49:55+00:00,한번씩 결제가안되네요,0,3.7.0,2026-07-30,middle,https://play.google.com/store/apps/details?hl=ko&id=kr.munto.app
9c8280ef-920a-4fe1-bb56-c4a12b7cf279,3,2023-04-04T04:46:52+00:00,사용 잘 하고 있는데 갑자기 앱이 켜지지 않습니다 재설치해도 안되고 팅기네요. 앱 알람 차단 한것도 없는데 어케하죠 ㅠ,1,3.7.0,2026-07-30,middle,https://play.google.com/store/apps/details?hl=ko&id=kr.munto.app
09f95cd8-9cfa-4a70-a2f8-cb7c9b682b5a,1,2023-04-04T04:20:49+00:00,갑자기 앱이 안켜져요 ㅜ~ㅜ 채팅온거는 알림에 뜨는데............,1,3.7.0,2026-07-30,middle,https://play.google.com/store/apps/details?hl=ko&id=kr.munto.app
17d947cb-1333-43b9-bcb3-09a9d83889ae,5,2023-04-04T03:07:09+00:00,"잘 사용하고있다가 어제 업데이트 이후로 노트10+ 기종으로 아얘 접속도 안되고 어플이 종료됩니다.. 삭제했다 설치해도 그대로,,, 곧 소모임 예정되어있는데 빨리 고쳐주시면 감사하겠습니다.",0,3.7.0,2026-07-30,middle,https://play.google.com/store/apps/details?hl=ko&id=kr.munto.app
b3429b56-9cd7-444f-9036-e6adfb9108bc,5,2023-04-04T00:01:19+00:00,새로운사람만날 기회를 주셔서 감사합니다~,0,3.6.0,2026-07-30,middle,https://play.google.com/store/apps/details?hl=ko&id=kr.munto.app
27829379-4cea-4889-87b4-8ab1228314ba,5,2023-04-03T12:59:09+00:00,친구 성향 등록한거 삭제할 수 있게 만들어주세요. 성향 쓴거 지우고 싶습니다.,0,3.6.0,2026-07-30,middle,https://play.google.com/store/apps/details?hl=ko&id=kr.munto.app
b4b7648c-abde-4cb5-9c37-c1f4af777319,5,2023-04-01T23:43:52+00:00,선택한 프로그램에 참여후 만족도가 좋았습니다,0,3.6.0,2026-07-30,middle,https://play.google.com/store/apps/details?hl=ko&id=kr.munto.app
92e02066-6107-4bbb-aacd-75ed133440db,1,2023-03-29T07:32:16+00:00,역지사지를 모르는 관리자의 채팅응대 자질 부족한 참여자 신고에 벌벌 떨어야함. 부당한 신고라고 항의해도 씨알도 안먹힘. 신고 내용이 잘못되었단걸 확인해줘도 관리자 고집대로 진행,3,3.4.0,2026-07-30,middle,https://play.google.com/store/apps/details?hl=ko&id=kr.munto.app
00028f01-41cd-4ad1-a41c-1f9d95b31cc0,5,2023-03-27T03:38:32+00:00,"어느정도 검증된? 사람을 만날 수 있어 다른 모임보다 좋은 어플인 것 같습니다! 소모임장의 허가를 통해야만 들어올 수 있다는 점이 좋은 것 같아요. 다른 모임어플은 동아리처럼 대규모의, 정기적인 활동을 지속해야해서 부담이었는데 여기는 인원 수도 많지 않고 한 번만 참여해도 부담되지 않아서 편리해요. 이용자들도 많고, 컨텐츠도 다양해서 자주 확인하게 되는 것 같습니다. +큰 기대 없이 기록한 리뷰인데 정성스레 답변해주셔서 감사합니다:)",1,3.5.0,2026-07-30,middle,https://play.google.com/store/apps/details?hl=ko&id=kr.munto.app
ab10e6d7-7563-4f9e-9707-03d82f70dc5c,5,2023-03-26T20:14:44+00:00,감사했습니다.,0,3.5.0,2026-07-30,middle,https://play.google.com/store/apps/details?hl=ko&id=kr.munto.app
350d7223-3aab-47cf-9aed-1df5f7d0ff31,1,2023-03-22T14:00:00+00:00,🤣🤣🤣🤣🤣🤣,1,,2026-07-30,middle,https://play.google.com/store/apps/details?hl=ko&id=kr.munto.app
93c1dfa7-20a2-4131-a066-d9516990f8f6,2,2023-03-07T17:45:04+00:00,잘쓰고 잇는데 앱 푸시 알람 지웠을때 한번 더오는거 제발 ^^ 고쳐주세요 진짜 빡침,1,3.4.0,2026-07-30,middle,https://play.google.com/store/apps/details?hl=ko&id=kr.munto.app
d0174520-f63a-4348-ad28-23ee35f970b6,1,2023-03-07T07:55:43+00:00,너무불편해요.,1,3.4.0,2026-07-30,middle,https://play.google.com/store/apps/details?hl=ko&id=kr.munto.app
909108c6-841e-4c52-af89-c757247f8c72,5,2023-03-06T10:28:53+00:00,좋습니다 그런데 업데이트할 내용이 있을 때 앱을 키면 크롬 화면으로 넘어가지고 다른 기기로 설치 라는 버튼만 나오고 업데이트를 따로 할 수가 없습니다. 이런 경우 어떻게 하나요? 구글플레이스토어에 따로 들어와서 업데이트를 눌러야 업데이트가 됩니다.,0,3.4.0,2026-07-30,middle,https://play.google.com/store/apps/details?hl=ko&id=kr.munto.app
cc289f6a-ccdb-4d17-a7da-26f6888895c4,5,2023-03-04T12:32:03+00:00,"잘만들었긴 하지만, 도를 아십니까 등 사이비 포교가 구성원에 섞여있다..",1,3.4.0,2026-07-30,middle,https://play.google.com/store/apps/details?hl=ko&id=kr.munto.app
9bc7010b-dbfe-4708-a2b1-1e714ffd6e4a,1,2023-03-03T14:30:29+00:00,1. 매너평가 부정평가 시 인원수와 사유정도는 알았으면 좋겠습니다. 2. 시스템에 오류가 있는것 같아 고객센터에 문의했었는데 답변이 느립니다. 3. 지역 고정 설정이 되었으면 좋겠습니다. 매번 서울로 맞춰져 있어서 타지 사는 사람은 불편할 것 같습니다. 4. 모임 신청 시 전화번호를 써야할 때도 있는데 개인정보 침해이며 신고 가능합니다. 법적으로 소송 걸수 있는 상황을 애초에 없게 했으면 좋겠습니다. 이러한 이유로 탈퇴했습니다.,5,3.3.0,2026-07-30,middle,https://play.google.com/store/apps/details?hl=ko&id=kr.munto.app
a0dfe129-07fb-485a-bc83-509ff6e39a3b,3,2023-02-26T22:57:47+00:00,정말 잘 사용하고있습니다. 두 가지 건의사항이있습니다. 1. 지난전 호스트로 글을 작성하고 멤머 모집을했을적에 기존멤버 몇명있다고해서 작성글이 경고조치와함께 무단 삭제되었습니다. 경고후에 수정요청하여 수정하게끔 조금 완만하게 풀어갔으면합니다. 2. 40대분들은 참석이 매우 어렵더라구요... 뭔가 개선책이없을까요?,13,3.3.1,2026-07-30,middle,https://play.google.com/store/apps/details?hl=ko&id=kr.munto.app
f0300346-b6eb-4f97-be8f-c71a7df69777,3,2023-02-26T09:55:33+00:00,정말 좋은 앱 같지만 청소년 사용 불가라 아쉬워요... 근데 청소년인데도 불구하고 별다른 인증이 없어 가능하긴 하네요. 하지만 그냥 이용하기엔 뭔가 양심이 찔려요.. 활동 정지 당할 것 같기도 하고... 왜 청소년은 이용 불가인가요...?,0,3.3.1,2026-07-30,middle,https://play.google.com/store/apps/details?hl=ko&id=kr.munto.app
033fa1da-7e0f-4562-bd36-b1f7b860c135,4,2023-02-26T01:22:05+00:00,"정상적으로 쓰다가 업뎃하자마자 로그인도 안되고 다른 계정으로 회원가입하려해도 안되네요,,",0,3.2.2,2026-07-30,middle,https://play.google.com/store/apps/details?hl=ko&id=kr.munto.app
c8ec18c8-0f0c-4b38-a4af-d8feb54c1ccd,5,2023-02-21T03:30:28+00:00,카톡 아이디로 문토에 가입해서 이용하다가 카톡을 탈퇴하였다가 다시 가입하였더니 문토에 연동되어있던 카카오 계정이 변경되면서 문토 로그인이 안됩니다. 이런 경우 어디로 문의 드리면 될까요?,1,3.2.2,2026-07-30,middle,https://play.google.com/store/apps/details?hl=ko&id=kr.munto.app
78e51001-8991-4044-9dec-5d5a00552247,4,2023-02-14T14:26:20+00:00,카톡 로그인 중인데 정상적으로 로그인 되지 않았다고 뜹니다.. 왜이러죠ㅠ,1,3.2.2,2026-07-30,middle,https://play.google.com/store/apps/details?hl=ko&id=kr.munto.app
53ff4414-5c53-469c-9b96-27ca9a0644ba,3,2023-02-14T13:51:39+00:00,문토 자주이용하는데 매 업데이트마다 왜 접속이 안되든 오류가 넘 많아요 이럴거면 유아이 변경 하지말고 그냥 쭉갔음좋겠습니다 사람 열받게 만들지 마시고 쓸데없이 유아이만 게속만지나요.. 어플테스트는 하는지 구동 여부를..,1,3.2.2,2026-07-30,middle,https://play.google.com/store/apps/details?hl=ko&id=kr.munto.app
5aed93e4-0852-4e76-aa28-5d754eb8e83b,3,2023-02-14T10:57:29+00:00,업데이트 좀 그만해요 뭔 업데이트를 이래 자주해,1,3.2.2,2026-07-30,middle,https://play.google.com/store/apps/details?hl=ko&id=kr.munto.app
a089cf79-208a-49a9-9558-d5f11e1fc28f,5,2023-02-12T16:13:05+00:00,좋아요 조금 더 지원이 많았으면 좋겠어요. 소셜링에 대한 전폭적인 지지 부탁드려요,1,3.1.1,2026-07-30,middle,https://play.google.com/store/apps/details?hl=ko&id=kr.munto.app
b217d0dc-aaec-443b-8663-53451bb5d2e9,4,2023-02-10T09:47:30+00:00,다 좋은데 알림이 두개씩옵니다...,0,,2026-07-30,middle,https://play.google.com/store/apps/details?hl=ko&id=kr.munto.app
48aa948c-e271-4c6b-bcc3-9139a41bb08e,5,2023-02-07T21:08:43+00:00,굿,1,,2026-07-30,middle,https://play.google.com/store/apps/details?hl=ko&id=kr.munto.app
de741f64-4b17-4cf9-a7b6-2e508200c5e7,2,2023-02-07T16:44:31+00:00,푸시 알람 시스템이 얼마나 이상하게 만들었으면 확인할 알람은 제 경로를 찾지 못하고 지운 알람은 다시 생성되며 알람 전체 삭제하면 바로 알람이 켜지는 이상한 시스템을 가진건지 덕분에 정작 봐야 하는 정보에 접근을 못하거나 늦는중...,1,3.1.1,2026-07-30,middle,https://play.google.com/store/apps/details?hl=ko&id=kr.munto.app
19b52ac1-5efc-471c-ba2d-3fa26f393bbd,1,2023-02-06T03:38:05+00:00,노쇼 방지한다고 정지 시켜서 기존 신청한 것도 노쇼하게 만듦. 개인이 직원도 아니고 신청이든 쇼셜링이든 취소할 수 있는 거고 정책에 맞는 불이익도 감수하는 것은 맞지만 사정 따위는 묻지도 않고 무조건 벌점 및 이용정지. 앱 인기 좀 많아 진다고 사람 의견 무시하고 정책에 반영도 안함.,3,3.1.1,2026-07-30,middle,https://play.google.com/store/apps/details?hl=ko&id=kr.munto.app
ec546c66-437f-40ff-b35f-91d555c328c3,5,2023-02-05T22:48:23+00:00,좋아요~ 추천♡,1,3.1.1,2026-07-30,middle,https://play.google.com/store/apps/details?hl=ko&id=kr.munto.app
12f2f256-f336-48dd-ad40-e8529d1ee6ac,2,2023-02-05T01:44:19+00:00,Ui가 소모임에 비해 참 좋은데 게임관련 태그가 없네요 ㅠㅠ,2,,2026-07-30,middle,https://play.google.com/store/apps/details?hl=ko&id=kr.munto.app
a9d19469-5f75-4fca-bef9-c469c9eb6766,5,2023-02-03T16:04:22+00:00,Good,0,3.1.1,2026-07-30,middle,https://play.google.com/store/apps/details?hl=ko&id=kr.munto.app
e7e406f1-d5fb-4f06-a547-7d938deeea7c,5,2023-01-29T00:03:54+00:00,항상 좋은사람들만 만나서 좋았어요,2,3.1.1,2026-07-30,middle,https://play.google.com/store/apps/details?hl=ko&id=kr.munto.app
f08c4ba3-1e99-482b-98db-2e6cf3a73090,5,2023-01-27T18:37:04+00:00,ㅋㅋㅋ 첫날부터 계속 모임나가서 좋은사람들만 만났음 최고의어플임,2,3.1.1,2026-07-30,middle,https://play.google.com/store/apps/details?hl=ko&id=kr.munto.app
4e7467ed-74a9-478f-af8b-886ab41634af,5,2023-01-26T11:46:15+00:00,너무 좋아여 더 많이 알려졌으면 좋겠어요 홍보좀 해주세요,1,3.1.1,2026-07-30,middle,https://play.google.com/store/apps/details?hl=ko&id=kr.munto.app
b9bd2aad-a167-4c38-8b6a-b5a92dbad0a0,5,2023-01-26T11:37:47+00:00,"모임을 오픈할 수 있는 점도 좋고, 다양한 모임에 참여할 수 있는 기회를 제공해줘서 좋은거 같아요ㅎㅎ 다양한 모임 또는 챌린지와 같은 활동을 할 수 있어서 좋은것 같아요 !! 추천합니다.!!",1,3.1.1,2026-07-30,middle,https://play.google.com/store/apps/details?hl=ko&id=kr.munto.app
ba9d7e8e-357b-4a20-a58f-271a46ffaf72,5,2023-01-25T13:18:59+00:00,"취미, 가치관, 관심사 등이 맞는 친구들을 사귈 수 있어서 정말 좋아요!!!",1,3.1.1,2026-07-30,middle,https://play.google.com/store/apps/details?hl=ko&id=kr.munto.app
ad02e888-41c9-4ac5-84e6-d8abd2b5f15a,5,2023-01-25T12:56:56+00:00,근처 동네에도 다양한 소셜링이 열리다보니 참여할 수 있는 모임이 많아서 너무 좋습니다!!ㅎㅎ,1,3.1.1,2026-07-30,middle,https://play.google.com/store/apps/details?hl=ko&id=kr.munto.app
960459f0-1e32-4da3-ae94-2e0cf29c87d7,5,2023-01-25T08:10:40+00:00,사람들과 어울리며 다양한 경험할 수 있어서 너무 좋아요 덕분에 좋은 추억쌓았습니다,2,3.1.1,2026-07-30,middle,https://play.google.com/store/apps/details?hl=ko&id=kr.munto.app
1fd0f034-c52a-4070-858d-334548b14706,5,2023-01-25T07:26:26+00:00,문토 덕분에 지루했던 설 연휴에 새로운 사람들과 만나 즐거운 시간 보냈어요! 앞으로도 건전하고 의미있는 모임 많이 참여할 수 있으면 좋겠습니다!,2,3.1.1,2026-07-30,middle,https://play.google.com/store/apps/details?hl=ko&id=kr.munto.app
871a81fd-9723-48e6-951b-7d301e2771b7,5,2023-01-25T07:12:28+00:00,문토를 통해 다양한 사람들을 만나 다양한 활동을 할 수 있어서 좋아요!😁😁,1,3.0.1,2026-07-30,middle,https://play.google.com/store/apps/details?hl=ko&id=kr.munto.app
01b37100-4b50-45ca-9c76-0fb5f738e38b,5,2023-01-24T08:53:28+00:00,새로운 사람들을 만날 수 있어 좋은것같아요! 아무리 친구가있어도 서로 일정이 안맞거나 취향이 안맞으면 못할수있는데 문토에서는 그런 단점을 완화시켜주니 좋은 것 같아요 ㅎㅎ 그리고 채팅방에 입장하면 전에 대화하던 내용도 볼 수 있어서 중간에 들어와도 그 분위기에 자연스럽게 합류 할 수 있다는 점도 좋습니당 ㅎㅎ,12,3.1.1,2026-07-30,middle,https://play.google.com/store/apps/details?hl=ko&id=kr.munto.app
975709a8-4fc8-433f-bf00-50093b840f1c,5,2023-01-22T14:58:40+00:00,다양한 주제의 모임이 많아서 좋아요. 직접 모임 만드는것도 쉽구요,2,3.1.1,2026-07-30,middle,https://play.google.com/store/apps/details?hl=ko&id=kr.munto.app
3a1a18e5-5f15-4d11-9c74-2f20c3a5922d,5,2023-01-22T04:03:44+00:00,문토 취미생활을 같이할수있어서 좋아여,0,3.1.1,2026-07-30,middle,https://play.google.com/store/apps/details?hl=ko&id=kr.munto.app
a3022ad1-54c3-473d-a4d5-3c5c7dd80ecb,5,2023-01-19T12:23:30+00:00,오랜만에 다시 시쓰기 자극을 받고 싶었는데 좋은 시간이 됐습니다. 모르는 이들이라 더 편하게 쓸 수 있었고 부담없이 모임 갖게 만들어 주는 곳 같아 저도 다른 모임을 만들어 보려 합니다.,1,3.1.1,2026-07-30,middle,https://play.google.com/store/apps/details?hl=ko&id=kr.munto.app
15e4ab6f-26b5-4129-b7a7-55529e96d6b3,5,2023-01-18T12:20:18+00:00,좋아요,1,3.1.1,2026-07-30,middle,https://play.google.com/store/apps/details?hl=ko&id=kr.munto.app
698abb98-4eb4-4a74-a2aa-1fa78f1f08e9,5,2023-01-16T01:01:40+00:00,다양한 활동과 사람들을 만날 수 있었습니다. 앞으로도 좋은 추억들 만들어볼래요~😁😁,2,3.1.1,2026-07-30,middle,https://play.google.com/store/apps/details?hl=ko&id=kr.munto.app
47fd5af3-9592-4605-b3f0-4f0cdbce625f,4,2023-01-15T22:51:40+00:00,좋아요,1,3.1.1,2026-07-30,middle,https://play.google.com/store/apps/details?hl=ko&id=kr.munto.app
6a482d42-a303-42b5-b1b8-a485e4c36d41,5,2023-01-15T15:53:24+00:00,첨이용해봤는데 짜투리시간활용하기도좋고 퇴근시간.주말에 오프모임도좋은듯여,1,3.1.1,2026-07-30,middle,https://play.google.com/store/apps/details?hl=ko&id=kr.munto.app
d0b5ecb3-e3c5-49b4-b75f-7f571146cf88,5,2023-01-15T15:39:01+00:00,사용하기 좋고 다양한 사람들과 생각을 공유할 수 있는 장입니다.,1,3.1.1,2026-07-30,middle,https://play.google.com/store/apps/details?hl=ko&id=kr.munto.app
03339489-5b2e-42f3-a4d3-3649e838124d,5,2023-01-15T15:35:18+00:00,문토 취미모임에 좋은거 같아요 여러사람들과 소셜 대화가 특화된것같아요 알림기능도좋아요,1,,2026-07-30,middle,https://play.google.com/store/apps/details?hl=ko&id=kr.munto.app
26a58bb1-9553-4b23-8b1d-c01facff7903,5,2023-01-15T15:35:05+00:00,문토 앱 너무 좋아요 다양한 사람들과 생각과 취향을 나눌수 있어요,1,3.1.1,2026-07-30,middle,https://play.google.com/store/apps/details?hl=ko&id=kr.munto.app
84d095f7-8935-41aa-af3a-37c6ca2fabd7,5,2023-01-15T15:34:29+00:00,사실 취향과 관심사가 비슷하신 분들끼리 모임을 직집 만들거나 참여하기위해 찾는게 쉽지않은 일인데 이 어려운걸 가능하게끔 도와주는 어플이네요^^ 메뉴 구성이나 검색기능이 직관적이라 사용하기 간편하고 지역별 필터 등이 추가되어있어 만족합니다!!!!,1,3.1.1,2026-07-30,middle,https://play.google.com/store/apps/details?hl=ko&id=kr.munto.app
60765591-800d-4fbe-9522-4f2264e8adba,5,2023-01-15T15:34:08+00:00,문토 앱을 통해 관심있는 모임을 찾을수있어서 좋아요.,1,2.5.0,2026-07-30,middle,https://play.google.com/store/apps/details?hl=ko&id=kr.munto.app
6764a25e-e0f3-49ae-939a-d9ddcf3c01b7,5,2023-01-15T15:31:14+00:00,문토를 통해 취향이 비슷한 사람들끼리 만날 수 있다는 게 너무 좋은 것 같아요...,1,3.1.1,2026-07-30,middle,https://play.google.com/store/apps/details?hl=ko&id=kr.munto.app
f686d717-fb6b-43dd-b37b-6f6c1a66c1a9,5,2023-01-15T14:38:42+00:00,문토라는 앱을 처음알게되서 너무좋앗구요 공통사나 취미를 서로공유하고 같이 대화나누는게 너무좋네요 다만 지역을 몇군데 지정해서 3곳4곳정로 확산해서 보기쉽게 햇으면 좋겟어요 나이대 필터링도 그렇구요 저도 밑분처럼 뜨개질을 취미로 갖고잇어서 그런알람이나 지역알람이왓으면좋겟구요 요지는 좀더 세분화되엇으면 하는 바람입니다 저희지역쪽은 이용자가 적어서 제가주최자가되도 많이 모일수잇을까하는 생각도 드네요 앞으로도 여러피드백받고 발전하셔서 꾸준히 쓸수잇는 유용한앱으로 거듭나길 바랍니다,5,3.1.1,2026-07-30,middle,https://play.google.com/store/apps/details?hl=ko&id=kr.munto.app
8215f2c0-8006-4ca7-931d-c2a178d84c2a,5,2023-01-15T13:28:45+00:00,새로운 사람들과 함께 할수 있고 새로운 공감 대를 나눌수 잇는 최고의 앱인것 같아요 감사해요 ❤️,1,3.1.1,2026-07-30,middle,https://play.google.com/store/apps/details?hl=ko&id=kr.munto.app
c910a975-7263-436e-8e96-a7c60b373a6a,5,2023-01-15T13:22:23+00:00,관심사공유와 취미생활 공유까지~단조로운 일상에 활기를 불어넣어주는 흥미로운 앱이네요. 카테고리가 좀더 세분화되길 바라며 앞으로 잘 이용할께요^^,1,3.1.1,2026-07-30,middle,https://play.google.com/store/apps/details?hl=ko&id=kr.munto.app
969d1d94-ef98-4aa5-830c-149aa365a254,5,2023-01-15T09:10:17+00:00,제가 방장인데 승인이 안됩니다. 이유를 모르겠어서 최신버전으로 업데이트도 했는데 여전히 승인 버튼이 안보이네요.,1,3.1.1,2026-07-30,middle,https://play.google.com/store/apps/details?hl=ko&id=kr.munto.app
08402650-2962-4ddd-bae1-1760ec57df85,4,2023-01-14T06:33:17+00:00,"다양한 필터링 기능이 있었으면 좋겠지만 그 부분은 차차 보완해주실 거라고 믿고, 잘 쓰고 있습니다. 지역별로 다양한 활동을 찾아볼 수 있댜는 점이 장점인것 같아요.",0,3.1.1,2026-07-30,middle,https://play.google.com/store/apps/details?hl=ko&id=kr.munto.app
372b6994-8969-4cb6-893a-38e48c138c38,5,2023-01-14T06:02:43+00:00,"내 관심사에 맞춘 사람들을 찾아 쉽게 만날 수 있어서 좋습니다. 또 관리를 해나갈 수 있도록 모임 기록이나 참여 인원 확인, 평가, 피드 게시 등 여러 기능도 어플 개발 시에 고려를 하신 게 느껴져요! 다만 기록이 아무래도 다 남다보니, 투명하게 해나갈 순 있으나 모임을 운영해봤을 때 분위기에 맞지 않는 행동을 하셨던 분들이라던가 그런 분들이 개별적으로 연락이 오게 되셨을 때 곤란한 경우가 생겨 차단이나 기록 삭제 등의 시스템도 하나 도입이 될 수 있으면 어떨까 생각해본 것 같습니다! 앞으로도 잘 쓰겠습니다~",13,3.1.1,2026-07-30,middle,https://play.google.com/store/apps/details?hl=ko&id=kr.munto.app
5a905cc7-21bc-4591-8216-f3a60582fa99,5,2023-01-14T04:10:12+00:00,취향이 맞는 다양한사람들과 다양한 경험들을 할 수있어서 너무나도 좋고 주변사람들에게도 항상 추천하는어플입니다. 너무 만족하고있아요😄,0,3.1.1,2026-07-30,middle,https://play.google.com/store/apps/details?hl=ko&id=kr.munto.app
263045ef-1600-4980-88d8-b19b4126e589,5,2023-01-14T04:01:53+00:00,즐거운사람들과 모임 했어요 요즘 계속 보고 있어요 마음에 맞는 모임이 있는지 찾고 있서요 ^^,0,3.1.1,2026-07-30,middle,https://play.google.com/store/apps/details?hl=ko&id=kr.munto.app
157c11d7-3a36-4ac7-af31-9475a71e7198,5,2023-01-14T04:00:35+00:00,모임 어플중 제일인듯!!,0,3.1.1,2026-07-30,middle,https://play.google.com/store/apps/details?hl=ko&id=kr.munto.app
c38e0f1b-211d-424d-9f34-3d4c5309017b,5,2023-01-14T03:46:01+00:00,문토 덕분에 새해맞이 미라클모닝을 일주일간 성공했어요! 역시 혼자 하는 것보다 함께 하는 분들이 있는게 좋아요. 다른 챌린지도 많이 참여해보고 싶어요.,0,3.0.1,2026-07-30,middle,https://play.google.com/store/apps/details?hl=ko&id=kr.munto.app
90bd655e-b9c6-4323-afc9-02ee360c0ba3,5,2023-01-14T00:12:26+00:00,다른 모임앱과 차별화된 점이 있다면 원데이클래스나 스터디에 특화 되었다는 거예요. 친목 모임도 많이 있지만 특히 자기계발 목적으로 사용하면 좋을 것 같습니다:),0,3.1.0,2026-07-30,middle,https://play.google.com/store/apps/details?hl=ko&id=kr.munto.app
f73e6ddd-acdc-42a9-b29a-38a07b72e6ee,5,2023-01-12T11:28:19+00:00,관심있는 소셜링에서 사람들과 부담없이 만날수있고 즐겁게 시간 보낼수 있어서 좋아요~,0,3.1.0,2026-07-30,middle,https://play.google.com/store/apps/details?hl=ko&id=kr.munto.app
39a0687e-c906-455f-ac01-fadf13181403,5,2023-01-08T18:39:01+00:00,"내가 원하는 시간, 하고 싶었던 일을 자유롭게 신청하고 경험할 수 있다! 1회성이 기본 세팅이라 난 처음인데 이미 그들은 알고 지낸 것 같은 소외감도 없다 ㅋㅋㅋ 문토 덕분에 내 세계가 넓어졌다. 신천지, 대순진리회 등등만 잘 피해갈 수 있다면 단연코 베스트 어플bb",5,3.0.1,2026-07-30,middle,https://play.google.com/store/apps/details?hl=ko&id=kr.munto.app
105be7a0-754d-4f92-8c31-0de87ff93b4f,3,2023-01-08T11:51:46+00:00,"가입 시 영문, 숫자, 특수문자 다 넣었는데도 안 넘어가지네요ㅠㅠ",0,3.0.1,2026-07-30,middle,https://play.google.com/store/apps/details?hl=ko&id=kr.munto.app
9bd7b7a3-fc9a-4427-a17c-4ee826fcd8a5,4,2023-01-08T02:22:20+00:00,"괜찮다싶은 소셜링 들어가보면 나이제한으로 걸려서 화딱지나요. 소셜일자, 장소 뿐아니라 연령제한검색기능도 만들어주세요.",0,3.0.1,2026-07-30,middle,https://play.google.com/store/apps/details?hl=ko&id=kr.munto.app
1da5ccec-27ef-46c3-a3d6-5eb60ae47089,4,2023-01-07T03:17:13+00:00,1회성 소모임 하기 좋아요,0,3.0.1,2026-07-30,middle,https://play.google.com/store/apps/details?hl=ko&id=kr.munto.app
e1c9d843-a9d9-42de-9bb5-0a7d498bcf1d,4,2023-01-06T12:57:17+00:00,앱자체와 기반모두 좋은데 짜잘한업데이트가 너무 많아요... 귀찮을정도로 업데이트가 많네요..,0,3.0.0,2026-07-30,middle,https://play.google.com/store/apps/details?hl=ko&id=kr.munto.app
7fcc98c9-8d41-4394-bb31-367eecf217d2,4,2023-01-06T12:00:11+00:00,전체적으로 괜찮은데 너무 업데이트를 자주시켜서 짜증나요,0,2.7.1,2026-07-30,middle,https://play.google.com/store/apps/details?hl=ko&id=kr.munto.app
c6f0bc90-4954-4d1e-b85f-4267a1956c47,5,2023-01-06T08:57:53+00:00,상당히 좋습니다. 좋은 사람들 많아요.,0,3.0.0,2026-07-30,middle,https://play.google.com/store/apps/details?hl=ko&id=kr.munto.app
50a2d1d3-7eeb-47ef-9785-9402a13d11dd,5,2023-01-06T04:43:27+00:00,아주 잘 사용합니다 너무좋아요 다양한경험이되요!!,0,3.0.1,2026-07-30,middle,https://play.google.com/store/apps/details?hl=ko&id=kr.munto.app
ac991b4a-076c-429b-9898-cb1ded694fac,1,2023-01-05T19:39:13+00:00,규칙과 달리 회원앱정지를 시키기도함.,3,,2026-07-30,middle,https://play.google.com/store/apps/details?hl=ko&id=kr.munto.app
6a854659-8dc8-4682-9963-2608cb101535,5,2023-01-05T08:13:41+00:00,깔끔하게 정리되어있어서 좋아요~ 테마별로 볼수있어서 좋습니당,0,3.0.0,2026-07-30,middle,https://play.google.com/store/apps/details?hl=ko&id=kr.munto.app
51250079-1f77-4a6c-8acd-929b8d66bd08,5,2023-01-05T04:01:06+00:00,다양한 모임과 그리고 혜택도 많고 사람들과의 소통으로 자기계발 성장하는 좋은 어플이에요 진짜 2023년에도 다양한 모임으로 다양한 것들을 접하는 한해가 되고싶네요,0,3.0.1,2026-07-30,middle,https://play.google.com/store/apps/details?hl=ko&id=kr.munto.app
39823f02-2bcb-447e-873d-4713eaf4586f,5,2023-01-03T04:02:21+00:00,좋아요!!편하고!!,0,2.7.2,2026-07-30,middle,https://play.google.com/store/apps/details?hl=ko&id=kr.munto.app
3541c3f3-f773-4e1a-85e9-25b275125264,4,2023-01-03T03:11:26+00:00,다양하면서도 재미있는 소모임이 많아서 좋아요~ 하지만 역시 지방보다는 서울 쪽이 훨씬 재미있는게 다양하게 많아서 부러웠어요ㅠ,1,2.7.2,2026-07-30,middle,https://play.google.com/store/apps/details?hl=ko&id=kr.munto.app
dc71030a-fa6b-4d58-9143-914d3d456101,5,2023-01-02T11:19:18+00:00,관심사 맞는 분들과 함께 활동할 수 있다는게 큰 장점이에요! 정보도 많이 얻고 서로 도움될수있는것도 좋았어요,0,2.7.2,2026-07-30,middle,https://play.google.com/store/apps/details?hl=ko&id=kr.munto.app
c0af9f6b-2676-4915-b631-91268c719130,1,2023-01-01T07:20:49+00:00,사이비 신천지 많음,3,2.7.2,2026-07-30,middle,https://play.google.com/store/apps/details?hl=ko&id=kr.munto.app
14bd5c52-f73c-4d2e-9d4d-1e8065a71779,1,2022-12-29T14:10:34+00:00,"대기취소안됨, 탈퇴도 안됨, 빡치기 일보직전",3,2.7.2,2026-07-30,early,https://play.google.com/store/apps/details?hl=ko&id=kr.munto.app
bb4d70b7-619e-4c76-92b3-236504678366,4,2022-12-27T10:22:20+00:00,"문토를 초창기 때부터 사용했던 유저입니다. 초창기에 실 MAU가 없어서 (그때 기억으로는 클럽 소셜링 분류도 없었던 기억이..!) 잠시 탈퇴했었다가 재가입했습니다 소X임 같은 유사 어플도 이용해보았지만 문토가 취미부자부터 취미를 찾고자 하는 사람 모두에게 적합한 어플인 거 같습니다 다만 몇 가지 아쉬운 점은 1. 안드로이드의 경우, 채팅방 알림이 떠서 클릭하면 '채팅방 정보를 불러올 수 없습니다'하고 한 번 튕기는 현상이 발생합니다. 2. 안드로이드의 경우, [설정]>[개선 및 의견 남기기] 들어가면 아무것도 할 수 없습니다! 아직 안 만들어진 탭이어서 클릭 수만 보려하는 건지는 모르겠지만 만약 그렇다면 최소한의 안내는 필요해 보입니다. 3. 이건 모든 취미 공유 모임 어플의 문제점인데, 들낙 유저에 대한 강력한 제재가 필요할 거 같습니다.",1,,2026-07-30,early,https://play.google.com/store/apps/details?hl=ko&id=kr.munto.app
165f8619-bf14-4aa9-88ef-39afb22c356e,5,2022-12-26T13:10:06+00:00,자기계발하는데에는 넘버원 어플인 것 같아요🤗 이런 어플이 앞으로도 많이 활성화 되었으면 좋겠고 좋은 문화 함께 알아갈 수 있어서 너무 행복합니다 🥰,1,2.7.2,2026-07-30,early,https://play.google.com/store/apps/details?hl=ko&id=kr.munto.app
07ef0173-db4f-442f-8176-15c2692e039c,4,2022-12-26T07:51:07+00:00,처음사용해보았는데 모임도 그릅도 많아서 참여하기 좋은것 같습니다. 앱도 에러없이 잘 실행되어 만족스럽습니다.,0,2.7.2,2026-07-30,early,https://play.google.com/store/apps/details?hl=ko&id=kr.munto.app
dedfe02c-73d3-4c74-a97d-463515bf0253,5,2022-12-26T01:44:09+00:00,"인터페이스는 개선의 여지가 많지만 이건 차치하고, 사람들 모아서 이런저런 활동할 수 있는 플랫폼이라서 정말 좋네요!",1,,2026-07-30,early,https://play.google.com/store/apps/details?hl=ko&id=kr.munto.app
2fbd6584-e252-4c16-9937-8b6eea4a67f7,3,2022-12-25T00:49:45+00:00,새로운 사람들을 만나는데 가장 적합한 어플이라는 생각이 들고 문토를 통해 새로운 경험들을 하면서 이제 취미가 된 것 같습니다 메시지가 조금 늦게 뜨거나 마음에 들지않는 소셜링삭제가 안되는 게 단점이긴한데 그래도 쓸만합니다,0,2.7.2,2026-07-30,early,https://play.google.com/store/apps/details?hl=ko&id=kr.munto.app
1f69aab6-2c07-49de-aebc-0bcd85a5cce5,5,2022-12-24T20:14:30+00:00,색다른 경험을 할수 있어서 좋음,1,2.7.1,2026-07-30,early,https://play.google.com/store/apps/details?hl=ko&id=kr.munto.app
0ab20e51-c1dc-42c4-9c55-0f37997b42ae,5,2022-12-24T08:06:45+00:00,가볍게 다양한 경험을 체험할 수 있어 좋아요.,1,2.7.2,2026-07-30,early,https://play.google.com/store/apps/details?hl=ko&id=kr.munto.app
50d16ae8-1e67-4b74-a692-80130c57a38c,5,2022-12-23T15:11:46+00:00,모임을 통해 다양한 사람을 만나는게 좋아요,1,2.7.1,2026-07-30,early,https://play.google.com/store/apps/details?hl=ko&id=kr.munto.app
9b7f56e5-35a4-4af4-a39c-c282e5196674,5,2022-12-23T13:31:00+00:00,"우선, 이 앱은 많은선택지가 있다. 친구에게 소배받아 사용한건데 취미생활을 하다보면 혼자하거나,혼자가기 여려운장소를 모임을 만들어 갈 수 있다는거에 행복을 느끼고 나랑 같은 취미를 가진 사람을 만날수있다는거에 만족도 높다. 좋은 앱인거같다.",1,2.7.2,2026-07-30,early,https://play.google.com/store/apps/details?hl=ko&id=kr.munto.app
9d0495ec-f5d3-45fd-9fa8-8ba1fcbb4009,4,2022-12-23T13:17:40+00:00,모임에 참여했는데 좋은 시간을 보냈어요^^,0,2.7.2,2026-07-30,early,https://play.google.com/store/apps/details?hl=ko&id=kr.munto.app
103ed071-1b75-4113-b822-df1c074db537,5,2022-12-23T13:16:10+00:00,"비슷한 취미를 가진, 또 그 때 그 때 하고 싶은 모임을 함께하고 동네 친구들을 만들어 갈 수 있어서 너무 좋아요!",1,2.7.1,2026-07-30,early,https://play.google.com/store/apps/details?hl=ko&id=kr.munto.app
c735e178-4298-4415-84dd-31b53c4082d0,5,2022-12-23T13:14:52+00:00,문토로 재밌는경험 좋은사람들하고 좋은시간보내서 좋았어요,1,2.7.2,2026-07-30,early,https://play.google.com/store/apps/details?hl=ko&id=kr.munto.app
abb61b13-e2c1-4479-ac34-2a67c4722731,5,2022-12-23T13:13:26+00:00,"직장생활하면서부턴 아무래도 새로운 사람 만나기가 쉽지 않았는데, 소셜링을 통해 부담없이 사람들을 만나고 다양한 경험을 할 수 있어서 너무 좋아요! 사람들을 만나고 싶은데 어떻게해야할지 고민이었던 분들에게 완전 추천드리는 앱입니다😊❤",1,2.7.2,2026-07-30,early,https://play.google.com/store/apps/details?hl=ko&id=kr.munto.app
b16dd113-d37f-4e9c-bd5c-3c9a4c9c24ba,5,2022-12-23T13:04:30+00:00,처음으로 소모임나가봤는데 너무나 새로운 경험이었고 즐거웠어요🤭 배우고 나눌 수 있는 것들이 많아서 좋았어요👍,1,,2026-07-30,early,https://play.google.com/store/apps/details?hl=ko&id=kr.munto.app
41870527-8139-401c-b260-c87e25322d06,5,2022-12-23T13:01:20+00:00,다양한 사람들을 만날 수 있는 앱입니다~ 매일 매일 기대가 되는 앱입니다~ 이제 외롭지 않아요~,1,2.7.2,2026-07-30,early,https://play.google.com/store/apps/details?hl=ko&id=kr.munto.app
052cbcf3-7046-4cdb-b373-782a9b4a9c3b,4,2022-12-23T13:01:12+00:00,그 때 그 때 여유될 때마다 원하는 모임을 참석할 수 있어서 넘 좋아요! 채팅기능만 좀 덜 버벅거리면 좋을 것 같아요.,0,2.7.2,2026-07-30,early,https://play.google.com/store/apps/details?hl=ko&id=kr.munto.app
fc5cd547-4204-426f-b390-4894183376f9,5,2022-12-23T12:58:17+00:00,문토통해서 러닝모임에 참여하게 되었는데요. 좋은분들과 집가까운곳에서 주기적으로 운동하게 되어 좋아요. 등산모임도 참여해봤는데 취미같은사람끼리 원하는 시간대에 함께 경험을 공유할 수 있어 좋았습니다.,1,2.7.2,2026-07-30,early,https://play.google.com/store/apps/details?hl=ko&id=kr.munto.app
f81ac79b-f743-4796-8feb-46c082b3a3c0,5,2022-12-23T12:54:45+00:00,문토를 통해 재밌는 모임들을 했습니다,1,2.7.1,2026-07-30,early,https://play.google.com/store/apps/details?hl=ko&id=kr.munto.app
3798f0be-417e-4e1c-af78-ddd29ff19bbd,5,2022-12-23T12:42:08+00:00,문토는 맘을 나눌 수 있는 공간입니다.,1,2.7.2,2026-07-30,early,https://play.google.com/store/apps/details?hl=ko&id=kr.munto.app
bf5031b3-fc10-4309-9fd8-38053865bec2,4,2022-12-23T12:41:47+00:00,여러가지로 잘 사용하고 있어요,0,2.7.2,2026-07-30,early,https://play.google.com/store/apps/details?hl=ko&id=kr.munto.app
e030a032-9f16-4c54-a0a4-e625484f1096,5,2022-12-23T12:38:23+00:00,좋은 사람들을 편하게 사귈 수 있는 어플 더많이 가입해주세요,0,2.7.1,2026-07-30,early,https://play.google.com/store/apps/details?hl=ko&id=kr.munto.app
b43fd077-e029-4fc3-82f7-7217bd29b268,5,2022-12-23T12:32:49+00:00,다양한 활동들 많아져서 좋아요~ 그런데 글쓰고 지울때 번거로운점만 수정해주세요,0,2.7.1,2026-07-30,early,https://play.google.com/store/apps/details?hl=ko&id=kr.munto.app
b6922403-bc05-42ae-8308-385bc59e72bd,5,2022-12-23T12:25:50+00:00,다양한 모임을 통해 취미에 맞는 사람들을 만날수 있어 좋습니다~,0,2.7.1,2026-07-30,early,https://play.google.com/store/apps/details?hl=ko&id=kr.munto.app
05cf0122-b8a0-4faa-b13e-3ed25210adff,5,2022-12-23T12:13:15+00:00,저도 아메리카노 커피 받고싶어요,0,2.7.2,2026-07-30,early,https://play.google.com/store/apps/details?hl=ko&id=kr.munto.app
efcc2a46-5173-439c-8fe2-daad23b49762,5,2022-12-23T12:12:08+00:00,코로나 시대에 사람들과의 교류가 줄었었는데 이렇게 좋은 어플을 통한 만남이 있어서 좋습니다 앞으로도 더욱 발전하는 문토가 되어주세요,0,2.7.1,2026-07-30,early,https://play.google.com/store/apps/details?hl=ko&id=kr.munto.app
d42b2904-fe8b-43a4-86fd-4785d216b1ef,5,2022-12-23T12:09:47+00:00,즐거운 모임 잘 즐기고 있어요 새로운 사람들과 리프레쉬 할수 있어서 좋네요,0,2.7.2,2026-07-30,early,https://play.google.com/store/apps/details?hl=ko&id=kr.munto.app
f039d9aa-9a3f-4856-8167-fda35f527770,5,2022-12-23T12:07:37+00:00,앱도 깔끔해서 편하고 분위기 자체가 비싼 클래스 보다는 다같이 진행하는 것에 의미를 두는 분위기라 좋아요,0,2.7.2,2026-07-30,early,https://play.google.com/store/apps/details?hl=ko&id=kr.munto.app
7219a912-f74b-4256-b817-1dacb8601c08,5,2022-12-23T12:07:04+00:00,문토를 사용하면서 새로운사람들 만나서 밥도먹을수있어요 저번에 소셜링에 참가해서 맛집탐방을 하였는데 그 동네에 오래살고 있어도 몰랐던 맛집을 알게되었어요,0,2.7.2,2026-07-30,early,https://play.google.com/store/apps/details?hl=ko&id=kr.munto.app
ef88fcae-7aec-4a6c-a05a-c4891ba36a31,5,2022-12-23T12:06:14+00:00,말그대로 ! 취미를 공유할 수 있는 클럽 그리고 친구들을 많이 만났어요! 너무 좋은 어플입니다! 문토 흥해라!!!,0,2.7.2,2026-07-30,early,https://play.google.com/store/apps/details?hl=ko&id=kr.munto.app
9853a2a5-b61e-420f-8764-a54b45df2696,5,2022-12-23T12:03:03+00:00,뜻 맞는 여러 분야의 사람들을 만나서 의미있는 시간을 가질 수 있어요~,0,,2026-07-30,early,https://play.google.com/store/apps/details?hl=ko&id=kr.munto.app
4e4e60af-5f08-4c7d-9df0-bbe0feecbb51,5,2022-12-23T12:02:55+00:00,취향이 비슷한 다양한 사람들과 생각을 교류할수 있어서 좋았어요.,0,2.7.2,2026-07-30,early,https://play.google.com/store/apps/details?hl=ko&id=kr.munto.app
69a0df92-c18f-4893-a74a-8a59656d8ed3,5,2022-12-23T12:00:54+00:00,평소 혼자서 하기 힘든것들을 같이할수 있게 해주는 어플이에요. 새로운 사람들을 많이 만나게 해주고 그로인해 인생에 활력을 주는 소중한 어플입니다!.항상잘 사용하고있어요.,0,2.7.2,2026-07-30,early,https://play.google.com/store/apps/details?hl=ko&id=kr.munto.app
d6a2b3fc-b382-42e9-b8f6-b197d2dcac71,5,2022-12-23T05:35:38+00:00,"코로나때문에 사람만나는 일이 많이 줄었는데, 문토 덕분에 새로운 분들과 새로운 것들을 할 수 있어서 너무 좋았어용",0,2.7.2,2026-07-30,early,https://play.google.com/store/apps/details?hl=ko&id=kr.munto.app
06da6618-3da3-4172-a7db-b505983c59dc,1,2022-12-22T23:10:46+00:00,가입하는데 무슨 서사시를 적어야 승인되는지 승인거절떠서 굳이 할 필요못느껴 탈퇴신청했는데 이름 연락처는 왜 수집하세요?? 이름도 가명으로 가입하고 연락처 초기 인증번호 넣은거 말고 기재안했는데 고객센터 전화도 안받고 가입승인은 무슨 면접보시나요 웃기지도않네ㅋㅋㅋ,23,2.7.2,2026-07-30,early,https://play.google.com/store/apps/details?hl=ko&id=kr.munto.app
ff98cd20-f34e-48ef-9efd-1aca037b3c11,5,2022-12-22T12:54:47+00:00,평소 사람들과 해보고 싶었던 일들을 경험해볼 수 있어요,0,2.7.1,2026-07-30,early,https://play.google.com/store/apps/details?hl=ko&id=kr.munto.app
9e5288cb-6a25-494b-8698-e91be3775ecb,5,2022-12-21T14:43:34+00:00,잘 사용중입니다. 소셜링 필터 기능을 더 늘리면 좋겠어요. '정원 마감 안보기' 기능이나 날짜와 시간을 동시에 선택가능하게 한다거나 하면 좋겠어요. 그리고 앱 내에서 개선 및 의견 남기기가 작동하지 않는것같아요.,0,2.7.1,2026-07-30,early,https://play.google.com/store/apps/details?hl=ko&id=kr.munto.app
a2a6b969-722e-4e17-a59d-911c63660295,5,2022-12-21T13:53:02+00:00,"사용자에게 진심인 앱. 전 처음엔 애인을 사귀고 싶어서 시작했지만, 다양한 취미를 접하고 기존의 생활패턴에서 보다 더 다양한 삶을 경험했습니다. 다른 연애 앱에 알바가 많다는 둥, 매칭이 안된다는 등의 의견에 겁 먹은 분들(제가 그러했습니다) 다양한 경험을 해보고, 다양한 사람을 경험하며 사람을 사람으로 대하는 경험을 해보시는 건 어떨까요? 취해서인지 감성적이게 되네요. 다양한 취미 경험을 원하시는 분들께 추천드립니다. (알바 아님, 매너 필수입니다. 남녀노소 할 것 없이, 다양한 사람의 다양한 삶을 접하고 자아 성찰에 도움을 받아 보세요) 이런 글을 쓰는 순간에도 저는 당신의 삶의 궤적을 듣고 알고 싶습니다. 혹시 이 글을 끝까지 읽은 당신에게 행운과 행복이 있기를, 이 글을 읽지 않은 분도 행복이 있기를 바라며 긴 글을 마치겠습니다.",2,2.7.1,2026-07-30,early,https://play.google.com/store/apps/details?hl=ko&id=kr.munto.app
4f2871c7-19fa-4a90-bc6f-518c03a94088,4,2022-12-20T22:58:13+00:00,문토 통해서 평소에 못했던 취미활동이나 주변 지인들과 뜻이 모이지않아 이루기 힘들었던 일들을 하니 저도 몰랐던 제 취향을 알게되거나 새로운 일들에 관심을 갖게되어 좋습니다. 사진변경이 안되서 문의 했었는데 그동안 그런문의가 꽤 많았는지 얼마안되서 업데이트가 됬더라구요. 문의봐도 안고치는곳들 많은데 피드백 빠르다 느꼈어요. 다만 아쉬운 점도 하나 적어보자면 소셜링 필터 화면에서 지역을 한군데씩만 검색할수있던데 여러군데 선택해서 검색할수 있었으면 좋겠어요. 거리상 갈수 있는 지역이 여러개여서 일일이 눌러서 필터 검색하기 번거롭다느껴지네요. 또 조건알림기능이 좀더 자세했으면 좋겠어요. 예로들면 '뜨개질'이면 '뜨개질'관련 소셜링이 새로열리면 알람이 뜬다던가.. 카테고리를 설정할수 있지만 좀 더 자세하게 나뉘어 있다면 더 잘쓸것같은데 그러지 못해서 아쉽기도 해요. 밑에 리뷰중 나이대 필터링 얘기있던데 공감하는 바입니다~ 어플 잘 이용하고있습니다. 앞으로도 잘 이용할게요!,37,2.7.1,2026-07-30,early,https://play.google.com/store/apps/details?hl=ko&id=kr.munto.app
f38d7665-aff3-4b2e-93b1-9fe6e7eb6a2d,5,2022-12-19T16:16:28+00:00,좋은 시간이 됐어요 감사해요,0,2.7.1,2026-07-30,early,https://play.google.com/store/apps/details?hl=ko&id=kr.munto.app
86d58a07-b8a4-4e6e-8e6f-f8d2d5bfa8e5,1,2022-12-18T22:49:27+00:00,구글에서 어플 사용 이력을 보면 핸드폰 본체에서 이 앱만 멋대로 켜지고 작동한 이력이 매일 한두번은 있더라구요 다른 앱을 내가 아이콘을 눌러야 켜지는데. 혹시 몰라서 배경화면에서 숨겨봐도 또 알아서 작동하길래 신뢰감 잃어서 삭제합니다,5,2.7.1,2026-07-30,early,https://play.google.com/store/apps/details?hl=ko&id=kr.munto.app
984471c2-b70d-4ea8-84c5-631ed3e4349f,4,2022-12-14T02:14:23+00:00,재밌게 잘 쓰고있습니다 그런데 채팅 알림의 경우 같은알림이 2개이상 방금은 ㅋㅋㅋㅋㅋㅋㅋㅋ...5개씩 오더라구요..? 복잡하고 불편하니...수정 부탁드립니다. 알림이 10개가 두두두두 오는데 실제 건수는 2개인 불편한 상황이니까요!!!!,0,2.7.0,2026-07-30,early,https://play.google.com/store/apps/details?hl=ko&id=kr.munto.app
336f563e-f6eb-4390-a2fc-1009c09fee8a,1,2022-12-14T02:01:42+00:00,가입절차가 복잡합니다. 카카오톡가입 후 전화번호 인증시 070 차단해제 국내전화번호 맞고 가상번호가 맞는데도 문자가 안오네요 카카오톡으로 받기로해도 안옵니다. 우측상단에 도움요청을 누르라는데 그런버튼도 따로없네요,1,2.7.0,2026-07-30,early,https://play.google.com/store/apps/details?hl=ko&id=kr.munto.app
27fdb9a4-1f60-4c79-86c1-7e772448dee7,2,2022-12-13T23:49:37+00:00,소셜링 후 평가하기 버튼좀 따로 만들어주세요 어떤건 후기 쓰기가 알아서 뜨고 어떤건 뜨지도 않고 엉망 진창에 사진도 제발 자유롭게 조정해서 올릴수 있게 해주세요 사진열심히 찍어서 규격 사이즈안맞아서 다 잘려나가요 채팅창에 버벅거림 너무심해요 소셜링 장소 근처 공지 할때도 같은글 두세개씩 올라가거나 이미지 사진전송시 미전송이나 두개씩 날아가능 경우 많구요,3,2.7.0,2026-07-30,early,https://play.google.com/store/apps/details?hl=ko&id=kr.munto.app
f600fbc2-a0c9-4dcc-9af1-c51016bc0872,1,2022-12-13T12:27:25+00:00,"알뜰폰은 휴대폰 인증, 카카오톡 인증 안됨",2,2.7.0,2026-07-30,early,https://play.google.com/store/apps/details?hl=ko&id=kr.munto.app
01fcda5b-f04a-4792-b07f-13da930f59d9,1,2022-12-13T12:18:05+00:00,문자 및 카카오톡 인증시도해봤는대 문자도 카키오톡 오지 않습니다. 도대체 얼마나 시도해야 인증번호를 받을수있는건가요? 40분 시도하다가 포기합니다,3,2.7.0,2026-07-30,early,https://play.google.com/store/apps/details?hl=ko&id=kr.munto.app
140883e6-8fc1-4e5f-970c-ab7789ff46b0,4,2022-12-11T14:28:09+00:00,안드로이드 업데이트하고나서부터는 피드에 사진올리기가 안됩니다. 제 휴대폰만 그러는줄 알고 초기화도 해보고 문토측에서 올려주신 공지사항도 참고해봤지만 안되네요 ㅠㅠ 신경써주시길 부탁드립니다. 항상 잘 사용하고 있습니다:),0,2.6.0,2026-07-30,early,https://play.google.com/store/apps/details?hl=ko&id=kr.munto.app
35a2d4c2-c021-41a0-a69c-f474dbc346cf,4,2022-12-10T05:21:00+00:00,"필터에 나이대 추가 요청합니다. 지난번 피드백(비슷한 나이대끼리 모임 가능하도록)이 적용되어서 좋습니다만, 검색 필터에서도 나이대를 선택할 수 있게 변경됐으면 좋겠습니다. 이유는, 제가 하고 싶은 모임을 발견해도 클릭후 제가 참여가능한 나이인지 아닌지 확인해야하는 점이 번거로웠기 때문입니다.(이런 경우 많음) 일정이나 관심사로 공고 찾아보는 필터란에 연령상관 없음 버튼을 포함하여 연령대 구간을 선택할 수 있으면(알바몬처럼) 위와같은 불편함없이 더 편리하게 이용 가능할 것 같아 다시 리뷰 남깁니다",18,2.6.0,2026-07-30,early,https://play.google.com/store/apps/details?hl=ko&id=kr.munto.app
d0bb4048-af3b-483e-9574-04cbe0dd2172,4,2022-12-09T13:57:50+00:00,"라운지에 사진 업로드가 안되는데 왜 이럴까요ㅠㅠ 혹시나 해서 폰 설정에도 들어가서 봤더니 아무 이상이 없습니다,, 사진 추가 버튼을 누르면 계속 로딩 중만 뜨고 사진은 아예 안 나옵니다ㅠㅠㅠㅠ",1,2.6.0,2026-07-30,early,https://play.google.com/store/apps/details?hl=ko&id=kr.munto.app
713a1146-86bd-4380-92ed-f5885cef4529,4,2022-12-09T04:32:52+00:00,너무너무 편하고 좋은사람들도 많이 만나고 알게되면서 정말 좋은 앱이라고 생각이 드는데 아쉬운 점은 앱 뿐만 아니라 웹에서도 사용할 수 있는 페이지가 있으면 좋을 것 같아요. 확실히 채팅을 할때에도 그렇고 쇼셜링을 찾아볼때도 훨씬 앱과 웹이 같이 있으면 좋을 것 같은데 따로 웹이 없는 이유가 있는 건가요????,3,,2026-07-30,early,https://play.google.com/store/apps/details?hl=ko&id=kr.munto.app
1f22384a-760b-460e-857f-7f84191514a2,1,2022-12-08T11:54:14+00:00,소셜링 개설할때 이미지가 첨부되지 않습니다. 캐시&데이터도 삭제하고 권한 다 허용하고 재설치까지 했는데 안되요 언제 해결 되나요?,3,2.6.0,2026-07-30,early,https://play.google.com/store/apps/details?hl=ko&id=kr.munto.app
da4107b1-aa07-44ca-afeb-5cb0ff424e6e,5,2022-12-05T03:40:14+00:00,취향 맞는 사람들을 찾아 시간을 보낼 수 있어서 매우 유용하게 사용하고 있어요. 문토가 계속 보완되어 가고 있는 점을 고려하면 충분히 더 좋아지리라 생각합니다.,4,2.6.0,2026-07-30,early,https://play.google.com/store/apps/details?hl=ko&id=kr.munto.app
a11e615a-baa3-4c0b-9934-243ac1bcd914,5,2022-12-04T10:21:41+00:00,재밌는 경험도 많이 접할 수 있고 사람들과 다양한 의견을 주고 받을 수도 있어서 즇아요!,0,2.5.0,2026-07-30,early,https://play.google.com/store/apps/details?hl=ko&id=kr.munto.app
41fb4c95-2b3a-4eb6-9822-28f2aa513c04,3,2022-12-04T07:11:27+00:00,서울시민들만 하기에 딱 좋은 앱(다수가 서울),1,2.5.1,2026-07-30,early,https://play.google.com/store/apps/details?hl=ko&id=kr.munto.app
a6d92a91-e504-49cc-a3a7-4623a7effdb0,5,2022-12-02T07:23:18+00:00,다양한 사람들과 다양한 취미공유 할 수 있습니다. 서로 마음과 일정만 맞으면 친구가 될 수 있는 시스템!,0,2.5.1,2026-07-30,early,https://play.google.com/store/apps/details?hl=ko&id=kr.munto.app
1eea5105-6657-42d2-8fd3-0c1b2d233825,5,2022-12-01T02:54:27+00:00,취향과 결이 비슷하면서도 새로운 사람들을 만날 수 있다는게 문토의 가장 큰 장점이라 생각해요. 정말 다양한 모임이 있어 용기만 낸다면 매우 새로운 결의 사람들 또한 만날 수 있어 좋을 것 같습니다 :) (그런데 채팅방에 사진 여러장 전송이 왜 안될까요?.? 앱 업데이트하고도 여러번 시도하다 결국 한장씩 전송했습니다 ㅠ),24,2.5.1,2026-07-30,early,https://play.google.com/store/apps/details?hl=ko&id=kr.munto.app
db01e315-45e6-4f05-b697-db1c7b5a655a,1,2022-11-30T04:55:37+00:00,"생각보다 나이제한이 심해서 들어갈 모임이 한정적이예요. 거의 2030 위주이고 사이비종교 같이 보이는 모임, 연애하기 위한 자만추 모임이 대부분인거 같아서 진짜로 순수한 모임을 못 찾겠어요. 괜찮은거 같아서 참여하려고 하면 나이제한에서 걸리고 대부분의 35세이상이 들어갈 모임이 없어요. 나이제한에서 안걸려서 참여하려고 하면 참여인원이 너무 적어서 애매하고 덕분에 열심히 시간낭비만 했고 차라리 나이제한을 맨 앞으로 배치하는게 시간낭비가 없을듯 싶어요. 왜 다른후기들에서 나이제한이 맨 밑에 있어서 불편하다고 하는지 이해가 되더군요. 다른 모임어플 보다 직관적이고 깔끔해보여서 추천하지만 나이제한 때문에 비추해요.",7,2.5.1,2026-07-30,early,https://play.google.com/store/apps/details?hl=ko&id=kr.munto.app
ca75200b-379d-4834-b554-ab12f0355f59,5,2022-11-30T02:47:15+00:00,사람들이랑 같이 취미생활을 할수있고 너무재밌어요 ㅎㅎ,0,2.5.1,2026-07-30,early,https://play.google.com/store/apps/details?hl=ko&id=kr.munto.app
11fc6f80-bac0-409b-8556-2cfcd7928b97,1,2022-11-29T12:07:26+00:00,"승인제여서 좋았지만 서너달 사용해보며 느낀점, 물론 정상적인 사람도 많지만, 여자(남자도 포함)가볍게만나려고 오는 사람들이 많다. 특히, 다른 소개팅 앱이나 사이트에서 정지 신고 먹고 오는 그런 사람 들이 호스트로 소셜링을 열면서 처음엔 정상적인 척 소셜링에 참여하도록 유도하고 그 다음에는 개인 dm해서 이상형물어보고 이런 식인거 같은데.. 단순 소셜링 참여가 아니라 주기적으로 여는 소셜링클럽도 이런 목적을 가지고 엶. 따라서 어플의 질을 고려해서도 이런 사람들을 제한할 수 있도록 하는 장치가 마련되었으면 한다",4,2.5.1,2026-07-30,early,https://play.google.com/store/apps/details?hl=ko&id=kr.munto.app
20c36ab7-f4f3-4d06-90b3-d091e48f1e66,5,2022-11-28T06:27:06+00:00,같은 관심사를 가진 새로운 사람들을 만날 수 있어 좋았습니다😆,0,2.5.1,2026-07-30,early,https://play.google.com/store/apps/details?hl=ko&id=kr.munto.app
9dbf88d6-7954-4b88-a9fd-9e29f762a601,1,2022-11-28T06:20:02+00:00,회원가입을 할려도 했는데 프로필사진을 선택할라고했는데 전혀 되고있지읺아요 저장공간에서 삭제도 해봤고 권한도 허용했는데 사진에서 막혀서 가입이 안되요 다시 삭제하고도 깔아봤는데도 똑같아요,2,2.5.1,2026-07-30,early,https://play.google.com/store/apps/details?hl=ko&id=kr.munto.app
ee3cf7cc-c889-4d4d-ad90-79d4c0d3e78e,1,2022-11-28T06:00:43+00:00,로그인이 안됨.카카오 로긴하라는데 카카오 메일쓰면 없는게정으로,1,2.5.1,2026-07-30,early,https://play.google.com/store/apps/details?hl=ko&id=kr.munto.app
5dfc08eb-f53c-452a-b6dd-b61d164b6433,1,2022-11-27T10:41:45+00:00,"모임 참여시 매너가 없지 않았고, 아무런 피해를 주지 않았으며, 모임은 처음이라 참여에 노력했는데 무슨 일인지 모르겠지만 매너온도라는 익명성 뒤게 숨어서 자기 마음에 살짝 들지 않는 사람을 평가(테러)하는 어플이네요. 평일이라 업무피로 때문에 힘도 없었는데.. 앞에서 그냥 얘기하지.. ㅎㅎ 소셜활동시 다른사람 기분을 아주 많이 고려해야겠습니다.",3,2.5.1,2026-07-30,early,https://play.google.com/store/apps/details?hl=ko&id=kr.munto.app
d54cf7fb-9b9d-408f-b7b5-716ee500caee,5,2022-11-27T05:21:38+00:00,"혼자하기 어려웠던 일을 마음맞는 사람들과 함께 할 수 있어서 좋았습니다. 모르는 사람들을 만나는게 살짝 걱정이 됐지만, 아직까지는 친절하고 좋은분들만 만났습니다. 앞으로도 이용할거같아요.",0,2.5.0,2026-07-30,early,https://play.google.com/store/apps/details?hl=ko&id=kr.munto.app
95e06861-d381-48d8-acf8-9fafab56abfe,5,2022-11-26T00:30:26+00:00,새로운 사람들을 만날 수 있었고 결이 맞는 다양한 사람들과 즐거운 경험들을 할 수 있었습니다 ㅎㅎ,0,2.5.1,2026-07-30,early,https://play.google.com/store/apps/details?hl=ko&id=kr.munto.app
4ba84607-0992-4b48-8c52-ccb7cda94e8d,5,2022-11-24T08:28:08+00:00,"일단 건전한 느낌이 드는게 가장 좋았고 모임 종류도 되게 다양해요! 자기계발에 도움되는 프로그램, 같이 여행가거나 카페가는등 여러가지라서 보는 재미도 있더라구요 신기했습니당",0,2.5.0,2026-07-30,early,https://play.google.com/store/apps/details?hl=ko&id=kr.munto.app
702c4fd8-5486-423b-8555-2b6737abae49,5,2022-11-24T03:44:36+00:00,카테고리가 잘 나눠져 있어 활동 선택에 용의함. 모임 관련 이미지가 좀더 많이 보여줬으면 함. 캠핑할때 메이트가 있어 더 즐겁게 할 수 있었음.,0,2.5.0,2026-07-30,early,https://play.google.com/store/apps/details?hl=ko&id=kr.munto.app
58b48c37-b252-4165-9643-7a39b0b486a2,1,2022-11-24T02:10:25+00:00,관리도 잘해주신다고 생각하며 어플 이용해서 지루한 일상 속 활력을 찾아가고 좋았는데 말 없이 참여 안하거나 마음대로 하는 인원들은 정작 가만히 두고 여미새 등.. 때문에인지 바르게 이용하고 있는 사용자는 신고자의 무분별한 신고로 억울하게 엉구조치조치 당함 점수제도 또한 경고 점수도 없이 일방적인 통보,10,2.5.0,2026-07-30,early,https://play.google.com/store/apps/details?hl=ko&id=kr.munto.app
1d54b5a0-711e-433d-ba53-323476976ed8,5,2022-11-23T04:45:07+00:00,신천지 너무 많아요. 두번 썼는데 두번 다 신천지였음,1,2.5.0,2026-07-30,early,https://play.google.com/store/apps/details?hl=ko&id=kr.munto.app
50ea8d70-6de6-4883-b852-dd2199dbab21,5,2022-11-22T11:00:36+00:00,친한 친구의 추천으로 가입했었습니다. 당♡마켓 처럼 온도 표시하는 부분이 있어서 상대방에 대해서도 어느정도 구별이 가능하고 취향 맞는 사람들끼리 만나서 소통하는 것도 즐거운 경험이였습니다. 물론 좋은 사람도 많이 알게 됐지만 이상한 사람도... 아예 없진 않더라구요. 이건 어쩔 수 없는 부분이라고 생각합니다. 그래도 좋은 분들을 훨씬 많이 만나게 됐어요. 덕분에 한동안 핵인싸마냥 매일 약속에 파묻혀 살았었네요.,6,2.5.0,2026-07-30,early,https://play.google.com/store/apps/details?hl=ko&id=kr.munto.app
3a19edbc-387a-43da-8156-fe36bf939870,1,2022-11-21T20:08:06+00:00,걍 사람아님 어플에서 사람만나는거아님ㄹㅇ,2,2.5.0,2026-07-30,early,https://play.google.com/store/apps/details?hl=ko&id=kr.munto.app
b21dd038-9805-425b-995b-d21b7039264e,5,2022-11-21T09:49:42+00:00,우연치 않게 문토 앱을 만나 다양한 분야의 사람들과 함께할 수 있는 특색있는 모임이 많다는 걸 알았네요!! 여러가지 의미에서 추천하고 싶은 어플입니다!!,0,2.5.0,2026-07-30,early,https://play.google.com/store/apps/details?hl=ko&id=kr.munto.app
4c101360-3f22-45c5-a3f2-8a8db843a054,5,2022-11-20T11:43:08+00:00,문토를 통해 첫모임을 다녀왔어요~ 힐링도 되고 좋은 시간이었어요 편하게 시간대랑 장소 맞는 모임에 참여 할 수 있고 다양한 모임이 있어서 좋아요~,0,2.5.0,2026-07-30,early,https://play.google.com/store/apps/details?hl=ko&id=kr.munto.app
d91d6858-a276-49d9-8ff0-08abb42993c7,4,2022-11-20T10:10:18+00:00,새로운 사람을 1회적으로 편하게 만나보고 싶은 분들에게 최고의 어플인 것 같아요 활동이 다양해서 골라 갈 수도 있어요!,0,2.5.0,2026-07-30,early,https://play.google.com/store/apps/details?hl=ko&id=kr.munto.app
befad8ee-7911-4d6b-bafd-1bb14c7611db,1,2022-11-19T13:37:08+00:00,하 진짜 신천지인들 너무많음 그냥 점령당한듯..,5,,2026-07-30,early,https://play.google.com/store/apps/details?hl=ko&id=kr.munto.app
1a9d9749-1f75-4428-ae8e-b642c335a1c0,5,2022-11-19T00:35:11+00:00,다양한 경험을 카테고리 별로 선택하고 누구나 모임을 열수있다는게 메리트 인거같아요 더다양한 경험을 원하는 사람들에게 추천!,0,2.5.0,2026-07-30,early,https://play.google.com/store/apps/details?hl=ko&id=kr.munto.app
a0f1925c-e3f0-4f3b-9bbe-cf667838e7cf,5,2022-11-19T00:04:17+00:00,편하게 사용할수 잇도록 구성해놨어요,0,2.5.0,2026-07-30,early,https://play.google.com/store/apps/details?hl=ko&id=kr.munto.app
c96416bd-3e18-4192-8d0d-2317b6c22a96,5,2022-11-17T08:25:36+00:00,아직 많이는 사용하지 못했지만 좋은 인연과 만남이 있어 좋읍니다.,0,2.5.0,2026-07-30,early,https://play.google.com/store/apps/details?hl=ko&id=kr.munto.app
860a07ff-ae6a-4531-85aa-df1cca788aec,5,2022-11-17T02:02:23+00:00,여러 문화생활에 관심이 생기던 차에 좋은 분들은 만날수있는 문토를 하게 되었어요! 같이 좋아하는걸 함께 즐길수 있는 행복한 시간이었습니다,0,2.3.0,2026-07-30,early,https://play.google.com/store/apps/details?hl=ko&id=kr.munto.app
9541b943-33ac-4a2e-acd4-5d30c4a0a6c1,4,2022-11-16T15:26:01+00:00,개인적으로 앱 실행되자 마자 보이는 이미지 하얀색 배경 이었으면 좋겠어요~~ 그것만 빼면 너무 만족스럽습니다^^,0,2.4.2,2026-07-30,early,https://play.google.com/store/apps/details?hl=ko&id=kr.munto.app
7aa27f82-d5fd-467d-a0f6-d2407fe6d64a,5,2022-11-15T09:29:55+00:00,너무 좋은 앱이예요. 문토를 통해 너무 좋은 분들도 만나게 되었고 새로운 분들도 만날수 있어서 너무 좋네요. 삶에 활력소 같은 존재가 되어버린 문토 감사합니다.,0,2.4.2,2026-07-30,early,https://play.google.com/store/apps/details?hl=ko&id=kr.munto.app
1460ae69-5623-4c36-8a4d-ee741766e48b,4,2022-11-14T06:19:34+00:00,그나마 소모임 어플중에선 젤 나은듯해요,0,2.4.2,2026-07-30,early,https://play.google.com/store/apps/details?hl=ko&id=kr.munto.app
8e80d868-9e17-42ad-8102-c47e70b65e4e,5,2022-11-13T12:40:16+00:00,사람과 만남에 제일 안전한 앱이지 않을까싶다. 안심하고 좋은 사람들과 소통할 수 있어 좋다.,0,2.4.2,2026-07-30,early,https://play.google.com/store/apps/details?hl=ko&id=kr.munto.app
33e337d8-7e6b-4361-9484-791d40a20d43,5,2022-11-12T15:02:54+00:00,동호회는 조금 부담스럽게 느껴질 때. 주말에 무엇을 해야할 지 모르겠을때. 이렇게 문토에서 안 해 본 새로운 것을 접해보고 즐거운 경험을 해볼 수 있어서 좋았어요^^,0,2.4.2,2026-07-30,early,https://play.google.com/store/apps/details?hl=ko&id=kr.munto.app
c75e0779-95b7-4adb-8e8d-e15e44eaf870,5,2022-11-12T14:29:08+00:00,"추천받아 알게되었고 많은분들과 다양한 주제로 생각을 나눌수있어 참 좋았습니다~ 같은 관심사, 취향을 가진분들을 만날수있어 너무 좋은듯합니다 강력추천!",0,2.4.1,2026-07-30,early,https://play.google.com/store/apps/details?hl=ko&id=kr.munto.app
9d8a159a-9d1d-4284-a9a7-a50c75c09e62,5,2022-11-12T13:34:10+00:00,며칠전에 단풍구경을 갔는데 너무 좋았어요. 다양한 사람들을 만나서 맛있는 전도 먹고 날씨가 좋아 산책하기 좋았어요.,0,2.4.2,2026-07-30,early,https://play.google.com/store/apps/details?hl=ko&id=kr.munto.app
f552e430-0294-45ae-8c8e-be9ee9d94061,5,2022-11-12T12:47:27+00:00,다양한 소셜 모임어플이 있지만 문토가 최고인듯해요. 직장인으로써 시간에 대한 구속때문에 하고 싶은 취미활동을 하기 곤란했지만 문토는 나에게 할애된 시간을 충분히 활용가능하게 해주니 취미생활을 나아가 자기개발까지 가능하게해주니 추천해요.,0,2.4.2,2026-07-30,early,https://play.google.com/store/apps/details?hl=ko&id=kr.munto.app
7d47400a-4111-4f59-849d-d74c1cea0ff3,5,2022-11-12T12:38:09+00:00,문토를 하면서 동호회가입해서 너무 좋아요. 일상이 지루햇는데. 너무 좋네요,0,2.4.2,2026-07-30,early,https://play.google.com/store/apps/details?hl=ko&id=kr.munto.app
4e073796-22f7-4ea2-b9ba-fa7d481f7e34,5,2022-11-12T10:44:05+00:00,문토. 알게되어 감사합니다. 많은 분들과 소통 할 수 있어서 좋아요.,0,2.4.2,2026-07-30,early,https://play.google.com/store/apps/details?hl=ko&id=kr.munto.app
8c0eb414-f09b-43bd-a032-f47812147f58,5,2022-11-12T09:36:53+00:00,요즘에는 앱으로 못하는 게 없네요 정말. 같은 관심사를 공유하는 사람들과 커뮤니케이션하고 정보도 얻고 좋습니다. 점점 규모가 커지길 바래봅니다.,0,2.4.2,2026-07-30,early,https://play.google.com/store/apps/details?hl=ko&id=kr.munto.app
57e212a0-8aff-4581-a074-8f15b7034e08,5,2022-11-12T09:33:49+00:00,"내 취미와 같은 카테고리별로 다른 사람들의 다양한 활동을 공유 받을 수 있어 유익합니다. 또, 소셜링도 많아 다른 사람과의 관계를 넓히기에도 좋아요.",0,2.4.2,2026-07-30,early,https://play.google.com/store/apps/details?hl=ko&id=kr.munto.app
e84f8df8-284b-4a5e-8fd8-c35207918643,4,2022-11-12T09:33:02+00:00,새로운 사람들과 친목도모 코로나 시국 좋은 아이디어 같아요 원하는 곳 원하는 사람들과의 만남 좋아요,0,2.4.2,2026-07-30,early,https://play.google.com/store/apps/details?hl=ko&id=kr.munto.app
5e0962f0-2fed-4209-bbd6-b055691bdf9a,5,2022-11-12T08:52:52+00:00,관심사를 통해서 만나는만큼 소통의 주제가있어서 사람들과 대화하기가 좋을거같아요,0,2.4.2,2026-07-30,early,https://play.google.com/store/apps/details?hl=ko&id=kr.munto.app
aa23c0d4-85e8-477b-b858-908d96c69b9a,5,2022-11-12T08:42:55+00:00,다양한 분들가 모임을 할수 있어 좋은거 같아요. 새로운 친구도 만들고 새로운 체험도 할수 있고 정말 좋네요. 앞으로 잘부탁 드립니다. 응원합니다,0,2.4.2,2026-07-30,early,https://play.google.com/store/apps/details?hl=ko&id=kr.munto.app
cf1053ef-fcad-4614-a532-5263498a6e0c,5,2022-11-12T08:32:36+00:00,주제별로 클럽이 많아서 선택하기가 수월해서 좋네요 만족합니다,0,2.4.2,2026-07-30,early,https://play.google.com/store/apps/details?hl=ko&id=kr.munto.app
70972f88-2cb9-4e0d-ad34-d3724e7efc81,5,2022-11-12T08:32:16+00:00,다양한 사람들과 소통하는앱.너무좋아요,0,2.4.2,2026-07-30,early,https://play.google.com/store/apps/details?hl=ko&id=kr.munto.app
40d72876-d56b-4368-96c9-8cd72ca3a261,5,2022-11-12T08:29:17+00:00,여러 클럽들이 많아서 쉽게 찾을수 있네요..,0,2.4.2,2026-07-30,early,https://play.google.com/store/apps/details?hl=ko&id=kr.munto.app
836baae6-fca2-4295-8237-e76ca1059778,5,2022-11-12T08:25:42+00:00,사용한지 얼마 안돼서...걍 사용하기 나쁘지 않네요,0,2.4.1,2026-07-30,early,https://play.google.com/store/apps/details?hl=ko&id=kr.munto.app
dcaecafe-0c59-4a33-9312-14682ac0662b,5,2022-11-12T08:25:09+00:00,문토는 소통이다~ 요즘은 혼자놀기가 익숙해지는데 문토는 다양한 사람들과 어울릴수있는 좋은 기회인것 같아서 마음만 먹으면 친해질수있는 기회가 만을것같아요 굿~,0,2.4.2,2026-07-30,early,https://play.google.com/store/apps/details?hl=ko&id=kr.munto.app
c6e76007-550e-4f76-82dd-fdbdf274264e,5,2022-11-12T08:19:00+00:00,재미있습니다!,0,2.4.2,2026-07-30,early,https://play.google.com/store/apps/details?hl=ko&id=kr.munto.app
95d43703-ad8e-4ba3-8e57-d755c6d185db,5,2022-11-12T08:18:34+00:00,문토 앱을 통해 다양한 관심분야에서 공통의 취미를 가진 사람들과 소통을 할 수 있어서 좋은 것 같아요. 이런 저런 소통을 통해서 자기개발도 할 수 있고 좋아요.,0,2.4.2,2026-07-30,early,https://play.google.com/store/apps/details?hl=ko&id=kr.munto.app
10b44acd-44c8-4a41-9e23-d3ef95f1cac4,5,2022-11-12T08:14:09+00:00,문토는 소셜링을 통한 관심사커뮤니티에요 서로공감대를 형성해 활성화되서 더 돈독해지는것같아요,0,,2026-07-30,early,https://play.google.com/store/apps/details?hl=ko&id=kr.munto.app
8fb88b4a-18c7-4b9b-8d3a-07bc7de6bfdc,5,2022-11-12T08:13:14+00:00,다양한 주제의 커뮤니티들이 있어서 공감대를 형성할 수 있는 커뮤니티 활동과 정보를 얻을 수 있어서 좋네요. 앱도 깔끔하고 정리가 잘되어있네요.^^; 인터페이스도 매우 편리하게 되어 있네요.,0,2.4.2,2026-07-30,early,https://play.google.com/store/apps/details?hl=ko&id=kr.munto.app
3725a0a8-0945-47bc-8825-182c1e1d9176,5,2022-11-12T07:19:48+00:00,모임이 다양해요!,0,2.4.2,2026-07-30,early,https://play.google.com/store/apps/details?hl=ko&id=kr.munto.app
6bb416c2-ed5a-4867-b2c5-f7331415e8cc,5,2022-11-12T07:03:04+00:00,이번에 독서소셜링에 참석해봤는데 참석하신분들도 친절하시고 좋았어요,0,2.3.0,2026-07-30,early,https://play.google.com/store/apps/details?hl=ko&id=kr.munto.app
13800409-c8b5-4502-aa0f-f89e523b6b75,5,2022-11-12T06:04:32+00:00,좋아요,0,2.4.2,2026-07-30,early,https://play.google.com/store/apps/details?hl=ko&id=kr.munto.app
e3f829b9-8b48-4082-ac38-888aeafc401d,5,2022-11-12T05:33:34+00:00,재밌고 유익합니다! 혼자선 하기 힘든 새로운 경험을 함께하는 즐거움이 있네요 :),0,2.4.2,2026-07-30,early,https://play.google.com/store/apps/details?hl=ko&id=kr.munto.app
f26d665f-7617-428b-b80a-2fab144095ba,4,2022-11-12T05:04:50+00:00,까다로운 절차 없이도 호스트 또는 멤버로 사람들을 만날 기회를 만들 수 있어서 좋았습니다. 다만 필터에 연령대별 모임 검색 기능을 지원했으면 합니다. 너무 저 연령층 위주라 40 이상 연령이 참여할 모임을 찾기 어렵네요.,0,2.4.2,2026-07-30,early,https://play.google.com/store/apps/details?hl=ko&id=kr.munto.app
999cbc3b-c418-49d3-92fc-89531963df08,5,2022-11-12T04:19:52+00:00,"문토에서 생각보다 많은 질 좋은 소셜링이 많아 큰 도움과 즐거움을 얻었어요ㅎㅎ 형식적인 것 같지만 정말 군더더기 없이 좋은 어플 같고, 저도 조만간 열어보려고요! 감사합니다.",0,2.4.1,2026-07-30,early,https://play.google.com/store/apps/details?hl=ko&id=kr.munto.app
f0c6dcd5-8255-44fb-a5e4-da1a6a3a6fe2,5,2022-11-12T04:10:22+00:00,타지에 살아서 함께 취미 공유할 사람이 없었는데 문토 앱을 통해서 좋은 사람들 많이 만날 수 있어서 좋아요!!,0,,2026-07-30,early,https://play.google.com/store/apps/details?hl=ko&id=kr.munto.app
5e3a9899-cab1-41bc-a52b-0ce257addba1,5,2022-11-12T04:04:15+00:00,들어갈수 있는 모임도 엄청 많고 활발하게 교류할수 있어서 좋아요 가입도 편하고 앱도 사용하기 편해서 좋네요,0,2.4.2,2026-07-30,early,https://play.google.com/store/apps/details?hl=ko&id=kr.munto.app
988f70a0-2223-4793-aba8-d1c9dd205e8d,5,2022-11-12T04:00:54+00:00,"되게 유용하게 잘 썼어요 일회성 소셜링이러서 계속 참여 해야하는 부담감 없이 시간날때마다 참여할 수 있어서 좋았고 소셜링 후 마음이 잘 맞으면 다음 소셜링도 함께 할 수 있고 서로 팔로우 해서 이어나갈 수 있는것도 좋고, 다양한 분야에서 소셜링이 계속 생긴다는 것도 큰 메리트 인것 같아요!",1,2.4.1,2026-07-30,early,https://play.google.com/store/apps/details?hl=ko&id=kr.munto.app
c5a34c9d-51e2-4da8-b90f-b9543a8f8ab0,5,2022-11-12T03:52:21+00:00,"새로운 취미를 찾기에 너무 적합해요! 잘 모르는 사람들과의 두근두근한 만남 + 새로운 취미를 경험하기에 너무 좋아요. 덕분에 등산이라는 취미도 얻어가고, 심심할 때 뭐 해볼까 고민이 될 땐 문토를 찾게 됩니다 ㅎㅎ. 하지만 언제나 사람 조심하는 건 필수..!",0,2.4.2,2026-07-30,early,https://play.google.com/store/apps/details?hl=ko&id=kr.munto.app
af0f2270-7b67-45f2-bdcf-15bc131ce266,5,2022-11-12T03:49:40+00:00,관심사 같은 친구 만들기 좋은 앱이에요ㅎㅎ 앞으로도 꾸준하게 업데이트 많이 하면서 롱런하는 앱 되기를,0,2.4.2,2026-07-30,early,https://play.google.com/store/apps/details?hl=ko&id=kr.munto.app
960f0af3-8764-4bfe-be7d-fd154f209ae0,5,2022-11-12T03:46:18+00:00,"소셜링 참여도 간단하고,다양한 모임이 있어서 좋은거같아요! 사람들도많아서 한번 해보길추천드려요!",0,2.4.2,2026-07-30,early,https://play.google.com/store/apps/details?hl=ko&id=kr.munto.app
70ad2238-4ea0-43dc-a6cf-e4773aae05c2,5,2022-11-12T03:39:49+00:00,새로운사람들과 취미생활을 즐길수 있는점이 너무 좋은거 같아요 ㅎㅎ 다양한분야에 사람들을 만날수있어서 좋았어요 ㅎㅎ,0,2.4.2,2026-07-30,early,https://play.google.com/store/apps/details?hl=ko&id=kr.munto.app
6fa3b4df-d1f0-4557-9946-02a72afa83d4,2,2022-11-11T09:37:47+00:00,근데ᆢ업자소속된 알바거나 ~ 상대방 신분등 불안전해 ㆍ먹튀들 생기지않을까요 ??,2,2.4.2,2026-07-30,early,https://play.google.com/store/apps/details?hl=ko&id=kr.munto.app
e74bf8c2-bfb4-4cbf-92e7-aedd9be708a5,1,2022-11-06T15:47:53+00:00,사진 업로드 기능이 안되서 한 달째.. 기다리고 있으나 안내사항 날짜만 매일매일 자동으로 바꿔놓게 하고 수정은 안한다 나만 이런게 아닌 것 같은데.. 대다수가 사진 못 올리는 그 날까지도 이렇게 손을 놓고 있으실 건가요?...,2,,2026-07-30,early,https://play.google.com/store/apps/details?hl=ko&id=kr.munto.app
e4e69123-6daf-4fa0-85f5-0faf10c29431,1,2022-11-04T14:52:36+00:00,사진 업로드 버그는 이번 업데이트에도 수정이 안됐네요. 언제까지 대책을 강구하실건가요? 이러다가 올해도 가겠어요. 진짜 고칠려고 노력하시긴 하나요?? 몇달동안 왜 진전이 하나도 없죠?,1,2.4.1,2026-07-30,early,https://play.google.com/store/apps/details?hl=ko&id=kr.munto.app
23f8b6be-ed32-4e57-8700-6bc5af0a1382,1,2022-11-01T10:19:59+00:00,문토 신천지 너무많음 소셜링 두번째밖에안됐는데 2인1조로 첨만난척 연기하고 접근해서 성경공부얘기하고 당함ㅋㅋㅋㅋ 뭐 신고하려고해도 파일첨부도오류나서 안되고..신고해도 효과있을지 모르겠음 걍 신천지너무많아서 여기서 정상적인사람을 만날수있나 의심이되네요,5,2.4.1,2026-07-30,early,https://play.google.com/store/apps/details?hl=ko&id=kr.munto.app
8303adfd-3141-4816-9bf6-bc8cbb1cbd6d,5,2022-10-31T02:53:24+00:00,제발 노트9 오류좀 해결해주세요. 프로필사진 바꾸는게 아직도안됩니다,1,,2026-07-30,early,https://play.google.com/store/apps/details?hl=ko&id=kr.munto.app
512d4589-f5ad-4bdd-93ef-d864a1288016,1,2022-10-30T12:06:43+00:00,온라인 독서 모임진행하고 오프라인으로 만났는데 다단계였고 거기에서 본사람들 문토에 곳곳 소셜링에 숨어있음,2,2.4.1,2026-07-30,early,https://play.google.com/store/apps/details?hl=ko&id=kr.munto.app
1b950473-8673-4d4f-91f2-22bd006a9e60,3,2022-10-27T01:55:48+00:00,검색할때 지역을 중복설정할수 있게 해주세요. 집근처 모임찾을때마다 구별로 찾기 힘들어요,0,2.3.0,2026-07-30,early,https://play.google.com/store/apps/details?hl=ko&id=kr.munto.app
2c7101e5-7992-4c00-8af3-b1787ec991b1,1,2022-10-23T18:01:49+00:00,나오는 안내사항대로 캐시데이터 삭제했다 접근권한 수정했다 지웠다깔고 여섯번을 시도해도 사진설정하는 데서 넘어가질 않아서 가입조차 못했어요,1,,2026-07-30,early,https://play.google.com/store/apps/details?hl=ko&id=kr.munto.app
10ce49de-ed7e-4a42-b366-40fe4b639428,5,2022-10-22T23:38:54+00:00,좋아요,0,2.0.1,2026-07-30,early,https://play.google.com/store/apps/details?hl=ko&id=kr.munto.app
d1365256-83d9-4026-af82-fdd324a4dc1b,5,2022-10-20T05:44:50+00:00,"관심사가 비슷한 사람들을 현실에서 만나기 어려운데, 문토 어플을 통해 다양한 사람들을 만날 수 있어서 좋습니다 어플 ui도 깔끔하고 좋아요^^",0,,2026-07-30,early,https://play.google.com/store/apps/details?hl=ko&id=kr.munto.app
6e596e9c-c1d5-4819-ab9c-3ea617a86275,5,2022-10-20T02:47:19+00:00,사람들의 세상 사는 이야기가 항상 궁금한 저인데 문토가 이걸 채워주네요ㅎㅎㅎ 소통을 즐기시는 분들 꼭 추천드립니다.,0,2.3.0,2026-07-30,early,https://play.google.com/store/apps/details?hl=ko&id=kr.munto.app
3e23b11f-8af3-4e23-9a6f-62f041030ab6,5,2022-10-20T02:37:02+00:00,"세상에는 참 다양한 사람들,좋은 사람들이 있음을 느끼게해주는 고마운 문토. 심심한거 딱 질색인데 제 외로움을 달래주네요^^감사합니다!",0,,2026-07-30,early,https://play.google.com/store/apps/details?hl=ko&id=kr.munto.app
fbb31c1b-f705-4fd0-aafc-7c71e93cc007,5,2022-10-20T00:21:13+00:00,문토앱좋아요~ 여러모로자기취미관심사등을표현할수있어서좋은거같아요,0,2.3.0,2026-07-30,early,https://play.google.com/store/apps/details?hl=ko&id=kr.munto.app
2aa666a7-c718-4699-a29d-07772e5e84bc,5,2022-10-19T10:33:33+00:00,친목도모 할수 있고 관심사가 동일한 사람들과 편하게.대화할수 있어서 좋네요,0,2.3.0,2026-07-30,early,https://play.google.com/store/apps/details?hl=ko&id=kr.munto.app
5bc41191-b7cc-4e21-b8b5-9f99dd7eaf18,1,2022-10-19T09:51:11+00:00,사진등록 언제까지 안되나요 하라는대로 지우고 다시 깔아도 안되고 참....,1,2.3.0,2026-07-30,early,https://play.google.com/store/apps/details?hl=ko&id=kr.munto.app
ecd706ce-4636-4a44-a190-096ad84498f6,5,2022-10-19T04:29:25+00:00,문토 덕분에 재미난 번개모임도 하고 좋은 사람들 만나고 있어요!,0,2.2.0,2026-07-30,early,https://play.google.com/store/apps/details?hl=ko&id=kr.munto.app
35cbf9c3-b244-4787-abab-cd420438c4ac,5,2022-10-19T03:42:02+00:00,좋은사란들과 많고 좋은 얘기도 나누고 만닐수 있는 앱~ 참 좋은 앱입니다^^,0,2.3.0,2026-07-30,early,https://play.google.com/store/apps/details?hl=ko&id=kr.munto.app
1f40aa15-4642-474a-99b3-ad48c34dc0d4,4,2022-10-18T13:46:11+00:00,"세종지역을 필터링하면 종로구만 나와요. 아마도 종로구 세종문화예술회관 때문인것 같은데, 교정부탁드려요",0,2.2.2,2026-07-30,early,https://play.google.com/store/apps/details?hl=ko&id=kr.munto.app
bac871af-5aa2-4d37-a63e-bc997ecb5488,5,2022-10-18T13:29:48+00:00,이렇게 편리하게 원하는 조건을 정해 모임을 만들고 모일 수 있다는 게 장점이네요. 심심하게 시간 떼워야 할 일은 없겠어요.,0,,2026-07-30,early,https://play.google.com/store/apps/details?hl=ko&id=kr.munto.app
ae24a087-1964-4bca-9a47-87ed410adee6,5,2022-10-15T18:05:32+00:00,"다양한 소셜링이 열려서 선택의 폭이 풍부하고 누구나 편하게 호스트가 되어 소셜링을 열 수 있는 게 장점 인 것 같습니다. :) 친구들과는 일정이 안 맞아서 같이 못 할 때도 좋고, 독특하고 특별한 이벤트가 있을 경우 참석할 수 있어서 좋았어요~~ 당분간 취미는 문토와 함께할 것 같습니다 !",3,,2026-07-30,early,https://play.google.com/store/apps/details?hl=ko&id=kr.munto.app
78138ea9-5b8f-4f5f-a4e6-46cdeb8f2376,5,2022-10-15T07:27:33+00:00,카톡으로 가입했는데 로그인이 풀렸어요ㅠㅠ 재로그인이 안되요ㅠㅠ,0,,2026-07-30,early,https://play.google.com/store/apps/details?hl=ko&id=kr.munto.app
2f330b3a-7320-4e15-a089-bed78d62797b,4,2022-10-14T09:53:47+00:00,불특정한 사람을 만나기에 안전한 앱이라고 생각한다. 여러 모임을 통해 좋은 사람들을 많이 만나 유익한 시간을 보냈다.,0,2.2.2,2026-07-30,early,https://play.google.com/store/apps/details?hl=ko&id=kr.munto.app
e2321d71-b6ac-4253-8365-4f350a861699,5,2022-10-13T21:34:54+00:00,공지는 많이 올리는데 신청자는 저조하네요. 등린이포함 산을 좋아하면 초보코스는 어디든 가려고 합니다. 그간 몇분 소통하였는데 젊은 분들이라 활기찬 모습에 보기 좋았네요.,0,2.2.2,2026-07-30,early,https://play.google.com/store/apps/details?hl=ko&id=kr.munto.app
b05b0b01-ae64-4ca5-ad30-1dcc0a09e622,5,2022-10-13T09:01:08+00:00,새로운 사람을 새로운 방식으로 만나볼 수 있어 좋았고 다들 좋았습니다,0,2.2.2,2026-07-30,early,https://play.google.com/store/apps/details?hl=ko&id=kr.munto.app
c1b2b2db-7d2a-408c-b764-0b3187279401,5,2022-10-10T13:52:18+00:00,비슷한 취미를 가진 사람들과 공유되는 시간은 참 소중한 것 같아요 ㅎㅎ,0,2.2.0,2026-07-30,early,https://play.google.com/store/apps/details?hl=ko&id=kr.munto.app
e246977b-dc14-4517-9106-0a7a3b1ee220,5,2022-10-09T01:45:44+00:00,다양한 취미를 할수있어서 좋아요,0,2.1.1,2026-07-30,early,https://play.google.com/store/apps/details?hl=ko&id=kr.munto.app
3082df8d-c5ae-4c6f-af70-8f38dc8d7955,5,2022-10-08T11:43:17+00:00,좋네요ㅎㅎ 외로움을 날리고 새로운 경험이었어요^^ 앞으로도 좋은 문화 즐길수 있도록 부탁드립니다,0,2.2.2,2026-07-30,early,https://play.google.com/store/apps/details?hl=ko&id=kr.munto.app
2fc32a25-119c-4a7b-9d2f-1d088687456c,4,2022-10-08T11:36:10+00:00,"새로운 경험의 장! 매일매일이 똑같은 일상에 지쳐있으시다면 소셜링 참여를 추천합니다! 이 앱을 통해 새로운 분들을 많이 만나실수 있습니다. 동네 친구를 만들수도 있고, 같은 취미를 공유할수도 있는 기회의 장이라고 생각합니다!",0,2.2.0,2026-07-30,early,https://play.google.com/store/apps/details?hl=ko&id=kr.munto.app
4fb0b834-b0f7-40e3-8d82-bdc3b1938d86,3,2022-10-08T11:34:28+00:00,모르는 사람들과 이렇게 재밌게 놀 수 있다는게 좋아요.~^^,0,2.2.0,2026-07-30,early,https://play.google.com/store/apps/details?hl=ko&id=kr.munto.app
95039b6d-a34b-46b9-81fb-10d46b2a425d,5,2022-10-08T02:10:22+00:00,"관리가 잘 돼서 어느정도 다 예의바른 사람들과 건전한 모임 갖게 되는게 특장점! 항상 잘 사용하고 있어요! + 카톡의로도 건의 드렸었는데, 여러차례 업뎃동안에도 반영이 안돼서 리뷰에 남겨요ㅠㅠ 필터검색에 나이도 넣어주세요. 진짜 들어가는 족족 참여불가 방이라 넘 시간 아깝고, 앱 꺼버리게 되네요.. 답답해요.",7,2.2.2,2026-07-30,early,https://play.google.com/store/apps/details?hl=ko&id=kr.munto.app
1f632a94-2d2c-4dbb-a45e-6cfa12dffca0,5,2022-10-07T15:18:22+00:00,생각보다 많은 정보가 있고 원하는 모임과 만남을 가질 수 있어서 너무 좋은거 같아요 ~ 꾸준히 잘 이용하겠습니다 ~!!,0,2.2.2,2026-07-30,early,https://play.google.com/store/apps/details?hl=ko&id=kr.munto.app
04a58df7-21c6-426e-9810-154672512861,5,2022-10-07T06:09:33+00:00,"모임에 가입하는게 아니라 목적이 맞는 사람들을 1회성으로 만날 수 있어 부담이 없습니다. 이벤트도 많고 공연, 운동 등을 취향 맞는 분들과 할수있어 좋습니다. 다만, 나이제한이나 이미 마감된 일정은 제외하는 기능이 있으면 좋겠어요!",1,2.2.0,2026-07-30,early,https://play.google.com/store/apps/details?hl=ko&id=kr.munto.app
fe867c6b-941c-4ad5-956d-ac3bb56ce3e1,5,2022-10-06T09:20:15+00:00,요즘 새로운 사람들이나 취미가 비슷한 사람들 만나기 쉽지 않았는데 문토를 통해서 즐거운 시간 보낼 수 있었어요 ^^ 앞으로도 애용할 것 같아요,0,2.2.0,2026-07-30,early,https://play.google.com/store/apps/details?hl=ko&id=kr.munto.app
1ff72bd4-00c8-4898-b554-d9522f31899c,1,2022-10-06T05:54:33+00:00,사진권한 설정도 안되고 알림설정해놔도 알람안옵니다. 삭제후 재설치해도 마찬가지에요,2,2.2.0,2026-07-30,early,https://play.google.com/store/apps/details?hl=ko&id=kr.munto.app
8dc98306-8164-4ad1-9f60-f5f0483a661d,3,2022-10-06T05:42:35+00:00,나이제한이 있었으면 좋겠어요 누를때마다 나이 제한이 걸려서 아쉽네요 실제 사용할때 사용성이 많이 떨어지는 이유가 나이 제한 때문에 클릭하고 실망하는 경우가 많은 거 같아요 타겟층이 20대한정인건지..?,2,2.2.0,2026-07-30,early,https://play.google.com/store/apps/details?hl=ko&id=kr.munto.app
16f96f4d-d49d-4282-90df-7ed7890644e7,4,2022-10-05T23:46:29+00:00,늘 똑같은 일상의 반복에 새로운 사람을 만날 기회가 극히 드물었는데 문토하면서 다양한 사람들을 접할 수 있게 되어 너무 좋았습니다. 특히 전반적으로 취미 위주의 다양한 주제로 모임이 이뤄지는 분위기가 좋았구요 덕분에 경험하기 힘들었던 이색체험도 해 볼 수 있어서 좋았습니다. 문토가 앞으로 더 활성화 돼서 이용자수가 더 많아졌음 좋겠어요🙂,11,2.2.0,2026-07-30,early,https://play.google.com/store/apps/details?hl=ko&id=kr.munto.app
04bcbf8c-ffde-410b-96f3-cef977ec33d4,4,2022-10-05T16:15:18+00:00,여러가지 소셜링 있고 너무 좋은데 프로필 수정이 되지않아요 권한 설정을 허락으로 바꿨는데도 되지않는데 회원탈퇴하고 다시 가입해야하나요?,0,2.2.0,2026-07-30,early,https://play.google.com/store/apps/details?hl=ko&id=kr.munto.app
3ee161bd-e6a8-4f25-a361-f413aefb1836,3,2022-10-05T13:15:50+00:00,앱사용 권한을 허용했는데도 계속 허용하라는 문구만 뜹니다 오류인가요,0,2.2.0,2026-07-30,early,https://play.google.com/store/apps/details?hl=ko&id=kr.munto.app
c2ce9998-6373-4801-a9a0-5ec7cbf0dca5,3,2022-10-05T05:11:09+00:00,여기 잠정휴업했나요? 왜 전화를 안받죠?,0,2.2.0,2026-07-30,early,https://play.google.com/store/apps/details?hl=ko&id=kr.munto.app
525a0e39-d671-43ec-8362-bd8d9a3aa54a,5,2022-10-03T13:34:57+00:00,혼자서 하기엔 조금 어색했던 행사를 좋은 분들 만나서 더 재밌게 즐길 수 있었습니다. 적극 추천합니다.,0,2.2.0,2026-07-30,early,https://play.google.com/store/apps/details?hl=ko&id=kr.munto.app
911e777e-814b-418b-8416-f7f8914067c6,5,2022-10-03T08:34:29+00:00,좋은 앱이네요 혹시 프로필 사진 어떻게 바꿔야하나요?,0,2.2.0,2026-07-30,early,https://play.google.com/store/apps/details?hl=ko&id=kr.munto.app
34188f08-cea8-49bc-980c-f276d3ab0fb8,5,2022-10-03T05:37:59+00:00,업뎃했는데 접속이 안 돼요 ㅠㅜ,0,2.2.0,2026-07-30,early,https://play.google.com/store/apps/details?hl=ko&id=kr.munto.app
ddd14db9-3d80-42e8-a1c1-4832596ccfce,5,2022-10-02T16:42:21+00:00,다양한 사람들을 만날 수 있어서 재밌는 경험이에요,0,2.2.0,2026-07-30,early,https://play.google.com/store/apps/details?hl=ko&id=kr.munto.app
29037600-8048-4c43-a21a-401fd559fa40,4,2022-10-02T14:01:15+00:00,"혼자 하기 힘든, 다양한 경험들은 새로운 사람들과 함께 할 수 있어 좋아요~^^무엇보다 선택할 메뉴들이 다양해서 고르는 재미가 있어요",0,2.2.0,2026-07-30,early,https://play.google.com/store/apps/details?hl=ko&id=kr.munto.app
34481951-e46b-4eec-a0a9-e16b7c7d2124,5,2022-10-02T12:46:55+00:00,좋은 사람들과 새로운 경험하기 좋습니다.,0,2.2.0,2026-07-30,early,https://play.google.com/store/apps/details?hl=ko&id=kr.munto.app
ac69f3b0-5591-4803-93a4-38f89699eb60,5,2022-10-02T10:19:12+00:00,취미 통하는 사람들하고 단체 활동 할 수 있어서 좋아요 😀,0,2.2.0,2026-07-30,early,https://play.google.com/store/apps/details?hl=ko&id=kr.munto.app
0ed5362e-b85f-4166-8616-cb4038f58072,5,2022-10-01T15:15:35+00:00,문토를 통해 다른 사람들도 만나고 친목도 할 수 있어서 정말 좋은 것 같아요:) 다른 사람들과의 모임을 할 수 있게 좋은앱 만들어주셔서 감사합니다^^,0,2.2.0,2026-07-30,early,https://play.google.com/store/apps/details?hl=ko&id=kr.munto.app
23fb145a-2859-4448-a687-45b2622c646c,3,2022-10-01T04:20:59+00:00,조 ㄷㅈㅊㅌ,0,2.1.1,2026-07-30,early,https://play.google.com/store/apps/details?hl=ko&id=kr.munto.app
49899589-8e06-40d3-8549-55ddd35320bd,3,2022-10-01T03:09:32+00:00,업데이트 맨날..하네...몰아서좀하세요ㅋㅋㅋ,1,2.1.2,2026-07-30,early,https://play.google.com/store/apps/details?hl=ko&id=kr.munto.app
443fe0b8-e9b8-4afd-a1cc-25289c3bb0d7,4,2022-09-30T14:53:33+00:00,새러운 사람들을 만날기회가 있어서 좋은거같아요!,0,2.2.0,2026-07-30,early,https://play.google.com/store/apps/details?hl=ko&id=kr.munto.app
0c59fa5f-d025-4f08-9788-6ac0a91adf62,5,2022-09-30T14:37:24+00:00,관심사가 비슷한 사람들끼리 모이니까 금방 친해질 것 같아요 친구 만들어주는 앱~♡,0,2.2.0,2026-07-30,early,https://play.google.com/store/apps/details?hl=ko&id=kr.munto.app
9ec91f60-a974-4ed4-9b29-0a2aec201660,5,2022-09-30T14:33:22+00:00,별거 아닌 취미라도 같이 할 수 있는 사람이 있단 건 좋은 일이죠😊 같은 관심사를 나눌 수 있는 사람을 만나고 싶어요~,0,,2026-07-30,early,https://play.google.com/store/apps/details?hl=ko&id=kr.munto.app
be953582-c5c6-4a0a-bad7-5a9bd93f8b8b,4,2022-09-29T16:48:59+00:00,사진 업로드가 안되네요 ㅠ 권한 설정을 하라고 하지만 허용으로 설정되어 있는데도 업로드가 안됩니다 😥,0,2.2.0,2026-07-30,early,https://play.google.com/store/apps/details?hl=ko&id=kr.munto.app
b90b7d1b-04e6-4886-acfa-e66cd0d13433,3,2022-09-29T11:05:53+00:00,업데이트 후에 오류가 너무 많아요. 채팅알림 켜져있는데도 알림이 안 온다거나 프로필사진 변경을 하려고 카메라 버튼을 누르면 무한로딩이 걸린다든지..,2,2.2.0,2026-07-30,early,https://play.google.com/store/apps/details?hl=ko&id=kr.munto.app
f13352e4-7244-4d71-8592-64e130b80739,5,2022-09-29T06:59:04+00:00,새로운 사람들을 자연스럽게 취미활동하며 만날 수 있는 계기가 되는것 같아요 좋아요!,0,2.1.2,2026-07-30,early,https://play.google.com/store/apps/details?hl=ko&id=kr.munto.app
aaa09eca-0e46-4452-be97-4fc1a31986f1,3,2022-09-29T03:27:08+00:00,사진올리는게 권한허용을 해도 계속 안되네요,1,2.1.2,2026-07-30,early,https://play.google.com/store/apps/details?hl=ko&id=kr.munto.app
b9fe69f8-d88a-495d-9ec6-53531e0575d0,5,2022-09-28T15:24:34+00:00,재미잇는 소모임 하기에 최고,0,2.1.1,2026-07-30,early,https://play.google.com/store/apps/details?hl=ko&id=kr.munto.app
8d90c6cc-f09f-478b-9adf-e7cae2e35d16,5,2022-09-27T11:22:56+00:00,다 좋은데 검색필터에 나이 옵션이 생겼으면 좋겠고(어 이거 재밌겠다! 싶어서 신청하려고 밑으로 내리면 매번 나이제한에 걸리네요ㅜㅜ 나이제한란도 맨 아래에 있어서 매번 내려서 확인하기 불편합니다) 지역 복수 선택이 가능해지면 좋겠어요 개인적인 바람이지만 하단바에 찜/신청한 소셜링이나 클럽에 바로 들어갈 수 있으면 좋겠습니다 보통 앱들은 하단바에 찜 버튼이 있어서 거기에 익숙해져 있는데 프로필 누르고 내 활동 누르고 진행중 눌러서 들어가는 게 생각보다 번거로워요ㅠㅠ,22,2.1.1,2026-07-30,early,https://play.google.com/store/apps/details?hl=ko&id=kr.munto.app
4bd4d0a5-efc2-4f71-a650-d65bed338ca9,1,2022-09-27T04:32:00+00:00,고객센터에 문의사항올렸는데 회신이 없습니다..,1,2.1.1,2026-07-30,early,https://play.google.com/store/apps/details?hl=ko&id=kr.munto.app
e76fe982-f0d2-4e8b-9833-1dba35d67d49,3,2022-09-27T02:59:59+00:00,자꾸 사진 권한설정하라고 뜨는데 설정해도 똑같은데 어떻게 해야하는건지...사진을 바꾸고싶은데 못바꾸고있어요ㅠㅠ,2,2.1.1,2026-07-30,early,https://play.google.com/store/apps/details?hl=ko&id=kr.munto.app
47dc520e-143f-4760-b458-368267499cd4,5,2022-09-27T02:27:08+00:00,시작이 어려운 저에게는 딱이에요! 모임은 부담되고 제가 편한 날 부담없이 나와 같은 흥미나 취미를 가지고 있는 분들과 함께 할 수 있다는게 참 좋네요!,0,2.1.1,2026-07-30,early,https://play.google.com/store/apps/details?hl=ko&id=kr.munto.app
bd36cefe-3cb8-44cc-8df6-ec7683759768,3,2022-09-26T13:55:16+00:00,"라운지에 사진 업로드할 때 카톡처럼 기본 뷰어도 제공하지만, 핸드폰 기본 어플(갤럭시 기준 갤러리 앱)에서도 올릴 수 있게 해주세요. 현재는 자체 뷰어에서만 업로드되게 바뀌었는데요. 평소에 사진 많이 찍고, 사진 폴더 많이 관리하는 사람 입장에서는 굉장히 쓰기 불편하네요. 심지어 폴더명이 이름순 정렬이나 날짜순 정렬도 아니어서 원하는 사진을 찾기 너무 힘듭니다.",15,2.1.1,2026-07-30,early,https://play.google.com/store/apps/details?hl=ko&id=kr.munto.app
95c6a02b-2eb9-4e41-9e74-47bc7074396c,4,2022-09-26T02:10:58+00:00,여러 체험을 다양하게 참여할수 있는 좋은 것 같아요 근데 이번 업데이트 가 하라고 뜨는데 앱에서는 진행이 않되네요 업데이트 진행하게 안됩니다.,0,2.1.1,2026-07-30,early,https://play.google.com/store/apps/details?hl=ko&id=kr.munto.app
3ecf8dab-2227-49ca-9c33-38d95eace51e,4,2022-09-26T02:08:20+00:00,굉장히 좋은 어플이라고 생각하나 업데이트가 되었다고 하면서 계속 업데이트하러 가기만 나오는 상황입니다.,0,2.1.1,2026-07-30,early,https://play.google.com/store/apps/details?hl=ko&id=kr.munto.app
f49c1964-4603-4777-8f46-a0662b8d6195,5,2022-09-26T02:06:47+00:00,업데이트하라고 들오가지지않아요ㅠㅠ,0,2.1.1,2026-07-30,early,https://play.google.com/store/apps/details?hl=ko&id=kr.munto.app
abc6fa45-d4cc-4bf7-bc6b-1fdf8533acc1,3,2022-09-26T02:04:54+00:00,업데이트하라는데 스토어에 들어오면 열기 라고 나와있어서 업데이트가 안돼요,1,2.1.1,2026-07-30,early,https://play.google.com/store/apps/details?hl=ko&id=kr.munto.app
f5d83c14-8ab5-41e5-9bb6-5a9de406891f,3,2022-09-26T02:04:40+00:00,플레이스토어에서 최신버전을 다운받은거 같은데 실행시키면 계속 업데이트버전을 받아라고 뜨네요 ㅠㅠ 업데이트하기눌러서 들어가면 업데이트는 안나오고 열기버튼밖에 나오지않습니다 ㅠㅠ 다시들어가면 또 업데이트하라고하구요 어떻레 해결하면 좋을까요?,3,2.1.1,2026-07-30,early,https://play.google.com/store/apps/details?hl=ko&id=kr.munto.app
cd48faa8-eacd-4f97-8a49-fd286cfe78de,3,2022-09-26T02:03:29+00:00,어플에서 업데이트하라는데 구글플레이에서는 업데이트가 안뜨네요?,0,2.1.1,2026-07-30,early,https://play.google.com/store/apps/details?hl=ko&id=kr.munto.app
ce0c6283-d115-4fc2-ad8a-483766e7327e,3,2022-09-26T02:00:45+00:00,업데이트이후 안들어가져요 ㅜㅠ,1,2.1.1,2026-07-30,early,https://play.google.com/store/apps/details?hl=ko&id=kr.munto.app
a1882fd2-77a8-45f6-bbe9-b0a1a6306ff8,4,2022-09-26T01:56:33+00:00,업데이트햇는데 왜계속 업뎃하라고 뜨는지몰것네요,0,2.1.1,2026-07-30,early,https://play.google.com/store/apps/details?hl=ko&id=kr.munto.app
5c9dcd4a-c3cc-4940-8d5f-506c5098f00f,5,2022-09-25T22:34:58+00:00,다양한 사람들과 소통하고 재밌는 추억 만들 수 있는 어플이에요=),0,2.1.1,2026-07-30,early,https://play.google.com/store/apps/details?hl=ko&id=kr.munto.app
37c72d6b-a272-464a-8302-8f5672725ed6,5,2022-09-25T14:03:13+00:00,조아,0,2.1.1,2026-07-30,early,https://play.google.com/store/apps/details?hl=ko&id=kr.munto.app
3f5c4103-b448-4a44-acb7-9beec80e028e,5,2022-09-24T23:02:23+00:00,"문토에서 배울 점이 많은 사람들, 대단한 사람들, 매력있는 사람들 등 좋은 사람들을 많이 만났습니다. 세상에 나쁜사람보다 좋은 사람이 많다는 걸 느끼게 해준 어플입니다 :)",0,2.1.1,2026-07-30,early,https://play.google.com/store/apps/details?hl=ko&id=kr.munto.app
6284be9b-074f-4ab7-8636-97111557ee78,5,2022-09-24T14:14:56+00:00,너무 맘에 들어요,1,2.1.0,2026-07-30,early,https://play.google.com/store/apps/details?hl=ko&id=kr.munto.app
564ba91b-1f88-4d7d-aab8-4d77f30f2667,5,2022-09-24T12:14:10+00:00,새로운 사람들을 건전하게 같은 취향을 공유할수있어서 좋다 사실 뭔가 새로운사람들을 만나서 서로에대해 알아간다는게 살짝은 두려울수있는 점인데 문토는 그런점을 딱 해결해준 어플이다 뭔가 결이 맞는사람들과 함께한다는게 요즘현대사회에선 많이 어려운 일인데 문토에서는 그게 가능하다능게 너무좋다 그리고 그룹으로 모이다보니 사람들과의 거리를 둘수있다는 점에 더 좋았다,0,2.1.1,2026-07-30,early,https://play.google.com/store/apps/details?hl=ko&id=kr.munto.app
7e311326-e1fa-4734-bc23-e568da1cb1ff,5,2022-09-24T12:06:52+00:00,돔네 이사온지 얼마안되서 동네친구 사귀기에도 좋고 같은 취미 가진 사람들과도 만나서 좋을꺼 같아서 가입했어요^^,0,2.1.1,2026-07-30,early,https://play.google.com/store/apps/details?hl=ko&id=kr.munto.app
8bf9cb3c-67e6-4594-b8a9-5a31d32ed403,5,2022-09-24T11:39:56+00:00,문토 앱은 소셜링을 열고 운영하기에 체계적이고 편리해요. 앱 문제가 생겼을 때 대응도 빠르네요. 자체적으로 프로모션도 많이 해서 재밌게 활용하고 있어요.,1,2.1.1,2026-07-30,early,https://play.google.com/store/apps/details?hl=ko&id=kr.munto.app
d7fa1ac0-0126-4007-8e43-966836c120b1,5,2022-09-24T11:35:48+00:00,사용하기 편하고 서로 대화하는게 좋아서 재미있어요,0,2.1.1,2026-07-30,early,https://play.google.com/store/apps/details?hl=ko&id=kr.munto.app
89cb4a4d-1e73-4282-bbdc-27f4ab4f7899,5,2022-09-24T11:34:47+00:00,2030세대를 위한 친목만들기로 좋은 어플인거 같습니다!!,0,2.1.1,2026-07-30,early,https://play.google.com/store/apps/details?hl=ko&id=kr.munto.app
92e70fb6-1baa-4583-95a1-cd6a9574ac2a,5,2022-09-24T03:10:30+00:00,좋은 앱인듯 싶어요,0,2.1.1,2026-07-30,early,https://play.google.com/store/apps/details?hl=ko&id=kr.munto.app
59b1dafc-c7a5-4e10-90aa-6c478eb40cbb,5,2022-09-24T00:34:22+00:00,다양한취미와 공유 즐거움이 가득한 문토 문토릉 통해 새로운 사람들과의 교류와 친분까지 내가 원하는걸 함께 할수 있어 좋아요,0,2.0.2,2026-07-30,early,https://play.google.com/store/apps/details?hl=ko&id=kr.munto.app
bdd6270b-6db0-4c15-b319-9327d339c316,4,2022-09-23T17:29:40+00:00,좋아요!,0,2.1.1,2026-07-30,early,https://play.google.com/store/apps/details?hl=ko&id=kr.munto.app
3c3ab316-45c1-4141-a2ac-e7c829a3b906,5,2022-09-23T11:44:03+00:00,"모임을 찾고있어서 모임어플을 찾아보던중 이 어플을 발견하게되었어요 원래 유명한 모임어플(100만명이상)가입한 어플을 깔았지만 가입수만 많을뿐, 저희 지역은 모임이 없더라고요 ㅠㅜ 있더라도 가입할수있는데는 1가지뿐.. 진짜 농담이 아니라 1개밖에없었어오..시골도아닌데 그런데 문토는 그 어플에 비해선 모임수도많고 대화챗도있어서 더 편하게 접근할수있을거같아요 앱디자인도 깔끔하고 접속도 빨리되서 좋습니다 ㅎ 신규앱은 이래서 좋아요",4,2.1.0,2026-07-30,early,https://play.google.com/store/apps/details?hl=ko&id=kr.munto.app
30e7e32d-c544-4516-ae55-29a811576206,5,2022-09-23T07:20:45+00:00,좋은 어플,0,2.1.0,2026-07-30,early,https://play.google.com/store/apps/details?hl=ko&id=kr.munto.app
33ee6866-d5bc-4e77-a316-f130b70435aa,1,2022-09-23T03:55:16+00:00,새모임을 열려고하는데 시간셋팅이 안됩니다 자꾸 오후3시로 자동으로 넘어가요!!시간설정을 회전으로 돌리는거말고 직접입력으로 바꾸시죠 오류인거같은데요 답답하네요,1,2.1.0,2026-07-30,early,https://play.google.com/store/apps/details?hl=ko&id=kr.munto.app
5c462692-177e-4ccf-846f-4bc39e275efb,5,2022-09-23T03:54:54+00:00,디자인 깔끔하고 알림 기능도 있어서 좋았어요 소셜링이 참여하지 않은 사람이 있으면 자동 페쇄 되는 기능도 있어서 좀 더 편리했어요!,0,2.1.0,2026-07-30,early,https://play.google.com/store/apps/details?hl=ko&id=kr.munto.app
a72e0a1b-8c25-4b9f-b2b8-0d3c8a3fd7a3,5,2022-09-22T23:10:22+00:00,"가볍게 사람들을 만나서 영화도 보고, 야간 등산도 해봤어요! 동네 친구도 사귀게 되었구요. 모임 후에도 채팅방이 유지가 되어 느슨하게 연락을 이어갈 수 있어 좋아요ㅎㅎ",0,2.1.0,2026-07-30,early,https://play.google.com/store/apps/details?hl=ko&id=kr.munto.app
79ad05c6-82f2-4121-bb77-7adc3101ca29,3,2022-09-22T15:09:05+00:00,휴대폰 바꾼 이후로 앱 알림이 뜨지않아요~ 채팅이 안떠서 넘 불편합니다.,1,2.1.0,2026-07-30,early,https://play.google.com/store/apps/details?hl=ko&id=kr.munto.app
acf3dce9-8ac0-4a89-94f6-4d140ce3bad7,5,2022-09-22T09:57:28+00:00,새로 이사하면서 활동적으로 살고싶어 문토 앱을 깔고 이용중입니다 지금은 새로운 사람들과 연인이되어 좋은 커뮤니티의 모범앱이 됐어요^^,0,2.1.0,2026-07-30,early,https://play.google.com/store/apps/details?hl=ko&id=kr.munto.app
feb12664-6be3-413d-ab89-e41a1ef9dd14,1,2022-09-18T20:44:16+00:00,같은지역에 같은관심사를 가진 사람을 만나고싶다는 생각에서 다운받아봤으나 지역설정도 없고 지역이 너무 랜덤으로 뜨는것같아요 제 관심사는 저희지역은 그리 많지도 않은것같구요...ㅎㅎ.. 그래서 지웠습니다,3,,2026-07-30,early,https://play.google.com/store/apps/details?hl=ko&id=kr.munto.app
d101328b-9e93-45d0-9f51-0a9da4de9e69,5,2022-09-16T10:57:01+00:00,4월에 문토를 가입하고 시작해 독서모임을 참여하고 평일에 쉬는 직장인이어서 좋은 사람도 만나고 취미생활도 할 겸 시작했던 문토입니다. 5월에 제가 열었던 신촌 영화모임에서 좋은 분들을 만나 좋은 영화와 함께 좋은 추억을 쌓았고 그것을 계기로 가까워진 문토 게스트님과 호스트의 인연으로 다음 주 9월 24일 결혼합니다. 뜻하지 않게 시작한 어플로 평생의 반려자를 만나 새로운 삶을 시작하게 됐어요. 데이팅 어플이 아니라 다양한 취미를 공유하는 어플이어서 신선하고 건전하다는 느낌을 받아 지속했을 뿐인데 제 평생 잊을 수 없는 어플로 남게 되었네요. 좋은 어플 만들어 주셔서 너무 감사드립니다. ^^ 앞으로도 더 멋진 문토로 성장하시길 바라겠습니다!,14,,2026-07-30,early,https://play.google.com/store/apps/details?hl=ko&id=kr.munto.app
4c48d797-ef8c-4b21-90d0-faa67696ac17,1,2022-09-14T20:42:02+00:00,문토쓰레기네요!! 내 계정을 맘대로 정지시키고 내 생걱대로 내가 운영하는 방식의 내 취미모임잌데 왜 갑자기 정지시켰는지..참내..나와 생각이 틀리면 정지?? 언론에서 나오는 뉴스를 모르는분들께 취미삼아 올린건데.정지?? 이것도 취미입니다. 같이 생각하는..정신 똑바로 차리교 문토!! 밍할각!!,2,,2026-07-30,early,https://play.google.com/store/apps/details?hl=ko&id=kr.munto.app
f255b017-4d99-4fdf-ba15-209017555f60,4,2022-09-08T07:12:06+00:00,카테고리에서 복수선택 가능하게 해주시면안될까요??,1,2.0.2,2026-07-30,early,https://play.google.com/store/apps/details?hl=ko&id=kr.munto.app
8d4536d2-cf30-4ec0-a155-446efbbdfa1d,4,2022-09-06T07:54:35+00:00,잘 사용하고 있었는데 안드로이드 앱 업뎃 이후 알림이 오지 않습니다. ㅠㅠ 물론 알림설정 다 켜진 거 확인해봤습니다.,0,2.0.2,2026-07-30,early,https://play.google.com/store/apps/details?hl=ko&id=kr.munto.app
36a4b6ff-dc34-4685-a7a7-623d427ca137,5,2022-09-02T03:12:12+00:00,아주 건전하고 유익합니다,0,2.0.1,2026-07-30,early,https://play.google.com/store/apps/details?hl=ko&id=kr.munto.app
a3a562bf-63b0-4320-aca2-fe6acf5c0435,5,2022-09-01T05:30:12+00:00,"목적에 맞게 장/단기로 모임에 참여할 수 있어 부담이 덜해요:) 나이대가 다양해서 좋고 이야기 나눌 기회가 생겨 활력소가 되어줍니다. 카테고리라던지 이벤트 진행되는 부분이 있어 여러 문화, 사회 생활에 도움이 됩니다. 추천!",1,2.0.1,2026-07-30,early,https://play.google.com/store/apps/details?hl=ko&id=kr.munto.app
7f362130-ce54-45e1-bd88-6d023870ad6c,5,2022-09-01T03:39:37+00:00,바쁜 일상에 사람을 만나는게 힘들었습니다. 문토를 접하고 교우관계를 늘릴수있었네요. 좋은 어플입니다.,0,2.0.1,2026-07-30,early,https://play.google.com/store/apps/details?hl=ko&id=kr.munto.app
dc2de88c-685b-4015-8a3f-3a85eed0c5e1,1,2022-08-25T09:43:30+00:00,"최악중의 최악....본인들 수익에만 급급하고 이용자들에 대한 배려는 하나도없음.. 규정에 제대로 명시되어있지도 않은것을 본인들 수익에 안좋다고 생각되면 통보도 없이 소셜링 취소처리함 ...자기들 오해로 인한 것임에도 일단 취소처리해버리고 고객센터는 대응도 느려 같은말만 ai 처럼 반복함... 답답하면 이용하지 말라는 식인듯...요즘 시대에 이렇게 유저들 이용해먹고 자기들 수익만 챙기는 어플은 처음봄... 애초에 소셜링 수수료를 20프로나 떼어가는것도 어이없음,, 그럼 주최자는 수수료감안해서 가격을 올려야하고 이용자들은 소셜링 참여에 터무니없이 비싼 금액을 지불하고 사용하게되는 한마디로 어플사용자들 피빨아먹는 구조임... 이런부분에 대해 진정성있게 제안하려했으나 고객센터는 전화도 안받고 몇시간에 한번 복사붙여넣기로 대응하는듯.. 역대급 감정소모 하고싶지 않으시면 이용전에 잘 생각해보시길... 아마 이 글에도 ai같은 댓글이 달릴것임 다들 확인해보시길",7,2.0.1,2026-07-30,early,https://play.google.com/store/apps/details?hl=ko&id=kr.munto.app
71555da3-9065-4dc7-80ca-3749f7636043,1,2022-08-24T09:43:25+00:00,이상한 시스템에 알 수 없는 규정들 나열하고 모임 3일전 취소하고 문자하나 띡 보내요. 대관 다 해 놓았는데. 대관비 물어 줄껀가요? 아예 일주일 전부터 취소 하셨어야죠. 할거면. 이유 물어보려고 연락했더니 전화는 안 받고 카톡문의했는데 헛소리만하고 답장도 뜨문뜨문와서 포기했습니다. 서비스 상담 직원이 진짜 이상해요. 서비스 이런식으로 하면 고객들 다 돌아설겁니다. 피드백 제대로 해주세요.,8,2.0.1,2026-07-30,early,https://play.google.com/store/apps/details?hl=ko&id=kr.munto.app
7302549f-b132-4a22-afd2-dddfe693beb4,3,2022-08-23T09:08:34+00:00,"채팅방 내에서 하이퍼링크 기능을 지원해주세요. 클럽 링크를 복사, 공유했는데 텍스트로만 나와서 문토 앱 내에서는 링크의 의미가 없는 건가 싶네요.",1,2.0.1,2026-07-30,early,https://play.google.com/store/apps/details?hl=ko&id=kr.munto.app
6ebf98f8-9397-47d5-a367-9c94c1389759,5,2022-08-23T02:38:19+00:00,모임에 수백번 참여해본 프로모임러가 경험한 최고의 소셜링 플랫폼!! 초강력 추천해요 😀😀😀,0,2.0.1,2026-07-30,early,https://play.google.com/store/apps/details?hl=ko&id=kr.munto.app
7b824009-1a62-4494-812d-42325ac14a0a,1,2022-08-22T13:20:10+00:00,상대방이 참여하고있는 소셜링 보는 탭은 왜 사라진건가요ㅠ 동시간대 두 다리 걸치면서 당일취소하는 사람들이 있어서 걸러내기좋았는데ㅠㅠ,3,2.0.1,2026-07-30,early,https://play.google.com/store/apps/details?hl=ko&id=kr.munto.app
5ff85c78-4cb7-484c-869f-240eaa6569eb,5,2022-08-22T13:17:39+00:00,"아주좋고 유익한어플 다만, 신천지조심 신천지가 판을치고다님",0,2.0.1,2026-07-30,early,https://play.google.com/store/apps/details?hl=ko&id=kr.munto.app
1a189839-5492-41e3-b2df-bee6ac197a68,5,2022-08-22T12:50:11+00:00,학문적인 모임이 보여서.. 좋다고 신청대기 했었는데.. 남자는 다 취소하고 여자만 받아서 기분은 더럽지만 ㅠㅠ.. 좋습니다 앱은,0,2.0.1,2026-07-30,early,https://play.google.com/store/apps/details?hl=ko&id=kr.munto.app
17fcebf8-5d07-4df1-b500-5126af362872,5,2022-08-22T08:01:06+00:00,굿굿 문토 대박 날꺼에요 !,0,2.0.1,2026-07-30,early,https://play.google.com/store/apps/details?hl=ko&id=kr.munto.app
fca2043b-eb5c-41b8-be64-799eeafa0c95,5,2022-08-21T16:22:35+00:00,상당히 세심하게 잘만듬! 여미새남미새들 말고 진짜 목적있는 열정적이거나 괜찮은사람들많은듯,0,1.4.2,2026-07-30,early,https://play.google.com/store/apps/details?hl=ko&id=kr.munto.app
12880b3a-4b8e-4fe9-8716-96f84dc70051,5,2022-08-21T12:27:35+00:00,처음써보는데 다른 모임어플보다 편하고 좋네요. 일회성 만남을 할 수있다는점이 특히 좋아요.,0,1.4.2,2026-07-30,early,https://play.google.com/store/apps/details?hl=ko&id=kr.munto.app
d0a61393-16b7-49fb-bed6-baf8e52b4b45,5,2022-08-19T06:11:40+00:00,문토를 통해 좋은 인맥들 많이 얻었어요~~~,0,1.4.2,2026-07-30,early,https://play.google.com/store/apps/details?hl=ko&id=kr.munto.app
634b1213-937b-4904-a563-b757bd1637f3,5,2022-08-17T09:08:31+00:00,너무 좋아요 진짜 이시대 핵필수앱,0,1.4.2,2026-07-30,early,https://play.google.com/store/apps/details?hl=ko&id=kr.munto.app
08049c41-b250-4d5c-9b98-ace2120dafd3,5,2022-08-17T00:20:50+00:00,"여태 소셜링 여러번 진행하고 참여중인데, 좋은 분들 만나서 좋습니다! 근데 쪽지기능ㅜㅜ 없애지 말아주세요ㅜㅜ 호스트 진행하면서 재방문드리고 싶은 분께 다시 연락드리고 싶은데ㅜㅜ 못하네요ㅜㅜ",0,1.4.2,2026-07-30,early,https://play.google.com/store/apps/details?hl=ko&id=kr.munto.app
28bfe4f0-6129-4d76-a3fb-71a4332e350e,5,2022-08-13T14:21:20+00:00,"평소 혼자하기 어려웠던 체험이나 같이하고싶었던 활동들을 새로운사람들과 즐길수있다는점이 매력적이었어요, 다양한사람들과 만날수있다는게 가장좋은점!",0,1.4.2,2026-07-30,early,https://play.google.com/store/apps/details?hl=ko&id=kr.munto.app
484df471-56d8-476f-aa1a-e19d2e5a9199,5,2022-08-13T10:04:46+00:00,여기 어플은 부담이 안되고 좋은분들만 있는 것 같아 좋아요. 다만 누가 좋아요 눌렀다고 알람뜨는데 소셜링 좋아요 개수가 올라가지 않는다던지 쪽지나 채팅의 경우 누락되는경우 예를들어 3개를 받았는데 1개만 알람이뜬 경우가 있었는데 이런점 개선하면 좋을 것 같습니다ㅠ,1,1.4.2,2026-07-30,early,https://play.google.com/store/apps/details?hl=ko&id=kr.munto.app
39fa053b-f1c9-44b0-b1f9-ec743fffe9d7,5,2022-08-11T13:51:39+00:00,실제로 건전히 잘이용하고 있어요,0,1.4.2,2026-07-30,early,https://play.google.com/store/apps/details?hl=ko&id=kr.munto.app
be4caa80-6aa3-493f-a9b2-1b2ed749db67,5,2022-08-09T06:56:22+00:00,다른 앱보다 관리가 잘되는 것 같아서 좋아요. 규칙이 있는 것도 좋아요🙂,0,1.4.1,2026-07-30,early,https://play.google.com/store/apps/details?hl=ko&id=kr.munto.app
4c18c4d2-67f2-47f6-b93b-e511b70e0277,5,2022-08-06T15:04:23+00:00,같은 관심사를 가진 사람들끼리 모여 취미생활을 즐길 수 있어 좋습니다,0,1.4.0,2026-07-30,early,https://play.google.com/store/apps/details?hl=ko&id=kr.munto.app
bf7e52e9-bc89-4a6f-a26f-a8667fe4e986,5,2022-08-06T13:00:40+00:00,보통의 연령때가 대부분 35세까지로 정해진 활동들이 많아서 아쉽지만 모든 연령때가 함께하는 즐거운 문토생활을 하고 싶습니다~,0,1.4.1,2026-07-30,early,https://play.google.com/store/apps/details?hl=ko&id=kr.munto.app
8a5baa8d-a5c5-4e3f-9f62-59c46c6e5c7b,5,2022-08-06T03:24:57+00:00,"처음으로 소셜링을 해봤는데 걱정과는 달리 다들 너무 친절하고 잘 맞아서 금방 친해질 수 있었어요! 혼자서라면 용기가 없어서 못해볼 일들을 함께하니까 걱정없이, 더 즐겁게 다녀왔습니다 >_< 좋은 기억으로 남아 새로운 소셜링을 또 신청하고, 운영해볼 생각이에요!",1,1.4.1,2026-07-30,early,https://play.google.com/store/apps/details?hl=ko&id=kr.munto.app
065e3dee-f7bd-469e-a3a2-8e2ac6a9878b,5,2022-08-05T17:49:04+00:00,만족합니다 잘이용하고 있어요,0,1.2.1,2026-07-30,early,https://play.google.com/store/apps/details?hl=ko&id=kr.munto.app
98c1caed-6375-47a4-8c2f-9a331027222d,1,2022-08-05T13:48:14+00:00,위치 검색하게 만들어줘요! 수도권천지.. 재미없잖앙...대전하나도 없어요 재미없쪄,1,1.4.1,2026-07-30,early,https://play.google.com/store/apps/details?hl=ko&id=kr.munto.app
21b37c21-32fb-40fb-8a58-6fcc53f86067,5,2022-08-04T23:50:24+00:00,인생이 재미없을때 큰 고민없이 새로운 사람들과 만나서 여행가고 즐기기 좋은 앱입니다. 온라인과 오프라인의 둘다 잡을수 있는앱입니다!,0,1.4.1,2026-07-30,early,https://play.google.com/store/apps/details?hl=ko&id=kr.munto.app
d5499340-1fea-44fa-8d9c-3096b5851798,5,2022-08-03T13:44:49+00:00,다양한 소셜링이 열리고 제 취향을 찾아갈 수 있어서 너무 좋아요 문토 덕분에 쉬는 날들을 알차게 보내고 있어요!,0,1.3.0,2026-07-30,early,https://play.google.com/store/apps/details?hl=ko&id=kr.munto.app
502990db-e867-48b5-9776-ca2e761a9188,5,2022-08-03T11:50:38+00:00,다양한 소셜링이 있어 좋아요! 내 적성에 맞게 선택할 수 있어요.,0,1.4.0,2026-07-30,early,https://play.google.com/store/apps/details?hl=ko&id=kr.munto.app
4b4bbf11-d566-4cd3-91d3-844e6dbb1f96,1,2022-08-03T02:32:33+00:00,문토의 운영방침이 어떻게 되는지 이해가 안가요.. 마음에 안들면 계정정지부터 시켜버리시네요! 꼬우면 문토말고 다른 서비스 쓰라는듯한 태도 정말 보기좋아요.,2,1.4.0,2026-07-30,early,https://play.google.com/store/apps/details?hl=ko&id=kr.munto.app
763e2b61-c94a-4cd2-965f-5b1df6b09005,1,2022-08-03T02:27:37+00:00,"소셜링에 모임소개 링크를 첨부했다는 이유로 소셜링 취소 및 계정 정지를 당했습니다. 다른 소셜링들도 단순히 1회 만남이 아니라 지속 가능한 모임을 운영하던데, 규정을 운영자 마음대로 적용하는 모습이 실망스럽네요. 나름 정성들여서 수 회 소셜링 운영해온 입장이라 배신감까지 들기도 합니다.",2,1.4.0,2026-07-30,early,https://play.google.com/store/apps/details?hl=ko&id=kr.munto.app
964c700d-56df-4bbe-8239-9ba8c5a4933b,2,2022-08-02T13:53:01+00:00,좋은 취지로 만든 앱이지만 막상 모임들을 살펴보면 35세가 넘으면 들어갈수 있는 모임이 거의 없음 설령 만든다해도 들어오는 사람이 없음 괜찮은 앱이지만 35세 넘으면 그냥 지우시는걸 추천합니다,4,1.4.0,2026-07-30,early,https://play.google.com/store/apps/details?hl=ko&id=kr.munto.app
17c1b584-a0c5-4b92-b07b-e864cafe95cf,5,2022-08-02T02:59:46+00:00,여유있는시간에 가벼운 만남 좋아요,0,1.4.0,2026-07-30,early,https://play.google.com/store/apps/details?hl=ko&id=kr.munto.app
a2fb3141-24ef-43b5-8805-8851cbf641da,5,2022-08-01T13:23:17+00:00,집-회사-집-회사만 반복하다가 새로운 사람들도 만나고 새로운 활동 해보려고 이용 중이에요! 다양한 사람들 만날 수 있어서 좋습니다~!,0,1.4.0,2026-07-30,early,https://play.google.com/store/apps/details?hl=ko&id=kr.munto.app
8bcceb45-af3c-4ad2-9b8d-b3ccb74d41ac,5,2022-07-31T08:21:20+00:00,"취미공유할 사람과 교류할 수 있어 좋습니다. 다만, 인원부족으로 자동 취소된 소셜링도 히스토리에 남아있으면 좋겠네요. 나중에 다시 개최하려구요.",0,1.2.1,2026-07-30,early,https://play.google.com/store/apps/details?hl=ko&id=kr.munto.app
785ef2a2-d7f8-44d1-95bf-66d7377c9899,5,2022-07-30T08:05:24+00:00,처음 모임을 나갔는데 다들 친절하고 너무 재밌어서 다른 분들께 추천을 하고 싶어요!!,1,1.3.0,2026-07-30,early,https://play.google.com/store/apps/details?hl=ko&id=kr.munto.app
b63a13e2-1d54-4b81-8a36-e4ed47c8aa57,5,2022-07-29T08:28:49+00:00,"친구 만들기도 좋을거같고, 취미만들기도 좋을거 같습니다.",0,1.3.0,2026-07-30,early,https://play.google.com/store/apps/details?hl=ko&id=kr.munto.app
443cbcf4-f513-48e7-85c0-532841fec57d,5,2022-07-29T06:18:39+00:00,처음에 인스타 광고로 접했는데 생각보다 유용하게 쓰고 있습니다. 혼자 가기 어색한 곳이나 주저하던 곳도 사람을 모으거나 다른 분과 함께 갈 수 있어 좋습니다.,0,,2026-07-30,early,https://play.google.com/store/apps/details?hl=ko&id=kr.munto.app
e7798f3f-db46-40ca-9549-2bb1c2dc47e5,5,2022-07-28T23:52:42+00:00,맨날 집에서 할거없이 무력하게 지내다가 사람은 만나고싶은데 어디서 만나야할지모를때 문토처음 써보니 새로운사람들이랑 같이 무언가하니까 너무좋은거같아요 !! 카테고리도 다양해서 너무좋지만 아직 인원수가 적어서인지 지역적으로도 그렇고 모임신청하는분이 적어서 아쉬운데 많은 분들이 알게되서 가입하셔서 같이 사용했으면좋겠습니다 !!!!,4,1.3.0,2026-07-30,early,https://play.google.com/store/apps/details?hl=ko&id=kr.munto.app
f4eac9de-524d-418d-a917-80deb2c5b827,5,2022-07-28T07:22:53+00:00,"저는 소셜링 참여도 해보고 호스트도 해봤어요. 일회성으로 모이는 거라 쫄보인 저는 이상한 사람이 많으면 어떡하지 걱정했는데, 좋은 분들과 재밌는 경험 쌓았어요. 문토 측에서 얼리어문터라고 호스트를 교육하기도 하고, 불참시 패널티, 신고 기능도 있어서 비교적 클린하게 잘 운영되고 있는 것 같아요.",11,1.3.0,2026-07-30,early,https://play.google.com/store/apps/details?hl=ko&id=kr.munto.app
e20fdbba-3d1c-44ea-a47e-2b45a90108bd,5,2022-07-28T04:47:22+00:00,요즘 한동안 코로나로 새로운 사람 만날 기회도 적고 대인관계형성이나 취미 공유에서 어려운 부분들이 좀 있었는데 그런 니즈를 충족시켜주는 앱 같습니다.,0,1.3.0,2026-07-30,early,https://play.google.com/store/apps/details?hl=ko&id=kr.munto.app
0a195d88-b251-438a-a0e6-25944bbf5af4,5,2022-07-28T03:50:36+00:00,타지역 이사와서 동네친구 없어서 심심했는데 문토 어플로 같은 지역사는 취미 같은 모임에 참여 했어요!! 가벼운 등산 모임으로 시작했는데 서로 코드가 잘 맞아서 이젠 친목으로 만나는 활동도 자주해요ㅎㅎ,0,1.3.0,2026-07-30,early,https://play.google.com/store/apps/details?hl=ko&id=kr.munto.app
fe2ca142-3d14-416c-b5b4-18e43076ad25,5,2022-07-28T00:53:37+00:00,문토👍 직원분들 일 잘하시는거같아요♡ 좋아요,0,1.2.1,2026-07-30,early,https://play.google.com/store/apps/details?hl=ko&id=kr.munto.app
68cce253-316e-4aec-83ad-bc113bf4f395,5,2022-07-28T00:18:10+00:00,다양한체험을 쉽게 참여할 수 있어서 좋은거같습니다,0,1.3.0,2026-07-30,early,https://play.google.com/store/apps/details?hl=ko&id=kr.munto.app
e40f0019-32f8-411a-a89e-2a2f0655a7f4,5,2022-07-27T11:51:01+00:00,다양한 주제의 좋은 소셜링들이 많아요 취미뿐 아니라 스터디 소셜링도 있어 참여해봤는데 부담스럽지 않은 비용으로 스터디 참여가 가능해 좋은 경험하게 되었습니다😊,2,1.3.0,2026-07-30,early,https://play.google.com/store/apps/details?hl=ko&id=kr.munto.app
1023fcd5-6cb0-4e41-aa86-b6d411d6380a,4,2022-07-26T04:05:05+00:00,쪽지 기능 계속 제공해주시면 안 되는 걸까요 ㅠㅠ,0,1.3.0,2026-07-30,early,https://play.google.com/store/apps/details?hl=ko&id=kr.munto.app
ca368c7e-79a1-42cd-a56a-8b1a336a7774,5,2022-07-25T16:07:03+00:00,문토를 사용하면서 운동을 다시 시작하게 되었습니다 혼자하면 심심한데 동호회로 하니 계기도 생기고 뿐만 아니라 여러가지 도전을 해볼 수있어 너무 좋습니다 도전해보세요,1,1.3.0,2026-07-30,early,https://play.google.com/store/apps/details?hl=ko&id=kr.munto.app
e4cdf71b-56d1-4641-89ad-e729804c51aa,5,2022-07-25T15:39:13+00:00,여러사람들과 소통할수잇는점에서 너무좋고 눅 나 사용하기편하고 활성화가 잘되어있는거 같습니다. 앞으로 사용하는사람이 늘어서 소통많이 할수있었으면 좋겠습니다.,0,,2026-07-30,early,https://play.google.com/store/apps/details?hl=ko&id=kr.munto.app
ea5e7d82-8525-438c-be56-6ec7c7a44389,4,2022-07-25T15:11:53+00:00,앱플랫폼이 굉장히 잘되어있다고 생각되요 더많은 사람들이 가입하고 활동하면 더좋아질거같아요,0,1.3.0,2026-07-30,early,https://play.google.com/store/apps/details?hl=ko&id=kr.munto.app
3b5f35e3-a8f3-48cf-86c0-34154b90a1f6,1,2022-07-25T15:01:28+00:00,"호스트가 왕인 어플같아요 사람 모으는데 핸드폰번호,사는곳,직업은 왜물어보나요?이런 부분들은 어차피 만나면서 자연스럽게 스몰톡으로 나올주제들 아닌가요? 만나기도전에 면접보듯이 물어보시네 개인정보 관리 전혀 안됩니다. 사람마다의 다양성이 있고 각자의 색깔이 있습니다 이런 질문들로 사람을 단면적으로 판단하겠다는 사고방식은 버리시길",2,,2026-07-30,early,https://play.google.com/store/apps/details?hl=ko&id=kr.munto.app
75d77ae0-4ee1-47f3-91cb-2dc782a72768,5,2022-07-25T14:02:47+00:00,방탈출할수있어서 좋운경험이네요,0,1.3.0,2026-07-30,early,https://play.google.com/store/apps/details?hl=ko&id=kr.munto.app
b7d5fd47-d3b7-461c-9c5b-0b5c77d937e2,5,2022-07-25T13:13:38+00:00,모임 활성화도 잘 되고 각 모임마다 체계가 잡혀있는듯 해서 너무 좋았음,0,1.2.1,2026-07-30,early,https://play.google.com/store/apps/details?hl=ko&id=kr.munto.app
4f004fb7-2730-4c0e-89fe-65bdc8df6495,5,2022-07-25T12:34:33+00:00,문토 덕분에 공통 관심사 가진 새로운 인연들을 많이 만나고 좋은 추억 만들고 있어요. 삶이 다채로워지고 있네요^^ 다양한 이벤트도 많아서 참여를 북돋아주는것도 윈윈! 좋아보여요 앞으로도 잘 부탁해요!,2,1.3.0,2026-07-30,early,https://play.google.com/store/apps/details?hl=ko&id=kr.munto.app
e04ab74b-17ad-4592-8d09-3fc526124c39,5,2022-07-25T12:21:43+00:00,참여할 액티비티가 신선해서 좋고 새로운 사람을 만날 기회라서 좋아요,0,1.3.0,2026-07-30,early,https://play.google.com/store/apps/details?hl=ko&id=kr.munto.app
c9e8da57-c49e-4915-9d0a-43ff6d8ca847,5,2022-07-25T12:18:53+00:00,덕분에 좋은 분들과 즐거운 모임 가지고 있습니다,0,1.2.1,2026-07-30,early,https://play.google.com/store/apps/details?hl=ko&id=kr.munto.app
a27f0c21-a766-4702-8e49-a10e594d0ea5,5,2022-07-25T12:16:26+00:00,너무 좋은 좋은 어플인것 같애요 공통의 관심사 가진 사람들과 만나 주말마다 즐거운 시간을 보내고 있습니다 덕분에 모임 끝나고도 꾸준히 연락하고 있습니다 다른 소모임 어플 보다는 검증된 어플인것 같고 앞으로 꾸준히 이용하겠습니다^^^,1,1.3.0,2026-07-30,early,https://play.google.com/store/apps/details?hl=ko&id=kr.munto.app
79b9ad6d-a49c-4f5f-b2d8-a46ef5132086,5,2022-07-25T12:07:28+00:00,"같은 취미, 경험을 공유하고 함께해서 즐겁게 만나서 대화하고, 추억을 쌓는장으로 자주 이용합니다.",0,,2026-07-30,early,https://play.google.com/store/apps/details?hl=ko&id=kr.munto.app
7713bce9-d437-4292-b58f-8ac150f7d9a2,5,2022-07-25T11:56:45+00:00,재밌어요!,0,1.2.1,2026-07-30,early,https://play.google.com/store/apps/details?hl=ko&id=kr.munto.app
914325ed-8c49-41f6-9a3c-9a39463b24cd,5,2022-07-25T11:44:54+00:00,새로운 사람들과 만날 상각하니까 너무 설레고 좋아요! 특히 지속성이 아니라 더 좋은 것 같아요 ^^,0,1.3.0,2026-07-30,early,https://play.google.com/store/apps/details?hl=ko&id=kr.munto.app
22b878c0-96f5-4497-bb0d-bb5d3ccff3cd,5,2022-07-25T11:42:15+00:00,문토를 통해 원하는분들을 접해서 좋은시간을 보내고 있습니다 이것저것 다양한 어플을 사용해봤는데 문토가 가장 간편하고 좋네요,0,1.3.0,2026-07-30,early,https://play.google.com/store/apps/details?hl=ko&id=kr.munto.app
4498bcb3-6d4d-4df1-b19c-9f2ac795caf5,5,2022-07-25T11:41:54+00:00,"무료한 일상속에서 즐거움과 추억을 만들수있는 좋은 어플이에요^^ 새로운 사람들, 취향맞는사람들과 취미생활도 함께 할수있어서 좋아요",0,1.3.0,2026-07-30,early,https://play.google.com/store/apps/details?hl=ko&id=kr.munto.app
a35efc4a-3649-4659-b5aa-07dd516f8f2a,4,2022-07-25T11:41:24+00:00,지난주에 처음 참여해서 영화보고 밥도 먹으며 서로를 알아가는 시간을 가졌어요. 끝나고 보드게임방에서 즐겁게 보냈답니다 문화생활을 좋아하는 사람들에게 더할나위 없는 앱이라 생각합니다!ㅎㅎ,0,1.3.0,2026-07-30,early,https://play.google.com/store/apps/details?hl=ko&id=kr.munto.app
dd5186a9-00f2-47a6-801b-69c6154a3463,5,2022-07-25T11:40:20+00:00,건강한 사람들이 만든 건강한 모임들을 다양하고 손쉽게 한 눈에 볼 수 있어서 좋아요. 내 취향에 맞는 모임에서 비슷한 사람들과 어울려 함께 새로운 경험을 쌓을 수 있어요~,0,1.3.0,2026-07-30,early,https://play.google.com/store/apps/details?hl=ko&id=kr.munto.app
40184a60-1c1c-4c40-ac59-06b308cf1413,5,2022-07-25T11:39:54+00:00,문토덕분에 동네분들만나서 같이 풋살 재미있게 진행하고있습니다 감사합니다,0,1.2.1,2026-07-30,early,https://play.google.com/store/apps/details?hl=ko&id=kr.munto.app
368ae018-64f1-4ce7-9673-cfe69a54505a,5,2022-07-25T11:38:29+00:00,막막하고 좁아진 인간관계에서 공통 관심사를 중심으로 좋은 분들과 인연을 만날 수 있는 좋은 창인 것 같습니다.,0,1.3.0,2026-07-30,early,https://play.google.com/store/apps/details?hl=ko&id=kr.munto.app
9895672f-a78e-4281-ae7d-31a41a2aeb36,5,2022-07-25T11:38:15+00:00,취향공유하고 함께하기 좋은 앱 지역별 카테고리가 있음 좋을것 같아요~ 지방은 많지가 않더라구요ㅠ,0,1.3.0,2026-07-30,early,https://play.google.com/store/apps/details?hl=ko&id=kr.munto.app
2afbdf6d-44ed-474e-9fb9-445388fc7135,4,2022-07-25T11:38:12+00:00,"문화생활을 같이 나눌 분들이 필요했는데 특정 그룹에 소속되어 정기적으로 참석하기에는 부담스러운 면이 있죠! 문토는 그때그때 보고싶던 전시, 영화, 다양한 외부활동을 부담없이 찾아 참석할수있어 좋아요.",0,1.3.0,2026-07-30,early,https://play.google.com/store/apps/details?hl=ko&id=kr.munto.app
49a98977-f7f3-427c-8f6c-2331be2ccd5b,5,2022-07-25T11:37:00+00:00,"문토를 통해 늘 생각만 하고 미루고있었던 새로운 도전들을 시작할 수 있었어요. 그냥 모이기만 하는게 아니라 호스트 개념이 있어서인지, 전형적인 i형이지만 참여해서 크게 어려운 점도 없었고, 집-회사만 반복하던 일상에서 많은 다양한 직업군의 사람들을 만날 수 있어서 좋네요. 앱에 문제가 있으면 카톡으로 바로 소통할 수 있는 점도 좋았습니다. 앞으로 더 다양한 소셜링이 많이 열리기를 기대합니다.",63,1.2.1,2026-07-30,early,https://play.google.com/store/apps/details?hl=ko&id=kr.munto.app
fcbf633f-3388-4842-86d5-6efa90c9c116,5,2022-07-25T11:36:06+00:00,재미있고 이미 동네 친구 만들었어요,0,1.3.0,2026-07-30,early,https://play.google.com/store/apps/details?hl=ko&id=kr.munto.app
327b9c3d-1322-4ce6-8619-91d07b687a24,5,2022-07-25T11:35:43+00:00,"시간 날 때 잘 쓰고 있습니다. 모임 앱 특성 상 이상한 사람이 없을 수는 없을텐데, 당근마켓처럼 온도 시스템이 생겨 참고하여 이용하면 될 것 같습니다.",0,1.3.0,2026-07-30,early,https://play.google.com/store/apps/details?hl=ko&id=kr.munto.app
a5171a49-580a-4e9b-a9d1-3345e090df84,5,2022-07-25T11:34:56+00:00,좋은것 같습니다 와우,0,,2026-07-30,early,https://play.google.com/store/apps/details?hl=ko&id=kr.munto.app
9d5ea16f-43c2-4a56-8484-1be44ed56995,5,2022-07-25T11:34:02+00:00,"도전해보고 싶었지만 혼자서 도전하기는 두려웠던 다양한 것에 도전할 수 있는 기회가 되었어요 :) 새로운 사람을 만난다는 것에 대해서 두려움을 가지고 있었지만 좋은 인연을 만나고, 친구가 생긴다는 것이 요즘 너무 기쁘고 행복해요. 해본적 없었던 것을 경험하고, 누군가와 함께 시간을 보낼 수 있다는 것의 소중함을 문토 덕분에 느끼고 있습니다!",6,,2026-07-30,early,https://play.google.com/store/apps/details?hl=ko&id=kr.munto.app
6bcd669d-84df-4e60-b3ed-788849949d93,5,2022-07-25T11:33:28+00:00,너무 좋은 분들과의 새로운 경험을 만들 수 있도록 기회를 준 문토에게 고마워요!,0,1.3.0,2026-07-30,early,https://play.google.com/store/apps/details?hl=ko&id=kr.munto.app
20a7792b-cd61-4a8e-abe8-1710aa1043b3,5,2022-07-25T11:33:26+00:00,정말정말 좋은사람들만날수있고 좋은사람들많은거같습니다,0,1.3.0,2026-07-30,early,https://play.google.com/store/apps/details?hl=ko&id=kr.munto.app
c5c32d74-8239-4acd-ae39-6e12e4bc04fc,5,2022-07-25T11:32:38+00:00,사람들도 대부분 좋고 다양한 경험을 할 수 있어서 좋네요!,0,1.3.0,2026-07-30,early,https://play.google.com/store/apps/details?hl=ko&id=kr.munto.app
bd31c17a-7cbc-4869-a5a3-baf2a10c75e1,5,2022-07-25T11:32:33+00:00,덕분에 좋은 사람들 만나서 제가 원하는 모임을 결성했습니다! 저 포함4명 한달에 한번 만나서 새로운 주제로 활동하는거로요ㅎㅎ 다음달 모임도 기대됩니다☆,0,1.3.0,2026-07-30,early,https://play.google.com/store/apps/details?hl=ko&id=kr.munto.app
15452693-1b22-4ce6-83a3-c68878d4325d,5,2022-07-25T11:32:06+00:00,문토 통해 다양한 경험해 볼 수 있어요,0,1.3.0,2026-07-30,early,https://play.google.com/store/apps/details?hl=ko&id=kr.munto.app
50e84d47-e8db-47d9-bedf-cf43028cc0c0,5,2022-07-25T11:30:45+00:00,"원데이 클래스 열기도 좋고, 다양한 모임 참여할수있어 좋아요! 취미 어플 중에 모임 열기도, 참여하기도 제일 쉽고 좋은 시스템 갖추고 있는것 같습니다~~",0,1.3.0,2026-07-30,early,https://play.google.com/store/apps/details?hl=ko&id=kr.munto.app
21bb17f3-725a-4bf4-a9f1-6d9214ad819a,4,2022-07-25T11:30:40+00:00,즐겁게 사용중이에요,0,1.2.1,2026-07-30,early,https://play.google.com/store/apps/details?hl=ko&id=kr.munto.app
95dbd5f8-db3d-4674-a173-b801792a1914,5,2022-07-25T03:46:31+00:00,괜찮은것 같은데 아직 참여는 안해봤네요.,0,1.3.0,2026-07-30,early,https://play.google.com/store/apps/details?hl=ko&id=kr.munto.app
043fdb8f-755c-429c-a9f6-299161088d04,5,2022-07-22T00:19:30+00:00,"좋은 소셜링이 많아요. 다만 무료, 혹은 매우 저가로 진행되는 소셜링은 피하시는 게 좋을 듯해요. 혹할 만한 주제로 신청자를 잔뜩 받아놓고 한 명씩 채팅으로 접근하는 것 같은데, 일정 정하는 과정에서 종교 관련해 물어보는 게 쎄해서 취소 및 신고하고 나왔습니다. 흥미로워보이는 소셜링을 발견하더라도 호스트 프로필 꼭 눌러보시고 다른 주제로, 다른 장소에서 소셜링을 잔뜩 연 것은 아닌지 꼭 확인해보세요... 우리의 시간은 소중하잖아요?",150,1.2.1,2026-07-30,early,https://play.google.com/store/apps/details?hl=ko&id=kr.munto.app
00644c4c-b726-40b6-b8f1-fcd8ab75db23,1,2022-07-21T22:24:16+00:00,서울사람만 쓰는앱 경기권 살면 방법이 없음ㅋㅋ 당근처럼 위치별로 라도 해놓던가,1,,2026-07-30,early,https://play.google.com/store/apps/details?hl=ko&id=kr.munto.app
a9adf566-48d6-4f90-9342-c0b3f548c071,5,2022-07-21T14:10:53+00:00,이거 재미있음 ㅎㅎ 적극 활용 하십시오.,0,1.2.1,2026-07-30,early,https://play.google.com/store/apps/details?hl=ko&id=kr.munto.app
088f01bb-22fc-484f-a5fa-513dfe50c41f,3,2022-07-20T14:38:43+00:00,기존에 잘 사용했다가 잠깐 삭제했었는데 다시 사용하니까 페이스북 로그인이 사라져서 로그인을 못하고있어요ㅠ 문제해결 부탁드립니다,0,1.2.1,2026-07-30,early,https://play.google.com/store/apps/details?hl=ko&id=kr.munto.app
571a0f3a-2b5a-4640-9b7a-3cf32acd4e43,5,2022-07-18T08:34:34+00:00,굿,0,1.2.1,2026-07-30,early,https://play.google.com/store/apps/details?hl=ko&id=kr.munto.app
ebdeb13b-0f52-4e6d-a0d6-9ac8551434e1,5,2022-07-17T07:18:38+00:00,너무즐겁고 너무재미있어요!!,0,1.2.1,2026-07-30,early,https://play.google.com/store/apps/details?hl=ko&id=kr.munto.app
e91af9c0-b85b-4490-b1e8-fb45761e8e76,4,2022-07-17T07:10:31+00:00,그닥 좋았습니다,0,1.1.2,2026-07-30,early,https://play.google.com/store/apps/details?hl=ko&id=kr.munto.app
93cdbfae-25b5-4fbd-bc3e-8ba1bca822f8,4,2022-07-15T07:54:50+00:00,재밌게 참여하고 있어요!,0,1.2.1,2026-07-30,early,https://play.google.com/store/apps/details?hl=ko&id=kr.munto.app
0482293e-3c6c-46aa-b634-f67adfc4c46a,1,2022-07-14T13:45:10+00:00,관심사를 필수로 선택하려는데 선택지가 하나도 안나옵니다,1,1.2.1,2026-07-30,early,https://play.google.com/store/apps/details?hl=ko&id=kr.munto.app
6cb8a361-934a-4855-be16-2bcca0451d5e,5,2022-07-13T10:31:32+00:00,쓸만 합니다 만족해요,0,1.1.2,2026-07-30,early,https://play.google.com/store/apps/details?hl=ko&id=kr.munto.app
8478534a-9f69-4d5a-80a0-53d4bb41a422,5,2022-07-10T06:36:43+00:00,문토 짱~~!,0,1.2.1,2026-07-30,early,https://play.google.com/store/apps/details?hl=ko&id=kr.munto.app
6c33b1c2-e379-456b-afc2-1c4a95d2efd0,3,2022-07-10T02:48:31+00:00,"취미, 문화 생활을 함께 하자는 취지는 참 좋은데 너무 20대에서 30대 초반까지의 연령대만 몰려있는거 같아 40대인 저로서는 끼어들기가 어렵네요... 소셜링 모집 시 나이 제한을 두면 갈수록 접근할 수 있는 연령층은 협소해지고 결국 20대들만의 앱이 될꺼예요ㅜㅜ 사용자들의 나이대가 협소하다는건 타 경쟁 앱이 나타났을 때 문토가 받을 영향도 훨씬 크다는 이야기가 될겁니다. 다양한 연령층이 앱을 이용할 수 있도록 개편을 고려해보시면 더 좋을 듯!",3,1.2.1,2026-07-30,early,https://play.google.com/store/apps/details?hl=ko&id=kr.munto.app
d5b014e1-aeb3-4e20-b242-6071c4d37975,1,2022-07-09T09:24:20+00:00,왠지 모르게 갑자기 이용 정지를 시키는 이상한 운영진이 있어요. :p 이 이모티콘 사용하면 다 종교 포교 목적이라고 틱 던지고 차단.. 뭐 하자는건가요?,2,,2026-07-30,early,https://play.google.com/store/apps/details?hl=ko&id=kr.munto.app
2ae04bc5-769e-46d6-bb56-5577b1e509a3,1,2022-07-06T06:28:14+00:00,1 소통방식에 옵션과다양성없음 2 이용자를 불신하고 신뢰하지않음 3 문의에대한 원활한 소통 불가능 4 CS업무직원의 자질부족 업무능력부족 5 이런식의 일방적 통보적 소통 어플은 처음,4,1.2.0,2026-07-30,early,https://play.google.com/store/apps/details?hl=ko&id=kr.munto.app
ac016c69-1802-4674-b568-71c72b8bbf5e,5,2022-07-01T11:07:03+00:00,너무 좋은 어플인거 같아요,0,1.1.2,2026-07-30,early,https://play.google.com/store/apps/details?hl=ko&id=kr.munto.app
761a4b14-4b08-4bc6-89dd-e535544948db,3,2022-06-22T07:42:13+00:00,페이스북으로 로그인 안된다해서 변환 신청했는데 언제 전환되나요 당장 내일 모임인데 들어갈수가 없어요,0,1.1.2,2026-07-30,early,https://play.google.com/store/apps/details?hl=ko&id=kr.munto.app
ed03a674-1f62-4a7f-8813-546ca0a0adfc,3,2022-06-22T06:16:37+00:00,몇일전부터 본인 프로필에서 현재 진행중인 소셜링이 보이지 않는데 업데이트 오류인가요..? 진행끝난 소셜링만 보이네요..,1,1.1.2,2026-07-30,early,https://play.google.com/store/apps/details?hl=ko&id=kr.munto.app
494c9a51-948b-4a36-a6ad-5c023a5191b8,1,2022-06-18T03:40:35+00:00,신천지 너무 많아요 진짜. 갔는데 어떻게든 전도하려고 막 그러는데 너무 시간만 버린거 같고 짜증났네요,5,,2026-07-30,early,https://play.google.com/store/apps/details?hl=ko&id=kr.munto.app
4eac6ea0-8665-44a2-a10a-f0aa3149d533,5,2022-06-13T16:07:39+00:00,좋아요.*^^*.,0,1.1.0,2026-07-30,early,https://play.google.com/store/apps/details?hl=ko&id=kr.munto.app
500bac57-26c4-465f-af95-8a84e0f968e9,5,2022-06-12T10:52:44+00:00,타지에서 올라와 취미 생활할 때 혼자했었는데 문토덕에 여러 모임들을 알게되었습니다. ㅎㅎ,0,1.1.0,2026-07-30,early,https://play.google.com/store/apps/details?hl=ko&id=kr.munto.app
5b88393f-f4ee-4d08-b03b-6c9d72559e3a,1,2022-06-10T15:00:43+00:00,안되요,1,1.1.0,2026-07-30,early,https://play.google.com/store/apps/details?hl=ko&id=kr.munto.app
f328a2c8-bab1-4532-a8e2-f11d905bdc97,5,2022-06-09T06:04:34+00:00,다른 모임어플에 비해 소규모이고 자주 모임도 있고 소셜링 열고 싶으면 자유롭게 열 수 있어서 좋습니당👍아쉬운 건 카톡 오픈채팅방이 자동으로 만들어졌었는데 현재는 바뀌어서 아쉽네여 ㅜ,2,1.1.0,2026-07-30,early,https://play.google.com/store/apps/details?hl=ko&id=kr.munto.app
d6dc0c96-970f-4ab8-aacb-e7c306e5ca43,5,2022-06-08T09:25:21+00:00,취미 생활을 하고 싶어서 어플 깔고 이용해봤는데 너무나도 편하게 여러가지 활동들을 할 수 있어서 좋습니다😀,0,1.0.2,2026-07-30,early,https://play.google.com/store/apps/details?hl=ko&id=kr.munto.app
955d6876-c82d-4ff4-8ebc-8f102cb5d13d,5,2022-06-08T05:22:26+00:00,아직 소셜링 참여해보기 전인데 기대되네요!,0,1.1.0,2026-07-30,early,https://play.google.com/store/apps/details?hl=ko&id=kr.munto.app
55ba25e2-2e3a-4fd7-b97b-705d2870c15e,4,2022-06-08T04:56:02+00:00,"같은 관심사를 가진 분들의 모임이라서 그런지 모임날이 더 기다려져서 좋습니다. 하지만, 가끔 업자들 분이 모임을 사칭하여 소셜링을 개최하는 경우가 있는데 그런 경우를 방지 할 수 있는 대책이 마련되면 더 좋을 것 같습니다.",1,1.1.0,2026-07-30,early,https://play.google.com/store/apps/details?hl=ko&id=kr.munto.app
6d09dad6-5a25-48e3-8496-d5d2fdebb048,5,2022-06-08T04:52:52+00:00,친구라고해서 같은 관심사를 가지고 있는건 아닌데 여기는 다양한 관심사를 가지고 있는 사람이 많으니까 내가 원하는 관심사의 주제로 사람을 만날 수 있어서 좋아요,0,1.0.2,2026-07-30,early,https://play.google.com/store/apps/details?hl=ko&id=kr.munto.app
7cffcb08-ed33-40a9-842e-390ff0f4621e,5,2022-06-08T04:33:21+00:00,"운동을 같이 할 수 있는 모임을 찾았는데 처음엔 어플로 만나는 모임이라 반신반의 했지만 모임 후에도 리뷰, 인증방식으로 잘 사용하고 있습니다.",0,1.1.0,2026-07-30,early,https://play.google.com/store/apps/details?hl=ko&id=kr.munto.app
a7c8b009-3286-4d6a-aa47-66d00a7d9a76,5,2022-06-08T04:29:32+00:00,요즘 문토하는 재미로 살고 있습니다~^^,0,1.0.0,2026-07-30,early,https://play.google.com/store/apps/details?hl=ko&id=kr.munto.app
81c817f9-d359-4779-a8cd-b580dce3782e,4,2022-06-08T03:59:03+00:00,아직 저희 지역은 많지가 않아서 사용해보기 전인데 유아이나 편리성 좋아보여요,0,1.0.2,2026-07-30,early,https://play.google.com/store/apps/details?hl=ko&id=kr.munto.app
19a8d8be-5e6c-4b2a-9043-cb6fbfa84bbe,5,2022-06-08T03:45:33+00:00,문토에서 모임 진행과 참여를 해봤는데 다양하고 멋진 사람이 참 많았어요! ㅎㅎ 앞으로도 계속 모임 참여하고 싶어요~~ 문토 화이팅!!,0,1.0.2,2026-07-30,early,https://play.google.com/store/apps/details?hl=ko&id=kr.munto.app
6cc6f9b3-392d-4076-96d3-c79fc8bf4b35,5,2022-06-08T03:44:02+00:00,앱이 사용하기도 쉽고 만나게 된 사람도 너무 좋았어요!,0,1.0.2,2026-07-30,early,https://play.google.com/store/apps/details?hl=ko&id=kr.munto.app
b183ef27-b822-4b89-ae76-4a86a558bc08,5,2022-06-08T03:43:57+00:00,앱이 사용하기 간편하고 좋습니다,0,1.0.2,2026-07-30,early,https://play.google.com/store/apps/details?hl=ko&id=kr.munto.app
940f6022-cb77-4935-9450-de52f344c053,5,2022-06-08T03:42:58+00:00,앱이 직관적으로 되어있어서 사용하기 편하고 다양한 취미활동 모임에 참여하거나 자신이 모임을 생성할 수도 있어서 좋네요~,0,1.0.2,2026-07-30,early,https://play.google.com/store/apps/details?hl=ko&id=kr.munto.app
b3e39637-750b-4b86-b6e3-0de1d6c43394,5,2022-06-08T03:42:52+00:00,"제가 지금껏 써본 소셜 모임 어플 중 문토가 가장 좋아요 ㅎㅎ 모임 주제도 다양하고 사람들도 대체적으로 좋은사람들이 많은 것 같아용 몇 개월 전 문토에서 전시회 모임가졌다가 만난 언니랑은 지금까지도 연락하고 짱친됐어요 >.< 매번 모든사람과 친해지는건 아니지만 그 중 나와 인연이 오래갈사람은 오래가더라구요~ 둘 다 서로 원하고 노력할경우에 가능하겠지만요! 여기서 즐거운 소셜링, 좋은 친구만나시길 바래요 다들!",10,1.0.2,2026-07-30,early,https://play.google.com/store/apps/details?hl=ko&id=kr.munto.app
9f447f07-8831-4332-bb4f-60dfa7d205f9,5,2022-06-08T03:42:07+00:00,다양한 주제로 여러 모임에 참여할수있어 좋아요 후기도 보고 소소한 sns처럼 피드를 통해 참여자들의 일상도 공유하고 좋습니다,0,1.0.2,2026-07-30,early,https://play.google.com/store/apps/details?hl=ko&id=kr.munto.app
5dbf8b9a-3aea-4e69-8ff0-594ea103aeb8,5,2022-06-08T03:41:22+00:00,심심한 여가시간 활용하기 좋은것 같아요! 친구들한테 추천하고 있어요,0,1.0.2,2026-07-30,early,https://play.google.com/store/apps/details?hl=ko&id=kr.munto.app
fc3b99f4-3f9e-48e5-8201-2ff58f7e68d5,5,2022-06-08T03:40:41+00:00,항상 재밌게 이용하고 있어요. 많이 배우고 있고 좋은 사람들과 함께해서 즐거워요!!,0,1.0.2,2026-07-30,early,https://play.google.com/store/apps/details?hl=ko&id=kr.munto.app
f917edcc-c364-4c9a-a7ae-2734431992b8,5,2022-06-07T14:38:14+00:00,다양한 콘텐츠로 다양한 사람을 만날 수 있는 것이 가장 큰 핵심이에요. 모임앱 최초로 취미를 쉐어하면서 참여자에게 부캐를 만들어 줄 수 있는 커뮤니티에요. 깊은 커넥망도 형성될 수 있겠죠? UI업데이트 되면 혼란이 있을 수 있는 점은 유의해주세요. 다양한 이벤트에 참여하지만 당첨이 안되니 눈물이 나요.. 열심히 소셜링하는데 말이죠ㅠ 제가 주최하는 콘텐츠맛집에서 함께해요👋,0,0.13.0,2026-07-30,early,https://play.google.com/store/apps/details?hl=ko&id=kr.munto.app
eb85e173-656f-4f90-87cb-98ac6c52d464,5,2022-06-07T09:19:14+00:00,다 좋은데 종교 영업 왜 이렇게 많은거죠 자기가 인생 설계하고 상담해주는 사람이다 하고 테스트 하라고 하는 분이 너무 많아요 모임 5개 했는데 그중 3개가 테스트 하라고 하셨어요 문토 잘못은 아닌데 이거 어떻게 못하나요,1,1.0.2,2026-07-30,early,https://play.google.com/store/apps/details?hl=ko&id=kr.munto.app
cdb74866-4b2c-40a8-9ca9-164d21759bd8,5,2022-06-07T09:02:11+00:00,새로운 사람과 새로운 경험을 해보실 수있는 앱입니다. 간단한 인터페이스와 다양한 모임은 앞으로 더 많은 고객을 이 앱으로 모셔올거같아요.!!!!,1,1.0.2,2026-07-30,early,https://play.google.com/store/apps/details?hl=ko&id=kr.munto.app
31807b30-1dd9-4f1f-998b-32f19ce947ad,1,2022-06-07T05:09:35+00:00,신천지 천지인데 관리도 안되고.. 개인정보 퍼지기 너무 쉬운구조같네요; ㅉㅉ 여러분도 조심하세여,9,1.0.2,2026-07-30,early,https://play.google.com/store/apps/details?hl=ko&id=kr.munto.app
6f36f182-0416-45bc-9ded-fa52ecd3b393,1,2022-06-07T01:42:28+00:00,종교모임 기독교모임 개최시 벌점주고 경고하는 앱인줄몰랐네요 수고하시기바랍니다. 기독교인은 이 앱참여 못한다는점 미사용자께 알려드리면서 성도들 축복합니다,3,1.0.2,2026-07-30,early,https://play.google.com/store/apps/details?hl=ko&id=kr.munto.app
bd61a704-ea5f-4d90-8da0-83efa0e1ca4e,5,2022-06-06T14:48:02+00:00,취미 같이 할 좋은 사람들 만날 수 있어서 너무 좋아요. 그리고 이상한 사람들 없어서 좋네요ㅎㅎ....,0,,2026-07-30,early,https://play.google.com/store/apps/details?hl=ko&id=kr.munto.app
9fee0c4d-947b-4eff-9d3f-29b791817c8f,4,2022-06-06T01:56:46+00:00,같은 취미인 사람들을 만나서 좋았고 새로운사람들과 다양한 생각을 나누고 싶은분들께 추천드려요~~!,0,1.0.2,2026-07-30,early,https://play.google.com/store/apps/details?hl=ko&id=kr.munto.app
369a0f90-bf1a-4f36-8078-41de16dc7fc8,1,2022-06-06T01:54:16+00:00,진짜 어이없네요 왜 서비스이용이 정지된건지 알수가없네요 이상한글을 올린적도없는뎈ㅋㅋㅋㅋㅋㅋ 사람차별하시나봐요??,1,,2026-07-30,early,https://play.google.com/store/apps/details?hl=ko&id=kr.munto.app
73a4a07e-5854-4d6d-816a-b69db8c5e7c7,5,2022-06-05T09:17:42+00:00,"비슷한 소셜 어플을 써봤는데 문토가 훨씬 더 괜찮았어요. 심심한데 특정 모임에 가입해서 구속되긴 싫고 안하자니 아쉬운데 문토는 자기가 하고 싶은 취미, 문화예술, 운동 등을 원하는 날에만 참여하면서 자유롭게 소셜활동을 즐길 수 있으니 너무 즐겁게 사용하고 있어요! 다만 아직 카테고리나 지역이 다양하지 않고 문화예술 쪽에 치중된 느낌인데 앞으로 많이 개선되겠죠? 자주 이용해볼게요 :)",146,1.0.2,2026-07-30,early,https://play.google.com/store/apps/details?hl=ko&id=kr.munto.app
6c80421d-2d80-4630-9943-05ee8ff5044f,5,2022-06-05T03:09:13+00:00,1회성이고 함께하는 인원이 적어서 좋아요!,0,0.17.1,2026-07-30,early,https://play.google.com/store/apps/details?hl=ko&id=kr.munto.app
2e880414-e179-40de-8f71-06248ebaf2a8,5,2022-06-05T01:05:46+00:00,처음 보는 사람과 좋은시간을 가질수있게 해주는 얩이네요. 다양한 취미도 접할 수 있고 기회도 주어집니다.,0,1.0.0,2026-07-30,early,https://play.google.com/store/apps/details?hl=ko&id=kr.munto.app
b6d3b94e-93f5-49f6-87cf-911683a7f8e3,5,2022-06-04T03:31:30+00:00,"문토 앱을 통해 처음 소셜링 모임을 경험했는데 전시 작품도 좋았고, 참여한 멤버들도 밝은 에너지가 넘쳤습니다. 즐거운 모임이었습니다!",0,1.0.2,2026-07-30,early,https://play.google.com/store/apps/details?hl=ko&id=kr.munto.app
92144b01-fc1c-42c3-9606-b81d14249352,5,2022-06-04T03:30:19+00:00,친구 추천받아서 가입했는데 다양한 사람들과 다양한 경험을 할수있어서 좋았어요. 🙂,0,1.0.2,2026-07-30,early,https://play.google.com/store/apps/details?hl=ko&id=kr.munto.app
a0f15eb5-524c-4bef-8073-d13dd8d0464c,5,2022-06-04T03:11:13+00:00,이성목적없는 어플 어딨겠냐만은 가장 색채가 옅어서 좋음. 모임에 특화된 유일무이한 앱입니다. 접근성이 좋고 분류도 편하네요 번창하세용,1,1.0.2,2026-07-30,early,https://play.google.com/store/apps/details?hl=ko&id=kr.munto.app
0d911444-d588-48b3-a5c2-a78e3fc632ea,5,2022-06-02T04:24:07+00:00,굿,0,0.16.1,2026-07-30,early,https://play.google.com/store/apps/details?hl=ko&id=kr.munto.app
e1e5ed0c-c3d5-419a-aa9b-5f9a766447ae,5,2022-06-01T12:52:21+00:00,운동이나친구사귀려고 가입하게되었어요^^요즘 여러경험을하고싶어서 문토를가입을 하게 되었는데 여러가지 여러사람과 할수있어서 좋아요♡앞으로 기대가 많 이되네요,0,1.0.2,2026-07-30,early,https://play.google.com/store/apps/details?hl=ko&id=kr.munto.app
522f369c-7609-4977-9bf0-3b5ec5146408,1,2022-05-31T15:52:01+00:00,아니 고객센터는 일 하고 있나요? 계정 정지 문의 계속 읽씹이고 이유는 내부 규정때문에 못 알려준다 그러지 그럼 저는 이해 못하겠으니 풀어달라 하는데 계속 무시하네요?,3,1.0.2,2026-07-30,early,https://play.google.com/store/apps/details?hl=ko&id=kr.munto.app
efc992fb-4812-4f95-b3c4-524866f06b47,5,2022-05-31T12:01:36+00:00,일일 짜리 모임이라서 너무 좋은거 같아요. 사실 어디 그룹이 속해서 참여해야되는 압박감이 컸거든요. 다운로드한지 얼마안됫지만 이미 일참여 신청했답니다. :) 아직까지는 장점 밖에 안보이네요,0,1.0.2,2026-07-30,early,https://play.google.com/store/apps/details?hl=ko&id=kr.munto.app
fc77675a-749a-430c-8760-4443c472a0ba,5,2022-05-31T10:40:29+00:00,사람들과 소소하고 일상적인 모임이 가능해서 좋아요! 페스티벌 모임에도 추천👍👍👍,0,1.0.2,2026-07-30,early,https://play.google.com/store/apps/details?hl=ko&id=kr.munto.app
37798046-69f7-4b77-a957-8d63d16495f8,5,2022-05-30T14:58:42+00:00,"앱 내에 개인채팅, 그룹채팅 기능이 있어서 개인정보를 밝히지 않아도 되어서 좋습니다. 때문에 일회성으로 만나도 별 지장이 없어서 좋네요. 특별히 불편한 적도 없었어요. 액티비티도 다양해서 좋아요.",5,1.0.2,2026-07-30,early,https://play.google.com/store/apps/details?hl=ko&id=kr.munto.app
2db99906-fb03-456a-86b3-516cd35a3303,4,2022-05-29T13:14:41+00:00,"부담스러운 정기모임보다 그날그날 1회성 모임으로 인원을 모집하고 함께 공유하는 포맷이라 좋아요 전시,운동,산책,독서 등 컨텐츠가 다양해요 심심한 주말 날짜 맞는 소셜링에 참여하면 알찬 하루가 될것 같아요 소셜링 주최하는것도 쉬워서 저도 조만간 소셜링 열어서 가고싶던 체험형전시 맴버 모집하고자 합니다",0,1.0.0,2026-07-30,early,https://play.google.com/store/apps/details?hl=ko&id=kr.munto.app
e1fb13b5-e983-4ee2-ae96-223e9b5899cd,5,2022-05-29T12:22:06+00:00,새로운 만남과 공통관심사를 이룰수있는곳 다양한 취미와 관심사를 주제로 새로운 인연을 만날 수 있었습니다 지난 모임주제였던 비즈만들기에 참여했었는데..시간을 호로록 지나가버리더라구요 심심하고 새로운 인연을 만나기에 딱인것 같습니댜 인기많은 소셜링은 금방 마감되는 것 같더라구여..,0,1.0.2,2026-07-30,early,https://play.google.com/store/apps/details?hl=ko&id=kr.munto.app
1a6ef942-68c4-4bce-9c91-fc7e86845a19,5,2022-05-28T01:16:15+00:00,소셜링 참여해서 이제 시작해보려고 합니다! 평도 좋고 모임들도 다양해서 기대가됩니다 ㅎㅎ,0,1.0.2,2026-07-30,early,https://play.google.com/store/apps/details?hl=ko&id=kr.munto.app
559ad2a2-52ad-41af-8bfb-c1900e1f4490,1,2022-05-28T00:12:16+00:00,그저 서울/수도권 사람들만 득시글 하니 기타 다른 지방이나 소도시는 아예 시작도 하지마세요.,3,1.0.2,2026-07-30,early,https://play.google.com/store/apps/details?hl=ko&id=kr.munto.app
bfaf6cdd-89a3-4bee-8cb7-cd13eae0168e,5,2022-05-27T14:15:12+00:00,같은 취미를 가진 사람들과 만날수 있어서 좋아요,0,1.0.2,2026-07-30,early,https://play.google.com/store/apps/details?hl=ko&id=kr.munto.app
118c8e09-e4cb-4cba-ad4e-ab69e7cbb962,5,2022-05-27T12:08:34+00:00,친구를 통해 알게된 어플인데 새로운 사람과 새로운 경험을 하고 같은 취향의 취미를 공유하는 게 생각보다 훨씬 즐겁더라구요~! 아직까지는 이상한 사람도 만난 적 없고 너무 즐거웠어요 ㅎㅎ 다양한 사람들과 다양한 시간 앞으로도 기대가 됩니다 :-),1,1.0.2,2026-07-30,early,https://play.google.com/store/apps/details?hl=ko&id=kr.munto.app
109eddd2-6e25-4d05-b6b4-1b0fe265e187,5,2022-05-27T11:59:10+00:00,무료하던 일상에 새 취미를 공유할 수 있는 친구가 생긴 것 같아 즐겁게 이용중이에요ㅎㅎ 친구들 더 만나고 싶어요,0,1.0.0,2026-07-30,early,https://play.google.com/store/apps/details?hl=ko&id=kr.munto.app
1423e367-571f-4132-bfb4-e13fbfa42f7e,5,2022-05-27T11:45:00+00:00,사람들도 친절하고 비슷한 취미와 취향을 갖는 새로운 사람들을 만날 수 있어서 좋네요. 더 유명해지면 좋겠습니다,0,1.0.0,2026-07-30,early,https://play.google.com/store/apps/details?hl=ko&id=kr.munto.app
7a3f9da2-0a93-40db-9f7f-2a01960ba5da,5,2022-05-27T11:37:55+00:00,소모임 같은 어플보다 캐쥬얼헤서 좋아요,0,1.0.0,2026-07-30,early,https://play.google.com/store/apps/details?hl=ko&id=kr.munto.app
cb08a65d-91ab-42bc-94bc-c47122700562,5,2022-05-27T11:35:06+00:00,쇼셜을 위한 최고의 어플입니다. 아주 만족하게 사용중 입니다!,0,1.0.0,2026-07-30,early,https://play.google.com/store/apps/details?hl=ko&id=kr.munto.app
070e4106-0270-4a70-8e5d-7d8053a93daa,5,2022-05-27T11:31:56+00:00,너무 유익한 문토 사람들을 알아가면서 삶의 활력을 느낄수 있어서 좋아요!!,0,1.0.0,2026-07-30,early,https://play.google.com/store/apps/details?hl=ko&id=kr.munto.app
76a37802-9f45-438a-848e-f045032b9faf,5,2022-05-27T11:30:34+00:00,너무 재밌어요!!! 같은 취미를 가지고 계싱 분들을 한꺼번에 10명씩 만날수 있고 계속 오픈채팅방에서 만남을 이어갈수 있어서 정말 좋은것같아요!,0,1.0.0,2026-07-30,early,https://play.google.com/store/apps/details?hl=ko&id=kr.munto.app
13bc8b81-062b-4c21-8ca5-c25747d51593,1,2022-05-27T04:59:47+00:00,"가입도 안되고 다시 깔아서 가입조건에 맞게 가입하려니까 앱이용정지;;;,,,, 고객센터 연락도 많이느림",3,1.0.0,2026-07-30,early,https://play.google.com/store/apps/details?hl=ko&id=kr.munto.app
17c44aaf-5c9e-478d-862a-7d35aaa5e4d4,5,2022-05-25T21:07:52+00:00,문토를통해 저와 취향맞는 사람들을 만날수 있어 너무 좋아요 😀,0,1.0.0,2026-07-30,early,https://play.google.com/store/apps/details?hl=ko&id=kr.munto.app
7447571d-ed26-4fa2-82c4-c65de694f7d2,5,2022-05-25T12:20:02+00:00,마감된 모임에 대해서 필터링이 됐으면 좋겠어요,0,1.0.0,2026-07-30,early,https://play.google.com/store/apps/details?hl=ko&id=kr.munto.app
a210dbe1-ab2d-4eaa-9f33-779302f917b4,5,2022-05-25T06:31:00+00:00,고향에서 타지로 오게되어 아는사람도 없고 취미생활을 함께할 사람이 없었는데 문토 정말 유용하네요,0,1.0.0,2026-07-30,early,https://play.google.com/store/apps/details?hl=ko&id=kr.munto.app
1484a332-2cb0-4293-a718-566b7885246b,4,2022-05-24T03:50:29+00:00,서울만 모여있어서 경기도 이나 아래지역은 없어서 불펀합니다.,0,1.0.0,2026-07-30,early,https://play.google.com/store/apps/details?hl=ko&id=kr.munto.app
90443e89-e443-4886-9d62-6b7abc6bb199,5,2022-05-23T11:32:12+00:00,혼자하기힘든걸 함께 할수있다는것 너무좋네요,0,0.16.2,2026-07-30,early,https://play.google.com/store/apps/details?hl=ko&id=kr.munto.app
46f93a52-f2bb-4123-b912-3157a34e3260,5,2022-05-23T07:39:42+00:00,정말 근처에 취미가 맞는 사람들 만날 수 있어서 너무 좋더라구요. 꾸준히 이용중입니다! 비록 바빠서 자주는 못하지만 ㅠ.ㅠ,0,1.0.0,2026-07-30,early,https://play.google.com/store/apps/details?hl=ko&id=kr.munto.app
a99f44e7-f0f6-4416-b198-b208f0c36f3c,5,2022-05-23T00:31:10+00:00,늘 주말을 침대위에서만 보냈는데 문토를 알고나서는 운동부터 문화생활까지 다양하고 새로운 경험을 많이 했어요! 덕분에 삶이 풍요로워진 것 같습니다^~^ 소셜링 참여 후 맴버들에 대한 평가 기능이 있어서 그런지 이상한 사람도 전혀 없었어요!,0,0.17.1,2026-07-30,early,https://play.google.com/store/apps/details?hl=ko&id=kr.munto.app
537a2927-d12e-45e6-a451-00a12596037f,5,2022-05-20T14:16:13+00:00,취미 같은 친구들을 만날 수 있어서 좋으네요. 좋은 사람들을 만나서 즐거운 시간 보냈어요.,0,0.17.1,2026-07-30,early,https://play.google.com/store/apps/details?hl=ko&id=kr.munto.app
7e8304af-381c-4260-aff8-d7b6ccb04790,5,2022-05-19T23:40:00+00:00,심심하던 서울 생활이 문토 덕분에 알차고 풍요로워졌습니다! 앞으로도 꾸준히 이용할 계획입니다,0,0.17.1,2026-07-30,early,https://play.google.com/store/apps/details?hl=ko&id=kr.munto.app
8349f970-c93b-4345-9592-24fc115feca1,5,2022-05-17T17:59:21+00:00,키워드 검색 기능에 날짜 및 지역 선택 필터가 있으면 좋을것 같습니다 + 기존 기능 외에 키워드 검색 내부 필터 기능이요!,0,0.17.1,2026-07-30,early,https://play.google.com/store/apps/details?hl=ko&id=kr.munto.app
a56e5b10-4078-4b8e-a4ad-2cd86d730708,5,2022-05-17T00:18:46+00:00,혼자하기 힘들어하고 낯도 많이 가리는 편이라 도전하기에 용기가 많이 필요했었는데 막상 실천해보니 색다른 취미생활도 즐기고 같이 도움 주시고 즐기신분들도 너무 좋았습니다!! 일상의 새로움과 즐거움을 느낄 수 있어서 좋은 경험이었어요~,0,0.17.1,2026-07-30,early,https://play.google.com/store/apps/details?hl=ko&id=kr.munto.app
5884c2a0-0ca1-46b5-806e-4659f0553cb3,5,2022-05-16T08:42:58+00:00,"나의 작은 멀티버스 문토, 일상에 작은 변화로. 새로운 사람을 만나는 것에 두려움이 있었는데 취미, MBTI 등 내가 즐기고 싶었던 취향을 문토 모임을 통해 함께 즐길 수 있었어요. 반복적인 일상, 반복적인 하루에 현타가 온다면 문토를 깔고, 이곳의 세계를 즐겨보세요!",1,0.17.1,2026-07-30,early,https://play.google.com/store/apps/details?hl=ko&id=kr.munto.app
0d6dac37-e998-4b14-92e8-560edcc2119a,5,2022-05-16T06:38:10+00:00,혼자 하기 힘든것들 같이 할 수 있어서 좋아요! 엄두가 안났던 활동들을 차근차근 해보려고 합니다,0,0.16.3,2026-07-30,early,https://play.google.com/store/apps/details?hl=ko&id=kr.munto.app
7e19b34d-0964-4921-9554-4e125e53f39f,5,2022-05-16T02:23:38+00:00,문토로 다양한 경험과 좋은 분들을 만날수 있어서 좋아요.,0,0.17.1,2026-07-30,early,https://play.google.com/store/apps/details?hl=ko&id=kr.munto.app
d3e9d041-f271-409e-91dc-3b132d40d53e,5,2022-05-15T23:07:57+00:00,다양한 활동이 많아서 좋아요 ! 먹는거 노는거 운동하는거 등등 다 있어서 너무 좋은것 같습니다! 참여하시는 분들도 너무 좋으셔서 재미있게 활동했어요,0,,2026-07-30,early,https://play.google.com/store/apps/details?hl=ko&id=kr.munto.app
99d9c3e0-8ebd-47f3-922a-c10bec4ecd5d,1,2022-05-15T08:30:25+00:00,"로그인이 안 돼요. 카톡은 이미 가입됐다고 이메일로 로그인하라고 해서 이메일 눌렀더니, 페북 로그인이라고 해서 페북 로그인 했더니 걍 안 돼요. 페북 들어가서 문토 삭제하고 다시 가입하려고 했는데 안 된다고 다시 반복. +로그인부터 안 되는데 어떻게 프로필에 들어가서 어떻게 마이페이지에 들어가나요...",1,0.17.1,2026-07-30,early,https://play.google.com/store/apps/details?hl=ko&id=kr.munto.app
5c2c77f6-a0ce-492d-a444-79cad56899b1,5,2022-05-15T07:01:29+00:00,여러 다양한 활동들을 할 수 있어서 좋아요,0,,2026-07-30,early,https://play.google.com/store/apps/details?hl=ko&id=kr.munto.app
5029f654-8138-4004-acd7-76011d7ace20,5,2022-05-14T11:48:37+00:00,새로운 사람들과 만나는 것이 부담스러웠지만 최근 영감을 얻고 싶어서 문토에 참여했어요. 소소한 일상을 나누는 주제로 이야기를 나누었는데 신기하게도 어색하지 않고 많은 이야기를 나눌 수 있었어요! 첫 시작에 좋아서 그런지 요즘은 매일 문토에서 잔잔한 모임들이 또 있는지 방문중입니다 ㅎㅎ,4,0.17.1,2026-07-30,early,https://play.google.com/store/apps/details?hl=ko&id=kr.munto.app
72ef9be1-df58-4aa0-90b5-03bc8567dfbc,5,2022-05-13T13:05:24+00:00,"여기서 소셜링을 통해 좋은 사람들을 많이 만났고 너무 좋은 경험들을 많이 했어요! 고객센터에서도 컴플레인이나 문제들을 즉각 해결해주셔서 피드백이 빨라서 너무 좋아요. 그래도 어느정도 신원확인이 된 사람들이 모여있고 물론 이상한 사람들도 있지만 알아서 문토측에서 걸러주셔서 안심되는것같아요. 새로운 사람들 만나기 너무 좋은 어플이고 다양한 취미생활과 자기계발, 강연들을 듣고 할수있어서 요즘 일상에 활력이 더해져서 너무 행복하고 뜻깊고 의미있답니다! 이벤트도 많이 열려서 값진 경험들을 많이 하고있습니다. 앞으로도 좋은 기회들 많이 열어주시길 바랍니다 감사합니다!",0,,2026-07-30,early,https://play.google.com/store/apps/details?hl=ko&id=kr.munto.app
5a60f7a3-e4e2-468d-96c0-de9bb233f2fe,5,2022-05-12T03:34:10+00:00,필터 검색 등 몇몇 상황에서의 무한 로딩 문제 해결이 필요할 것 같습니다.,0,0.16.3,2026-07-30,early,https://play.google.com/store/apps/details?hl=ko&id=kr.munto.app
ff17baff-3cbc-4fe7-a1e1-e1b2a510a0f5,3,2022-05-08T03:41:28+00:00,관심사 정하는게 의미가 있나싶네요. 관심사로 정하지않은 게 추천으로 뜨고 알림으로 오고..,1,0.16.3,2026-07-30,early,https://play.google.com/store/apps/details?hl=ko&id=kr.munto.app
7cf12af0-3947-430d-9de9-c602fc59afaa,5,2022-05-05T01:04:23+00:00,다양한 사람들과 함께 여러 가지 활동을 하고 싶지만 정작 한 모임에 아예 소속되는 건 부담스러운 제게 이 앱은 최고의 앱이에요.(사실 오래전부터 당신 같은 앱을 기다려왔다우...) 아직까지는 불편한 점은 못 찾았어요. 앱 리뷰 귀찮아서 거의 안 쓰는데 좋아서 리뷰 남깁니다🙂,1,0.16.3,2026-07-30,early,https://play.google.com/store/apps/details?hl=ko&id=kr.munto.app
9489eb27-9c08-4c55-83fc-dfd000381cea,2,2022-04-28T05:40:09+00:00,가족 핸드폰이 안드로이드 버전 5.1.1.인데 아예 설치가 안 됩니다. 지원하지 않는 기기라면서..찾아보니 안드로이드 버전 6부터 설치 되더군요. 5.1.1도 설치 되게 만들어 주실 수 없나요? 다른 앱은 설치 다 잘 되는데 문토만 안 돼서 이용할 수가 없어요. 웹페이지에서 이용도 안 되고..,1,0.16.1,2026-07-30,early,https://play.google.com/store/apps/details?hl=ko&id=kr.munto.app
3d158cc9-4a3c-4514-a427-368b03e8f440,1,2022-04-27T22:16:57+00:00,요기 이상한어플인것 같습니다 환불도 잘안해주고 조심하세요,2,,2026-07-30,early,https://play.google.com/store/apps/details?hl=ko&id=kr.munto.app
1c36b42e-56b9-4cd6-a019-57a6515950fc,2,2022-04-23T15:05:16+00:00,좋은건좋은데 활동했던 내역삭제하고싶은데 삭제가 안돼는게 별루네요,1,0.16.1,2026-07-30,early,https://play.google.com/store/apps/details?hl=ko&id=kr.munto.app
d928dd4d-aeb2-4b65-99ef-88d3bdb1d6b8,1,2022-04-23T08:04:41+00:00,대기 취소하기 기능좀 해주세요. 대기 취소도 안되고 잘못눌른거 수정도 안되고 불편한게 너무 많아요,2,0.16.1,2026-07-30,early,https://play.google.com/store/apps/details?hl=ko&id=kr.munto.app
06e49090-4707-4744-a8d2-a928f5cc99fe,5,2022-04-18T23:44:30+00:00,앱 취지는 좋은데 사용하는 사람이 너무 적어요. 빨리 활성화되서 모임이 많이 생기면 좋겠어요.,0,0.16.1,2026-07-30,early,https://play.google.com/store/apps/details?hl=ko&id=kr.munto.app
eab11065-bf39-441a-b891-3bf87b1b1686,1,2022-04-18T14:04:38+00:00,계속 최신업데이트하라는데 업데이트는안되고 접속도안되구 답답한어플이구만. 지우자,3,0.15.2,2026-07-30,early,https://play.google.com/store/apps/details?hl=ko&id=kr.munto.app
bc09acb3-52d2-49de-bad5-3a602552965b,3,2022-04-18T01:17:07+00:00,"문토앱을 프로젝트 끝날 무렵에 알게 된 앱이었어요. 이벤트가 여러개 있을 때 전시회, 카페투어 등등 선택할 수 있는 옵션이 있고, 다양한 사람들과 함께 할 수 있어서 좋기도 했지만, 한편으로는 알지 못하는 사람들과 첨으로 만나는 사람들과 호캉스나 캠핑을 가는 이벤트는 무리가 아니었나 싶어요. 문토에게 바라는 건 소셜링 1주일이상 열기전에 예상치 못하게 참석에서 불참석으로 바꾸는 건 벌점을 없애주변 좋겠어요. 그리고, 사람마다 생각하는 방향, 추구하는 것, 다 다르기때문에 그 사람이 어떤 사람인지 제대로 모르고 그룹으로 이벤트를 추진하는게 맞나 싶었는데, 다행히도 잘 선택하면 그래도 인연이 꽤 오래갈 수 있겠구나 싶을정도로 어제 했던 저의 첫 소셜링은 꽤 성공적이었습니다.",0,0.16.1,2026-07-30,early,https://play.google.com/store/apps/details?hl=ko&id=kr.munto.app
53191c64-06e5-496a-b308-d3fdd48b2007,5,2022-04-17T03:37:39+00:00,아직 실제로 사용하진 못했지만 관심갖고 둘러보고 있어요. 분야가 세세하게 나눠있어 흥미에 맞게 선택할 수 있을것같아요.,0,0.16.1,2026-07-30,early,https://play.google.com/store/apps/details?hl=ko&id=kr.munto.app
07116cab-eb71-4434-bce0-98fbe9e20f11,4,2022-04-16T08:07:03+00:00,왜 많은 장르중 낚시는 없나요ㅜ,0,0.16.1,2026-07-30,early,https://play.google.com/store/apps/details?hl=ko&id=kr.munto.app
7bce8d55-0bb2-421f-947c-10ba096e2fa0,1,2022-04-13T00:36:01+00:00,가입안됨 관심사누르라는데머가떠야누르지ㅡㅡ,1,0.15.2,2026-07-30,early,https://play.google.com/store/apps/details?hl=ko&id=kr.munto.app
23f9458d-88ed-4ea1-8b63-837f593913a3,1,2022-04-12T09:55:58+00:00,계정 로그인이 안되서 너무 답답합니다. 이미 가입된 계정이라고 하고 ㅠㅠ 어떻게 가입하면 되나요?,2,0.15.2,2026-07-30,early,https://play.google.com/store/apps/details?hl=ko&id=kr.munto.app
029f2cbd-24f7-433b-be1c-6319cec58c3c,5,2022-04-11T11:30:19+00:00,프사가 신뢰가 있어서 좋습니다 코로나때문에 한동안 이용을 못했는데 앞으로 코로나가 꺾이는 추세인만큼 애용하려합니다:),0,0.15.2,2026-07-30,early,https://play.google.com/store/apps/details?hl=ko&id=kr.munto.app
bd0a48cd-8e68-4f33-8655-98371d0c3210,5,2022-04-10T04:51:57+00:00,"오픈채팅이나 소모임어플 등 취미공유 모임 여기저기 기웃거렸는데 정확한 목적과 호스트의 참가 인원 승인/대기 등 뭔가 시스템이 더 체계적이고 좋은것같아요~~ 참여하는 분들의 간단한 프로필 확인이 가능해서 성비나 연령고려도 가능하구 모임 카테고리도 취미, 자기계발, 소통등 다양해서 좋네요 후기공유도 다양한 모임형태 간접적으로 체험할수있어 유익한거같아요~ 새로운 모임기획의 신선한 자극을 주기도하고^^ 자주애용할게요~~",12,0.15.2,2026-07-30,early,https://play.google.com/store/apps/details?hl=ko&id=kr.munto.app
06106135-8c14-454e-9852-61aa11d95694,5,2022-04-10T00:20:57+00:00,낯선인연들이지만 같은취미를 공유하며 너무즐겁고 편하게 즐길수있던거 같아요 짱👍🏻,0,0.15.2,2026-07-30,early,https://play.google.com/store/apps/details?hl=ko&id=kr.munto.app
10975edb-b4ea-4eac-9295-b709990a2700,5,2022-04-09T13:06:59+00:00,이와 비슷한 어플도 사용해본적이 있는데 어플 특성상 정말 이상한 사람도 종종 목격되어서 현타올때도 많았는데요. 문토는 아직까지 이상한(?)사람도 한번도 본적 없었어요 이게 저한테는 가장 큰 메리트구요. 아쉬운건 아직은 주제가 아주 다양항것 같지는 않아서 좀 다양해졌으면 좋겠는거에요. 날 따뜻해지면 더 열심히 참여해보려구요 ㅎㅎ,264,0.15.2,2026-07-30,early,https://play.google.com/store/apps/details?hl=ko&id=kr.munto.app
3aa5aa56-3da9-4fc9-b99a-1a55842d555d,5,2022-04-09T12:02:36+00:00,간만에 좋은 앱 발견해서 기분 좋아요! 소셜링들 보면 다 넘 재밌어보여서 얼른 참여하고 싶은데 지금은 잠깐 지방에 있어서 그게 아쉬울 뿐이에요ㅠㅠ 지방에도 서비스 오픈됐으면 좋겠어요! 조만간 서울로 이사갈텐데 가면 바로 시작할 거에요!ㅋㅋㅋ 이미 같이 할 서울 친구 1명 섭외 완료했답니다 하핳,1,0.15.2,2026-07-30,early,https://play.google.com/store/apps/details?hl=ko&id=kr.munto.app
fcc78b77-a325-4190-8d9c-7d35bc7915d1,5,2022-04-09T11:46:30+00:00,아직 원데이에 참여하지못했지만 좋은사람들과함께 원데이에 참여할수있는 기회를 만들어주셔서 감사합니다 나중에 꼭 참여해서 좋은사람들과 취미를통해 소통하고싶습니다,0,0.15.2,2026-07-30,early,https://play.google.com/store/apps/details?hl=ko&id=kr.munto.app
9e0d4e75-4828-4b65-b041-cfd478be95c2,5,2022-04-09T11:45:28+00:00,날씨가 풀리는 요즘 좋은 사람들 만나기에 딱 적당한 어플입니다. 기능과 구성도 직관적이고 깔끔해서 좋아요,0,0.15.2,2026-07-30,early,https://play.google.com/store/apps/details?hl=ko&id=kr.munto.app
c407f3d4-0d5e-4b4c-8ea9-cb665e3e7035,5,2022-04-09T11:44:26+00:00,새로운 사람들과 취미를 공유하고 생각을 나눌수 있는 멋진 앱인거같아요~ 앱 디자인도 너무 깔끔하고 문의하면 피드백도 빨리 해주고요~ 무료앱이지만 유료앱보다 더 좋은앱이라 생각합니다^^,0,0.15.2,2026-07-30,early,https://play.google.com/store/apps/details?hl=ko&id=kr.munto.app
eb5b48db-dc28-4345-9587-2619683a5998,5,2022-04-07T04:44:04+00:00,문토를 통해 다양한 취미와 다양한 분들 만날수 있어서 행복하고 감사합니다~~^^화이팅!!^^!,0,,2026-07-30,early,https://play.google.com/store/apps/details?hl=ko&id=kr.munto.app
ff7f503c-883b-49e3-bb1c-d8615969e494,5,2022-04-04T03:38:11+00:00,지역 모임은 원하는 체험이나 장소를 선택해서 참여할수 없어 아쉬웠는데 1회성으로 원하는 체험을 할수 있어서 좋은것 같아요,0,0.15.2,2026-07-30,early,https://play.google.com/store/apps/details?hl=ko&id=kr.munto.app
5e8d00ad-20ba-47b5-aec1-dab17cd72ccb,5,2022-04-04T03:37:04+00:00,운동하고 싶은데 딱히 같이 할 사람이 없어서 설치했어요ㅎㅎ 아직 나가진 않았지만 보니까 여러 모임들 많은 것 같아요!,0,0.15.2,2026-07-30,early,https://play.google.com/store/apps/details?hl=ko&id=kr.munto.app
d3e87877-a777-4c15-b6d6-277e13ab5852,5,2022-04-04T03:31:42+00:00,생각보다 너무 좋아요,0,0.15.2,2026-07-30,early,https://play.google.com/store/apps/details?hl=ko&id=kr.munto.app
5f7d82eb-cd32-4717-9262-e3c374acdc30,4,2022-04-03T08:43:52+00:00,"처음에는 앱이 오픈되지도 않아 고생 많이 했었는데, 이제는 굉장히 스무스한 UI가 된 것 같아요! 고생하셨을 것 같은데... 소셜링 오픈에 더 도움이 될 것 같습니다. 감사해요!",0,0.15.2,2026-07-30,early,https://play.google.com/store/apps/details?hl=ko&id=kr.munto.app
1db53882-cbd9-4de5-9189-0964cf69bbf1,1,2022-03-31T05:04:57+00:00,회원탈퇴도 맘대로 못하고 회원탈퇴서를 꼭 내야지만 할수있는게 불편하네요. 심지어 내도 탈퇴를 안 시켜주네요 ㅡㅡ..,3,0.15.2,2026-07-30,early,https://play.google.com/store/apps/details?hl=ko&id=kr.munto.app
dca9022c-b836-479a-906a-ab3f89882e9a,1,2022-03-29T17:15:07+00:00,페북 로그인이 안된지 몇주는 지났는데 아직도 수정이 안되네요; 앱 관리하고 있는거 맞나요?,1,,2026-07-30,early,https://play.google.com/store/apps/details?hl=ko&id=kr.munto.app
a982b03c-10f6-49b5-8540-d9ea5c2b80fa,5,2022-03-27T00:17:42+00:00,문토 업데이트 버전 훨씬 편해요! 확실히 카테고리 선택이 편해서 이것저것 참여하게되는 재미가있는거같아요. 저번에 유기견 봉사하고 오니 재밌었음. 아 참고로 호스트혜택이 많으면좋겠어요! 호스트 참여시 1적립 이렇게요~ ㅋㅋㅋㅋㅋ 문토에서 친구 많이 사귄거같아서 주변에 추천했습니다. 다들 문토하세룡🤸,15,0.15.1,2026-07-30,early,https://play.google.com/store/apps/details?hl=ko&id=kr.munto.app
dffb9054-4036-40c6-ac5e-2439b0b5fa28,5,2022-03-26T04:00:25+00:00,재밌게 잘 쓰고 있습니다:) 다만 모임날짜별러 검색할 수 있는 기능도 있으면 좋겠습니다~! 유익한 소셜링 많아서 좋습니당,0,0.15.2,2026-07-30,early,https://play.google.com/store/apps/details?hl=ko&id=kr.munto.app
c30fd3ac-7524-4267-8254-d5d17ad43e82,4,2022-03-26T03:35:41+00:00,"동네친구 만들수 있어서 좋은 앱인거 같고 다른앱보다 이상한 사람들이 없어서...괜찮은거 같아요 그런데...메세지할때 꼭 새로고침을 눌러서 해야하고,앱 활성화도 너무나도 느리고,특히나 소셜링 열때 참여를 못하는 사람들은 취소라던가 그런게 안되는거 같애요...호스트로 몇번 방을 열어봤는데...다 그런식이었어서 좀 아주많이 힘들었고,또 참여하실 수 있는 분들도 있었는데 대기자에 있어야 하고..좀 벙거롭습니다. 일단 새로고침 해야하는것만 빨리빨리 수정될 수 있게 해주세요;;;",171,0.15.2,2026-07-30,early,https://play.google.com/store/apps/details?hl=ko&id=kr.munto.app
d187e671-3540-4559-a9c6-a2310b5d84ca,5,2022-03-25T13:29:05+00:00,"모르는 사람들과 함께 하는 거라 걱정 반 기대 반이었는데 정말 괜한 걱정이었어요! 등산을 좋아하지만 혼자 갈 의지가 약했는데, 같은 관심사의 사람들과 함께 하니 넘 즐겁고 재밌어요!! 할까 말까 하시는 분들은 꼭 한 번 시도해보셨으면 좋겠어요😆👍 저는 문토 덕분에 운동과 취미를 꾸준히 할 수 있게 됐습니다!",0,,2026-07-30,early,https://play.google.com/store/apps/details?hl=ko&id=kr.munto.app
7d18d2d6-32e8-489a-ab69-ba1afcdf98f9,5,2022-03-25T10:48:37+00:00,재미있고 흥미로운 많은모임이 있습니다. 즐거운 취미생활을 같이 즐겨요,0,0.15.2,2026-07-30,early,https://play.google.com/store/apps/details?hl=ko&id=kr.munto.app
8dcb12ea-e941-4542-8413-4b10d7af4679,1,2022-03-23T02:58:47+00:00,"가입후 소셜(전시회)에 1회 참가하고, 멤버들과 대화도 거의 하지도 못하고 전시관람후 바로 헤어졌는데, 누가 신고했는지..신고사유와 근거도 파악하지 않고,고객센터에 사유,근거를 알려달라고 물어봐도, '규정대로 처리했습니다. 충분한 답변을 드렸다고 판단되어 상담을 종료합니다' 이러네요. 누가 신고를 하면 근거를 먼저 파악하고 진위여부를 따지고, 신고당한 사람에게도 구체적으로 설명해줘야 하는거 아닌가요? 인권위원회에 신고하겠습니다. 인권유린의 극치인 기업이네요.",2,0.15.1,2026-07-30,early,https://play.google.com/store/apps/details?hl=ko&id=kr.munto.app
6fdebfbc-b8b0-43ef-9d24-8634c235f667,1,2022-03-20T09:02:24+00:00,클래스 소개글 설명 쓰는 ux도 별로인데 다른데서 쓴 글 붙여넣기도 안 되네요. 클래스 오픈하기에 편의성이 이렇게 별로일줄 몰랐음.,2,0.15.0,2026-07-30,early,https://play.google.com/store/apps/details?hl=ko&id=kr.munto.app
cddeeb04-6a19-4715-afd2-4e7e31120601,1,2022-03-14T12:35:11+00:00,"가입승인이 너무 안 나네요 12시간 내로 승인된다해서 계속 기다리고 있는데, 지금 프로필이랑 설정도 할수 있는데 정작 이틀째 가입승인이 안 나고 있어서 아무것도 못하고 구경만 하다가 흥미를 잃었습니다..",3,0.14.2,2026-07-30,early,https://play.google.com/store/apps/details?hl=ko&id=kr.munto.app
eb6d18f4-e23f-47e7-bb45-4296d0044f1a,3,2022-03-05T13:53:49+00:00,에러가나요 누를때마다 너무 오래걸려요,0,0.14.2,2026-07-30,early,https://play.google.com/store/apps/details?hl=ko&id=kr.munto.app
cff32961-a58f-4e76-b7df-129882a0a32a,5,2022-03-02T12:40:31+00:00,새로운 친구 사귀기 좋을 거 같아요. 정보도 얻고 소통도 할 수 있어서 좋은거 같아요. 소중한 인연도 만나고 코로나 끝났으니 모임하기 적합한 문토. 많이 애용할게요,1,0.14.2,2026-07-30,early,https://play.google.com/store/apps/details?hl=ko&id=kr.munto.app
e92fbeed-085b-4902-843c-1f7e4ff8a9d9,4,2022-03-02T05:55:39+00:00,문토앱을 통해서 좀 더 사람들과 소통하고 가까워지고자 하는 생각이 들었습니다💜,0,,2026-07-30,early,https://play.google.com/store/apps/details?hl=ko&id=kr.munto.app
4de3d983-4090-498d-b8ed-c8c200f5b462,5,2022-03-02T01:56:55+00:00,취미모임이 다양하고 정보를 쉽고 다양하게 얻을수 있어서 너무 좋은거 같아요^^,0,0.14.2,2026-07-30,early,https://play.google.com/store/apps/details?hl=ko&id=kr.munto.app
7a995cfa-fa94-4ab7-a9e7-177447a85d37,5,2022-03-01T10:46:01+00:00,취미가 같은분들과 모임할수있어좋아요!!,0,0.14.2,2026-07-30,early,https://play.google.com/store/apps/details?hl=ko&id=kr.munto.app
e94b5be9-0b90-4065-a27d-904d911318a5,5,2022-03-01T10:41:33+00:00,코로나때문에 맞는 친구를 찾기가 힘든 요즘 취향이 비슷한 친구를 찾을수있어 좋아요~ 문토를 통해서 취미생활에 다시 재미붙이려구요,0,0.14.2,2026-07-30,early,https://play.google.com/store/apps/details?hl=ko&id=kr.munto.app
eb31cfbb-355e-4d66-97c4-99a0375fe2a1,5,2022-03-01T10:40:38+00:00,이런 앱을 이제서야 알게되어 아쉽네요 취미 생활을 함께할수있다니 너무좋네요 같이 할수있는 게 너무 많아 좋아요!!!!!,0,,2026-07-30,early,https://play.google.com/store/apps/details?hl=ko&id=kr.munto.app
bb3a8695-79da-4724-9587-05a15e7853be,5,2022-03-01T10:37:45+00:00,취미생활을 함께 나눌 친구를 찾을 수 있는 어플이라 좋아요,0,,2026-07-30,early,https://play.google.com/store/apps/details?hl=ko&id=kr.munto.app
6aa42d72-f015-424e-a6d6-8a3af0779cf3,5,2022-03-01T10:10:30+00:00,마음 맞는 사람들끼리 만나서 좋아하는걸 함께 하니 새로운 친구 만들기 좋은거 같아요.,0,0.14.2,2026-07-30,early,https://play.google.com/store/apps/details?hl=ko&id=kr.munto.app
dbaff090-8df4-4770-84d3-c625a12573ec,5,2022-03-01T07:41:20+00:00,혼자하기 어려운 취미 여럿이서 같이 하면 심심하지 않고 확실히 좋더라구요,0,0.14.2,2026-07-30,early,https://play.google.com/store/apps/details?hl=ko&id=kr.munto.app
81b33f42-34e9-4eb1-8946-d23fd6c71e90,5,2022-03-01T07:38:02+00:00,다양한 취미가 있어서 좋은거 같습니다,0,0.14.2,2026-07-30,early,https://play.google.com/store/apps/details?hl=ko&id=kr.munto.app
816e52ce-5b44-44fe-b30b-6889dd005055,5,2022-03-01T07:29:09+00:00,코시국에 정말 필요한 앱이에요. 좋아하는 일들 혼자하기어렵다면? 문토하세요,0,0.14.2,2026-07-30,early,https://play.google.com/store/apps/details?hl=ko&id=kr.munto.app
b95c2071-fa4d-4241-9313-a248c21b3f55,5,2022-03-01T06:50:19+00:00,"서로 관심사를 즐길수 있다는게 재미있고 즐거운 앱같습니다. 소설이나 영화를 특히 좋아하는데 이야기나누며 즐거운 소통을 할수 있다니 넘 기대됩니다. 카페, 맛집, 엑티비티등 다양한 관심사로 즐길수 있는 요즘같은 시대에 외롭지않은 앱이되어줄것같습니다 친구가 되어주길 기대합니다.",27,0.14.2,2026-07-30,early,https://play.google.com/store/apps/details?hl=ko&id=kr.munto.app
2f05d4ce-1d26-4e38-b4bf-d7d4a88b56de,5,2022-03-01T05:56:29+00:00,다양한 사람들과 정보와 일상을 공유할수있는 앱이네요.교감할수있는 것들이 많아 도움이 되는 재미있는 곳입니다.,0,0.14.2,2026-07-30,early,https://play.google.com/store/apps/details?hl=ko&id=kr.munto.app
cf4bcf78-a7a4-4f7b-9feb-e35bb647700e,5,2022-03-01T05:03:59+00:00,공통의 취미를 가진 사람을 만나 소통할 수 있어서 정말 좋네요,0,0.14.2,2026-07-30,early,https://play.google.com/store/apps/details?hl=ko&id=kr.munto.app
e6262acd-2c37-47e4-b65e-ff65bf361136,5,2022-03-01T05:01:10+00:00,혼자 취미생활을 즐길때마다 금방금방 실증내서 중간에 그만둔적이많았는데 이 어플을 사용하면서 꾸준히 활동하고있어서 너무 좋은거같아요^^,0,0.14.2,2026-07-30,early,https://play.google.com/store/apps/details?hl=ko&id=kr.munto.app
301f512a-6410-45d5-9f16-6449220624d6,5,2022-03-01T04:56:16+00:00,다양한 문화활동 액티비티 취미등 공통사를 공유하며 동호회활동을 할수있도록 시스템이 잘구축되어 있네요. 다양한 커뮤니티 활동과 정보교류가 잘 되어 좋은 취미앱이네요,0,0.14.2,2026-07-30,early,https://play.google.com/store/apps/details?hl=ko&id=kr.munto.app
6799a254-b245-4c3a-9148-990b072a471f,5,2022-03-01T04:54:16+00:00,문토 취미모임에 특화된앱이에요 여러사람이 소셜로 대화하고 오픈된 방식이 마음에 듭니다 알림기능도 있어서 편리하고 취미공유할수 있어 좋아요^^,0,0.14.2,2026-07-30,early,https://play.google.com/store/apps/details?hl=ko&id=kr.munto.app
f8852ddc-1022-40af-816d-eb56dc35ba52,5,2022-03-01T04:53:26+00:00,다양한 사람들을 만나고 취향도 살펴볼 수 있다는 점에서 정말 마음에 드는 앱이에요,0,0.14.2,2026-07-30,early,https://play.google.com/store/apps/details?hl=ko&id=kr.munto.app
582817d7-c3b8-4d52-a299-6cc1849df5d6,5,2022-03-01T04:52:57+00:00,다양하고 좋은사람들을 만날수 있어서 좋은거 같아여 주변에 알려주니 좋아하네요 ~!,0,0.14.2,2026-07-30,early,https://play.google.com/store/apps/details?hl=ko&id=kr.munto.app
7498d9bf-1267-4869-8e32-332e51c775aa,5,2022-03-01T04:52:02+00:00,주변에 취미 겹치는 친구가 없어 외로운데 딱좋은 어플이에요.,0,0.14.2,2026-07-30,early,https://play.google.com/store/apps/details?hl=ko&id=kr.munto.app
902c8811-5937-4bf8-81c4-9627a08e5b44,5,2022-03-01T04:42:36+00:00,한살 한살 나이가 먹어가면서 마음에 맞는 친구찾기가 어려운데요.놀토에서 취향과 마음 이야기가 통하는 친구들을 만나서 소통할수있어서 너무 좋았습니다. 오래 오래 함께 했으면 좋겠어요.훈훈한 공간이랍니다.,0,0.14.2,2026-07-30,early,https://play.google.com/store/apps/details?hl=ko&id=kr.munto.app
ffaa5dee-e7fc-426b-8f3a-86013c45505d,5,2022-03-01T04:37:05+00:00,취미 모임을 새로운 사람들을 만나서 할 수 있어 좋은 것 같아요,0,0.14.2,2026-07-30,early,https://play.google.com/store/apps/details?hl=ko&id=kr.munto.app
84257c7d-0606-42b7-9f08-2ce18581a8a0,5,2022-03-01T04:19:19+00:00,다양한 정보와 소통의 활동을 지역별로 할 수 있는점이 너무 좋은것같아요.,0,0.14.2,2026-07-30,early,https://play.google.com/store/apps/details?hl=ko&id=kr.munto.app
72ec64ec-5fdc-47f1-819b-b49dc28a46c7,5,2022-03-01T04:13:38+00:00,전혀 모르는 사람들과의 모임은 낯설고 어색해서 쉽지가 않은데 문토 어플의 신뢰성 있는 취미모임이 많은 도움이 될 것 같아요.대박났으면 좋겠어요^^,0,0.14.2,2026-07-30,early,https://play.google.com/store/apps/details?hl=ko&id=kr.munto.app
421414ee-506a-4485-8740-814de728aa09,5,2022-03-01T04:11:46+00:00,문토를 통해 제 취향에 맞는 분들과 친해질 수 있어서 정말 좋아요. 이 앱으로 다양한 취미생활을 가질 수 있을 것 같아요.,0,0.14.2,2026-07-30,early,https://play.google.com/store/apps/details?hl=ko&id=kr.munto.app
11b8ac41-0d07-4d5f-9833-40b04c5a3810,5,2022-03-01T04:09:54+00:00,다양한 사람들과 함께 모임을 즐길 수 있다는 점이 너무 좋은 것 같아요,0,0.14.2,2026-07-30,early,https://play.google.com/store/apps/details?hl=ko&id=kr.munto.app
a8f86031-b398-4179-9786-6e801eedebbc,4,2022-03-01T04:08:28+00:00,취향이 같은 사람들끼리모여 시간을보내고 하는게 익숙지 않았는데 믿을만할것같아서 기대됩니다~,0,0.14.2,2026-07-30,early,https://play.google.com/store/apps/details?hl=ko&id=kr.munto.app
2be4e723-84d4-4fd5-834e-7ae8c2e8658a,5,2022-03-01T04:06:57+00:00,모르는 사람과 인연을 만들어가는게 쉽지 않은데 나와 비슷한 취향과 공감을 나눌 수 있는 모임을 가질 수 있다는게 좋은 것 같아요.신뢰를 기반으로한 취미 모임을 하려면 문토 어플 꼭 추천드립니다.,0,0.14.2,2026-07-30,early,https://play.google.com/store/apps/details?hl=ko&id=kr.munto.app
084b82af-5315-4334-a110-b29a711ee498,5,2022-03-01T04:05:35+00:00,공통 관심사에대해 얘기할수있는 사람들을 알게되어서 좋은것같아요..,0,0.14.2,2026-07-30,early,https://play.google.com/store/apps/details?hl=ko&id=kr.munto.app
b21fd3d0-4883-419a-a64d-52b2127ff7e7,5,2022-03-01T04:03:53+00:00,같은취향인사람끼리만나기좋은어플인거같아요 각자부족한부분도채울수도있고 추천합니다,0,0.14.2,2026-07-30,early,https://play.google.com/store/apps/details?hl=ko&id=kr.munto.app
bf27dc04-a6d3-43dc-bd71-78c381cc4b70,5,2022-03-01T04:02:40+00:00,신뢰를 기반으로 나와 취향이 맞는 다양한 사람들을 만날 수 있다는 점이 너무 좋습니다.새로운 환경에서 인맥을 쌓기에는 이만한 어플이 없는 것 같아요^^,0,0.14.2,2026-07-30,early,https://play.google.com/store/apps/details?hl=ko&id=kr.munto.app
45589554-f070-4ade-8f82-ab8c24ad27e3,5,2022-03-01T04:00:27+00:00,저 여기서 친구 많이 사귀었어요 강추강추♡♡,0,0.14.2,2026-07-30,early,https://play.google.com/store/apps/details?hl=ko&id=kr.munto.app
1f644cda-d8b6-4cc2-9ebd-ce2bcee79ffd,5,2022-03-01T03:44:11+00:00,와이프와는 취미생활 공유가 안되서 심심했는데 마음 맞는 사람끼리 취미 공유하고 모임 가질 수 있어서 좋네요. 앱 자체도 사용이 편해서 처음 사용하는 저도 쉽게 사용 가능했습니다!! 감사합니다,0,0.14.2,2026-07-30,early,https://play.google.com/store/apps/details?hl=ko&id=kr.munto.app
b958d0bf-866f-48e8-a91d-f3152d5d029c,5,2022-03-01T03:36:48+00:00,취미 맞는 사람들끼리 모여서 모임을 가질 수 있어서 좋아요. 주변친구들과는 취미가 안맞아서 혼자 놀았는데 공유할 수 있는 멤버들과 즐거운 시간 보낼 수 있어 완전 굿굿!,0,0.14.2,2026-07-30,early,https://play.google.com/store/apps/details?hl=ko&id=kr.munto.app
d6e0d639-64d0-4999-84eb-c74245268e9d,5,2022-03-01T03:01:45+00:00,개인적인연구를 같이해가고 동기부여가될수있었으면 좋겠어요.,0,0.14.2,2026-07-30,early,https://play.google.com/store/apps/details?hl=ko&id=kr.munto.app
8f41ab3c-d3e6-4613-ac3b-649e8cdb8187,5,2022-02-28T17:10:19+00:00,항상 혼자놀기에 외로웠는데 시간.장소.목적에맞는 취미를 같이 공감하고즐기는 모임을 만들고 참여도할수있어서 너무좋아요♡,0,0.14.2,2026-07-30,early,https://play.google.com/store/apps/details?hl=ko&id=kr.munto.app
59e55010-255e-41f9-9512-032a6edbf361,5,2022-02-28T05:37:21+00:00,요즘 주말에 문토로 새로운 분들과 공통된 관심사로 만나 시간가는 줄 모르게 즐거운 시간 보내고 있습니다! 덕분에 대화도 잘 통하고 마음 맞는 사람들 만나서 소셜링 끝나고도 연락하고 지내고 있어요 문토는 제가 맞는 시간에 골라서 소셜링 할 수 있는 게 큰 강점인거 같아요! 다른 모임관련 어플은 가입하고 몇 회 이상 참여 못하면 강퇴 당해서 제대로 해보지도 못했었던 기억이 있어요 ㅠㅠ 즐문토하세요!,12,0.14.2,2026-07-30,early,https://play.google.com/store/apps/details?hl=ko&id=kr.munto.app
a975fbaf-9173-4f14-acfd-42d56b67eae7,5,2022-02-27T11:42:54+00:00,좋아하는 전시회를 혼자 가려다가 같은 관심사를 가진 사람과 이야기를 나누고 싶어서 가입하였어요. 처음으로 모임을 참가해보았는데 서로의 관점을 이야기하고 대화를 나누며 정말 좋은 시간을 보냈어요. 친구한테도 추천했습니다ㅎㅎ,0,0.14.2,2026-07-30,early,https://play.google.com/store/apps/details?hl=ko&id=kr.munto.app
2e85058f-00ea-44fd-8fce-36e6068b2b79,5,2022-02-27T11:42:24+00:00,신뢰 기반으로 사람들을 투명하게 볼 수 있는 부분이 가장 좋았고 관심있는 분들을 팔로우하고 피드 등으로 사람들의 취향을 살펴볼 수 있어서 신뢰가 가고 좋았습니다. 저도 덕분에 처음으로 모임도 열어보고 활동도 해보았네요! 앞으로 잘 이용하면서 자기개발에 힘쓰고 사람들과 좋은 에너지 주고 받을게요!,30,0.14.2,2026-07-30,early,https://play.google.com/store/apps/details?hl=ko&id=kr.munto.app
bf79ad68-6153-4145-86e2-a1d70392383c,5,2022-02-27T02:54:55+00:00,다른 앱들보다 사용하기 편리하게 되어있네요 덕분에 새로운 취미도 경험하고 신선한 에너지를 얻어갈 수 있게 되었네요 감사합니다!!,0,,2026-07-30,early,https://play.google.com/store/apps/details?hl=ko&id=kr.munto.app
b4c5c195-1c0d-4e23-b28c-d46eff36259e,3,2022-02-26T15:47:08+00:00,개인적으로 업데이트 전이 더 깔끔하고 좋았던 것같아오ㅠㅠ어플이 너무 무거워진 느낌ㅠㅠㅠㅠㅠㅠㅠㅠㅠㅠ 그것말고는 좋은 어플이고 실명제라 좋아요!,1,0.14.2,2026-07-30,early,https://play.google.com/store/apps/details?hl=ko&id=kr.munto.app
abd8599f-acb7-49fa-99b7-df663219b2f6,5,2022-02-26T13:23:24+00:00,"오프라인 추리게임 크라임씬은 4~6명의 멤버를 모아야 할 수 있는데, 친구들은 별로 안좋아해서 자주 못했었어요. 문토덕분에 같은 취미를 가진 사람들과 만날 수 있어서 너무 좋아요 :)",4,0.14.2,2026-07-30,early,https://play.google.com/store/apps/details?hl=ko&id=kr.munto.app
6b437c6a-44bf-4b85-b278-5b88d29dc7de,5,2022-02-25T12:30:20+00:00,문토에서 취미 관심사가 같은분들 만날수 있어서 좋앗습니다👍 참여하고싶은 모임이 많아보이던데 많이 참여해볼께요~,0,0.14.2,2026-07-30,early,https://play.google.com/store/apps/details?hl=ko&id=kr.munto.app
f24f4286-2e77-48fe-a528-c32e88007f86,5,2022-02-25T06:28:15+00:00,"다양하고 좋은 사람들을 만날 수 있는 최고의 환경을 재공합니다. 저의 취향과 맞는 시람들을 직접 용기내어 참여함으로써 만나고 시간을 함께 보낼 수 있다는 건 너무나도 행복한 일 같아요:"")",4,0.14.2,2026-07-30,early,https://play.google.com/store/apps/details?hl=ko&id=kr.munto.app
2cbfc443-b78b-454a-80e5-01a72fe19230,5,2022-02-25T05:29:03+00:00,가입한지 6개월정도 됐는데 다양한 소셜링도 있고 좋은 경험들을 할수있어서 좋아요!ㅎㅎ,0,0.13.3,2026-07-30,early,https://play.google.com/store/apps/details?hl=ko&id=kr.munto.app
5cae591d-5d19-4697-870d-bad1c1dd7794,5,2022-02-24T02:51:45+00:00,페이스북 로그인 하려고하는데 이메일 액세스 권한이 필요하다고하는데 어찌하는걸까요?,0,0.13.3,2026-07-30,early,https://play.google.com/store/apps/details?hl=ko&id=kr.munto.app
373650ea-770c-49b5-af2d-16782cfb9f72,1,2022-02-22T10:43:53+00:00,"가입승인도 안돼고, 문의도 안돼고...",2,0.13.3,2026-07-30,early,https://play.google.com/store/apps/details?hl=ko&id=kr.munto.app
9a615985-2b3f-4a0e-87fb-f9cd9cc8742a,1,2022-02-21T01:41:25+00:00,실망입니다. 소셜링 신청하고 소셜링 당일 오전에 문토 자체에서 결제취소 되었다는 문자를 받고 당황해서 호스트분께서도 문의를 드렸는데 호스트분도 이유를 잘 모르시고 주말이라고 해서 문토 는 연락도 안 되고 잘 사용하고 있었는데 너무 실망입니다.,4,,2026-07-30,early,https://play.google.com/store/apps/details?hl=ko&id=kr.munto.app
2d4afd9d-db16-411b-95c1-dd273191dbcf,3,2022-02-18T22:22:49+00:00,1. 소셜링 개설 시각 표시 안됨. 개설 시각 시점으로 소팅 안됨. 소팅 추가 필요함 2. 중복되는 소셜링이 계속나옴 3. 한 화면에 표시되는 소셜링 숫자 너무 적음 스크롤을 계속내려야함 너무 불편함 개선 필요,12,0.13.3,2026-07-30,early,https://play.google.com/store/apps/details?hl=ko&id=kr.munto.app
528fd561-a314-474f-9600-bf36bd709e8c,5,2022-02-13T16:01:41+00:00,문토를 통해서 다양한 사람들도 만나고 다양한 경험들과 추억을 많이 쌓고있습니다😃 일회성 모임이라 부담도 없고 더 좋아요~😁 다양한 이벤트도 열어주시고 재밌습니당:p,0,0.13.3,2026-07-30,early,https://play.google.com/store/apps/details?hl=ko&id=kr.munto.app
db64ad5b-6ee8-4e8a-8e02-6089863cdb8e,5,2022-02-13T03:01:21+00:00,문토에 두 번 참여했는데 너무 좋았어요😆 전시회는 완전 처음 가보는데 너무 재미있어서 또 참여할거 같아요~~ 좋은 기회 얻을 수 있게 해주셔서 감사해요^_^,1,0.13.3,2026-07-30,early,https://play.google.com/store/apps/details?hl=ko&id=kr.munto.app
a966229a-a678-4c85-98c5-2bcdaae57755,5,2022-02-12T14:19:00+00:00,원데이로 같은 취미를 함께할수 있다는 생각이 참 좋아요 혼자 볼때 감상을 나눌 친구가 없어서 외로웠는데 함공으로 함께 감상을 얘기할 수 있어서 좋아요,0,0.13.3,2026-07-30,early,https://play.google.com/store/apps/details?hl=ko&id=kr.munto.app
8ce92568-9fbe-49cd-a1ff-149194be2aac,5,2022-02-12T13:21:57+00:00,취미생활을 같이할수있는 어플이라 좋네요 이런어플을 왜이제알았을까요ㅎ,0,0.13.3,2026-07-30,early,https://play.google.com/store/apps/details?hl=ko&id=kr.munto.app
9e126ee8-89be-4c48-b810-dfbda719f58d,4,2022-02-12T12:08:32+00:00,추천합니다 다양한 사람 만남 모임을 참여할 수 있어서 너무 좋았어요,1,,2026-07-30,early,https://play.google.com/store/apps/details?hl=ko&id=kr.munto.app
d5f78dcd-5fc2-42ac-84f0-eb1cca6df371,5,2022-02-12T12:04:51+00:00,참여해봤는데 실명인증제라 좋은것같습니다! 활동도 다양하구요!!,0,0.13.3,2026-07-30,early,https://play.google.com/store/apps/details?hl=ko&id=kr.munto.app
5dcd73be-00ea-4233-923e-eab03fea4092,5,2022-02-11T02:08:43+00:00,평소에 갖고 있던 취미활동을 공유할 수 있는 좋은 앱 입니다.,0,0.13.3,2026-07-30,early,https://play.google.com/store/apps/details?hl=ko&id=kr.munto.app
3213c41f-5bb9-4f3d-8e3f-e916334eef06,5,2022-02-09T08:41:24+00:00,꼭 오프라인이 아니더라도 온라인상으로 대화할수있어서 좋아요! 사람만나는걸 힘들어하는데 한발짝 나아가보려구요,0,0.13.2,2026-07-30,early,https://play.google.com/store/apps/details?hl=ko&id=kr.munto.app
e09e521e-1904-4b22-af65-cbed25d9fb3d,5,2022-02-05T14:55:40+00:00,아이디어가 참 좋은 어플이에요. 나이 들면서 맘 맞는 사람 만나기 쉽지않은데 자신의 취향을 오픈하고 비슷한 사람들이 모일 수 있게 돕는 어플 추천해요. 더 많이 알려져서 이용자가 늘어났으면해요.,8,0.13.2,2026-07-30,early,https://play.google.com/store/apps/details?hl=ko&id=kr.munto.app
6652e246-bce7-4cbe-bae8-273be9179a4c,5,2022-02-05T12:06:39+00:00,"동네에 있는 다양한 사람들과 만날 수 있어 좋습니다. 각종 전시회, 모임도 활발하구요. 닉네임이 아닌 실명으로 활동해서인지, 서로를 잘 배려하면서도 친근하게 지낼 수 있는 것 같아요.",0,0.13.2,2026-07-30,early,https://play.google.com/store/apps/details?hl=ko&id=kr.munto.app
5f0baab8-f17c-4dff-a08b-aa5ec4401dac,2,2022-02-05T02:44:10+00:00,소셜링 열었었는데 자동으로 취소가 되서 본의아니게 참여 신청한분에게 실례를 하게 됐어요 그리고 지인분께 추천해드렸는데 연령이 높으셔서 그런지 가입신청했는데 수락이 안되고 있다시네요 답변 부탁드립니다,3,0.13.2,2026-07-30,early,https://play.google.com/store/apps/details?hl=ko&id=kr.munto.app
30ae14dc-7e3d-4d8e-ae82-e658c9e4201c,5,2022-02-04T12:31:43+00:00,"그동안 문토를 이용하면서 다양한 사람을 만나고 교류하였다 그리고 최근에 내 생일이었는데 문토를 통한 알게된 분들과 함께 생일파티를 하였다 생일 축하하러 바쁜 가운데 또 지역이 멀리 있는 곳에서 그리고 생일케잌이랑 선물까지..! 물론, 나와 코드가 맞는 사람들도 있고 다른 사람들도 있을 것이다 어쨌든 문토 덕분에 새로운 사람들을 만나 교류하면서 영감과 시너지를 얻을 수 있어 참 좋았다! 일하고 혼자 집에서 쉬면서 멍 때리는 것도 좋지만 가끔은 집을 나와 누군가와 함께 시간을 보내고 즐겁게 보낸다면 이 또한 좋지 않겠는가? 만족한다",0,0.13.2,2026-07-30,early,https://play.google.com/store/apps/details?hl=ko&id=kr.munto.app
b21e68c0-2640-470d-9928-6ee96f85e742,5,2022-02-04T12:12:13+00:00,기존에 쓰던 meet up 이나 여타등등 소셜 모임 앱에 비해 훨씬 보기도 좋고 다양한 그룹이 형성 되있어 너무 마음에 드네요. 항상 더 좋은 앱으로 발전하길 기원합니다.,1,0.13.1,2026-07-30,early,https://play.google.com/store/apps/details?hl=ko&id=kr.munto.app
da5e45f0-7d2f-4578-8566-60a4ec49ca91,5,2022-02-04T12:06:11+00:00,사람들과 대화와 만남 그리고 일상을 나누고 즐길 수 있다는 점이 좋은것 같아요~,0,0.13.2,2026-07-30,early,https://play.google.com/store/apps/details?hl=ko&id=kr.munto.app
bc947ed1-dc8a-46af-9ca9-ab8eb65b0c57,5,2022-02-04T12:06:11+00:00,혼자하면 심심하고 조금은 재미없던 것들이 문토를 통해서 다양한 취미가 비슷한 사람들을 만나고 이야기하며 하게되니 너무 좋아요. 소중한 인연들도 만나고 정말 감사한 어플인 것 같습니다 ㅎㅎ 전시 티켓주는 이벤트 등 다양한 것들도 많이 해주셔서 좋아요! 다른 소모임 어플도 이용해봣는데 문토가 젤 안정적이고 좋았어요 정착 ㅋㅋ!앞으로도 쭉 문토를 애용하겠습니다 🥰,3,0.13.0,2026-07-30,early,https://play.google.com/store/apps/details?hl=ko&id=kr.munto.app
f10eaefd-658e-425a-9590-cf78b2446ab1,5,2022-02-04T12:05:11+00:00,문토에서 운동이나 취미가 비슷한 사람들끼리 온라인에서 만나서 정보도 나누고 별도로 오프라인 모임에서도 같이 운동하고 취미생활 공유 해서 좋았습니다. 혼자할때 보다 운동이나 취미 생활을 열심히 하게 되는거 같아요 카톡 오픈방에서 유익한 정보도 나눌수 있어 좋았어요 관심있는 사람들이 많이들 이용해서 활성화 되어 많은 유익한 모임들이 생겨났으면 좋겠네요!!,0,0.13.1,2026-07-30,early,https://play.google.com/store/apps/details?hl=ko&id=kr.munto.app
646c860d-e2b8-4d02-aa0b-7224a875ad94,4,2022-02-04T12:04:38+00:00,"잘 이용하고 있습니다! 근데 아쉬운 점이 너무 많은거 같아요ㅠㅠ 경기도권 이용자가 너무 많고, 이벤트 같은 것도 전부 서울에서 이용할 수 있는 영화 티켓이나 전시회 관람이던데 그외에 타지역 사람들은 낄 자리가 없어요. 그리고 온라인 모임들은 방장들이 신경을 잘 안쓰는게 대부분이라 카톡방만 덩그러니 있는 경우가 많아요. 약속도 잘 안지키고. 뭐 이런것까지 운영자 분들이 신경쓰실 순 없겠지만.. 이벤트나 타지역 사람들도 많이 이용할 수 있도록 홍보를 많이 해주시면 좋을거 같습니다..!!!!",33,0.13.1,2026-07-30,early,https://play.google.com/store/apps/details?hl=ko&id=kr.munto.app
71a9e354-cc3f-43c5-a4ad-912c87d97b9d,5,2022-02-01T05:42:03+00:00,우연히 알게됐는데 취미 맞는분들이랑 같이 만나서 대화하니 신기하고 즐거운 경험이었어요 !,0,0.13.0,2026-07-30,early,https://play.google.com/store/apps/details?hl=ko&id=kr.munto.app
81e462be-4193-4d3e-8053-3464e3a54863,1,2022-01-31T14:18:57+00:00,사용 제한이 됬는데 납득이 안 되서 고객센터에 연락을 하고 싶은데 연락을 받지 않음,3,,2026-07-30,early,https://play.google.com/store/apps/details?hl=ko&id=kr.munto.app
06f29301-0c23-413b-aaea-55cd16ec7101,5,2022-01-30T01:34:52+00:00,취향이 맞는 사람을 만나기 쉽지 않은데 이 앱으로는 쉽게 찾을 수 있어서 좋아요. 일회성 만남이라서 부담도 없구요!,0,0.13.0,2026-07-30,early,https://play.google.com/store/apps/details?hl=ko&id=kr.munto.app
2db46fce-f5f4-4cf4-9a21-98df12c0a27c,1,2022-01-28T10:13:00+00:00,업데이트가 안되네요. 무한반복중,2,0.12.2,2026-07-30,early,https://play.google.com/store/apps/details?hl=ko&id=kr.munto.app
424900b6-faec-4a2e-8906-90844af63c98,5,2022-01-27T13:29:05+00:00,"이런 앱 꼭 있었으면 했는데 문토가 있었네요!! 취미 맞는 사람들이랑 취미생활 하는 게 너무 좋아요!! 신청순이 보여서 참여도 공정하고, 바로 오픈채팅 안내가 오고, 관리도 잘 되고요!! 앞으로 많이많이 활용할 것 같네요😚",18,0.13.0,2026-07-30,early,https://play.google.com/store/apps/details?hl=ko&id=kr.munto.app
0d628b6f-1d30-494b-905c-5400e6740ff5,5,2022-01-27T12:04:01+00:00,가입하고 승인 기간이 조금 걸리지만 다양한 체험을 함께 할 수 있어 즐거웠습니다. 취향이 비슷한 사람들이 모일 수 있어 따뜻한 경험을 하게 해주는 것 같아요 ㅎㅎ,1,0.13.0,2026-07-30,early,https://play.google.com/store/apps/details?hl=ko&id=kr.munto.app
2ad7efd4-98dc-4f24-b7e7-4ea817eadefb,1,2022-01-26T07:10:38+00:00,설치했는데 구글스토어에는 업데이트버튼없고 ..업데이트하라는 알람만있고 어떻게 하라는건지 모르겠어여.....,2,0.12.2,2026-07-30,early,https://play.google.com/store/apps/details?hl=ko&id=kr.munto.app
6a53aef0-6aba-4ec2-9f89-fd07eaf65aa3,5,2022-01-25T12:20:48+00:00,취향이 같은 사람들과 좋아하는 일을 함께 할 수 있다는 것이 문토의 가장 큰 장점이라고 생각합니다 새로운 사람을 만나고 싶으신 분 새로운 경험을 해보고 싶으신 분들께 추천합니다,0,0.13.0,2026-07-30,early,https://play.google.com/store/apps/details?hl=ko&id=kr.munto.app
ad0537af-e0e1-4248-ba5c-4ee2fe88a70f,5,2022-01-25T12:01:12+00:00,"의미있는 활동을 취향이 같은 이들과 함께 경험할 수 있어서 좋아요 🥰 앞으로가 더 기대되는 플랫폼, 어플입니다!",0,0.13.0,2026-07-30,early,https://play.google.com/store/apps/details?hl=ko&id=kr.munto.app
34cefc39-18fa-4ca7-b7ac-c682392a254f,4,2022-01-25T11:16:36+00:00,어플은 좋은데 계속 튕겨요ㅜㅜ 저만 이러는걸까요?,0,0.13.0,2026-07-30,early,https://play.google.com/store/apps/details?hl=ko&id=kr.munto.app
5ef915d0-9483-49aa-b91c-3e3edc28098f,4,2022-01-25T05:48:09+00:00,"사람들과 이야기하고 유익한 부분도 분명히 있지만, 돈많아요?바람피나요? 등 이상한 말을 하는 사람도 있어요. 차단, 신고 기능을 통해 건전한 커뮤니티를 만들어 가길 바랍니다. 저는 더이상 사용하지 않겠지만 커뮤니티의 생사는 건전함과 활발함 이라고 생각합니다. 좋은 방향으로 개발되면 좋겠네요",4,0.12.2,2026-07-30,early,https://play.google.com/store/apps/details?hl=ko&id=kr.munto.app
68f4f0b1-3c59-4e9b-bb91-9c640f2ff025,4,2022-01-25T04:35:34+00:00,업데이트가 안되서 접속을 못하고 있어요..ㅜㅜ,0,0.12.2,2026-07-30,early,https://play.google.com/store/apps/details?hl=ko&id=kr.munto.app
78c4895d-659d-47db-8e60-947587d4fbf9,3,2022-01-24T23:42:36+00:00,업데이트하래서 들어왔는데 업뎃버튼이 없는디요..,1,0.12.2,2026-07-30,early,https://play.google.com/store/apps/details?hl=ko&id=kr.munto.app
45de63bc-24d8-45a3-a7ff-5be037dfc98b,2,2022-01-24T21:34:32+00:00,"앱 실행하면 업뎃하라고 나오고 플레이스토어에는 업데이트 메뉴가 안뜨는 상황, 저만 그런가요?",1,0.12.2,2026-07-30,early,https://play.google.com/store/apps/details?hl=ko&id=kr.munto.app
4773a09e-1e6c-443e-a88e-fdb0a5a29de2,5,2022-01-23T13:23:47+00:00,가입승인 반려됐다 해서 재신청하는데 3단계 완료에서 더이상 넘어가질 않습니다 어디에 여쭤봐야 할지 모르겠어서 리뷰에 남깁니다,0,0.12.2,2026-07-30,early,https://play.google.com/store/apps/details?hl=ko&id=kr.munto.app
d1a3a79c-04bf-4cfc-80e9-1ac8c7f2c302,1,2022-01-23T09:05:55+00:00,승인반려돼서 수정했는데도 다음 다음 완료 눌러도 안넘어가요...,2,,2026-07-30,early,https://play.google.com/store/apps/details?hl=ko&id=kr.munto.app
f700fe6d-e2af-4691-b44e-f2cace999f99,1,2022-01-22T11:38:17+00:00,재가입 승인이 거절되어서 재신청누르고 전부 작성했는데 재신청 완료버튼이 안눌닙니다. 조치좀 취해주세오ㅡ,2,0.12.2,2026-07-30,early,https://play.google.com/store/apps/details?hl=ko&id=kr.munto.app
94ef2482-b2c9-474e-b26a-01a5c6239b5e,5,2022-01-20T14:10:59+00:00,새로운 취미에 도전해보고 새로운 사람을 만날 수 있어서 좋아요 다음번엔 제가 주최해보려구요!,0,0.12.2,2026-07-30,early,https://play.google.com/store/apps/details?hl=ko&id=kr.munto.app
24311b02-09ed-4856-bed0-d0edbaaecc8e,2,2022-01-20T12:44:14+00:00,일주일 지났는데도 가입이 안되네요 아마도 나이 때문인듯,3,0.12.2,2026-07-30,early,https://play.google.com/store/apps/details?hl=ko&id=kr.munto.app
b4737566-84cd-4a68-81ed-5a2268179240,5,2022-01-20T09:06:32+00:00,문토를 통해 다른 사람과 취미를 공유할수 있어서 좋습니다. 코로나 때문에 집에서만 지내기가 답답했는데 문토를 통해 좋은분들과 함께하게 되어서 힘이되었어요. 앞으로도 문토를 잘 사용할게요. 감사~,1,0.12.2,2026-07-30,early,https://play.google.com/store/apps/details?hl=ko&id=kr.munto.app
229eb488-5963-49d4-8af1-068552fd5172,5,2022-01-19T13:11:17+00:00,문토를 통해 좋은 분들 만나 좋은 경험들을 할 수 있었습니다,0,0.12.2,2026-07-30,early,https://play.google.com/store/apps/details?hl=ko&id=kr.munto.app
87f4d4ba-ea41-49af-bf75-24bf50ec59e8,4,2022-01-19T13:09:29+00:00,그저그런 만남중심의 모임어플과 다르게 정말 다양한 범위의 건강한 취미활동을 선택하고 도전할 수 있는 기회가 되어 좋았습니다 모임들의 내용도 소소하지만 꽤 짜임새 있습니다 방역수칙 준수하는 문토모임 최고예요,10,0.12.2,2026-07-30,early,https://play.google.com/store/apps/details?hl=ko&id=kr.munto.app
6a63417f-9a6a-4b2e-a73f-3f0b29634693,5,2022-01-19T12:21:11+00:00,아직 모임에 참여해보진 않았지만 다양한 모임에 참여할 수있는 기회가 있어 시간맞을 때 모임에 참석해보도 싶습니다 항목도 잘 정리 되어 있어 보기도 좋아요!,0,0.12.2,2026-07-30,early,https://play.google.com/store/apps/details?hl=ko&id=kr.munto.app
83ad88f8-b1df-4ded-9492-33192711c7f5,5,2022-01-19T12:15:59+00:00,정기 적으로 모임을 안나가도 되고 시간 날때마다 골라서 모임을 가질 수 있다는 점이 좋습니다. 어플 자체에서도 이벤트가 많아 참여하는 재미도 있구요. 주변 지인들한테 홍보 많이 해볼게요:),11,0.12.2,2026-07-30,early,https://play.google.com/store/apps/details?hl=ko&id=kr.munto.app
78aec854-787c-4f94-b8c9-5b8833cb8d15,5,2022-01-19T12:09:54+00:00,취미가 같은분이랑 같이 어울린거 넘 재밌있고 좋았어요. 너무 좋아서 조금만 더 일찍알았더라면 하고 후회하고있네요~ 지금 이순간부터라도 그분들과 더 좋은 하루 보내고싶어요^^,3,0.12.2,2026-07-30,early,https://play.google.com/store/apps/details?hl=ko&id=kr.munto.app
9d7515b7-774c-4062-91ec-639d17168f4f,5,2022-01-19T12:02:50+00:00,다양하고 재밌는 커뮤니티가 많아서 좋아요 타 어플과 확연히 달라요,0,0.12.2,2026-07-30,early,https://play.google.com/store/apps/details?hl=ko&id=kr.munto.app
9e95e581-a75f-4344-988e-0275b0c15551,5,2022-01-19T12:02:40+00:00,다양한 경험을 할수있어서 좋습니다,0,0.12.2,2026-07-30,early,https://play.google.com/store/apps/details?hl=ko&id=kr.munto.app
e330ee1e-eade-4c6c-878d-c7998d89998b,5,2022-01-19T12:01:35+00:00,문토 어플 잘 쓰고 있습니다~ 감사합니다!!!^^,0,,2026-07-30,early,https://play.google.com/store/apps/details?hl=ko&id=kr.munto.app
ea41b3fd-a064-4b12-b90c-c0681245198c,5,2022-01-19T12:00:41+00:00,다른사람들과 의견공유 등 다양한 활동들을 할수있어서 편리합니다!,0,0.12.2,2026-07-30,early,https://play.google.com/store/apps/details?hl=ko&id=kr.munto.app
ac610a7d-1e2e-4bef-aff2-7671d1e937a9,1,2022-01-19T00:51:50+00:00,다시 깔았는데도 왜자꾸 업데이트 하라고 할까용... 업데이트 하래서 구글 플레이 접속했는데 따로 업데이트 버튼은 안뜨고...ㅜ 제거후 다시 설치했는데도 업데이트 하라고해서 접속못하고 있어요~,3,0.12.1,2026-07-30,early,https://play.google.com/store/apps/details?hl=ko&id=kr.munto.app
6f7e590e-31b0-4dad-ba7b-1c06829caa13,1,2022-01-18T18:38:31+00:00,그다지,1,0.12.1,2026-07-30,early,https://play.google.com/store/apps/details?hl=ko&id=kr.munto.app
e6434ee1-cd4b-445e-a644-c79bfaeb1c8a,5,2022-01-18T16:19:38+00:00,다양한 취미를 가진 사람들을 만날 수 있는 앱 다른 사람들과 취미를 공유하고 편하게 모임을 가질 수 있어서 좋았어요 새로운 사람들과 소통을 해보고 싶은 분들께 추천합니다!,4,0.12.2,2026-07-30,early,https://play.google.com/store/apps/details?hl=ko&id=kr.munto.app
8d5833f4-f126-46f1-a1df-e311b77ddaa1,1,2022-01-17T08:43:13+00:00,얼마나 잘써야 심사에서 반려가 안되는지?ㅋㅋ 장난하시는 것도 아니고..,2,0.12.2,2026-07-30,early,https://play.google.com/store/apps/details?hl=ko&id=kr.munto.app
d5a72ab5-6e5a-4382-85a3-60e9c80682ad,1,2022-01-17T01:12:25+00:00,탈퇴가 안되는데 가입이 있으면 탈퇴도 있어야 되는거 아닌가요? 어떻게 탈퇴하는지 답변주세요,1,0.12.2,2026-07-30,early,https://play.google.com/store/apps/details?hl=ko&id=kr.munto.app
8d6b3ea1-d7ec-4e35-b59d-232dcaafc585,2,2022-01-15T15:41:21+00:00,탈퇴하고 싶은데 방법좀 알려주세요,0,0.12.2,2026-07-30,early,https://play.google.com/store/apps/details?hl=ko&id=kr.munto.app
47f32a9f-0278-451e-bda3-40278b55c12d,2,2022-01-14T05:31:59+00:00,메일보냈습니다. 즉시탈퇴처리해주세요,0,0.12.2,2026-07-30,early,https://play.google.com/store/apps/details?hl=ko&id=kr.munto.app
bd133cf7-0dbe-412d-b83e-71f7d342a3dc,5,2022-01-13T15:21:05+00:00,맛집 가서 이것저것 다 시키고 먹고싶었는데 친구거 별로 없어서 항상 아쉬웠습니다. 문토를 통해 사람들 이랑 맛집가서 다 쓸어야겠너요 야호,1,0.12.2,2026-07-30,early,https://play.google.com/store/apps/details?hl=ko&id=kr.munto.app
cf0d94b8-d0e7-4834-875d-fc8f8705b37f,4,2022-01-13T12:49:04+00:00,편하게 함께 할 친구들을 만들 수 있어 좋아요 :) 오픈톡방 인스타랑 연동되는 시스템도 맘에 들구요 ~ 다만 쪽지기능이 조금 불편 가끔 겹쳐와서 그것만 개선되면 더 좋겠어요 -!,9,0.12.2,2026-07-30,early,https://play.google.com/store/apps/details?hl=ko&id=kr.munto.app
59b19c92-fa29-4451-91a2-05e55850b68f,1,2022-01-09T03:43:37+00:00,"소모임 조인이 쉽다는 큰 장점이 있는데, 첫모임부터 신천지 포교하려는 미친ㄴ들 만났습니다. 다들 조심하며 쓰세요",7,0.12.1,2026-07-30,early,https://play.google.com/store/apps/details?hl=ko&id=kr.munto.app
6fed87d0-fe67-4ac9-a890-93091e59bd72,5,2022-01-08T03:19:59+00:00,다른 소모임앱과는 다르게 사람들과 좀 더 소통하기 좋은것같아 사용하기가 좋습니다~ 소셜링참가도 해보았는데 같은 취미를 가진 사람들과 만나 즐거워서 이번에는 직접 소셜링도 열어볼 예정입니다 :),22,0.12.1,2026-07-30,early,https://play.google.com/store/apps/details?hl=ko&id=kr.munto.app
45d75627-97f7-469e-8db3-0c1f764051ab,5,2022-01-08T01:06:00+00:00,소셜링참가하기하고 오픈채팅방들어가시겟습니까 뜰때모르고 아니요눌럿는데 다시 오픈채팅방은 못들어가나요ㅠㅠ,0,0.12.1,2026-07-30,early,https://play.google.com/store/apps/details?hl=ko&id=kr.munto.app
06048441-55e4-49b5-b8e7-81f4cf0c9562,2,2022-01-07T02:26:06+00:00,왜 가입 승인이 안되는거죠?ㅠ,0,0.12.1,2026-07-30,early,https://play.google.com/store/apps/details?hl=ko&id=kr.munto.app
c1630137-fad7-4bcb-8048-86027c018c39,1,2022-01-06T01:46:15+00:00,탈퇴 신청 해놓고 나흘째인데 언제 되나요?,2,0.12.1,2026-07-30,early,https://play.google.com/store/apps/details?hl=ko&id=kr.munto.app
dc598f5a-6439-4113-adde-d876fa65c188,4,2021-12-29T12:36:28+00:00,건전하고 목적성이 확실해서 이용하기 좋습니다ㅎㅎ 아직 덜 활성화된 느낌이지만 MZ세대의 새로운 이정표라는 목표에 부합하는 것 같아요 코로나 시국이 얼른 끝나서 더 활성화 되길 바랍니다!,1,0.12.1,2026-07-30,early,https://play.google.com/store/apps/details?hl=ko&id=kr.munto.app
42fa02ba-1dd7-4db6-906b-df6738a66fd6,5,2021-12-26T15:09:07+00:00,퇴근하고 남는 시간들을 어떻게 쓸지 잘 모르시면 이용해 보시는 것도 좋아요. 제대로 활동참여와 운영이 어려울줄 알았는데 문화활동이나 다양한 스포츠활동도 생각보다 잘 이루어지네요.,6,0.12.1,2026-07-30,early,https://play.google.com/store/apps/details?hl=ko&id=kr.munto.app
3dafda0b-fcf1-443b-bcb0-d5589be9eb54,4,2021-12-26T14:22:04+00:00,낯선 사람들이라 어색할 줄 알았는데 같은 취미와 공통관심사를 통해 만나서 그런지 쉽게 대화가 통해서 너무 좋았습니다~,0,0.12.1,2026-07-30,early,https://play.google.com/store/apps/details?hl=ko&id=kr.munto.app
f011d4f4-5bfb-4608-a482-1f02ada06d57,4,2021-12-26T14:01:08+00:00,"지방에서 서울로 올라와 지내면서 친구를 만들고 싶어서 다운로드 했습니다. 내향적인 성향이라서 아직 직접 만날 용기가 나질 않아 참여는 못하고 있습니다만, 자주 둘러보면서 참여할 용기를 얻고 있습니다!",1,0.12.1,2026-07-30,early,https://play.google.com/store/apps/details?hl=ko&id=kr.munto.app
b9b29472-0ce7-4088-a38a-a7300670d296,5,2021-12-26T13:00:02+00:00,몇 번 잘 참여하고 즐겁게 산행했어요 ㅎㅎ,0,0.12.1,2026-07-30,early,https://play.google.com/store/apps/details?hl=ko&id=kr.munto.app
99f85dc1-01e5-4f92-9329-0d760a387e10,5,2021-12-25T01:37:27+00:00,원데이 클래스 같은 참여할수 있는 문토 무엇보다 앱 디자인이 넘 이뻐서 잘 애용하고 있습니다,0,0.12.0,2026-07-30,early,https://play.google.com/store/apps/details?hl=ko&id=kr.munto.app
75bad962-45b1-43ee-84d2-4b3eca037bed,5,2021-12-24T14:27:58+00:00,처음에는 광고를 보고 궁금해서 설치해봤는데 첫 사용 경험이 굉장히 좋았습니다! 취미나 감성이 맞는 사람을 찾기에 적절한 앱인 것 같아요. 다만 사용자가 늘어나며 개인적인 홍보 혹은 부적절한 의도를 가진 모임이 조금씩 생기는 것 같아 조금 주의해야 할 필요는 있는 것 같습니다. 무언가 하고 싶은데 혼자 하긴 약간 아쉬울 때 사용하기 좋은 앱인 것 같습니다!,1,,2026-07-30,early,https://play.google.com/store/apps/details?hl=ko&id=kr.munto.app
b0558977-0d67-4382-99f8-f96b8b1d6aab,5,2021-12-24T12:26:16+00:00,"이제 시작했지만, 재미있는 경험이 될 것 같아요. 깔끔하고 직관적인 디자인이 눈에 쏙쏙 들어옵니다. 잘 사용해 볼께요. ^^",0,0.12.1,2026-07-30,early,https://play.google.com/store/apps/details?hl=ko&id=kr.munto.app
d97ae4e0-f9f1-4dc2-877f-456ec3ecd92c,4,2021-12-24T12:20:00+00:00,취미를 나눌 수 있다는 점이 좋은거 같아요. 사람들이 더 많아져서 더 다양한 소셜링이 생기면 더할나위 없이 좋겠네요.,0,0.12.1,2026-07-30,early,https://play.google.com/store/apps/details?hl=ko&id=kr.munto.app
257d0787-7f03-4da2-8884-ca36da28274d,4,2021-12-24T12:09:03+00:00,"딱 한번 소셜링에 참가했는데 참가자들 백신접종여부를 한눈에 볼 수 있는게 가장 좋았습니다. 또 좋은 분들과 정말 재미있게, 다른데서는 볼 수 없었던 좋은 소셜링에 참가하게됐어서 앞으로도 자주 이용할 것 같아요. 소셜링 종류도 나름 다양해서 구경하는 재미도 있고 각자 피드에 sns형식으로 참가 후기나 평소 본인의 취미를 올려놓는것도 돟아요. 가장 마지막으로 가입승인을 받아야하는데 실명제여서 믿음이가는것도 가장 큰 장점 중 하나라고 생각해요. 인기가 많아지면 이상한 사람들도 많아지겠지만 문토 운영자님들이 잘 관리해주실거라고 믿습니다. 좋은 앱을 발견해서 좋네요. 감사합니다.",24,0.12.1,2026-07-30,early,https://play.google.com/store/apps/details?hl=ko&id=kr.munto.app
750f4480-d111-4a90-8422-e15b0ab27702,5,2021-12-24T12:04:28+00:00,"우연히 알게되어 설치후 가입했는데 코로나 거리두기만 좀 풀리면 적극적으로 활동해보고 싶어요. 다양한 활동이 앞으로 더 많아질 것 같은데, 단회성이 가능해서 부담이 적은게 가장 기대됩니다^^",5,0.12.1,2026-07-30,early,https://play.google.com/store/apps/details?hl=ko&id=kr.munto.app
fa390b00-f795-40b0-a029-219d549d2972,5,2021-12-24T12:00:55+00:00,문토덕에 새로운 소모임을 즐길 수 있게 됐어요!,0,0.12.0,2026-07-30,early,https://play.google.com/store/apps/details?hl=ko&id=kr.munto.app
71e90d75-eb58-4f96-bac0-74d0f6ea8b4b,4,2021-12-24T12:00:01+00:00,새로운사람만나기좋은앱이에요!,2,0.12.0,2026-07-30,early,https://play.google.com/store/apps/details?hl=ko&id=kr.munto.app
e8e21273-e861-4c2e-b8f1-07c97e5fe5b6,5,2021-12-24T05:52:10+00:00,"기호, 취미에 따라 만남, 괜찮음 ^^",0,0.12.1,2026-07-30,early,https://play.google.com/store/apps/details?hl=ko&id=kr.munto.app
6ae7cef3-de18-481f-b1d0-a288c1fb6dc5,5,2021-12-23T23:21:15+00:00,다양한 사람들과 함께 할 수 있다는게 참 좋아요!,0,0.12.1,2026-07-30,early,https://play.google.com/store/apps/details?hl=ko&id=kr.munto.app
b1d99dc5-f2b4-48a2-b33c-6ffce2782442,5,2021-12-23T22:04:13+00:00,같은 취미를 하는 친구나 지인을 찾기어려워 항상 혼자서 등산을 하곤했는데 쉽게 취미가같은 사람을 만날수있었고 즐거운시간을 보냈습니다 다음에기회되면 또 소셜링참여하겠습니다! 다른 비슷한어플도 사용해봤는데 문토가 제일 좋은것같습니다,0,0.12.0,2026-07-30,early,https://play.google.com/store/apps/details?hl=ko&id=kr.munto.app
85d5bcbb-7651-4c00-8a45-1f4e9a192c60,5,2021-12-23T18:17:58+00:00,앱 자체에서의 수익을 만들어 낼 수 있는 광고도 없고 사용이 쉬워서 시스템만 이해한다면 여러 종류의 인연들을 만들 수 있는 점이 마음에 들었습니다! 항상 즐거운 시간들을 보낼 수 있도록 이끌어주는 앱이 생겨서 좋네요. 앞으로 번창하시길 기원합니다~,4,0.12.1,2026-07-30,early,https://play.google.com/store/apps/details?hl=ko&id=kr.munto.app
07c58ac2-5c94-4249-8205-f98f38e3ecef,5,2021-12-23T14:37:22+00:00,"코로나시국에 백신접종완료했는지도 뜨고 친구만나기어려운데 동네, 주변 친구들 만나고 취미생활 즐길수있어서 즐거운시간이였습니다~ 자주이용할게용",0,0.11.0,2026-07-30,early,https://play.google.com/store/apps/details?hl=ko&id=kr.munto.app
e2f02fa7-0df6-4fbb-a0de-b33baa452cef,5,2021-12-23T13:21:46+00:00,혼자서 문화생활하기 심심해서 가입해봤는데 전시와 요가를 함께 즐길 수 있고 또 그전까지 만날 수 없었던 다양한 분야의 사람들을 만나서 새로운 얘기도 들을 수 있어서 좋았네요!!,0,0.12.0,2026-07-30,early,https://play.google.com/store/apps/details?hl=ko&id=kr.munto.app
a29a1501-4242-4e43-a3b8-b3e9acb395e6,5,2021-12-23T12:07:46+00:00,"안녕하세요! 문토를 통해서 처음 소셜링에 참여했는데 어색하지도 않고 재밌었어요! 코로나 시국에 타인을 만날 계기가 없었는데, 만나서 얘기 나누니까 돟았어요. 좋은 추억을 만들어주셔서 감사합니다! :) 다만 가끔 어플 렉이 걸려서 로그아웃 되는 현상만 고쳐주셨으면 좋겠어요. 나머지는 다 좋습니다 🥰",9,0.12.1,2026-07-30,early,https://play.google.com/store/apps/details?hl=ko&id=kr.munto.app
6b98eee5-1ffa-49bb-91dd-2a1410feae37,4,2021-12-23T12:05:11+00:00,이런 앱이 있으면 좋겠다고 생각하던중 발견한 앱이에요. 아직 모임 참여는 안해봤지만 조만간 해보려구요. 더 많은 분들이 이용했으면 합니다,0,0.12.0,2026-07-30,early,https://play.google.com/store/apps/details?hl=ko&id=kr.munto.app
ecf46b24-8f83-4178-9aee-ae5aef940e2d,5,2021-12-23T12:03:45+00:00,직장다니면서 친구 사귀고 싶었는데 취미를 공유하는 사람끼리 모일 수 있는 앱이여서 대화도 편하고 좋습니다!!!!,0,0.12.1,2026-07-30,early,https://play.google.com/store/apps/details?hl=ko&id=kr.munto.app
c46fcf03-d7ce-4bd4-89eb-91cbc7c6e0ce,5,2021-12-23T12:01:39+00:00,생각보다 꽤 괜찮은 어플이네요 유용하게 사용 잘하고 있어요~,0,0.12.1,2026-07-30,early,https://play.google.com/store/apps/details?hl=ko&id=kr.munto.app
7df1fcf3-5093-4414-be83-7b4e2d12f7c2,5,2021-12-21T17:01:09+00:00,좋네요 좋은 무료 커뮤니케이션 싸이트,0,0.10.8,2026-07-30,early,https://play.google.com/store/apps/details?hl=ko&id=kr.munto.app
7d963d73-1ee6-4d3b-a45c-9f098e36ff19,5,2021-12-21T01:34:28+00:00,"문토 덕분에 다양한 액티비티, 취미활동 즐기며 다양한 사람 만나고 있습니다. 건설적인 활동 가능하도록 이런 플랫폼 만들어주셔서 감사드려요. 앞으로도 계속 번창해서 모임의 성격, 규모 등이 다양해지면 좋겠습니다.",34,0.12.0,2026-07-30,early,https://play.google.com/store/apps/details?hl=ko&id=kr.munto.app
5922cd1c-a80c-425b-a87a-4e0f8f9093c7,5,2021-12-20T16:40:22+00:00,너무 좋아요 재밌어요!+,1,0.12.0,2026-07-30,early,https://play.google.com/store/apps/details?hl=ko&id=kr.munto.app
69c7d6af-bf27-4dbe-a33f-d31d126a4366,5,2021-12-20T16:30:04+00:00,문토로 소셜링을 두개나 잡았어요~! 아직 참여는 하지않았지만 정말 기대됩니다. 특히나 서로 관심 분야가 같은 사람끼리 모여 의견을 주고받을 수 있는게 정말 유익할것 같아요~,1,0.12.0,2026-07-30,early,https://play.google.com/store/apps/details?hl=ko&id=kr.munto.app
23d88684-cfdd-458e-981b-849ad5d3d65a,5,2021-12-20T13:05:31+00:00,떠오르는 커뮤니케이션 어플 무료인게 신기할정도로 좋네요 추천!,2,0.12.0,2026-07-30,early,https://play.google.com/store/apps/details?hl=ko&id=kr.munto.app
d19da65f-8c36-4cd6-9901-3b9973566313,5,2021-12-20T12:54:10+00:00,친구 통해 소개받아서 새로운 인간관계를 형성할 수 있는 기회가 생긴 것 같아 너무 좋습니다!,1,0.12.0,2026-07-30,early,https://play.google.com/store/apps/details?hl=ko&id=kr.munto.app
93231cc4-8362-4fe8-a447-7a2073a77ea4,4,2021-12-20T12:39:09+00:00,관심분야내에서 다양한사람들을 만날수 있어서 좋았어요,0,0.12.0,2026-07-30,early,https://play.google.com/store/apps/details?hl=ko&id=kr.munto.app
7919c134-140f-42f6-a088-a0ab49d03b5d,5,2021-12-20T12:05:48+00:00,소셜앱의 홍수속에서 진정한 소셜링의 기회를 가질 수 있는 앱이라 생각됩니다. 너무 상업적인거보다 진정한 친목위주의 앱. 가입시 운영자의 필터링으로 믿을 수 있는 사람들과 함께할수 있겠네요. 앞으로 발전이 기대되면 더 흥했으면 합니다.,0,0.12.0,2026-07-30,early,https://play.google.com/store/apps/details?hl=ko&id=kr.munto.app
90fb664e-a0d3-46e0-8d04-0c5afc9c0385,5,2021-12-20T12:05:24+00:00,지난주 문토 쇼셜링 처음 해보았는데 좋은 분들과 즐겁게 등산을 했습니다 날씨도 좋았고 하산 후 내려준 첫눈이 좋은 예감을 주었습니다^^,0,0.12.0,2026-07-30,early,https://play.google.com/store/apps/details?hl=ko&id=kr.munto.app
ee380e98-93e2-4382-af30-295830e9c949,4,2021-12-20T12:03:47+00:00,사용하기에 깔끔하고 편리합니다! 만난 사람들도 다 좋은사람들이었어요 재미있게 잘 사용하고 있습니다^^,0,0.12.0,2026-07-30,early,https://play.google.com/store/apps/details?hl=ko&id=kr.munto.app
392ca42a-4665-4ffb-a573-b3a4a5e34702,5,2021-12-20T12:02:13+00:00,아주 퀄리티 높은 모임과 좋은사람들을 만나 새로운 경험을 쉽게 할 수 있게 도와주는 굉장한 어플이네요 너무나 추천 하고 싶어요!,0,0.12.0,2026-07-30,early,https://play.google.com/store/apps/details?hl=ko&id=kr.munto.app
82306760-4865-4cfd-8265-076e8ff783af,5,2021-12-20T12:01:14+00:00,소모임 앱 중에 가장 좋아요. UI도 보기 편하고 정말 소소하고 건전한 취미모임이 많이 있는 것 같아서 문토만 쓰고 있습니다.,0,0.12.0,2026-07-30,early,https://play.google.com/store/apps/details?hl=ko&id=kr.munto.app
0a210895-0d87-4e48-bb3e-c3a4d26d3402,5,2021-12-20T10:24:24+00:00,UI도 깔끔하고 유저들도 많네요. 모임 좋아하는데 종종 이용할께요. 감사합니다.,0,0.12.0,2026-07-30,early,https://play.google.com/store/apps/details?hl=ko&id=kr.munto.app
68df770d-51da-489f-87ac-7bd9ebfa6845,5,2021-12-19T04:15:03+00:00,취미생활을 같이 공유하고 참여하기 좋은 앱이에요 바쁜시간 피해서 시간이 맞는 사람과 여유있게 나눌수 있어서 좋아요,0,0.12.0,2026-07-30,early,https://play.google.com/store/apps/details?hl=ko&id=kr.munto.app
baae2b6a-a91f-4983-8edc-fc0d445f3920,5,2021-12-12T13:09:41+00:00,취미 관련 앱 중에서 가장 직관적이고 유용합니다,0,0.11.1,2026-07-30,early,https://play.google.com/store/apps/details?hl=ko&id=kr.munto.app
6cd160e1-fbd3-4888-bfc8-9bd400e57ec5,5,2021-12-11T13:30:32+00:00,제가 본 취미 어플중에 가장 사용 편하고 깔끔해요!🥰 단순 친목이 아닌 정말 취미를 즐기는 사람들이 모여 소통한다는 점이 넘 좋아요 ㅎㅎ 사용하기도 편해요!!,5,0.11.0,2026-07-30,early,https://play.google.com/store/apps/details?hl=ko&id=kr.munto.app
35be53b0-d401-4233-bbbc-1fa9c4e32bd2,5,2021-12-09T12:01:44+00:00,"전시회 같이 갈 지인이 없었는데, 같은 취미이신 분들과 함께 할 수 있어서 좋았습니당",1,0.11.0,2026-07-30,early,https://play.google.com/store/apps/details?hl=ko&id=kr.munto.app
49e4076c-cc14-4876-9793-8efc7a4252d7,5,2021-12-09T11:26:50+00:00,2번 정도 모임 가졌는데 클린하고 재밌는 시간 보낼 수 있어서 좋습니다. 모임하기 좋은 어플이네요,1,0.11.0,2026-07-30,early,https://play.google.com/store/apps/details?hl=ko&id=kr.munto.app
926825dd-6028-412c-9acf-0d5d4b0ff344,5,2021-12-09T06:36:54+00:00,"관심사를 공유한 모르는 사람과의 만남, 생각보다 유쾌하다",1,0.11.0,2026-07-30,early,https://play.google.com/store/apps/details?hl=ko&id=kr.munto.app
e17f144e-6d9d-43b1-8033-cfc1348e6417,5,2021-12-08T23:51:46+00:00,같은 취미 가진 사람들과 소통하고 같이 시간 보내는 재미가 쏠쏠^^ 낯선 분들과 알게 되는 기회도 생겨 좋아요~,0,0.11.0,2026-07-30,early,https://play.google.com/store/apps/details?hl=ko&id=kr.munto.app
ae7064ca-e3b8-4596-bca6-1a0766298887,3,2021-12-08T16:15:08+00:00,Z가입이 안되네여...?,0,0.11.1,2026-07-30,early,https://play.google.com/store/apps/details?hl=ko&id=kr.munto.app
bc8441ac-1eb6-46f7-8b42-82e59e6bd7ce,5,2021-12-08T13:19:58+00:00,유익한 프로그램도 제공해주고 세미나 개최도 좋습니다. 다양한 활동을 같은 관심을 갖고 있는 사람들과 함께 할 수 있는 기회가 생겨 좋습니다.,0,0.11.0,2026-07-30,early,https://play.google.com/store/apps/details?hl=ko&id=kr.munto.app
b71994c2-b308-4571-9e3e-97bf0312f259,4,2021-12-08T13:03:33+00:00,"저는 오프라인 때부터 이용했었는데, 친한친구로 부터 앱이 있다는 얘기를 듣고 다시 이용하게 되었어요. 단회성으로 활동을 같이 할 수 있다는 큰 장점이 있어요. 다만 어플이 안정화가 안된것같아 살짝 불편해요. 자동 로그인이 안된다거나 이번 업데이트 후 기존에 제가 작성한 피드가 다 사라졌다거나요. 좋은 모임 많이 참여하고 싶어서 계속 유지해 주시기를 바랍니다.",27,0.11.1,2026-07-30,early,https://play.google.com/store/apps/details?hl=ko&id=kr.munto.app
5e08c86f-eeb7-4b8d-9088-325dda3bf7ab,5,2021-12-08T09:37:48+00:00,문토로 다양한 경험을 재밌게 할 수 있어서 좋았어요~!,0,0.11.1,2026-07-30,early,https://play.google.com/store/apps/details?hl=ko&id=kr.munto.app
32589b03-b7df-4b3a-a103-4d3456ff2504,5,2021-12-08T03:57:02+00:00,"문토를 통해 지루한 일상에서 새로운 사람들을 만나 즐거운 시간을 보낼 수 있었습니다. 결제도 간편하고, 바로 오픈 채팅방으로 연결되는 구조도 마음에 들었습니다. 많은 사람들이 사용해 더 다양한 사람을 만나면 좋을 거 같습니다!",7,0.11.0,2026-07-30,early,https://play.google.com/store/apps/details?hl=ko&id=kr.munto.app
6ec9ac69-5f07-4407-bf1f-6d587b83d3ff,5,2021-12-08T02:03:36+00:00,이렇게 깔끔하고 보기 좋은 앱은 처음이네요 조금 더 이용자가 늘어서 편하게 만날 수 있는 모임이 많이 생겼으면 좋겠습니다,1,0.11.0,2026-07-30,early,https://play.google.com/store/apps/details?hl=ko&id=kr.munto.app
8f1b0088-26c6-4cb2-aa8c-e72a57904b14,5,2021-12-07T23:31:28+00:00,여러 사람들을 편안한 분위기에서 만날 수있었고 어색하지 않게 잘 이끌어주는 방장님도 중요한거같아요. 열린마음으로 만나 나에 대해 이야기 할 수있어 좋았어요,1,0.11.0,2026-07-30,early,https://play.google.com/store/apps/details?hl=ko&id=kr.munto.app
1b686eb6-b3ea-4b29-a107-56dd74eda2e0,4,2021-12-07T10:33:22+00:00,관심사나 취미가 같은 사람들끼리 모여서 시간을 공유하고 소통할수있어서 좋은거같아요 처음가입시 나이도 입력하지않아 나이에대해 편견이나 선입견없이 사람들을 만날수 있다는점도좋구요 하지만 결재시 오류가 잦은게 좀 개선이되었으면 해서 별하나 뺐습니다,4,0.11.0,2026-07-30,early,https://play.google.com/store/apps/details?hl=ko&id=kr.munto.app
cfc5ced8-274c-4dcd-a55f-6b0ca529d06b,3,2021-12-07T00:19:11+00:00,앱 실행할때마다 로그인하라고 떠요,2,0.11.0,2026-07-30,early,https://play.google.com/store/apps/details?hl=ko&id=kr.munto.app
e16b235f-c3d9-4ee3-bf18-1f3582543c31,2,2021-11-24T00:03:22+00:00,결제가 안되요ㅠ,0,0.10.7,2026-07-30,early,https://play.google.com/store/apps/details?hl=ko&id=kr.munto.app
aa36a231-4d0e-4e1c-8619-e3cd6214531f,2,2021-11-21T10:30:05+00:00,저만 불편한게 아니었나봅니다 프로필 수정이나 사진첨부하려고하면 화면이 꺼지고 여러번 시도했는데 앱이 튕깁니다,17,0.10.7,2026-07-30,early,https://play.google.com/store/apps/details?hl=ko&id=kr.munto.app
86affabb-7dea-40eb-894d-c32dc28c60c2,5,2021-11-20T15:25:27+00:00,취미 같이할 사람들 만나기 좋고 만난 사람들도 너무 재밌고 좋았어요. 하지만 참가하고 있다가 약속 당일 아무말 없이안오거나하는 이런 비매너적인 사람들도 종종 있었어요.,2,0.10.6,2026-07-30,early,https://play.google.com/store/apps/details?hl=ko&id=kr.munto.app
c7934439-69a2-44f9-9813-0d876a652d04,1,2021-11-20T07:29:07+00:00,프로필 수정하려고만 하면 강제종료 되네요 ㅠㅠ 다시 설치해도 권한 허용해도 강제종료됩니다,2,0.10.6,2026-07-30,early,https://play.google.com/store/apps/details?hl=ko&id=kr.munto.app
18eccf0c-6ceb-4f3a-aec5-22cbc5634f56,4,2021-11-19T10:52:59+00:00,업데이트되고 전보다 좀 불편한 느낌...? 그래도 잘 이용하고 있습니다. 근데 왜 라운지에 사진 첨부하려니 자꾸 팅기죠?,12,0.10.6,2026-07-30,early,https://play.google.com/store/apps/details?hl=ko&id=kr.munto.app
e1a55c58-1076-4fe1-927f-595a438c58c3,3,2021-11-19T05:06:28+00:00,업데이트 후에 [피드쓰기-사진] 업로드를 하려고하면 앱이 종료됩니다. 해결부탁드립니다,0,0.10.6,2026-07-30,early,https://play.google.com/store/apps/details?hl=ko&id=kr.munto.app
c2dc910e-5c0f-4368-b641-4bb76aa4b30c,1,2021-11-19T00:56:29+00:00,앱이 튕겨요 사용말라는 건가요?,2,0.10.6,2026-07-30,early,https://play.google.com/store/apps/details?hl=ko&id=kr.munto.app
682ee10d-4058-44ba-96a9-a12a73175dfc,4,2021-11-19T00:10:54+00:00,자기소개서 수정하려고하거나 소셜링 열때 사진 설정하려고 하면 계속 앱이 튕겨집니다 어떻게하면 좋을까요?,4,0.10.6,2026-07-30,early,https://play.google.com/store/apps/details?hl=ko&id=kr.munto.app
4112e555-13ff-451f-865f-615ea90e0363,2,2021-11-18T12:18:01+00:00,안드로이드만 그런가? 프사 바꾸려고 하면 앱이 죽음..,1,0.10.6,2026-07-30,early,https://play.google.com/store/apps/details?hl=ko&id=kr.munto.app
c81f97b8-e930-4bc9-af53-2bc8c72f2463,2,2021-11-17T13:56:25+00:00,사진 업로드하면 어플이 꺼져요...,1,0.10.6,2026-07-30,early,https://play.google.com/store/apps/details?hl=ko&id=kr.munto.app
39105c8d-cb7c-4261-ac7b-9713e46fadc9,1,2021-11-17T01:31:51+00:00,장난하는걸까? 다운받고. 할라는뎅 혼자막 중지되고 하다못해 플필 변경도 안되고 앱은 막 종료됨ㅡㅡ 나랑 안맞나봄,2,0.10.6,2026-07-30,early,https://play.google.com/store/apps/details?hl=ko&id=kr.munto.app
89cdc0d1-a087-45ed-8819-f350fef9075a,3,2021-11-16T04:58:16+00:00,프로필 작성을 하려고하면 튕기는디 어떡하죠,0,0.10.6,2026-07-30,early,https://play.google.com/store/apps/details?hl=ko&id=kr.munto.app
c08694b9-f827-4e72-9026-17220821cc7c,4,2021-11-16T01:46:19+00:00,갤럭시 노트 20사용자 입니다. 사진 등록을 하면 앱이 닫히는데요 재설치 해도 같은 증상입니다,0,,2026-07-30,early,https://play.google.com/store/apps/details?hl=ko&id=kr.munto.app
31c30c69-9d3b-4e94-8e6f-3ecc875f8be2,3,2021-11-15T01:00:47+00:00,배경 설정을 새로 하고 싶은데 자꾸 오류가 생겨서 앱이 튕겨나가요 ㅠㅠ,0,0.10.6,2026-07-30,early,https://play.google.com/store/apps/details?hl=ko&id=kr.munto.app
505534a8-a8d9-476f-a299-88331f4a72d0,2,2021-11-14T15:18:25+00:00,탈퇴 하고싶은데 어떻게 하나요? 그리고 마이페이지 수정하려면 계속 팅깁니다. 어플이 꺼져요.,3,0.10.6,2026-07-30,early,https://play.google.com/store/apps/details?hl=ko&id=kr.munto.app
207b3c99-6fbf-4d43-b912-6886a4d57948,1,2021-11-13T05:50:13+00:00,프로필 수정 누르면 멈추네요 겔럭시 10 kt입니다,2,0.10.6,2026-07-30,early,https://play.google.com/store/apps/details?hl=ko&id=kr.munto.app
6c9f0a00-fe5a-40e5-8969-4a90eaef1253,3,2021-11-12T13:32:09+00:00,업데이트 이후 프로필 사진 바꾸려는데 자꾸 앱이 종료되네요..왜 이런 버그가..,4,0.10.6,2026-07-30,early,https://play.google.com/store/apps/details?hl=ko&id=kr.munto.app
87ab9e90-a312-4116-b71f-c21e94a7f1f0,1,2021-11-12T06:26:17+00:00,프로필을 완성해야지 참여를 할수있다길레 이미지 업로드 하러니 계속 팅기거나 로딩화면만 떠요,2,,2026-07-30,early,https://play.google.com/store/apps/details?hl=ko&id=kr.munto.app
fab568d8-8ae3-4f1d-a8dc-ff32954c98bd,3,2021-11-12T05:03:17+00:00,프로필 수정하려고 하는데 계속 팅겨서 불편하네요 삭제하고 재설치 해야하나요?,0,0.10.6,2026-07-30,early,https://play.google.com/store/apps/details?hl=ko&id=kr.munto.app
de31ab8b-8f3b-4b27-b02f-d59c04719bcb,4,2021-11-11T13:51:13+00:00,아직만남은안함,0,0.10.3,2026-07-30,early,https://play.google.com/store/apps/details?hl=ko&id=kr.munto.app
a0d5c883-405c-4afb-a337-ecd69b1a78ba,4,2021-11-11T13:09:28+00:00,앱 업데이트하고 나서 결제 완료후 어플로 넘어가지를 않네요 ㅠ,0,0.10.6,2026-07-30,early,https://play.google.com/store/apps/details?hl=ko&id=kr.munto.app
0b9ceac9-d070-4864-8436-138de99dbd4c,1,2021-11-11T10:05:15+00:00,아무리 내 지역 선택해도 서울만 검색되네요,3,0.10.3,2026-07-30,early,https://play.google.com/store/apps/details?hl=ko&id=kr.munto.app
3b036224-24f1-4ccd-a984-55b921552f18,5,2021-11-10T13:33:37+00:00,갈수록 사람을 만나는 게 어렵고 조심스러운 시대에 좀 더 건강하게 관계를 형성할 수 있는 어플입니다 :),1,0.10.3,2026-07-30,early,https://play.google.com/store/apps/details?hl=ko&id=kr.munto.app
ea9a1e18-c71b-442e-b7ce-51c919c8abfc,5,2021-11-10T11:29:00+00:00,취미모임 최고의 어플입니다~~ 다양한 취미를 갖은분들을 만날 수 있고 앱의 구동성도 훌륭하네요!^^,2,0.10.3,2026-07-30,early,https://play.google.com/store/apps/details?hl=ko&id=kr.munto.app
4ad43f4e-7ddd-496e-9ad6-2e631e288353,5,2021-11-10T10:40:22+00:00,"요즘 힘든 나날을 보내고 있는데, 내 이야기를 자유롭게 쓸 수 있고 나와 공감대가 같은 사람의 모습도 볼 수있고 소통 할.수 있어서 조금이나마 힐링되는 저만의.공간이 되었어요.짱짱",1,0.10.3,2026-07-30,early,https://play.google.com/store/apps/details?hl=ko&id=kr.munto.app
a3f3d31d-24b7-4626-bd55-094241559ce0,5,2021-11-10T10:33:34+00:00,다양한 사람들과 다양한 취미를 공유할수 있다는것이 최대 장점인것같아요!,1,0.10.3,2026-07-30,early,https://play.google.com/store/apps/details?hl=ko&id=kr.munto.app
ca506f06-b173-4b14-8a16-e67aa4ec6f70,5,2021-11-07T03:39:44+00:00,새로운 취미도 많이 알고 좋은 어플이네요,1,0.10.3,2026-07-30,early,https://play.google.com/store/apps/details?hl=ko&id=kr.munto.app
26bbb38f-2d38-4542-867c-a7d040c6a05e,5,2021-11-06T11:24:38+00:00,문토 서비스 덕분에 새로 이사온 곳에서 동네에 같이 취미생활을 즐길수있는 좋은 사람들을 만날수있었어요! 단발성 모임을 원하시는 분은 꼭 사용해보세요~ 혼자 하는 것 보다 같이 하는게 즐겁긴하네요! :),1,0.10.3,2026-07-30,early,https://play.google.com/store/apps/details?hl=ko&id=kr.munto.app
1ea7f44c-8978-4135-b05a-71828d8e8a85,5,2021-11-06T07:54:00+00:00,좋은 만남의 장의 기회로 삼을 수 있어서 정말로 좋았습니다,1,0.10.3,2026-07-30,early,https://play.google.com/store/apps/details?hl=ko&id=kr.munto.app
15916e9b-a6a8-451c-966b-6fb6afc31f7d,5,2021-11-06T06:03:15+00:00,필요한 소셜링이 있을 때 잘 활용하고있습니다.,1,0.10.3,2026-07-30,early,https://play.google.com/store/apps/details?hl=ko&id=kr.munto.app
edcb8511-b945-49f1-9b0d-a949e6e00614,5,2021-11-06T06:01:55+00:00,"문토를 통해서 새로운 친구들을 만날 수 있어서 좋은 것 같고, 관심사가 같은 친구들을 다양하게 사귈 수 있어서 좋은 것 같습니다 :-)",2,0.10.3,2026-07-30,early,https://play.google.com/store/apps/details?hl=ko&id=kr.munto.app
402ca556-2442-428b-91b5-f17dba1fc53b,5,2021-11-06T06:01:25+00:00,이런저런 모임을 할수 있는 앱이라는게 좋았고 사용하기도 편해서 이용하게되는거 같습니다!,2,0.10.3,2026-07-30,early,https://play.google.com/store/apps/details?hl=ko&id=kr.munto.app
fe9392bd-1c20-4447-b6a2-b7a74138fc7a,5,2021-11-06T05:56:10+00:00,취미가 같은 분들과 공유하고 교류할 수 있어 너무 좋아요 ^^,1,0.10.3,2026-07-30,early,https://play.google.com/store/apps/details?hl=ko&id=kr.munto.app
6ae017ed-f2bb-41d8-b5c2-3333b4cd77ac,5,2021-11-06T05:53:03+00:00,좋습니다 코로나 줄어들면 적극 참여해보려구요,1,0.10.3,2026-07-30,early,https://play.google.com/store/apps/details?hl=ko&id=kr.munto.app
e03875ab-ca44-4459-a494-f8c74cab7b07,5,2021-11-05T04:25:10+00:00,본격적르로 사용한지 며칠 안됬는데요 좋은 것 같아요 앞으로도 문토를 통해 즐거운 경험을 했으면 좋겠어요~,2,0.10.3,2026-07-30,early,https://play.google.com/store/apps/details?hl=ko&id=kr.munto.app
4cef3a61-456e-4e44-980f-8c7053db729f,1,2021-11-03T10:41:25+00:00,이제까지 사용한 어플 중에서 가입승인 및 사용이 가장 불편하고 고객센터 대응도 나를 무시하는건가 생각이 들 정도로 최악이었습니다.,8,,2026-07-30,early,https://play.google.com/store/apps/details?hl=ko&id=kr.munto.app
40f48d0b-f5ec-49fe-b709-e5dbe35f27cd,1,2021-11-02T10:45:34+00:00,"아무것도 안했는데 신고먹이더니 영구정지, 운영하는 꼴을 보니 곧 망할듯",5,0.10.3,2026-07-30,early,https://play.google.com/store/apps/details?hl=ko&id=kr.munto.app
83b28ebb-54aa-4fb0-967e-efe19d60b729,5,2021-11-02T10:23:05+00:00,다양한 소셜모임들과 유용한 정보가 가득한 어플,1,0.10.3,2026-07-30,early,https://play.google.com/store/apps/details?hl=ko&id=kr.munto.app
cc075814-e442-45db-9baa-4c3ef2c11f86,5,2021-10-29T22:33:39+00:00,이렇게 건전하게 다른 사람들과 무엇을 한다는 것이 너무 좋은 거 같아요! 온라인으로도 오프라인으로도 참여할 수 있고 1회로 모임이 끝나는 것이 많아 부담이 없습니다. 앞으로도 문토에서 더 많은 사람들과 소통하겠습니다! 좋은 어플 만들어 주셔서 감사해요~!,6,0.10.3,2026-07-30,early,https://play.google.com/store/apps/details?hl=ko&id=kr.munto.app
664f2469-0689-4478-84ed-cbe58410c3d2,5,2021-10-29T13:12:19+00:00,문토! 그렇게 찾던 앱입니다. 지루했던 일상에 활력을 불어넣어줄 어플입니다. 기대해도 실망 않을겁니다.,2,0.10.3,2026-07-30,early,https://play.google.com/store/apps/details?hl=ko&id=kr.munto.app
45c5d315-cf90-41bb-b011-1bae8d2826d4,1,2021-10-29T12:39:47+00:00,가입승인 대기만 한달째. 고객센터에 가입승인 거절이라도 해달라고 문의했는데 몇번을 문의해도 답장도 없고 해결은 안되네요.,4,0.10.3,2026-07-30,early,https://play.google.com/store/apps/details?hl=ko&id=kr.munto.app
a5410f57-d2b1-4de0-9b4b-201ca354aabf,5,2021-10-27T07:53:40+00:00,"모임을 찾던중에 문토를 추천 받고 설치했는데요, 나이, 성별을 떠나 관심사로 1회성 소셜링 개설을 진행하는 방식이 매우 좋아보입니다!!",4,0.10.3,2026-07-30,early,https://play.google.com/store/apps/details?hl=ko&id=kr.munto.app
4bcab2cb-1da2-4f14-9010-a5cbf1b33eed,4,2021-10-26T10:24:42+00:00,문토를 가입한 지 몇 달이 훌쩍 지났네요 초반에는 몇몇 모임에 참석하고 제가 직접 모임을 만들어 멤버들을 모으기도 했습니다. 문토는 장점은 멀리 나가지 않아도 취미나 성향이 비슷한 친구를 얻게 합니다. 그러나 단점은 모임을 주최하는 데에 있어 멤버들 양적으로 불리는 것은 좋아하지만 처음 모임 취지는 점점 다른 방향으로 가는 것을 보곤 합니다. 모임장은 문토 모임장의 가이드라인이 일정부분 있었으면 합니다,18,0.10.3,2026-07-30,early,https://play.google.com/store/apps/details?hl=ko&id=kr.munto.app
e096cd1c-d203-424c-8f76-71cb87bdedfc,5,2021-10-26T09:17:50+00:00,오 완전 짱이에요!!! 색다른 경험도 할 수있고 사람들도 많이 만날수 있어요!!,0,0.10.3,2026-07-30,early,https://play.google.com/store/apps/details?hl=ko&id=kr.munto.app
19b32e54-360f-4272-a159-fa2dbe2cb853,5,2021-10-26T09:07:21+00:00,취향맞는분들이랑 편하게 만날수 있어서 좋아요! 그게 온라인이든 오프라인이든 어디든지요😊 강추합니다🙊,0,0.9.43,2026-07-30,early,https://play.google.com/store/apps/details?hl=ko&id=kr.munto.app
bc92c64b-c531-475d-8f2c-4be1773be722,5,2021-10-25T10:05:29+00:00,같은취미를 공유하는 사람들끼리 모여 시간을 보낼 수 있다는 점에서 높은 점수를 주고싶은 앱입니다 아직 오프라인 소셜모임은 하지 않았지만 기대가 많이 되네요~,1,0.10.3,2026-07-30,early,https://play.google.com/store/apps/details?hl=ko&id=kr.munto.app
1811dd17-7fbf-4990-a5f3-ea3dcd418bf7,5,2021-10-25T09:29:36+00:00,책을 읽고 나누는 북클럽 운영을 위해 문토를 이용했습니다. 생각이 비슷한 사람들과 생각을나누고 좋은 모임을 가졌습니다. 이런 플랫폼 앱을 만들어 주셔서 감사합니다.,0,0.10.3,2026-07-30,early,https://play.google.com/store/apps/details?hl=ko&id=kr.munto.app
2e1950e6-e42a-4f55-bf96-4876c37a1017,5,2021-10-25T09:06:57+00:00,클린하고 목적에 맞게 잘 사용하고 있어요. 아직 많은 경험을 하진 못했지만 타앱보다 기능적인 부분에 포커싱이 잘되있는 것 같아 좋습니다.,4,0.10.3,2026-07-30,early,https://play.google.com/store/apps/details?hl=ko&id=kr.munto.app
63c501e0-2e13-4e30-bb66-304cd644b8d4,1,2021-10-25T09:01:19+00:00,카톡으로가입하기안됨ㅋ,2,0.10.3,2026-07-30,early,https://play.google.com/store/apps/details?hl=ko&id=kr.munto.app
4139db6d-d22b-4918-b9ad-031a6faba767,5,2021-10-24T09:03:52+00:00,아주 좋아요 주말을 알차게 보내고 있습니다,1,0.10.3,2026-07-30,early,https://play.google.com/store/apps/details?hl=ko&id=kr.munto.app
47116d7c-d786-464b-a6da-523778841c29,4,2021-10-24T02:35:39+00:00,굿,1,0.10.2,2026-07-30,early,https://play.google.com/store/apps/details?hl=ko&id=kr.munto.app
188641dd-68b6-4510-9055-5fe200dc1bd0,5,2021-10-24T01:33:35+00:00,good,1,0.10.2,2026-07-30,early,https://play.google.com/store/apps/details?hl=ko&id=kr.munto.app
b75f7e8a-5ce1-46ce-b923-8a414f1ad482,5,2021-10-24T01:09:31+00:00,좋아요,1,0.10.2,2026-07-30,early,https://play.google.com/store/apps/details?hl=ko&id=kr.munto.app
1f2ff2a3-c55a-4174-9cad-70334113b18f,1,2021-10-23T16:50:50+00:00,업데이트 해달라고 뜨는데 할수있는방법이 없이 계속 맴돌기만함. 결국 제거하고 다시 다운받음..그래도 안됨 ㅠ.ㅠ 무슨 이런 황당한 경험을... 잘 좀 해주시면 안 되나요?,1,0.10.2,2026-07-30,early,https://play.google.com/store/apps/details?hl=ko&id=kr.munto.app
c8c13ae6-1c7a-454e-bd90-79ac51529c48,5,2021-10-23T14:27:15+00:00,"카톡계정 회원 가입은 여전히 창이 떴다가 사라졌다 하지만, 가입 창이 사라지기전에 얼른 눌렀더니 어떻게든 가입은 성공했어요ㅋㅋㅋㅋ 가입 후 열심히 구경해봤는데 1회성 모임(?)으로 다양한 소소한 것들을 많이들 하더라구요! 타사 어플과는 다른 그런점이 새로운 사람들에게 더 다가가기 쉬운 것 같아요. 아직 모임을 참석해보지는 않았지만 굉장히 만족합니다!",5,0.10.2,2026-07-30,early,https://play.google.com/store/apps/details?hl=ko&id=kr.munto.app
6021d125-d1af-430f-a224-f47b466ffd28,4,2021-10-18T10:09:27+00:00,카톡 로그인이 안되고있습니다.,0,0.10.2,2026-07-30,early,https://play.google.com/store/apps/details?hl=ko&id=kr.munto.app
0c0b8ebb-d474-44c6-ac41-cb2afd9db594,5,2021-10-17T15:02:21+00:00,"다양한 경험을 할 수 있다는게 진짜 신기하네요. 불건전한 모임은 하나도 없다는게, 이 정도로 건강한 앱이 있다는 것도 신기합니다.",5,0.10.2,2026-07-30,early,https://play.google.com/store/apps/details?hl=ko&id=kr.munto.app
b4136397-adc2-4823-ac39-2b70f252c2e5,5,2021-10-15T04:56:17+00:00,피드쓸때 태그등록이 안되는거같은데 제가문제인가요ㅠ.ㅠ,0,0.10.2,2026-07-30,early,https://play.google.com/store/apps/details?hl=ko&id=kr.munto.app
5cd1fdf6-2a1f-47d3-b3ea-99c1078166e0,1,2021-10-10T08:02:49+00:00,회원탈퇴를 무슨 구글 폼으로 해요?ㅋㅋㅋㅋㅋ 어이가 없어가지고,4,0.10.1,2026-07-30,early,https://play.google.com/store/apps/details?hl=ko&id=kr.munto.app
f83904bc-35e1-4b88-a791-2e0d56c4774b,5,2021-10-06T13:35:52+00:00,"혹시 서버가 불안정할 때가 있는 건가요? 가끔 로그인이 안 되고 튕겨서요! 카카오톡 로그인입니다. 그리고 어플은 정말 잘 쓰고 있어요! 사람들도 다 너무 좋네요 ㅎㅎ 참, 그리고 소셜링에 댓글 단 거 답글 받으면 알림이 오는데, 해당 소셜링이라고 표시되지도 않고 눌러도 댓글이 있는 곳으로 이동을 안 해요! 개선되면 더 편하겠네요!",16,0.10.2,2026-07-30,early,https://play.google.com/store/apps/details?hl=ko&id=kr.munto.app
840364b2-bdd7-4dec-a620-58290bda285f,1,2021-10-05T06:16:14+00:00,카카오톡으로 5초만에 로그인하기왜안되죠? 몇번을 시도했는데 안들어가지네. ㅡㅡ,4,0.10.2,2026-07-30,early,https://play.google.com/store/apps/details?hl=ko&id=kr.munto.app
d8f048e2-0866-4bf3-8fc4-1303420b91bc,1,2021-10-03T15:52:28+00:00,카카오톡 로그인 안되고 회원가입도 안되고 페이스북 로그인도 안되네요 다음 페이지로 넘어가질 않아요,3,0.10.2,2026-07-30,early,https://play.google.com/store/apps/details?hl=ko&id=kr.munto.app
792f7f28-3b4c-4408-942e-89635f611c95,1,2021-10-03T14:50:40+00:00,아예 첨부터 카카오로그인이 안되는데요? 갤21 플러스입니다,2,0.10.2,2026-07-30,early,https://play.google.com/store/apps/details?hl=ko&id=kr.munto.app
bc7deb1c-10c8-4030-8e2e-90f83dacbf3c,5,2021-10-03T14:14:33+00:00,카톡으로 로그인하기가 안되요ㅜ,1,0.10.2,2026-07-30,early,https://play.google.com/store/apps/details?hl=ko&id=kr.munto.app
39998587-6f89-4140-90aa-3b5aa8a6cb9a,4,2021-10-01T10:26:04+00:00,좋은어플인것같은데 당일취소한사람 강퇴시키는 기능좀 넣어주세요. 인원타면 다른 사람 못들어와요 ㅠ,4,0.10.1,2026-07-30,early,https://play.google.com/store/apps/details?hl=ko&id=kr.munto.app
6debfcdf-39d7-4067-80bc-5a6d9d034073,1,2021-09-27T00:50:53+00:00,어플인데. 이거 승인받아야 가입가능. 결혼정보업체인줄.ㅋㅋㅋㅋ,1,,2026-07-30,early,https://play.google.com/store/apps/details?hl=ko&id=kr.munto.app
c5fac88d-e094-46d4-a17c-6ad3d1bc9fbf,1,2021-09-20T19:03:34+00:00,이거설치하고프로필다올렸는데 뭔놈의승인대기 지금까시 진행중이란다. 진짜어이상실이다개쩌는어플 되는거1도없고 아니 이딴거만들어놓고 지금제정신인가 욕안한거다행인줄아셔들,15,0.9.45,2026-07-30,early,https://play.google.com/store/apps/details?hl=ko&id=kr.munto.app
0582fffa-1e5a-4e04-8fb7-5ed9abd64e4b,2,2021-09-20T04:20:20+00:00,세상진리 모르는 앱,2,,2026-07-30,early,https://play.google.com/store/apps/details?hl=ko&id=kr.munto.app
a72489a4-1bcf-4434-b672-e310091309ae,1,2021-09-16T05:20:30+00:00,계정이 사라짐.,1,,2026-07-30,early,https://play.google.com/store/apps/details?hl=ko&id=kr.munto.app
10c27670-1cec-422b-bff3-a2ea3c4b9b12,1,2021-09-12T06:18:12+00:00,"들어가자마자 자기소개를 기준에 맞게 작성하고 승인을 받아야 하는데, 승인을 받는데만 1주일 이상 걸림. 자기소개 부분을, 디테일을 기재해도 떨어지는등 승인 사유가 불명확함.",17,0.9.43,2026-07-30,early,https://play.google.com/store/apps/details?hl=ko&id=kr.munto.app
91c53001-cfba-44b5-a3d4-d36d82e00ceb,1,2021-09-11T09:49:49+00:00,가입승인이 일주일째 대기한다고 하고 안나서 프로필수정도 안되고 소모임참여는 물론 탈퇴도 못하고 있어서 불편하네요,6,0.9.43,2026-07-30,early,https://play.google.com/store/apps/details?hl=ko&id=kr.munto.app
f2004d33-9c5f-4321-92c1-ded2cd4be357,1,2021-09-10T05:34:29+00:00,아휴,1,0.9.43,2026-07-30,early,https://play.google.com/store/apps/details?hl=ko&id=kr.munto.app
70f1d355-0ca4-44bb-a41e-65b126017bd7,2,2021-09-07T05:15:00+00:00,탈퇴 어떻게하냐고요..덧글을 그냥 지우시네? 답변 없을 시 신고할게요,2,0.9.43,2026-07-30,early,https://play.google.com/store/apps/details?hl=ko&id=kr.munto.app
3f200ef8-9e06-4d5c-aa1f-a006478b081f,1,2021-09-03T14:01:28+00:00,"이거 개인정보 위반 걸릴 수 있을 듯 하네요. 앱 승인 시 유저의 사진, 취미, 나이, 지역 등을 입력합니다. 이 정보를 앱개발사가 꼼꼼히 읽어서 가입승인을 합니다. 개인정보 위반일 수 있습니다.",6,,2026-07-30,early,https://play.google.com/store/apps/details?hl=ko&id=kr.munto.app
701cd387-d526-4bef-87cc-ec5eb35c8cba,5,2021-08-31T11:52:31+00:00,문토에서 다양한 취미와 활동을 나에게맞게 선택 할수있게 해줘서 감사합니다. 온라인 비대면 대화 할수있는 분들도 알게되고 재미있네요,0,0.9.41,2026-07-30,early,https://play.google.com/store/apps/details?hl=ko&id=kr.munto.app
16990217-677f-4302-97c5-cd4e8e210887,5,2021-08-31T10:43:59+00:00,내가 관심있는 취미와 모임들을 많이 만날 수 있어 좋았습니다. 그리고 어플 또한 보기 쉽게 잘 정리되어 있어 사용하는데 불편함이 없어요,7,0.9.41,2026-07-30,early,https://play.google.com/store/apps/details?hl=ko&id=kr.munto.app
02798f37-b16f-48e0-b0b3-317293c2ce8f,5,2021-08-30T06:21:22+00:00,재밌는 모임이 많아서 좋아요. 관심사에 따라 만날 수 있어서 더 좋은 것 같어요. 시간되면 직접 모임도 열어보고싶네요:),7,0.9.41,2026-07-30,early,https://play.google.com/store/apps/details?hl=ko&id=kr.munto.app
11d1aeed-b1fb-4f66-a5a2-fa4ef7ca2344,5,2021-08-30T06:16:55+00:00,아주 재밌군요^^,0,0.9.41,2026-07-30,early,https://play.google.com/store/apps/details?hl=ko&id=kr.munto.app
fae382e1-2ce0-44e6-8630-9ae12d2020d9,4,2021-08-30T06:05:28+00:00,아직 기대할게 많이 남아있습니다. 우선 과거진행내역이 계속 나와 너무 많아 검색할때 불편함이 있었고요 카테고리를 더 세분화 해야할것같습니다. 지역 운동 팔수 발전하길 ㅎㅎ,14,0.9.41,2026-07-30,early,https://play.google.com/store/apps/details?hl=ko&id=kr.munto.app
b1d8b8ff-01b8-4e84-806c-ac070f7889ec,5,2021-08-30T05:52:12+00:00,취미를 공유할 수 있는 사람들을 만날 수 있어 좋습니다~ 온라인 오프라인 모임 다 있어서 더좋은거 같아요!,0,0.9.41,2026-07-30,early,https://play.google.com/store/apps/details?hl=ko&id=kr.munto.app
1b1aaa16-5094-431c-98c1-aa8ce32533a3,4,2021-08-25T15:55:14+00:00,소셜링 기간 끝나고 설문조사 있는데 불참했어요 누르긴 했는데 애초에 제가 불참한게 아니라 방장이 파토내거나 하는 경우가 많은데 왜 취소됬어요 라는 설문은 없는겁니까?소셜링은 그냥 냅두고 미루면서 흐지부지되거나 취소되는 경우 많은데. 소셜링 가입만 많이 하지 막상 실제 참여해본건 2번..,6,0.9.37,2026-07-30,early,https://play.google.com/store/apps/details?hl=ko&id=kr.munto.app
7e212591-6d01-456c-a8bb-9fbef272ce39,5,2021-08-20T07:02:54+00:00,다양한 모임이 있어 좋습니다. 꼭 어디 가입하지 않아도 그때그때 원하는 모임에 참여할 수 있으니 참 편리한 것 같아요😉,7,0.9.37,2026-07-30,early,https://play.google.com/store/apps/details?hl=ko&id=kr.munto.app
5dd3ea9f-fe49-46ac-a2a3-16db83bee8df,5,2021-08-20T06:33:12+00:00,같이 러닝할 분들 여기서 찾았어요! 초보라서 어디 러닝 크루 이런데는 가입하기 부담스러웠는데 문토에서 동네친구들 찾아서 부담없이 같이 뜁니다 문득문득 심심할 때 부담스럽지 않게 같은 취미나 관심사 공유할 수 있는분들 만날 수 있어서 진짜 좋은듯해요 또 참여하겠습니다!,3,0.9.37,2026-07-30,early,https://play.google.com/store/apps/details?hl=ko&id=kr.munto.app
352e90a9-7882-495e-8ac3-1e9d19868ea3,3,2021-08-20T06:29:15+00:00,검색 조건 기능 추가 필요. 모임 참석 누른다음 개인사정으로 인해 불가할때 조금 더 편한게 나갈 수 있는 기능 필요,1,0.9.37,2026-07-30,early,https://play.google.com/store/apps/details?hl=ko&id=kr.munto.app
54b3d133-c709-49da-81ea-5b1891fb354b,5,2021-08-20T06:26:06+00:00,문토앱 재밌는 모임이 많아 즐겁게 잘 사용하고있어요^^,2,0.9.37,2026-07-30,early,https://play.google.com/store/apps/details?hl=ko&id=kr.munto.app
dced82dd-83b1-4bd0-9e63-1a6761ee680d,5,2021-08-20T06:20:10+00:00,다양한 주제로 다양한사람들과 소통할수 있어서 좋네요~^^,2,0.9.37,2026-07-30,early,https://play.google.com/store/apps/details?hl=ko&id=kr.munto.app
9d0949a7-4586-42ed-b7f8-1dc96eaf040e,5,2021-08-18T13:03:52+00:00,가볍게 취미공유할수 있어서 좋아요!,1,0.9.37,2026-07-30,early,https://play.google.com/store/apps/details?hl=ko&id=kr.munto.app
24c9316c-b907-4c7a-b728-f80606650693,3,2021-08-12T08:58:18+00:00,새로 설치해도 계속 업데이트 하라는 메세지 뜨네여,0,0.9.35,2026-07-30,early,https://play.google.com/store/apps/details?hl=ko&id=kr.munto.app
cde71191-7b28-47f4-99eb-08a2e2405d90,5,2021-08-08T08:09:04+00:00,취향이 맞는 분들끼리 같이 대화도 나누고 친목다지면서 함께 새로운 사람들도 만나고 좋습니당 ㅎㅎㅎ,2,0.9.35,2026-07-30,early,https://play.google.com/store/apps/details?hl=ko&id=kr.munto.app
812688bb-170f-4913-8405-a409456f1c54,5,2021-08-07T02:42:42+00:00,"소셜링도 다양하고, 제가 개최할 수도 있다는 것도 좋은 것 같고 사람들도 좋은 사람들을 많이 만나서 좋았습니다 ㅎㅎ 문토 짱짱",2,0.9.35,2026-07-30,early,https://play.google.com/store/apps/details?hl=ko&id=kr.munto.app
26cc5546-d357-4c41-9e9f-24892bafc33f,3,2021-08-03T08:43:23+00:00,ui 개선의견 - 필터링 기능 삽입 1. 내가 좋아요 누른 소셜링 목록 2. 마감 임박 위주 3. 온라인/오프라인 - 맨 위로 이동하는 버튼 삽입 소셜링 많아서 좋은데 앱 살펴보는게 좀 불편합니다.,6,0.9.35,2026-07-30,early,https://play.google.com/store/apps/details?hl=ko&id=kr.munto.app
acbecb0f-dd99-414b-b175-09b5005db2a2,1,2021-07-31T15:18:03+00:00,처음 설치ㄹ 때 애초에 최신 버전이어야 하는 거 아닌가요? 설치하고 나서 또 최신버전으로 업데이트하라니. 인증번호는 세 번이나 똑바로 썼는데 왜 다르다고 하는 건가요? 이 정도면 가입하지 말라는 거죠? 시작도 하기 전에 짜증나서 지워버립니다.,8,0.9.34,2026-07-30,early,https://play.google.com/store/apps/details?hl=ko&id=kr.munto.app
6d0f545f-3ca1-4387-aa8c-241a81d5b837,4,2021-07-30T14:00:12+00:00,소셜링 스크랩기능 있으면 좋을것같습니다!,1,0.9.34,2026-07-30,early,https://play.google.com/store/apps/details?hl=ko&id=kr.munto.app
df9eef88-8ce9-4495-95d4-7f2d9b01f967,5,2021-07-29T09:49:11+00:00,취향에 맞는 친구를 볼수있어서 좋앗어옹,0,0.9.33,2026-07-30,early,https://play.google.com/store/apps/details?hl=ko&id=kr.munto.app
1e1669fd-c43f-4be6-8414-0dd145e001be,5,2021-07-29T04:05:55+00:00,"생각보다 많은 사람들이 소셜링에 적극적으로 참여해서 좋고, 생각보다 다양한 소셜링이 생성되서 재밌습니다",3,0.9.33,2026-07-30,early,https://play.google.com/store/apps/details?hl=ko&id=kr.munto.app
e73ecd24-943e-4b97-8c25-1514976ca550,5,2021-07-27T04:09:36+00:00,온라인 모임ㅎㅎ 지금같은 시기에 딱이예요!,2,0.9.33,2026-07-30,early,https://play.google.com/store/apps/details?hl=ko&id=kr.munto.app
0c9844bf-54d4-4968-9879-94d828520a2d,5,2021-07-26T12:43:02+00:00,인터페이스 깔끔하고 모임 만드는 것도 들어가는 것도 간단해서 소모임 어플로는 좋은거 같아요 ㅎㅎ 아직 사람이 없어서 많이 쓰시라구 추천드립니다~~,10,0.9.33,2026-07-30,early,https://play.google.com/store/apps/details?hl=ko&id=kr.munto.app
4675c8fa-eb9b-4347-92b0-1753a1b15dc9,5,2021-07-24T07:52:57+00:00,굿,1,0.9.33,2026-07-30,early,https://play.google.com/store/apps/details?hl=ko&id=kr.munto.app
6c302088-bd85-4e33-9055-9b49b097f43a,5,2021-07-24T03:47:30+00:00,아주 잼있는 어플이네요 친구들사귀기도 좋고 아주 잘만드셨어요 굿~~~,1,0.9.33,2026-07-30,early,https://play.google.com/store/apps/details?hl=ko&id=kr.munto.app
8d8a772a-4c9e-4194-9fe2-49e0fab18edd,5,2021-07-21T14:55:40+00:00,굿,2,0.9.32,2026-07-30,early,https://play.google.com/store/apps/details?hl=ko&id=kr.munto.app
0282df4b-0630-42de-b89c-bb2b4121d085,5,2021-07-20T03:28:52+00:00,취미에 맞는 사람들을 만날수있고 온라인으로도 만날수있고 참 좋아요 더 활성화되면 좋겠어요 :),2,0.9.32,2026-07-30,early,https://play.google.com/store/apps/details?hl=ko&id=kr.munto.app
3163467f-5e13-46da-987c-d6ca20f1bc47,5,2021-07-19T04:01:01+00:00,"다양한 주제로 소셜링이 되는게 신기해요^^ 참여했을때 어색하지않고 편한 모임으로 잘 즐기다 왔어요~ 온오프라인으로 즐기면서 너무 건전하고, 발전적인 어플이라 더 좋은것같아요!",11,0.9.32,2026-07-30,early,https://play.google.com/store/apps/details?hl=ko&id=kr.munto.app
e6bcc1ac-99e4-4b5d-a307-20b8bd62252f,5,2021-07-19T03:54:05+00:00,일상부터 취미까지 많은걸 공유하고 함께할수 있어서 즐거워요 요즘처럼 1인가구가 많은 현대사회에 딱 맞는 앱이라고 생각해요 더이상 외롭지 않답니다! ^^♡♡,2,0.9.32,2026-07-30,early,https://play.google.com/store/apps/details?hl=ko&id=kr.munto.app
e00373dc-6d6e-4666-a97b-cf51dcaa076c,5,2021-07-17T02:26:15+00:00,어제 앱 오류인지 업데이트 하래서 스토어갔더니 안되더라구요 근데 오늘 업데이트 됬네요 어플 사용성은 좋은것 같아요 모임 사전에 1/n 할수 있어서 편리하더라구요,4,0.9.32,2026-07-30,early,https://play.google.com/store/apps/details?hl=ko&id=kr.munto.app
26fee545-74c7-4321-8079-56e23123be3c,4,2021-07-16T04:06:02+00:00,좋아요 자주 애용해요,1,0.9.30,2026-07-30,early,https://play.google.com/store/apps/details?hl=ko&id=kr.munto.app
3a8a69cd-b6be-4608-9c6e-46f58fcf8bbd,1,2021-07-14T08:15:25+00:00,카카오톡 플러스친구로 문의 드렸는데 문의드린 내용 읽으셨음에도 불구하고 답변을 아예 주시지 않으시네요.. 답변을 원래 안 주시나요? 문의사항은 카카오톡 플러스친구로 문의하면 된다고 적혀있어서 문의드린건데 원래 이렇게 답변 안 주시나요?,2,,2026-07-30,early,https://play.google.com/store/apps/details?hl=ko&id=kr.munto.app
0c6b1e27-a5bc-41f6-8b66-64396d512a21,1,2021-07-14T07:24:00+00:00,"이거가입하고 다음날 보이스피싱이 오던데, 그냥 기가막히게 로또걸릴확률로 아다리 맞은거겠죠? 근데 전에는 한번도 안걸려왔는데 희안하네요 그죠?",4,0.9.30,2026-07-30,early,https://play.google.com/store/apps/details?hl=ko&id=kr.munto.app
b14eaed6-669b-49b1-a4d1-7185773bb56a,5,2021-07-14T02:14:02+00:00,다양한 관심사를 가진 사람들과 함께 이야기를 나누는 일도 발전을 위해 함께 하는 일들도 너무 재밌어요 ㅎㅎ 검색기능이 추가 됬으면 좋겠어요,2,0.9.30,2026-07-30,early,https://play.google.com/store/apps/details?hl=ko&id=kr.munto.app
8377abd2-e47d-4534-a620-f07da56f93ea,4,2021-07-14T01:54:28+00:00,"하고싶은 활동을 하고싶은 때에 함께 할 수 있어서 좋아요! 특별히 다른 목적성을 가지고 활동하는 사람이 있어서 불편하기도 했는데, 이부분은 여러 사람들이 모여있다보니 그럴수밖에 없는 문제인 것 같긴해요. 그래도 이부분에 대해 피드백을 받는 장치가 있어서 참 좋았어요. 그리고 오픈하면 수정이 불가능한 부분이 관리 문제 때문이라고 하던데 취지는 좋으나 미리 고지해주면 더 좋을 것 같아요! 전체적으로 어렵지 않고 지속적으로 관리가 잘 이루어지고 있다는 느낌을 받았습니다. 감사해요 :)",15,0.9.30,2026-07-30,early,https://play.google.com/store/apps/details?hl=ko&id=kr.munto.app
4c2e75a8-8cba-4546-9111-a9b58d399179,5,2021-07-13T07:46:01+00:00,"문토 앱이 플러터 기반으로 만들어졌더라고요?! 스타트업 앱인데도 예쁘게 잘 만드신 듯! 깔끔하고 오류없이 동작해서 맘에 듭니다 :) 제 직업이 프로그램 개발자라서 이런걸 보게 되네요 ㅋㅋ 소셜링 키워드 검색, 혹은 필터링 기능이 있으면 좋겠습니다 (카카오 오픈채팅도 방 개설할 때 해쉬테그 설정하고, 그 키워드로 검색이 가능한 것처럼) 그리고 다른 분들이 건의한 것처럼 모임 취소 기능이 있으면 좋겠습니다! 사용자가 더 많아지고 모임이 더 많아지면 모임 찾아보는 재미가 더 쏠쏠해질 듯 합니다!",7,0.9.30,2026-07-30,early,https://play.google.com/store/apps/details?hl=ko&id=kr.munto.app
80622371-de9d-4586-9d20-730c387f21bf,5,2021-07-13T07:38:45+00:00,"다양한 취미를 공유하고 함께 할 수 있다는 게 가장 큰 장점이에요. 코로나 시국이라 취미 생활도 제약이 심하고 눈치보이지만, 코로나가 잦아들면 취미를 같이 즐기고 싶어요.",1,0.9.30,2026-07-30,early,https://play.google.com/store/apps/details?hl=ko&id=kr.munto.app
02972970-b36f-4c94-a5de-9071068f0930,1,2021-07-12T15:12:53+00:00,전화 인증 자체가 안되서 가입이 안되네요,1,0.9.30,2026-07-30,early,https://play.google.com/store/apps/details?hl=ko&id=kr.munto.app
9647a8ff-b6da-4edd-8ec5-e4b266c9437f,5,2021-07-12T11:06:46+00:00,"이틀 전에 다운로드했는데 벌써 수요일에 참여하기로 한 모임이 생겼어요😄😄 첫 페이지 키면 참여할 수 있는 모임들이 쫙 보이고, 깔끔하고 분명하게 눈에 들어옵니다 추천해요!",1,0.9.30,2026-07-30,early,https://play.google.com/store/apps/details?hl=ko&id=kr.munto.app
0ca23e3e-5048-4e92-8eb7-1c0b9e013285,1,2021-07-12T08:58:37+00:00,탈퇴가 어렵다는 말 있던데 오히려 거절된게 다행이네 안써도 그만이니까 ㅉㅉ,2,0.9.30,2026-07-30,early,https://play.google.com/store/apps/details?hl=ko&id=kr.munto.app
8b2e56de-128c-4b2d-9f4e-2619a336826d,5,2021-07-12T03:36:19+00:00,문토는 정말 다양한 소셜링이 가득해요! 다양한 분야의 다양한 사람들이 만나 이루는 다양한 소셜링이다보니 생각지도 못한 신나는 이벤트도 가득하구요. 다 참여하진 못하지만 정기적으로 이뤄지는 이벤트도 많다보니 이거 못가는데 하는 불안함도 없어요. 재밌게 즐겨요!,10,0.9.30,2026-07-30,early,https://play.google.com/store/apps/details?hl=ko&id=kr.munto.app
7af4fb6f-1e50-4125-9a91-4e2bb9e4aa12,5,2021-07-12T03:30:26+00:00,덕분에 좋은 분들 만나게 됐어요!,1,0.9.30,2026-07-30,early,https://play.google.com/store/apps/details?hl=ko&id=kr.munto.app
3945d8b7-f095-485e-bc48-50714ad99ca2,5,2021-07-10T06:38:19+00:00,"평소에 클래식공연, 미술 전시 보는걸 좋아하는데 취향 기반으로 모임을 쉽게 열 수 있어, 정말 같이 보고 싶어하는 친구들과 함께 공연을 보고 즐겁게 감상을 나눌 수 있어서 정말 좋습니다~ (더 이상 공연만 가면 졸립다는 취향이 다른 친구들에게 아쉬운 소리 안해도 되네요ㅋㅋ) 다만 모임이 일회성에 그쳐서 좀 아쉬운데 멤버 검색 기능이 추가 되었으면 좋겠어요!",19,,2026-07-30,early,https://play.google.com/store/apps/details?hl=ko&id=kr.munto.app
36c067fa-9514-45ad-898d-6385f1227bba,4,2021-07-08T08:03:24+00:00,가볍게 취미맞는 분들과 하고싶은 활동 할수있어서 좋은것같아요 앞으로도 마음맞는 분들이랑 더 재밌는 활동해보고싶습니다~,2,0.9.30,2026-07-30,early,https://play.google.com/store/apps/details?hl=ko&id=kr.munto.app
4b9e4acd-217a-4e16-bab8-d5cdb3fe19fa,3,2021-07-08T05:28:25+00:00,갠적으로 좋아하는걸 혼자가 아닌 다른 사람들이랑 같이해서 심심하지 않아서 좋아요 ~ 혼자하는게 좀 막막할때 같이 할사람을 찾을수 있다는게 좋은거 같아요^^ 그리고 정말 참여하는 멤버들 매너가 좋아서 좋은거 같앙6,2,0.9.30,2026-07-30,early,https://play.google.com/store/apps/details?hl=ko&id=kr.munto.app
a235f583-9afa-49c0-afb0-389380a409ae,5,2021-07-08T04:07:53+00:00,이용자가 많지 않아 아직은 모임이 크게 활성화되지 않은듯하지만 시국에맞게 취미활동을 한눈에 보기쉽고 편리하게 모임주최할수있는 점 좋습니다 흥하세요~,2,0.9.30,2026-07-30,early,https://play.google.com/store/apps/details?hl=ko&id=kr.munto.app
5fc13986-1cb1-4c1d-9359-07da77d8ebc8,5,2021-07-07T02:41:41+00:00,취향이 맞는 사람들과 만날 수 있어서 좋아요!,2,0.9.30,2026-07-30,early,https://play.google.com/store/apps/details?hl=ko&id=kr.munto.app
fd3c1066-4d52-4406-9257-0622cc821c15,5,2021-07-06T11:11:04+00:00,다 좋은데...소셜링 검색하는 기능 없나요? 검색 기능있으면 훨씬 더 편리할것 같아요!,2,0.9.30,2026-07-30,early,https://play.google.com/store/apps/details?hl=ko&id=kr.munto.app
bbf3054c-60e2-43f4-af65-6a421658604a,5,2021-07-05T11:07:25+00:00,"다양한 취미와 일상을 나눌수 있다는 점이 좋네요 무엇보다 온라인, 오프라인을 전부 아우를 수 있는 신개념 소설앱이라는게 신기합니다.",3,0.9.30,2026-07-30,early,https://play.google.com/store/apps/details?hl=ko&id=kr.munto.app
372e418d-fa43-4895-9458-c42783d7a806,4,2021-07-05T06:18:07+00:00,"매우 독특하고, 창의적이며 직관적이어서 좋습니다. 새로운분들과 대화가 너무 재미 있었습니다.",2,0.9.30,2026-07-30,early,https://play.google.com/store/apps/details?hl=ko&id=kr.munto.app
9168c475-0074-472c-8748-f44818717cb7,4,2021-07-05T06:12:16+00:00,모임처럼 계속 소속돼 있는게 아니라 하루 자기가 원할때 소셜링을 열 수 있어서 좋아요~ 근데 모임원을 직접 취소하거나 신청한 사람이 직접 취소할 수 있으면 좋을것 같습니다^^ 건전한 어플같아서 좋습니당!,14,0.9.30,2026-07-30,early,https://play.google.com/store/apps/details?hl=ko&id=kr.munto.app
0b9c926c-a359-4b71-a789-aab944a7e89d,5,2021-07-05T06:07:17+00:00,문토를 통해 새로운 세상을 경험했어요:) 직장인이 할 수 있는 대외활동 느낌입니다. 각종 소셜링을 통해 식견이 넓어지는 느낌이 참 좋아요!,2,0.9.29,2026-07-30,early,https://play.google.com/store/apps/details?hl=ko&id=kr.munto.app
0c931256-a3bd-4237-aa34-ae44fac5f23a,1,2021-07-03T23:40:22+00:00,문자인증조차 제대로 안되네 ㅉㅉ,2,0.9.29,2026-07-30,early,https://play.google.com/store/apps/details?hl=ko&id=kr.munto.app
07c070d3-3dae-44d9-beea-2f196fb0f7b3,4,2021-07-03T08:44:37+00:00,취지가 매우 좋고 관리자와 소통이 원활하여 좋습니다. 하지만 소셜링 취소와 불참시 퇴장에 대해 반드시 관리자에게 전달 후 관리자가 직접 조치를 해줘야해서 불편하기도 합니다. 신뢰를 위해 이렇게 운영하시는것 같지만 조금은 편리해지면 좋겠다는 바램도 있습니다. 이외에 활발한 소셜링들은 매우 강점이라고 생각합니다.,2,0.9.29,2026-07-30,early,https://play.google.com/store/apps/details?hl=ko&id=kr.munto.app
fc11f576-4631-42dd-930a-8ccaf9175fca,5,2021-07-03T07:38:22+00:00,새로 취미 만들어보고 싶어서 깔았어요 복잡하지않고 편해서 좋네요,2,0.9.29,2026-07-30,early,https://play.google.com/store/apps/details?hl=ko&id=kr.munto.app
1aaa9bbe-274c-4787-9e57-e140aa5f3f1d,4,2021-07-03T07:37:37+00:00,취향이 맞는 사람들 만나 좋았어요:-),1,0.9.29,2026-07-30,early,https://play.google.com/store/apps/details?hl=ko&id=kr.munto.app
4ea05bb9-86f4-43ff-a3ed-b1512424e562,1,2021-07-02T10:02:16+00:00,일단 제일먼저 지역구분부터 해야하지 않을까요.. 혼등하다 길을 잃어서 근처에 마음맞는분들과 등산 할 수 있을까싶어서 가입해봤는데 별로네여,3,,2026-07-30,early,https://play.google.com/store/apps/details?hl=ko&id=kr.munto.app
c1aaf912-5034-47bb-b659-1607482b25cf,1,2021-06-30T16:37:40+00:00,인증번호가 계속틀렸데ㅡㅡ,1,,2026-07-30,early,https://play.google.com/store/apps/details?hl=ko&id=kr.munto.app
300d8a5a-a51d-4eb6-9b81-a1e313d2dbf7,2,2021-06-30T13:24:56+00:00,알람을 꺼놔도 알람이 엄청 옵니다;; 개선 좀 해주세요,1,0.9.28,2026-07-30,early,https://play.google.com/store/apps/details?hl=ko&id=kr.munto.app
a601464c-a613-40d8-95ed-a2f95001bfd5,4,2021-06-28T07:40:09+00:00,아직 기능 및 개발적으로 개선되어야 하는 부분이 많이보입니다. 모임 개설 후 수정 및 삭제가 어렵고 모임을 위한 채팅방에서도 입력오류가 많습니다. 문제는 있지만 앱은 계속 발전 중이라 좋습니다. 또한 좋은 모임에 좋은 사람들을 만날 수 있어 좋아요.,19,0.9.28,2026-07-30,early,https://play.google.com/store/apps/details?hl=ko&id=kr.munto.app
9037b235-36f1-48ac-8c5b-11fd9399dbdb,4,2021-06-28T07:31:55+00:00,혹시 갤럭시 노트20 쓰는데 결제가 안되는데 어디서 문의하면 도리까요??,2,0.9.28,2026-07-30,early,https://play.google.com/store/apps/details?hl=ko&id=kr.munto.app
75af2a3a-835d-41d7-92c6-e9d6acd4a075,2,2021-06-27T11:26:15+00:00,알람 너무 자주 울리는데 끄는 설정기능도 없고.. 주제 검색기능도 없고 그냥 뜨는대로 순서대로 무작정 내려가면서 보는건가요?ㅡ.ㅡ,5,0.9.28,2026-07-30,early,https://play.google.com/store/apps/details?hl=ko&id=kr.munto.app
17002d8a-416f-404a-a4e0-fa0231c3fb6f,1,2021-06-24T11:34:54+00:00,니들이 가입 안된다고 사양해놓고 카톡은 매일보네냐 거지같은 놈들 한번만더 카톡보내면 내가 어떻하든 깨판친데 거지들아,2,,2026-07-30,early,https://play.google.com/store/apps/details?hl=ko&id=kr.munto.app
5a7637a9-dccb-4c59-ad78-7f7fa97d5f88,1,2021-06-20T01:22:09+00:00,심사 하루면 되지않나요? 얼마나 더 걸리는거에요ㅡㅡ?,2,0.9.27,2026-07-30,early,https://play.google.com/store/apps/details?hl=ko&id=kr.munto.app
efa3dcff-d1ec-4260-83f4-0c091e588142,5,2021-06-19T23:12:25+00:00,여러 사람들과 만나 문화생활을 즐기며 자기소개 등등 좋은 시간 좋은 추억을 갖을수있는 문토 어플이네요:) 계속 사용하고싶어요 ^~^ 어쩌다 문토!,6,0.9.27,2026-07-30,early,https://play.google.com/store/apps/details?hl=ko&id=kr.munto.app
aa0fc835-2965-495d-abec-ca4881a91c63,3,2021-06-19T09:39:32+00:00,글 검색하는 기능은 없나요?,1,0.9.27,2026-07-30,early,https://play.google.com/store/apps/details?hl=ko&id=kr.munto.app
a5c287a8-76cd-4d71-ac7b-f33a76ba9a5e,5,2021-06-18T17:56:29+00:00,문토를 업데이트 해야한다고 해서 업데이트를 하려고 했지만 되지 않아 일시적인 버그인 거 같아 지우고 깔아보려고 했는 데 깔리지도 않네요... 뭐가 문제일까요,2,,2026-07-30,early,https://play.google.com/store/apps/details?hl=ko&id=kr.munto.app
02d56d53-3dba-401b-bcf3-8d503988e9df,5,2021-06-18T06:09:39+00:00,귿!,1,0.9.22,2026-07-30,early,https://play.google.com/store/apps/details?hl=ko&id=kr.munto.app
5274e395-ef5c-4a20-9e93-73f108135ae4,5,2021-06-17T22:13:29+00:00,최고의 소셜라이징 플랫폼,2,0.9.26,2026-07-30,early,https://play.google.com/store/apps/details?hl=ko&id=kr.munto.app
16f23814-e088-4ff1-87bb-73cf650934e2,1,2021-06-17T02:13:03+00:00,불편함,1,0.9.26,2026-07-30,early,https://play.google.com/store/apps/details?hl=ko&id=kr.munto.app
eb3b0d68-2dd7-4665-8969-ba26f873a838,5,2021-06-13T02:52:11+00:00,아니 이렇게 편리하고 좋은앱이 있다구요? 훨씬 더 유명해졌으면 좋겠어요 :),2,0.9.22,2026-07-30,early,https://play.google.com/store/apps/details?hl=ko&id=kr.munto.app
6d5ca2cd-c203-4ef2-8f58-1d2fa5fab6a3,2,2021-06-11T05:30:21+00:00,안녕하세요. 모임 알림이 안뜨게 하는 방법이 있나요? 보통 어플들 보면 알림 등 기본설정세팅 메뉴가 있는데 여긴 없는것 같네요. 필요할때 그냥 들어가서 보고싶은데 모임 뜰때마다 계속 알림이 와서 너무 번거롭습니다. 이거 어떻게 수정좀 해주시기 바랍니다,13,0.9.22,2026-07-30,early,https://play.google.com/store/apps/details?hl=ko&id=kr.munto.app
5391c416-acc2-4730-a666-129a767be610,1,2021-06-06T07:44:07+00:00,정보삭제 및 탈퇴는 어떻게 하나요??,1,0.9.22,2026-07-30,early,https://play.google.com/store/apps/details?hl=ko&id=kr.munto.app
