review_id,rating,review_date_utc,review_text,thumbs_up,app_version,collected_date,source_url
d904d7f9-27c8-456a-9abb-924df5499734,5,2026-07-28T13:34:17+00:00,좋아요,0,5.7.4,2026-08-05,https://play.google.com/store/apps/details?hl=ko&id=com.friendscube.somoim
32742e8e-8907-468a-82b7-aadbd77d0df2,4,2026-07-22T16:04:07+00:00,새벽에도 글쓰는 사람때문에 진동소리에 놀랄때가 한두번이 아니네요. 방해금지 시간설정 가능하면 좋겠어요.,0,5.7.3,2026-08-05,https://play.google.com/store/apps/details?hl=ko&id=com.friendscube.somoim
c21ca610-8d8b-4f70-bbaf-d539038d7517,5,2026-07-22T13:29:46+00:00,초창기부터 사용했는데 제가 많이 우울할때 소모임으로 극복했어요 아주 유용한 앱이라거 생각합니다. cs 처리도 빠르게 해주셔서 좋네요 따봉!,0,5.6.0,2026-08-05,https://play.google.com/store/apps/details?hl=ko&id=com.friendscube.somoim
08a9d18e-7bb9-4011-9056-73a8618981a4,5,2026-07-21T22:02:49+00:00,유익한 시간이었고 다음시간이 기대 됩니다,0,5.7.3,2026-08-05,https://play.google.com/store/apps/details?hl=ko&id=com.friendscube.somoim
5d83448f-dfed-4d65-8df1-5fda9f033cb9,5,2026-07-21T03:10:04+00:00,굿,0,5.7.3,2026-08-05,https://play.google.com/store/apps/details?hl=ko&id=com.friendscube.somoim
c1dfbef4-c49f-4359-b75a-e4ecebb26c15,5,2026-07-15T00:36:56+00:00,어렵지만 재밌네요,0,5.7.2,2026-08-05,https://play.google.com/store/apps/details?hl=ko&id=com.friendscube.somoim
7c458924-721a-4b02-8da5-fba1fa651d50,4,2026-07-12T11:57:37+00:00,좋아욜~,0,5.7.2,2026-08-05,https://play.google.com/store/apps/details?hl=ko&id=com.friendscube.somoim
49a4cac8-6f9d-4a49-80e4-ece27e05540e,1,2026-07-09T08:44:45+00:00,프리미엄 모임권 2개가 동시에 결제 되었습니다 이유를 알고 싶은데,0,5.7.1,2026-08-05,https://play.google.com/store/apps/details?hl=ko&id=com.friendscube.somoim
45c6e21a-3d39-4f30-83af-7047888a25cb,5,2026-07-04T04:43:59+00:00,고객센터 문의 드리고 3분만에 처리해주셨어요...최고입니다!!,0,5.7.1,2026-08-05,https://play.google.com/store/apps/details?hl=ko&id=com.friendscube.somoim
52899d68-3932-4bb6-86ef-7b0a73a8d74d,5,2026-06-22T02:59:00+00:00,괜찬은 앱을 찾았네요,0,5.6.8,2026-08-05,https://play.google.com/store/apps/details?hl=ko&id=com.friendscube.somoim
803feac7-c20c-439b-952f-454e19ee5c9c,5,2026-06-20T13:17:57+00:00,좋은 모임들이 많아요,0,5.6.8,2026-08-05,https://play.google.com/store/apps/details?hl=ko&id=com.friendscube.somoim
fc1a78c2-4cfe-41f3-b686-75c14f8321a9,2,2026-06-16T06:42:56+00:00,pc와 연동이 안되어 너무 불편해요. 게시글에 동영상도 올릴수 있음 좋겠어요.. 라고 악귀가 말했어요,0,5.6.8,2026-08-05,https://play.google.com/store/apps/details?hl=ko&id=com.friendscube.somoim
5996e8d5-0f21-466b-b3f7-35cd10a1d45a,5,2026-06-16T03:42:55+00:00,오랫동안 사용해온 어플이고 업데이트도 잘 해주시고 계신거 같아서 나름 만족합니다 한가지 건의 사항이 있다면 모임원 추방시 운영진들만 알 수 있게 유지해주시고 강퇴 사유도 같이 나와서 알 수 있게 만들어 주시면 좋을거같아여!! 마지막으로 운영진들의 채팅창이 따로 있으면 좋을듯합니다!!,2,5.6.8,2026-08-05,https://play.google.com/store/apps/details?hl=ko&id=com.friendscube.somoim
a69dd3c4-e5d2-4596-862c-2d342e3bed3b,1,2026-06-15T11:54:16+00:00,최악의 어플 이따위거를 결제하라고 하네ㅉㅉ조작인듯,1,,2026-08-05,https://play.google.com/store/apps/details?hl=ko&id=com.friendscube.somoim
ba776c6c-e638-4b9f-8169-81872f7ba348,5,2026-06-14T12:56:07+00:00,굿굿 👍,0,5.6.8,2026-08-05,https://play.google.com/store/apps/details?hl=ko&id=com.friendscube.somoim
6a82019e-0ee0-49d9-804f-9ea46ab06eea,3,2026-06-12T14:07:04+00:00,내가 선택한 지역만 보여주면 좋을텐데 자꾸 인근지역이랑 서울까지 보여줘서 찾기 힘들어요 ㅠㅠ,1,5.6.8,2026-08-05,https://play.google.com/store/apps/details?hl=ko&id=com.friendscube.somoim
3f3ad609-d3ef-4923-a91b-0e47e25ac9c8,1,2026-06-12T11:39:52+00:00,프리미엄 결제 했는데 모임노출이 안돼서 문의했더니 답변도 없고 쌩깜ㅋㅋㅋㅋ 이 앱 운영자들 배가 불러가나보네ㅋㅋㅋ 나,1,5.6.8,2026-08-05,https://play.google.com/store/apps/details?hl=ko&id=com.friendscube.somoim
c6a24210-018b-4743-9c71-d781742c5acb,1,2026-06-11T12:19:26+00:00,모임장이나 프리미엄스폰서에게 이웃을 모임에 초대할수있는 권한을 주었으면 좋겠습니다,1,5.6.8,2026-08-05,https://play.google.com/store/apps/details?hl=ko&id=com.friendscube.somoim
8ed7c631-64f9-420c-a6ee-808a64a4b655,4,2026-06-11T09:57:24+00:00,하루에 2번 업데잇은 좀..,0,5.6.7,2026-08-05,https://play.google.com/store/apps/details?hl=ko&id=com.friendscube.somoim
1c7550cc-c131-4c20-961f-59aeb3c7fc5a,5,2026-06-11T02:29:59+00:00,관리가 잘되어있어요,0,5.6.7,2026-08-05,https://play.google.com/store/apps/details?hl=ko&id=com.friendscube.somoim
291259e1-ae6a-452d-9afa-2a446024f7a6,5,2026-06-09T06:05:10+00:00,"거의 10년째 잘 사용하고 있습니다. (화면마다 링크 활성화, 검색 둥) 기능 개선만 보완되면 넘 좋을 것 같아요..^^",0,5.6.7,2026-08-05,https://play.google.com/store/apps/details?hl=ko&id=com.friendscube.somoim
a66160c0-6b76-4112-9da6-c94bff518cfa,5,2026-06-02T16:34:05+00:00,모임참가하고 방구석 벗어나려고 설치해봤어요 나랑 비슷한 관심사를 가진 사람이 이렇게 많았다는게 벌써 기분이 좋습니다. 앱도 보기좋고 간단하게 잘 설정되어있어요.,2,5.6.6,2026-08-05,https://play.google.com/store/apps/details?hl=ko&id=com.friendscube.somoim
df4ee569-d215-4718-beca-a54fbc6f3f88,3,2026-06-02T06:15:10+00:00,"모임마다 낙네임을 별도로 설정할수 있게 해주세요. 모임마다 요구하는 닉넴 양식이 있는데, 일괄로만 적용되어서 너무 불편합니다.",0,5.6.6,2026-08-05,https://play.google.com/store/apps/details?hl=ko&id=com.friendscube.somoim
4fa9b84e-d50c-4307-806c-72fefee34d05,5,2026-06-01T10:49:13+00:00,좋아요,0,5.6.6,2026-08-05,https://play.google.com/store/apps/details?hl=ko&id=com.friendscube.somoim
484c2550-3e50-4937-b8fb-fde43fe99636,1,2026-06-01T07:35:39+00:00,에러가 나서 재설치하니 인증문자 보냈다고 뜨고 문자 안와서 로그인조차 못하고 있습니다 ㅜㅜ 이게 뭐에요!,1,5.6.6,2026-08-05,https://play.google.com/store/apps/details?hl=ko&id=com.friendscube.somoim
3e58e3e0-be73-4292-b849-13c9c42cfa74,1,2026-06-01T00:47:50+00:00,지인 방만들어서 송파구 모임인데 강동구에서는 죽어도 검색이 안되네요 개선이 많이 필요합니다,0,5.6.6,2026-08-05,https://play.google.com/store/apps/details?hl=ko&id=com.friendscube.somoim
08704568-2fcd-407b-aa79-6f9a84cbb899,5,2026-05-27T04:13:17+00:00,조아요,0,5.6.5,2026-08-05,https://play.google.com/store/apps/details?hl=ko&id=com.friendscube.somoim
56301e34-2e2a-4244-b54b-55183b587dbd,1,2026-05-25T23:32:45+00:00,잘못햐서 벙기뎔제가되엇어요 스폰서결제가되엿는데바롳결제취소는햇는데정기결제만츼소가되고 5월25일결제는취소가안되엇네요취소해주세요,1,5.6.4,2026-08-05,https://play.google.com/store/apps/details?hl=ko&id=com.friendscube.somoim
0157e314-a809-4af7-80df-fb9b19cc6923,1,2026-05-24T02:36:45+00:00,미사용앱,1,,2026-08-05,https://play.google.com/store/apps/details?hl=ko&id=com.friendscube.somoim
e2bc7cc7-452d-4e47-bef3-b585317a3015,4,2026-05-23T03:50:25+00:00,"좋은 인연, 좋은 모임을 만날 수 있어서 좋습니다 다만, 회원에 대한 나만의 메모 기능을 추가해주셨으면 좋겠습니다. 모임에 기분좋게 나갔다가 원치않는 사람을 보게되는 경우가 종종 발생해서 이 기능 꼭 부탁드립니다",0,,2026-08-05,https://play.google.com/store/apps/details?hl=ko&id=com.friendscube.somoim
e0bc2d62-5631-4b84-be6a-134048dda3c1,5,2026-05-22T15:30:19+00:00,너무 좋아요,1,5.6.2,2026-08-05,https://play.google.com/store/apps/details?hl=ko&id=com.friendscube.somoim
f027b688-2671-4704-b962-3779b735f0e6,5,2026-05-21T00:29:17+00:00,다 좋은데.. 진짜 다 좋은데 강퇴 사유가 100줄이 최소였으면 좋겠네요. 오늘 글쓰기모임에서 아무 이유없이 강퇴를 당했는데 사유도 온점 하나니까 기분이 더럽습니다.,1,5.6.3,2026-08-05,https://play.google.com/store/apps/details?hl=ko&id=com.friendscube.somoim
167d8c90-b646-48e9-8d6c-7158fba2cab7,5,2026-05-20T08:26:31+00:00,업데이트되면서 모임 내 행사 관리가 더 편해졌어요. 무엇보다 고객센터 응답 속도가 빨라서 좋습니다..최고! 전화가 아닌 메일이라 좀 걱정했는데 문의할때마다 대응이 빨라요 감사합니다,0,5.6.2,2026-08-05,https://play.google.com/store/apps/details?hl=ko&id=com.friendscube.somoim
bf6cfbf5-e828-4c4e-94a6-b8350790b95e,1,2026-05-20T06:56:26+00:00,별1개도 아까운 쓰레기어플^^,0,,2026-08-05,https://play.google.com/store/apps/details?hl=ko&id=com.friendscube.somoim
3850e3eb-a4fe-40bd-a562-50b418eb6485,1,2026-05-18T10:32:15+00:00,아니 갑자기 쓰잘데기없는 알람이 왜이렇게 많이오나요 테스트는 해보고 출시하나요? 뭔 스팸앱이 되버렸어,0,5.6.2,2026-08-05,https://play.google.com/store/apps/details?hl=ko&id=com.friendscube.somoim
053738ef-aa6b-4202-9216-b9a57655a465,4,2026-05-09T02:43:16+00:00,동영상도 올라가게 해주세요~~,0,,2026-08-05,https://play.google.com/store/apps/details?hl=ko&id=com.friendscube.somoim
f4cab860-855a-41ef-8a99-c29a2ab49224,5,2026-05-08T14:33:11+00:00,굿!!,0,5.5.7,2026-08-05,https://play.google.com/store/apps/details?hl=ko&id=com.friendscube.somoim
0e30293d-77b3-49c9-a0ab-a3ab1516891e,5,2026-05-07T14:59:01+00:00,굳!,0,5.5.9,2026-08-05,https://play.google.com/store/apps/details?hl=ko&id=com.friendscube.somoim
8af9db88-b7d6-485f-b51c-0b314a314dc7,5,2026-05-06T23:59:47+00:00,좋은사람 좋은모임들 ^^,0,5.5.2,2026-08-05,https://play.google.com/store/apps/details?hl=ko&id=com.friendscube.somoim
e911b0cf-8bce-4d78-ba94-40db41ba3eb2,5,2026-05-06T10:33:51+00:00,가입 간편하고 모임도 다양해서 좋아요,0,5.5.7,2026-08-05,https://play.google.com/store/apps/details?hl=ko&id=com.friendscube.somoim
91af8a85-2cd4-4f96-b015-ac58ec25bea2,5,2026-04-28T23:10:50+00:00,좋은모임이 한눈에 보여서 보기 좋네요,1,5.5.6,2026-08-05,https://play.google.com/store/apps/details?hl=ko&id=com.friendscube.somoim
9200d03b-f61c-4aa4-a896-bfe6e0bd340c,2,2026-04-28T13:16:54+00:00,"소모임의 ‘작가영화·예술영화 상영회’를 운영하고 있습니다. 최근 ‘정모’를 생성하면 게시판에 자동으로 ‘정모 정보’ 게시글이 생성되는데, 이로 인해 일주일에 최소 2개 이상의 불필요한 게시글이 쌓이고 있습니다. 그 결과 회원들의 일반 게시글이 묻히고, 게시판 가독성이 크게 떨어져 운영에 상당한 지장이 발생하고 있습니다. 특히 이 자동 생성 게시글은 삭제할 수 없어, 운영자 입장에서는 사실상 스팸 게시물과 다름없는 상태입니다. 저희는 2주에 한 번 ‘정모 공지’ 게시글을 통해 4~8개의 모임 정보를 한 번에 안내하고 있습니다. 그러나 현재 구조에서는 공지 게시글에 단 하나의 정모만 연동할 수 있어, 운영 방식과 맞지 않습니다. 정모 생성 시 ‘게시글을 생성하지 않기’와 같은 옵션이 추가되지 않는다면, 운영 지속이 어려워 다른 플랫폼으로 이동을 고려할 수밖에 없습니다.",3,5.5.6,2026-08-05,https://play.google.com/store/apps/details?hl=ko&id=com.friendscube.somoim
a81aea97-e259-4ae5-830d-353d99754b64,1,2026-04-27T12:51:01+00:00,정모 게시글 삭제 되게 해주세요,2,5.5.2,2026-08-05,https://play.google.com/store/apps/details?hl=ko&id=com.friendscube.somoim
bfa33ba3-56cf-4df3-bfd6-a08b0dc1440d,1,2026-04-25T03:07:13+00:00,모임에서 방 만드는걸 왜 이상한 댓글을 만들었는지 이해 안가요,2,5.5.5,2026-08-05,https://play.google.com/store/apps/details?hl=ko&id=com.friendscube.somoim
aa30665f-95a4-4c30-b467-302ecbfca441,5,2026-04-23T04:54:13+00:00,스터디운영을 해보려다 개인사정으로 취소 요청을 메일로 드렸는데 응대가 정말 빠르고 친절했습니다:),1,5.5.3,2026-08-05,https://play.google.com/store/apps/details?hl=ko&id=com.friendscube.somoim
f461e7ca-534b-41cf-add6-cffab2f5c19a,1,2026-04-23T01:23:02+00:00,"정모와 연결된 게시글 이 그지같은 기능 좀 어떻게 해주세요...; 대충 이러면되겠지 가설세우지말고 사용자 표본집단 모아서 제대로 유저리서치하시고 기능출시전에 UT도 좀 하세요..진짜 불편해서 못쓰겠어요. 정모삭제되면 연계된 게시글 삭제가 안돼서 게시판에 계속 남아있어요. 게시판은 공지나 기간을두고 신청받아야하는 행사모집글, 가입인사등을 올리는데 저딴 정모연결글때문에 내려가요 밑으로. 삭제햇더니 정모 연계라 삭제도 안된대요 그럼삭제버튼은왜둠니까 비활성화하던지 정모삭제시 같이 삭제되게하던지...정모 생성할때 게시글 연계는 납득 가능합니다만 라디오버튼이 아니라 체크박스로 해서 선택옵션으로 두면 더좋았을거같아요 저딴 게시글 연계안하고싶으니까요. 그리고 연계된 게시글이 베너로 뜨면서 공유하거나 회원들이 게시글 찾기도 더어려워합니다. 개선해주세요 기획자님🙏🏻 필요하시면 제가 UT할게요",9,5.5.4,2026-08-05,https://play.google.com/store/apps/details?hl=ko&id=com.friendscube.somoim
ff37a702-556b-44a7-8951-de61a5cdab3b,2,2026-04-22T22:08:04+00:00,아니.. 이번 업데이트 이후에 정모용 채팅방 기능이 사라졌네요?? 정모 참가자들만 볼 수 있는 비공개 채팅방 기능이 있어서 좋았는데 없애면 어떡해요. 그리고 왜 정모 생성하면 게시글도 생기는거에요?? 정모 게시글 삭제도 안되고.. 이게뭐에요.. 원래 별점 4점이였다가 이번 업데이트 실망해서 2점 드립니다. --- 아전 리뷰 --- 모임 개수도 많고 모임 검색과 참여 방법도 쉬워서 좋습니다. 다만 불편한점이 있습니다. 1. 내 모임으로 바로 가는 버튼이 홈이 아닌 채팅으로 연결되어서 불편합니다. 홈으로 할지 채팅으로 할지 고를 수 있으면 좋겠습니다. 2. 원본 화질로 이미지를 올릴 수 없어서 불편합니다. 프리미엄을 이용중인 모임인 경우 원본화질 업로드를 제공 해주면 좋을 것 같습니다. 3. 초대거부 기능이 없어서 계속 초대가 옵니다.,8,5.5.4,2026-08-05,https://play.google.com/store/apps/details?hl=ko&id=com.friendscube.somoim
9ec5ad73-f9ef-4c3c-89d0-c2113f431113,1,2026-04-22T11:43:48+00:00,고객센터 연락하기 힘듬 의도적임,2,,2026-08-05,https://play.google.com/store/apps/details?hl=ko&id=com.friendscube.somoim
c1d41a19-eab3-4809-8ebe-21b5d5c84e09,1,2026-04-21T13:28:34+00:00,왜 핸드폰을 바꾸면 계정 복구가 안되나요? 이럴거면 전화번호 인증은 왜 받는거죠? 이전에도 몇번 그런적 있는데 계정 복구해주세요;; 앱 내 고객센터에 문의하는 기능조차 없고 그게 무슨 고객센터입니까? 핸드폰 바꿀 때 마다 사용자가 신경써야 하는게 말이나 되는건지,3,5.5.4,2026-08-05,https://play.google.com/store/apps/details?hl=ko&id=com.friendscube.somoim
e55dc272-dfe5-42e8-a9d6-0de80866ea17,2,2026-04-21T01:49:01+00:00,솔직히 구글이나 특정 이메일로 계정 연동해서 사용할 수 있게 하면 안되나요? 전에 쓰던 핸드폰으로 소모일 들어갈 수 없어서 새로운 폰으로 어플을 깔았는데 번호도 새로운데 전에 활덩하던 모임을 다시 찾아서 가입하고 이게 얼마나 번거로운 행동인지 아십니까?,0,5.5.4,2026-08-05,https://play.google.com/store/apps/details?hl=ko&id=com.friendscube.somoim
fd7d0f31-cfa0-48c0-b351-be637279fbf2,1,2026-04-20T12:27:50+00:00,어느순간부터 제가 채팅창에 올렸던글들이 나갔다가 들어오면 사라집니다. 다른사람은 괜찮다던데 제것이 그렇습니다.,0,5.5.4,2026-08-05,https://play.google.com/store/apps/details?hl=ko&id=com.friendscube.somoim
dd87a593-9c3a-42c5-aaa0-e98b5cf90dc6,1,2026-04-18T12:17:19+00:00,서버 증축 좀 하세요. 사용자 편의를 우선해야지 운영하는 사람들 마음대로 뭡니까. 진짜 못쓰겠어요.,0,5.5.3,2026-08-05,https://play.google.com/store/apps/details?hl=ko&id=com.friendscube.somoim
a066067d-f1d5-4129-8437-cfc7a8cf339c,1,2026-04-18T03:13:50+00:00,"업데이트가 실험인가요 모임을 위한 앱인 만큼 목적에 맞게 기능을 개발해 주세요 앱을 이용해서 모임 정보, 자료, 의견을 나누고자 사용하려 가입했는데, 왜 다른 어플의 필요성을 느끼게 하나요? 정모 채빙방에서 자유로운 파일(사진,동영상) 공유를 원합니다 업데이트 전 기능이 더 좋았습니다! 꼭 반영해주세요!",2,5.5.3,2026-08-05,https://play.google.com/store/apps/details?hl=ko&id=com.friendscube.somoim
3659f3ea-537f-4678-955f-2c6210da405e,1,2026-04-18T01:47:11+00:00,다운로드 하고 가입하려는데 휴대폰번호로 인증하기에서 인증번호가 안와요 차단이나 스팸 메시지함에도 없구요 이용하려면 인증해야하는것 같은데 인증이 안되면 어떡하나요,0,5.5.3,2026-08-05,https://play.google.com/store/apps/details?hl=ko&id=com.friendscube.somoim
54d55abe-d901-4fc7-9aa9-0947d41de29c,4,2026-04-16T08:21:00+00:00,글숫자좀 늘려야할것 같네요. 만든분이 직접참석하여 부족한부분좀 수정 하시는게 어떠실지!!,0,3.9.6,2026-08-05,https://play.google.com/store/apps/details?hl=ko&id=com.friendscube.somoim
ba16bf3b-5ffc-4748-9b75-100e1ab63125,5,2026-04-15T10:28:57+00:00,소모임 어플 덕분에 좋은 인연을 만들어가고 있습니다. 하루에도 여러번 접속해서 확인 할정도로 사용 빈도수가 높은데요 이번 패치때 정모 메세지 기능이 사라진것이 많이 아쉽고 불편합니다. 물로 게시판 연결을 통한 기능도 유용하다고 생각하지만 메세지 기능이 사라지면서 참여 인원들과의 정보공유 내용들이 불필요하게 오픈되거나 다른 앱을 통해서 진행 해야 한다는부분이 조금 번거롭고 불편하게 느껴집니다 다시 기능을 부활시켜주셨으면 하는 의견입니다 참고 바랍니다. 좀더 편하고 유용할수 있도록 노력해주시는 개발자 분께 감사드립니다,13,5.5.2,2026-08-05,https://play.google.com/store/apps/details?hl=ko&id=com.friendscube.somoim
e15c320f-5cbe-46cb-9558-0be435328665,4,2026-04-15T05:31:25+00:00,"업데이트 요즘 자주 반영되고 있는것 같아서, 많이 들여다보고 주기적으로 신경써주시는 것은 감사합니다... 다만, 이번 업데이트 같은 경우엔 모임 운영자 입장에서 굉장히 불편한데, 특히 정모 게시와 동시에 게시글이 생성되어, 삭제도 어렵고 정모가 종료되어 자동 삭제된 이후에도 삭제가 되지 않더라고요. 저희처럼 모임이 활성화되어있어 정모가 잦은 경우 게시글을 너무 많이 차지하게 되어 다른 필요한 게시글을 찾기가 어렵고, 기존에 있던 채팅기능까지 사라져서 매우 불편합니다... 저뿐만아니라 다른 모임원들, 알고 지내는 타모임 운영진들도 동일한 불편함을 겪고 있습니다. 만약 필요하다고 생각되는 기능이라면 최소한 정모게시할때에 선택적으로 게시글 게시를 택할 수 있도록 변경해주셨으면 합니다.",14,5.5.1,2026-08-05,https://play.google.com/store/apps/details?hl=ko&id=com.friendscube.somoim
064e7673-3bd7-4137-83e8-83de304588cf,1,2026-04-14T19:32:05+00:00,사진 보기 좀. 개방 좀 해라 모임 1년 운영비 15만 원씩 내는데 최소한 소속 모임회원 사진은 크게 보게 해 줘야지 양아치 상팔악덕기업도 아니고 기본적인것도 매정하게구냐 초창기 모임에는 그런 거 없었잖아,0,5.5.2,2026-08-05,https://play.google.com/store/apps/details?hl=ko&id=com.friendscube.somoim
e353adbf-0d1d-4738-ac8c-fa0b698cf4d4,2,2026-04-14T11:28:15+00:00,정모 오픈시 채팅방이 활성화 되었던게 좋았는데 지금은 게시글로 바뀌어서 좀 불편하네요ㅜㅜ 따로 공지하기가 힘듭니다!,1,5.5.2,2026-08-05,https://play.google.com/store/apps/details?hl=ko&id=com.friendscube.somoim
cdac6f0c-802d-4d38-a120-8a7fa35f38bd,5,2026-04-13T06:38:23+00:00,핸드폰을 아이폰>갤럭시로 기기변경햇는데 기존아이디로 로그인할수는없나요,2,5.5.2,2026-08-05,https://play.google.com/store/apps/details?hl=ko&id=com.friendscube.somoim
e06ad7f7-bd61-417d-8c44-dec253172d1c,2,2026-04-12T01:36:57+00:00,모임 만들때마다 자동으로 게시물 생기는 업데이트 너무 불편합니다,4,5.5.2,2026-08-05,https://play.google.com/store/apps/details?hl=ko&id=com.friendscube.somoim
df731b70-be32-46bf-b80d-4f528350932c,3,2026-04-11T06:20:15+00:00,"안녕하세요, 소모임 애플리케이션 통해 다양한 곳 가보고 알게 됐습니다. 이용하다 느낀 점 적어봤습니다. 1. 개인적으로 본인인증 통해 실제 나이가 고정됐으면 좋겠습니다. 출생년도 다른 경우 상당히 신뢰가 떨어집니다. 특히나 온라인 공간 특성상 제일 개선돼야할 부분이라 생각합니다. 2. 일정 검색시 시간대도 범주화해 보여지면 좋을 거 같습니다. 3. 모임에서 오픈카카오톡 꼭 참석해야한다면 미리 표시돼 보여지면 좋을 거 같습니다. 4. 예전엔 개인별 메시지가 가능한 거 같았는데 요샌 모임 운영진에게만 연락 가능해진 거 같더라고요. 따로 유료 요금제는 가능한지 모르겠지만 개별 메신저 최소 모임원끼리 이용 가능하면 어떨까 싶습니다. 아마 나름 생각하고 바뀐 부분 같긴 합니다.",2,5.5.2,2026-08-05,https://play.google.com/store/apps/details?hl=ko&id=com.friendscube.somoim
5a008f79-954f-491e-922d-b0dadfd22977,1,2026-04-09T13:42:55+00:00,알림 끄는게 없다 세부적으로,0,5.5.2,2026-08-05,https://play.google.com/store/apps/details?hl=ko&id=com.friendscube.somoim
ab77594f-57c0-4e68-ade8-b02ff5fc61e5,1,2026-04-07T06:19:30+00:00,이번 업데이트로 정모별 채팅창이 사라져서 너무 불편하고요 저희 모임은 외부 메신저 사용을 안해서 지금 큰일났습니다.... 그리고 번개도 당일 번개말고 3일 전에 개설 가능하도록 개선해주시면 좋겠습니다,4,5.5.2,2026-08-05,https://play.google.com/store/apps/details?hl=ko&id=com.friendscube.somoim
418768be-db1b-44f5-b56c-11545b8d183d,1,2026-04-06T04:22:46+00:00,"정모게시글 쓸 데 없음, 삭제 할 수도 없음 최소 연동 된 정모 일정이 끝나면 삭제할 수 있게끔이라도 해놔야하는데 그냥 삭제가 아예 안 됨 게시판 목록이 상당히 더러워짐 문의해도 소용없음 그냥 그 기능이 없다는 답변만 오고 해결을 하려는 노력도 안 함 유료결제 돈 값 못해서 다른 어플로 갈아탑니다.",8,,2026-08-05,https://play.google.com/store/apps/details?hl=ko&id=com.friendscube.somoim
21299f75-d06a-4f61-8eb7-64914c4f6cd4,3,2026-04-05T07:45:17+00:00,정모정보게시글이 자동으로 모임후기 게시판에 올라오고 삭제도 안됩니다. 모임후기 게시판에는 모임이 있고나서 모임후기를 올리는데 모임정모글때문에 글에 혼선이 일어납니다. 모임정보글을 삭제할수 있게 해주거나 모임정보글이 아예다른 게시판으로 올라갈수 있게 해주세요. 매우매우매우매우 불편합니다.,3,5.5.2,2026-08-05,https://play.google.com/store/apps/details?hl=ko&id=com.friendscube.somoim
52a3f498-1032-4995-a622-94a1aa57955c,5,2026-04-05T07:42:11+00:00,소모임 모임채팅 다시 만들어주세요 댓글 말고여,2,5.5.2,2026-08-05,https://play.google.com/store/apps/details?hl=ko&id=com.friendscube.somoim
f7586191-81f6-405a-b1a9-53c27fb28b52,5,2026-04-04T22:57:25+00:00,약간 번거로운데 필요한 사람을 깔겠지,1,5.5.2,2026-08-05,https://play.google.com/store/apps/details?hl=ko&id=com.friendscube.somoim
b354962c-9ddf-4fec-b1fb-dea7cfb65dc2,5,2026-04-04T13:47:30+00:00,정모열면 모임후기게시글로 올라가는거 너무 불편해요;; 진짜 모임후기글이 다 밀려서 볼수가 없어요;; 게시글 카테고리 따로 빼주세요;;,3,5.5.2,2026-08-05,https://play.google.com/store/apps/details?hl=ko&id=com.friendscube.somoim
485bf612-3392-486b-8c30-61043b8a503d,1,2026-04-04T13:40:29+00:00,정모 채팅창 돌려주세요...,1,5.5.2,2026-08-05,https://play.google.com/store/apps/details?hl=ko&id=com.friendscube.somoim
37c474ba-ae83-4719-9bc5-af15ea26aef8,2,2026-04-04T12:44:45+00:00,당일 모임 배너 채팅방 어디로 갔나요 이거때메 불편하고 짜증이ㅡㅡ 빨리 돌려놔주세요 카카오 따라하는거야 뭐야,2,5.5.2,2026-08-05,https://play.google.com/store/apps/details?hl=ko&id=com.friendscube.somoim
d1bb063a-69a9-4d82-8197-4c51dd1e3793,3,2026-04-04T11:23:40+00:00,벙 채팅방 기능 살려주세요. 벙때마다 따로 얘기해야하는게 생기는데 없어져서 너무 불편하네요.,2,,2026-08-05,https://play.google.com/store/apps/details?hl=ko&id=com.friendscube.somoim
7e3a75bb-13bc-49b0-a6ee-ae4243fa863d,3,2026-04-04T00:03:10+00:00,일정별 채팅방 돌려주세요 너무 불편합니다 개선 요청사항입니다 1. 모임별 채팅방 롤백 2. 모임 개설 총량 증가(현재 4개) 3. 사진첩 좋아요 알람 끄기 4. 주 강퇴인원 제한 삭제 5. 모임 개설후 사진과 시간수정 불가 > 가능으로 수정 6. 사진 업로드 시 한번에 여러장 업로드 가능하게 7. UI 직관적으로 업데이트,3,5.5.2,2026-08-05,https://play.google.com/store/apps/details?hl=ko&id=com.friendscube.somoim
fa78f461-fba5-45ef-bc47-d0f924ff57f0,1,2026-04-03T13:24:58+00:00,예전에는 정모 만들면 정모 톡방이 따로 있어서 좋았는데 지금은 게시판 씩으로 바뀌어서 개불편함,1,5.5.1,2026-08-05,https://play.google.com/store/apps/details?hl=ko&id=com.friendscube.somoim
88828e3b-d6d0-4910-91d6-698571263c25,4,2026-04-03T10:04:55+00:00,앱 잘쓰고 즐거운 모임생활중입니다. 그런데 모임 개설후 톡방없어져서 불편해졌어요 ㅠㅠ 돌려주세요.,1,5.5.1,2026-08-05,https://play.google.com/store/apps/details?hl=ko&id=com.friendscube.somoim
12bd5b4c-4b02-4ccf-85fe-59d26c522ab5,3,2026-04-03T10:03:42+00:00,단톡 돌려줘여,1,5.5.1,2026-08-05,https://play.google.com/store/apps/details?hl=ko&id=com.friendscube.somoim
46ece9fa-1656-4729-9bb8-0e3689ea18ab,1,2026-04-03T00:55:33+00:00,새 일정에 있던 채팅방 어디 갔나요 너무 너무 불편합니다 원래대로 돌려주세요😭😭😭,2,5.5.1,2026-08-05,https://play.google.com/store/apps/details?hl=ko&id=com.friendscube.somoim
7c349dd7-fd88-42ad-baba-1b11d2d6e2d6,4,2026-04-02T21:05:10+00:00,좋아요,0,5.5.1,2026-08-05,https://play.google.com/store/apps/details?hl=ko&id=com.friendscube.somoim
aa0748f0-4bb2-480e-99bb-b62ceafacf1d,1,2026-04-01T22:22:55+00:00,왜 서비스 이용이 제한됐다고 나오는거죠?,0,5.5.1,2026-08-05,https://play.google.com/store/apps/details?hl=ko&id=com.friendscube.somoim
7582bb44-c36d-441e-8378-2abeb0d4e35b,4,2026-04-01T00:48:31+00:00,좋은데 왜 다른 사람이 가입한 모임이 누군 보이고 누군 안보이고.... 대부분 안보여요.,0,5.5.1,2026-08-05,https://play.google.com/store/apps/details?hl=ko&id=com.friendscube.somoim
5fa3d40b-1902-4669-8150-4ec324a9869b,2,2026-03-31T12:00:05+00:00,왜 거꾸로 가는지 모르겠네요,2,5.5.1,2026-08-05,https://play.google.com/store/apps/details?hl=ko&id=com.friendscube.somoim
a23e0ae9-d719-4cda-9933-ff9227f41027,4,2026-03-31T06:31:20+00:00,모임 채팅창 어디 갔음...,1,5.5.1,2026-08-05,https://play.google.com/store/apps/details?hl=ko&id=com.friendscube.somoim
3771b534-fea6-4de8-bcb8-360233984b5e,1,2026-03-30T11:49:41+00:00,매월 프리미엄 돈주고 쓰는데 기능이 그에 못미침. 이번에 업데이트를 했는데 굳이 필요없는 기능같았음. 여러가지 불편한점들은 밑에 다른분들이 말해놔서 패스하고 알림 기능이 조금 더 세분화되면 좋겠음. 모임행사가 있어서 사진첩에 좀 많이 올려놨는데 좋아요 하나 누를 때 마다 알림이 와서 자다가 깸.,4,5.5.1,2026-08-05,https://play.google.com/store/apps/details?hl=ko&id=com.friendscube.somoim
a1d7391e-e967-4691-94bc-fcd5e3ad71a8,4,2026-03-29T09:28:37+00:00,업뎃 하고나서 정모 만들어서 채팅 들어가려하면 게시글로 이동되고 안들어가지네요...,2,5.5.1,2026-08-05,https://play.google.com/store/apps/details?hl=ko&id=com.friendscube.somoim
49379fbb-b278-484e-bc34-795511c8be0a,3,2026-03-29T02:53:06+00:00,내모임란에서 해당 모임일정을 쉽게 볼 수 있도록 업데이트 된 점은 좋지만 1. 해당 일정 채팅방이 사라져 의사소통이 원할하지 않게 되었습니다. 다시 돌려주세요 ㅠㅠㅠ 너무 불편해요,6,5.5.1,2026-08-05,https://play.google.com/store/apps/details?hl=ko&id=com.friendscube.somoim
5b5c85b6-be31-4b7a-bc76-1b7ce9e80e55,1,2026-03-29T01:40:58+00:00,잘 사용하고 있던 정모채팅방이 왜 없어진건가요? 참 돈받고 운영하면서 여러모로 불편하게 어플을 만드시네..,3,5.5.1,2026-08-05,https://play.google.com/store/apps/details?hl=ko&id=com.friendscube.somoim
1fbe9f19-8f2c-4e5d-a973-5be772b5ec24,5,2026-03-29T01:22:52+00:00,잘쓰고있긴한데 이번 업뎃 불편합니다 왜 이런 쓸데없는 업뎃을 하시는지..모임채팅창 없어진것도 게시글 업뎃된것도 전부 불편합니다 다시 다운그레이드 필요해요,4,5.5.1,2026-08-05,https://play.google.com/store/apps/details?hl=ko&id=com.friendscube.somoim
9a75f8eb-a95f-4014-a91b-b06082d59a77,1,2026-03-20T08:11:40+00:00,"기본 기능도 잘 안 돌아가는 고여버린 앱, 아마 1인 개발로 운영하는게 아닌가 싶음",3,5.5.0,2026-08-05,https://play.google.com/store/apps/details?hl=ko&id=com.friendscube.somoim
04051b22-a5fc-42d6-8cd2-9b7ba7e8a4ce,5,2026-03-17T22:17:46+00:00,모임 가입할 수 있는 최대 수를 좀 더 늘려줬으면 좋겠어요~ 그리고 관심사 수정도 할 수 있으면 좋겠어요~,0,5.5.0,2026-08-05,https://play.google.com/store/apps/details?hl=ko&id=com.friendscube.somoim
f675b741-788d-48e9-b281-d52131cbf7db,3,2026-03-16T04:12:15+00:00,1. 소모임 4개 이상 오픈 가능하면 좋겠음. 2. 휴대폰번호로 가입이아니라 본인인증으로 1개의 아이디만 가입 가능 했으면 좋겠음. - 투폰으로 두개의 번호를 쓰는 같은 사람이 다른 사람인 척 모임 가입 가능한 게 이상함. - 나이도 그래서 속이기 가능한 듯. - 앱 삭제하고 다시 깔면 기존 이력이 없어지는 것도 이상함. 3. 사진첩에 사진 올리면 화질이 낮아짐 4. 공지 시간이나 날짜 수정 안 되는 것도 불편.,5,5.5.0,2026-08-05,https://play.google.com/store/apps/details?hl=ko&id=com.friendscube.somoim
3988a833-fbe1-4b49-9fac-755e0be692df,1,2026-03-14T05:03:42+00:00,현시점 이미지 안올라가고 메세지 전송도 안됨.. 유료인데 서비스를 이렇게 관리하나? 피드백도 없고 공지 1도 없네. 운영 진짜 돈 받고 이상하게 하네.,3,5.5.0,2026-08-05,https://play.google.com/store/apps/details?hl=ko&id=com.friendscube.somoim
05e02176-a1ab-4db0-abb8-256aa6b87a5d,5,2026-03-13T01:50:10+00:00,사람들 만나기 좋음,0,5.5.0,2026-08-05,https://play.google.com/store/apps/details?hl=ko&id=com.friendscube.somoim
9e8f86fd-685c-4b1c-b0bd-0cd0ba838133,5,2026-03-12T10:11:28+00:00,굿,0,5.5.0,2026-08-05,https://play.google.com/store/apps/details?hl=ko&id=com.friendscube.somoim
4738feac-7c56-4473-8f6e-d8b6fc24dfa8,1,2026-03-12T05:03:56+00:00,.....가입절차부터 오류가발생했다는데. .가입자체가 안되요;;;;;;;;;,0,5.5.0,2026-08-05,https://play.google.com/store/apps/details?hl=ko&id=com.friendscube.somoim
1f4eb980-af9d-4ae6-98a9-41f9dc50f609,1,2026-03-12T04:16:18+00:00,이용하려하는데 초반에 관심사누르고 다음화면으로 전환안되면서 오류팝업떠서 원하는모임있는데 현재 참여불가한 상황입니다.. 빠르게소통및 해결부탁합니다 내일이 모임시작이던데 .. 오류코드 smi209,0,5.5.0,2026-08-05,https://play.google.com/store/apps/details?hl=ko&id=com.friendscube.somoim
6a8dc53b-59ea-40d4-be00-db56e6d6bded,1,2026-03-12T03:15:10+00:00,계속 서버 문제로 오류,1,5.5.0,2026-08-05,https://play.google.com/store/apps/details?hl=ko&id=com.friendscube.somoim
fa403856-f105-40ca-8573-9eacb4c80a72,1,2026-03-12T02:32:21+00:00,어플이안되요,0,5.5.0,2026-08-05,https://play.google.com/store/apps/details?hl=ko&id=com.friendscube.somoim
09d2048d-3328-4b7c-806f-a13fa313369b,2,2026-03-12T02:19:06+00:00,어플 연결안되어서 다시 설치했는데 서버연결문제가 자꾸 나오고 연결이안되네요,0,,2026-08-05,https://play.google.com/store/apps/details?hl=ko&id=com.friendscube.somoim
93c6645e-c9e8-4473-8780-151dc2c145bc,1,2026-03-12T02:15:23+00:00,서버연결 안된다면서 가입부터 안됨,0,5.5.0,2026-08-05,https://play.google.com/store/apps/details?hl=ko&id=com.friendscube.somoim
40142b65-603d-4ab5-b041-cff608e79754,5,2026-03-12T01:55:11+00:00,소모임어플이 실행은되는대 서버에 이상있다고 뜨네요,0,5.5.0,2026-08-05,https://play.google.com/store/apps/details?hl=ko&id=com.friendscube.somoim
5a762002-9cf7-4e51-9696-7ad97fb94e3d,2,2026-03-12T01:31:38+00:00,지금 소모임 안되요 서버 오류뜹니다. 개선이.필요합니다,0,5.5.0,2026-08-05,https://play.google.com/store/apps/details?hl=ko&id=com.friendscube.somoim
4f57c5e5-71e7-4ca5-ac94-e061f246b145,1,2026-03-12T01:12:20+00:00,재가입이안되요 오류나서 먹통이라서 잠시지웠는데요,0,5.5.0,2026-08-05,https://play.google.com/store/apps/details?hl=ko&id=com.friendscube.somoim
d89107a0-1380-40bc-afad-f052e3c43bfb,1,2026-03-12T01:04:32+00:00,지금 접속 안되는데 저만그런가요?,0,5.5.0,2026-08-05,https://play.google.com/store/apps/details?hl=ko&id=com.friendscube.somoim
ba0b9cff-5583-4ebf-9f5d-283d0ccb9491,1,2026-03-12T00:50:31+00:00,버그 투성,0,,2026-08-05,https://play.google.com/store/apps/details?hl=ko&id=com.friendscube.somoim
12bba2bd-016c-4d6a-99d6-a6ff0e2aac02,3,2026-03-12T00:48:52+00:00,아침에 서버 연결에 문제가 있다해서 채팅이 마비되서 재설치 후 다시 가입하려는데 서버 연결에 문제가 있다하고 안들어가집니다 전체적인 문젠가요?,1,5.5.0,2026-08-05,https://play.google.com/store/apps/details?hl=ko&id=com.friendscube.somoim
03a0ff88-29e8-4533-b35e-6bddb65de902,3,2026-03-12T00:48:20+00:00,"오늘 렉, 오류 왜 이렇게 심하죠? 매달 돈 내고 쓰는 어플인데... 서버 관리 좀 해주세요",0,5.5.0,2026-08-05,https://play.google.com/store/apps/details?hl=ko&id=com.friendscube.somoim
8ec56b29-e4ac-4366-9ad2-c221904295d0,1,2026-03-12T00:01:50+00:00,지금 소모임 접속안되는거 맞나요??? 저는 서버에연결에 실패했다고 게속 나옵니다.,0,5.5.0,2026-08-05,https://play.google.com/store/apps/details?hl=ko&id=com.friendscube.somoim
587c0349-8e24-4be4-987d-d6eedc8a9ca8,1,2026-03-11T22:08:26+00:00,잘 쓰고 있던 어플이 갑자기 서버 연결해야 된다하면서 어플 다시 깔았더니 휴대폰 번호로 로그인 하려 했더니 연결도 안됩니다.계속 쓰고 있던 사람인데 로그인 조차 안되니 답답하네요.빠른 조치 좀 해주세요. 꼭 좀 빠른 조치 부탁드려요.아예 횔동 자체를 못하고 있습니다.,4,5.5.0,2026-08-05,https://play.google.com/store/apps/details?hl=ko&id=com.friendscube.somoim
8d9eccec-e1ea-4974-a8e6-e001985cddc8,3,2026-03-11T21:35:23+00:00,"지금 어플 오류가 있어서 그런지 모임 확인창이 들어가지지 않습니다, 즉시 확인 부탁드립니다",0,5.5.0,2026-08-05,https://play.google.com/store/apps/details?hl=ko&id=com.friendscube.somoim
97e20b1f-e28d-4981-bdbf-c3c6da0c619a,5,2026-03-11T11:49:02+00:00,자체적으로 자기 게시글을 모아서 확인할수잇다면 더할나위없겟지만 고객센터를 이용해서 지울수잇어서 그것나름대로 편리하다면 편리합니다,0,5.5.0,2026-08-05,https://play.google.com/store/apps/details?hl=ko&id=com.friendscube.somoim
96162917-9dc6-48a9-9fb9-220ac84c7a0e,5,2026-03-10T05:40:22+00:00,이용해보니 너무좋네요,0,5.5.0,2026-08-05,https://play.google.com/store/apps/details?hl=ko&id=com.friendscube.somoim
9b6e182f-cd25-4370-ad43-ce511c35d02f,5,2026-03-07T01:46:32+00:00,"구글 소모임 팀의 문의사항이 친절하고 좋더라고요. 빠르게 답해줘서 좋았습니다. 소모임 앱 자체의 UI 기능이 그리 편하지는 않지만, 대체로 그 안에서 필요한 것들을 다 할 수 있는 것 같아요. 추천!",1,5.5.0,2026-08-05,https://play.google.com/store/apps/details?hl=ko&id=com.friendscube.somoim
0e394502-0b1b-430a-becd-b49465a23f2a,5,2026-03-02T10:34:59+00:00,모임 만들 거 참여하기 좋네요,0,,2026-08-05,https://play.google.com/store/apps/details?hl=ko&id=com.friendscube.somoim
2e364cbb-40ac-4fb4-ae18-8507fd2db7c1,5,2026-03-01T15:13:29+00:00,여러 모임을 한눈에 볼수있고 좋아요!,0,5.5.0,2026-08-05,https://play.google.com/store/apps/details?hl=ko&id=com.friendscube.somoim
0e9320ac-fca9-41ad-9dcc-c18401405a3e,4,2026-02-28T13:37:12+00:00,카톡처럼 채팅 공감 기능 만들면 좋을것 같습니다,0,5.4.9,2026-08-05,https://play.google.com/store/apps/details?hl=ko&id=com.friendscube.somoim
d9d63b1b-d58e-4344-97fb-fdc7cf79d27b,3,2026-02-26T13:59:03+00:00,모임초대 받지 않게 설정에 옵션 추가 해주세요. 지속적인 초대때문에 스트레스 받아요.,0,,2026-08-05,https://play.google.com/store/apps/details?hl=ko&id=com.friendscube.somoim
6b569580-29d0-4390-b387-674a4b110317,5,2026-02-26T01:46:01+00:00,다양한분들을 만날수있는기회,0,5.4.9,2026-08-05,https://play.google.com/store/apps/details?hl=ko&id=com.friendscube.somoim
8a8b9393-4903-4479-a642-5ea974f64002,5,2026-02-21T04:57:11+00:00,접근성 좋아요,0,5.4.9,2026-08-05,https://play.google.com/store/apps/details?hl=ko&id=com.friendscube.somoim
af6423a7-4b05-43b2-8b56-fdd20615faef,3,2026-02-20T12:22:33+00:00,ux/ui가 넘별로에요... 뭔가 직관적이지않음. 참여중인정모채팅 찾는데 한참걸림,0,5.4.9,2026-08-05,https://play.google.com/store/apps/details?hl=ko&id=com.friendscube.somoim
ce21f426-0f6b-4a18-9b9c-fba487bb2e85,5,2026-02-17T12:27:39+00:00,굳굳굳,0,5.4.9,2026-08-05,https://play.google.com/store/apps/details?hl=ko&id=com.friendscube.somoim
3c1f2338-f96c-4838-b6ef-f413dee4874c,5,2026-02-11T11:02:35+00:00,다양합니다,0,5.4.8,2026-08-05,https://play.google.com/store/apps/details?hl=ko&id=com.friendscube.somoim
e41b63df-a70e-4e35-8131-b9269b3ad025,4,2026-02-11T10:19:44+00:00,비주얼 외모 겁나 보네 ㅡㅡ,0,,2026-08-05,https://play.google.com/store/apps/details?hl=ko&id=com.friendscube.somoim
04bbd8a7-48c6-4a17-a5db-dda06d87a37c,5,2026-02-11T08:19:57+00:00,"거의 10년째 소모임 어플 쓰고있는 유저입니다 좋은 이웃, 친구 만들고 취미,정보도 공유할 수 있는 멋진 앱이에요 제가 사용하는 앱1순위~~!! 앱사용 시 개인적으로 궁금한게 있었는데 정말 빠르게 응답 잘해주셔서 감동~ 번창하시길 바랍니다 소모임 앱 영원하길 ♡",9,5.4.8,2026-08-05,https://play.google.com/store/apps/details?hl=ko&id=com.friendscube.somoim
96e42aea-95ee-447d-bf44-89ee79ecd13e,1,2026-02-09T21:05:46+00:00,렉이.많음,0,5.4.8,2026-08-05,https://play.google.com/store/apps/details?hl=ko&id=com.friendscube.somoim
247a6194-3fba-421f-a320-177932972af6,1,2026-02-05T12:13:28+00:00,결이 다르다는 이유로 걍 회비 먹튀하고 강퇴하는 모임이 많구나. 강퇴 이의 신청도 없고 강퇴 한번 당하면 못 들어가고...이 앱에 대한 불편함이 있으신 분들은 왠만하면 이 앱 보이콧 하시는 게 답입니다.,0,5.4.7,2026-08-05,https://play.google.com/store/apps/details?hl=ko&id=com.friendscube.somoim
083aebf2-a730-4f75-9a24-4c1da123ec2e,1,2026-02-02T05:11:41+00:00,초대 수락/거절 기능 추가 부탁드립니다,2,5.4.5,2026-08-05,https://play.google.com/store/apps/details?hl=ko&id=com.friendscube.somoim
888695f3-4bb9-4d45-96f8-0559aa0daa52,5,2026-02-02T00:27:55+00:00,더 써보고 따로 더 개선할게 있었으면 싶은게 생기면 말씀드릴께요,0,5.4.5,2026-08-05,https://play.google.com/store/apps/details?hl=ko&id=com.friendscube.somoim
1d95d678-b10b-4492-95c5-bd91530d0f60,5,2026-01-30T10:32:54+00:00,다양한 모임이 좋아요,0,5.4.5,2026-08-05,https://play.google.com/store/apps/details?hl=ko&id=com.friendscube.somoim
a3ec6933-46df-4657-ba81-ac57c2e6caff,5,2026-01-26T06:05:07+00:00,문의사항 친절하고 빠르게 답해주셨어요.,0,5.4.4,2026-08-05,https://play.google.com/store/apps/details?hl=ko&id=com.friendscube.somoim
be475818-3013-43e4-9583-6ae40a19f53c,2,2026-01-25T17:25:10+00:00,어플이 많이 죽음 유저가 급격히 둘어드는중,4,5.4.2,2026-08-05,https://play.google.com/store/apps/details?hl=ko&id=com.friendscube.somoim
35b97d56-8fe2-444e-aaeb-73fb4b864a76,4,2026-01-23T13:46:46+00:00,괜찮은 어플이네요,0,5.4.2,2026-08-05,https://play.google.com/store/apps/details?hl=ko&id=com.friendscube.somoim
0e966572-586e-4a4b-9b46-66142adad52d,1,2026-01-23T07:31:15+00:00,파워유저 탈퇴가 안됩니다,0,5.4.4,2026-08-05,https://play.google.com/store/apps/details?hl=ko&id=com.friendscube.somoim
ce25460d-0043-470b-a77a-6ad3254cbc7e,5,2026-01-14T15:41:08+00:00,좋아용,0,5.4.2,2026-08-05,https://play.google.com/store/apps/details?hl=ko&id=com.friendscube.somoim
15255967-00e9-4b44-ba04-b8abb5324cd4,5,2026-01-12T00:34:39+00:00,인맥형성에 좋고! 기능도 너무 편리해요^^ 고객센터도 친철하셔서 매우만족!!!!!👍,0,5.4.2,2026-08-05,https://play.google.com/store/apps/details?hl=ko&id=com.friendscube.somoim
4f7fed5d-2305-4d53-94f9-4441949d7e0c,5,2026-01-10T02:13:06+00:00,이거 괜찮네요~,0,5.4.2,2026-08-05,https://play.google.com/store/apps/details?hl=ko&id=com.friendscube.somoim
5c9ff51f-56f1-4bc2-a1d8-fefa4da97f10,5,2026-01-09T00:10:20+00:00,무슨 고객센터 처리가 24시간 대기하시는건지 빠르네요 ㅋㅋ 그만큼 처리속도가 엄청 빠르네요!! 단순한 ui랑 사용하기도 어렵지 않아서 7년째 사용하고 있어요!,0,5.4.2,2026-08-05,https://play.google.com/store/apps/details?hl=ko&id=com.friendscube.somoim
fd6222e2-5a38-41cf-bc89-20e5a863c33b,4,2026-01-08T13:33:20+00:00,영상. 올릴수. 있게,0,5.4.2,2026-08-05,https://play.google.com/store/apps/details?hl=ko&id=com.friendscube.somoim
2ddcabc4-555c-4614-b099-f3ce9bd6210b,3,2026-01-07T22:57:59+00:00,소모임 활동 중인데 강퇴 탈퇴가 공개 채팅창에 나오면 좋겠어요. 안보이니 방장과 운영진이 독재적으로 운영하는 경우가 많아 모임의 투명성이 탁해지고 있어요.,1,5.4.2,2026-08-05,https://play.google.com/store/apps/details?hl=ko&id=com.friendscube.somoim
959ad7b6-26c5-4c4e-985d-95bbf4e333a8,4,2026-01-07T01:10:24+00:00,좋음,0,5.4.2,2026-08-05,https://play.google.com/store/apps/details?hl=ko&id=com.friendscube.somoim
ec088750-229f-475d-8271-3023f0ec6d84,5,2026-01-05T02:02:08+00:00,좋아요,0,5.4.2,2026-08-05,https://play.google.com/store/apps/details?hl=ko&id=com.friendscube.somoim
a00681ee-6c04-4adc-8eb5-62222396e1fd,4,2026-01-04T11:18:59+00:00,채팅창에 검색할수 있는 기능을 만들어주세요,0,5.4.2,2026-08-05,https://play.google.com/store/apps/details?hl=ko&id=com.friendscube.somoim
d662f352-9df9-4869-9baf-a8a9054d574d,5,2026-01-02T08:54:28+00:00,재밌어요!,0,5.4.2,2026-08-05,https://play.google.com/store/apps/details?hl=ko&id=com.friendscube.somoim
a172a400-7814-43f1-84df-d0e19e302a13,1,2025-12-27T16:14:52+00:00,해당 모임 들아가기전에 자기소개 적고 사진 붙이는데 사진들보고 강퇴 처리하면 뭐 어쩌라는거죠? 취미활동 아니에요? 뭐 연예하는 앱인가요? 겁나 까다롭게 보네요. 얼탱이가 없어서,1,5.4.2,2026-08-05,https://play.google.com/store/apps/details?hl=ko&id=com.friendscube.somoim
0b58a402-210d-46d5-b51b-9a4ad68de7a3,5,2025-12-27T15:15:02+00:00,good!,0,5.4.2,2026-08-05,https://play.google.com/store/apps/details?hl=ko&id=com.friendscube.somoim
3bf20abe-e503-4c35-be8b-84445e816a3e,5,2025-12-27T03:13:59+00:00,"강원도 중부 살고, 나갈 수 있는 지역이 제한적인데 지역별로 모임볼 수 있는 기능있으면 좋겠습니다.",0,5.4.2,2026-08-05,https://play.google.com/store/apps/details?hl=ko&id=com.friendscube.somoim
c381bf74-d565-420d-8d88-6ff57362bb4f,5,2025-12-20T00:49:06+00:00,"모임 정보보면 단순히 링크를 거는게아니라 인스타, 유튜브, 카톡 같은 링크를 이미지화해서 이쁘게 걸어두던데 어떻게하는지 답변해주실분 계신가요ㅜ",0,5.4.2,2026-08-05,https://play.google.com/store/apps/details?hl=ko&id=com.friendscube.somoim
7041564e-f01c-4cca-a71e-08bac94e4380,2,2025-12-19T03:16:21+00:00,채팅에 검색 기능이랑 스크롤 좀 넣어주세요ㅠㅠㅠㅠㅠㅠㅠ 카톡처럼 지정 키워드 알림도 있으면 좋으련만 ㅠㅠㅠ,0,5.4.2,2026-08-05,https://play.google.com/store/apps/details?hl=ko&id=com.friendscube.somoim
ff018512-f8d9-421e-8198-37394c214ca3,5,2025-12-18T04:58:59+00:00,좋아서 별점 드립니다,0,,2026-08-05,https://play.google.com/store/apps/details?hl=ko&id=com.friendscube.somoim
ba1ac9b3-ca4b-4be5-a0dd-c29c8e0c4cf4,5,2025-12-08T00:04:34+00:00,좋은 앱,0,5.4.0,2026-08-05,https://play.google.com/store/apps/details?hl=ko&id=com.friendscube.somoim
efc4006a-66f9-46e7-b776-df5db349a812,5,2025-12-07T08:33:44+00:00,좋은 사람들을 만날수 있는 플렛폼 잘 쓰고 있습니다!,1,5.4.0,2026-08-05,https://play.google.com/store/apps/details?hl=ko&id=com.friendscube.somoim
33e927bf-69e5-4a9d-ba38-807adea55cc7,4,2025-12-04T01:42:07+00:00,모임 월구독료가 좀 부담스럽긴 하네요,0,5.4.0,2026-08-05,https://play.google.com/store/apps/details?hl=ko&id=com.friendscube.somoim
57928271-d8dc-4a77-915a-c0ee5ba4dc3b,5,2025-11-30T01:47:39+00:00,좋은 사람 좋은 모임,0,5.4.0,2026-08-05,https://play.google.com/store/apps/details?hl=ko&id=com.friendscube.somoim
f24a7023-acf6-45a4-ac52-06ea5a9440db,1,2025-11-28T21:57:35+00:00,모임 초대 거절 or 아예 안 받을 수 있게 해주세요. 알람도 끌수있게 해주세요. 관심 없는 모임에서 자꾸 초대오는데 거부도 못하고 알림도 못 꺼서 스트레스입니다,2,5.4.0,2026-08-05,https://play.google.com/store/apps/details?hl=ko&id=com.friendscube.somoim
1215fda7-0cc8-426b-a02b-442661965aff,5,2025-11-28T06:56:25+00:00,너무 좋은 어플 사람들과 만남이 어려웠는데 덕분에 좋은 인연 많이 만들었어요~,0,,2026-08-05,https://play.google.com/store/apps/details?hl=ko&id=com.friendscube.somoim
ab8d01af-c593-4d0f-adcb-a18783f74d8f,5,2025-11-17T09:36:08+00:00,굿,0,5.4.0,2026-08-05,https://play.google.com/store/apps/details?hl=ko&id=com.friendscube.somoim
61344990-f3bc-4c35-8a88-a03df114f493,5,2025-11-15T11:53:11+00:00,좋은 앱입니다,0,5.4.0,2026-08-05,https://play.google.com/store/apps/details?hl=ko&id=com.friendscube.somoim
37a11f6e-5cc9-4cc4-8cf3-5d41f83cf98d,4,2025-11-14T03:10:59+00:00,저희 모임은 어플 사용량이 많고 아주 활발한데 모임이 4개까지만 열려서 매번 어느 모임을 먼저 열 것인가에 대해 논의해야하는 불편함이 있습니다. 일주일은 7일이니 7개로만 늘려줘도 더욱 더 어플 사용이 활발 할 것 같습니다. 그리고 이미지 수정이 안되고 이미지를 수정하려 할 때 삭제->재공지 해야하는데 그러면 시간도 같이 수정해야하는 불편함도 있습니다. :) 다음 버젼 업데이트때 고려해주시면 감사하겠습니다.,22,5.4.0,2026-08-05,https://play.google.com/store/apps/details?hl=ko&id=com.friendscube.somoim
fc67bc1e-149a-4800-85fa-a0d10ffc4138,2,2025-11-13T00:28:37+00:00,"UI만 미세하게 자꾸 바꾸지마시고, 개발할거 없으시면 모임개설갯수나 늘려주세요, 4개는 너무작네요 ㅠㅠ",2,5.4.0,2026-08-05,https://play.google.com/store/apps/details?hl=ko&id=com.friendscube.somoim
67535b51-9937-47ae-9c75-af8f8f7bee5b,5,2025-11-12T11:49:43+00:00,좋은듯요,0,5.3.9,2026-08-05,https://play.google.com/store/apps/details?hl=ko&id=com.friendscube.somoim
addd4e65-e5b6-4c3c-888c-caa515490b92,5,2025-11-11T16:14:43+00:00,별점드릴게요,0,5.3.9,2026-08-05,https://play.google.com/store/apps/details?hl=ko&id=com.friendscube.somoim
d0c5aae6-6d6e-4eab-bd28-e1337bbe8165,1,2025-11-11T03:19:23+00:00,pc버전 지원조차 안되는 시대에 뒤떨어진 앱,0,5.3.9,2026-08-05,https://play.google.com/store/apps/details?hl=ko&id=com.friendscube.somoim
1320b622-f833-4a48-b8e3-f331f161b8af,5,2025-11-10T06:11:37+00:00,재미지구만,0,5.3.9,2026-08-05,https://play.google.com/store/apps/details?hl=ko&id=com.friendscube.somoim
a197d1c9-246b-4d4a-a9e4-4abf7be71a9f,1,2025-11-05T10:44:20+00:00,"모임을 이용하는건 크게 문제되는건 없는데 주제, 관심사와 전혀 상관없는 모임초대,불편한 모임들의 가입제한이 일주일주기로 한번씩 알림으로 오는데 막을수 있는 기능도 없어서 (알림을 끄더라도 계속 왔습니다) 너무 불편하고 스트레스 받았어요 모임 가입은 유저가 스스로 해야 한다고 생각합니다",6,,2026-08-05,https://play.google.com/store/apps/details?hl=ko&id=com.friendscube.somoim
4c77e249-3145-4ff8-90a4-42c1f5cdedd4,4,2025-11-04T02:02:06+00:00,제가 참여하는 모임의 정모를 빠르게 들어가는 키를 만들어주시면 안될까요? 이 기능이 없어서 여러번 클릭으로 들어가는 게 너무 불편합니다. 이외에는 다양한 모임을 접하기 편하고 정보를 얻을 수 있어서 만족합니다.,0,5.3.8,2026-08-05,https://play.google.com/store/apps/details?hl=ko&id=com.friendscube.somoim
8a1139c4-1650-4438-b070-5e5fec4d6088,5,2025-11-03T03:33:17+00:00,모임 가입 하실 분이라면 추천드립니다,0,5.3.8,2026-08-05,https://play.google.com/store/apps/details?hl=ko&id=com.friendscube.somoim
8de56e62-8a6b-4b19-ab41-3514386fb1ce,2,2025-11-03T01:25:03+00:00,"프로필 사진 변경해도 적용이 잘 안되거나 이전사진, 바꾼사진 랜덤으로 나오고, 프로필 누르면 보이는 가입된 모임도 탈퇴해도 가입되있는거로 보이거나 있는데도 안보이는 등 자잘한 오류가 많아요. 왜 이런게 개선이 안되는건지 이해가 안가는;;; 3년넘게 써오면서 어려운 기능 추가는 바라지도 않아요. 기본적인 기능은 개선 좀 해주세요ㅠㅠ",5,5.3.8,2026-08-05,https://play.google.com/store/apps/details?hl=ko&id=com.friendscube.somoim
e68ec5fc-fd01-41c6-bd94-d1f9976b970f,5,2025-10-30T06:29:26+00:00,프리미엄 모임 결제를 매달 하고 있지만 카테고리 노출은 물론이고 검색도 안되는 경우도 있습니다. 알고리즘 문제로 모든 이용자에서 노출이 안될수 있다는 것은 인지 하지만 검색조차 안되는건 이해가 되지 않습니다. 조속한 답변 바랍니다.,0,5.3.8,2026-08-05,https://play.google.com/store/apps/details?hl=ko&id=com.friendscube.somoim
1dac4441-291f-4ee9-aeb1-8c8787398552,4,2025-10-30T02:08:25+00:00,아직은 검색이 좀 힘들지만. 앱만의 환경과 특색이 확실히 있음,0,5.3.8,2026-08-05,https://play.google.com/store/apps/details?hl=ko&id=com.friendscube.somoim
f442762d-f04f-4ae3-ac28-7c69c5b8af42,5,2025-10-29T23:29:23+00:00,좋아요,0,5.3.8,2026-08-05,https://play.google.com/store/apps/details?hl=ko&id=com.friendscube.somoim
5edea9ef-00d8-4191-893c-e553a84fc84b,5,2025-10-28T15:06:19+00:00,굳굳,0,5.3.7,2026-08-05,https://play.google.com/store/apps/details?hl=ko&id=com.friendscube.somoim
bf5d2ca4-3573-4b45-add3-6d9e0ec9703b,5,2025-10-24T15:07:32+00:00,정말 좋았어요.,0,5.3.8,2026-08-05,https://play.google.com/store/apps/details?hl=ko&id=com.friendscube.somoim
d6a4e192-c1dd-4fd1-8e38-cc76197e01f9,5,2025-10-24T07:59:24+00:00,이메일 문의 답장좀 해라 인터넷 끊겼냐?,0,5.3.8,2026-08-05,https://play.google.com/store/apps/details?hl=ko&id=com.friendscube.somoim
0abc64c3-4980-4279-8a48-c744fd04fbcf,5,2025-10-23T06:40:53+00:00,피드백이 친절하고 엄청 빨라요. 불편사항을 정확히 이해하고 한시간도 안되어서 답장 및 문제 해결해주셨네요. 이용하는 방법이 간단하고 접근이 쉬워서 사용하기 좋네요ㅎㅎ,0,5.3.7,2026-08-05,https://play.google.com/store/apps/details?hl=ko&id=com.friendscube.somoim
6f9acf64-e1d3-4204-b232-952d2831b684,1,2025-10-21T08:34:15+00:00,전화기를 바꾸면서 모임장계정인데 접속이 안돼서 메일을 보내도 답장도 없고 돈은 꼬박꼬박 빼가면서 심지어 고객센터 전화번호도 없다 .... 이거 어디다 민원 넣어야하나,0,5.3.7,2026-08-05,https://play.google.com/store/apps/details?hl=ko&id=com.friendscube.somoim
6f666c02-a937-473b-87f9-ce6d81600581,5,2025-10-20T14:04:29+00:00,좋아요,0,5.3.7,2026-08-05,https://play.google.com/store/apps/details?hl=ko&id=com.friendscube.somoim
ce25d3d0-cfa3-45a3-9567-3110b2fd0859,5,2025-10-20T08:33:22+00:00,좋습니다.,0,5.3.6,2026-08-05,https://play.google.com/store/apps/details?hl=ko&id=com.friendscube.somoim
273c290c-a663-4b4c-8aa1-efaf7098b8d6,5,2025-10-19T13:54:57+00:00,편리하고 좋아요,0,5.3.7,2026-08-05,https://play.google.com/store/apps/details?hl=ko&id=com.friendscube.somoim
8eb711ac-64c7-4c8a-a988-0f67918bc40c,3,2025-10-14T06:12:02+00:00,좋아요. 그런데 지역 설정으로 해도 인근지역으로 검색 결과가 안나오네요. 솔직히 경북 북부에서 조회하는데 부산이 어떻게 인근지역인가요?,0,5.3.5,2026-08-05,https://play.google.com/store/apps/details?hl=ko&id=com.friendscube.somoim
686e3f27-1e1a-4cc1-9aba-8ca493309124,5,2025-10-11T03:38:03+00:00,좋아요,0,5.3.4,2026-08-05,https://play.google.com/store/apps/details?hl=ko&id=com.friendscube.somoim
cff5911f-3068-4829-9b4d-437a57ff65ca,1,2025-10-09T11:31:24+00:00,여성전용 소모임을 운영하는데 누가봐도 여성전용 모임이라고 모임명 앞에도 적어놨는데 남자가 가입하고 사진이나 글을 뒤져보는 경우가 있습니다. 가입하자마자 알면 바로 강퇴시킬텐데 몇분만 지나도 다 클릭해서 볼텐데 이러한 부분 수정할수있으면 좋겠습니다. 개인적으로 남여모임도 많이 활동하고 있지만 여성전용으로 모임활동하는 부분도 큰 장점이 있습니다. 성별을 지정가능한 기능을 추가해주세요,8,5.3.4,2026-08-05,https://play.google.com/store/apps/details?hl=ko&id=com.friendscube.somoim
06455705-6049-440a-90c8-d038fca20956,5,2025-10-09T10:35:25+00:00,좋아요,0,5.3.4,2026-08-05,https://play.google.com/store/apps/details?hl=ko&id=com.friendscube.somoim
70e6494c-23c5-4afb-bac7-59ea75b7c170,5,2025-10-09T02:52:33+00:00,"예전에 햇던 생각이 나고, 지금도 하면서 잘 하려고 합니다.",0,5.3.4,2026-08-05,https://play.google.com/store/apps/details?hl=ko&id=com.friendscube.somoim
a912d985-28ec-492f-8248-de8eb8d1bcfe,5,2025-10-08T12:55:38+00:00,여러모로 좋은 앱,0,5.3.4,2026-08-05,https://play.google.com/store/apps/details?hl=ko&id=com.friendscube.somoim
78cc8de8-accc-4e24-9b34-f1da582f1a03,1,2025-10-01T11:10:35+00:00,파워유저이용권이 자동으로 결제되어있네요 저는동의한적도없는데요 이거 결제 취소어떻게하나요??고객센터번호좀 갈켜주세요,0,5.2.1,2026-08-05,https://play.google.com/store/apps/details?hl=ko&id=com.friendscube.somoim
6930b1c7-006a-4380-befb-7dc2072cde1e,1,2025-09-30T10:17:44+00:00,가입하기 싫고 관심없는 분야 소모임에서 계속 초대가 와서 신고하는데 몇달째 달라지는게 없네요 신고하면 뭐하나요 계속 초대하는데ㅡㅡ 신고하면 해당 모임에 패널티가게 조치 좀 하세요ㅡㅡ,0,5.3.0,2026-08-05,https://play.google.com/store/apps/details?hl=ko&id=com.friendscube.somoim
26877836-3667-413f-b506-696698e5aeb2,4,2025-09-24T10:33:01+00:00,"소모임 쓸데없는 알림이 너무 많이 와서 삭제 후 재설치했는데, 기존에 가입된 모임이 다 날아갔어요 이렇게 되면 기존에 썼던 글도 삭제 못한 채 그대로 예전 모임에 남아있게 되잖아요 조치가 필요합니다",2,5.2.8,2026-08-05,https://play.google.com/store/apps/details?hl=ko&id=com.friendscube.somoim
79b6bc3c-974b-4198-97aa-e056a44deda3,5,2025-09-23T12:31:17+00:00,새로운 인연을 만나기 좋은 앱이에요. 관리자분들도 친정하게 궁금한점에 대해서 빠르게 해결해주십니다👍,0,5.2.7,2026-08-05,https://play.google.com/store/apps/details?hl=ko&id=com.friendscube.somoim
9d0731fb-a17a-469d-a903-8591f84dd2f6,5,2025-09-23T02:37:55+00:00,좋음,0,5.2.7,2026-08-05,https://play.google.com/store/apps/details?hl=ko&id=com.friendscube.somoim
9bb09c11-9c86-4ccf-bd11-5d4dbe74bf56,5,2025-09-17T12:03:29+00:00,좋음,0,5.2.4,2026-08-05,https://play.google.com/store/apps/details?hl=ko&id=com.friendscube.somoim
3434d42b-ee56-4703-a0f8-a476b1c61452,4,2025-09-15T00:29:00+00:00,죠습니다~!,0,5.2.4,2026-08-05,https://play.google.com/store/apps/details?hl=ko&id=com.friendscube.somoim
f4dc232e-4ad4-48bb-959e-a3ea2eac7602,5,2025-09-10T21:08:00+00:00,좋아요,0,5.2.4,2026-08-05,https://play.google.com/store/apps/details?hl=ko&id=com.friendscube.somoim
054b736b-0053-46f3-99bc-1bdc76605164,5,2025-09-10T14:59:33+00:00,아주 좋습니다,0,5.2.4,2026-08-05,https://play.google.com/store/apps/details?hl=ko&id=com.friendscube.somoim
2561db9e-09bb-41e9-9c3b-c2b2e506f4b0,2,2025-09-09T23:16:36+00:00,1대1 최대메세지제한때문에 대화가 안됩니다. 모임장인데,0,5.2.4,2026-08-05,https://play.google.com/store/apps/details?hl=ko&id=com.friendscube.somoim
437960eb-169c-4237-803e-70da8b386bbd,5,2025-09-05T21:47:15+00:00,여기서도 사람은 조심..,0,5.2.4,2026-08-05,https://play.google.com/store/apps/details?hl=ko&id=com.friendscube.somoim
65a53bb1-e958-4113-9df5-e256e65d5982,5,2025-09-04T15:13:11+00:00,소모임 처음인데 활성화가 되어 있군요 오늘 첫 참했는데 마무리까지 너무 좋았어요!,0,5.2.4,2026-08-05,https://play.google.com/store/apps/details?hl=ko&id=com.friendscube.somoim
858cdd13-31e6-4c7e-9f4e-8bd413d2928e,1,2025-09-04T07:08:38+00:00,취미생활 혼자하기 적적해서 소모임 가입해봄. 근데 가입할곳이 없음. 죄다 빌런들뿐. 모임장과 지인 여러명서 운영진하면서 시작. 지들은 정상인척하지만 여미새들만 넘쳐서 여자어떻게 해볼라는 세끼들 뿐임. 특히나 기혼자 절대안받음. 취미생활 같이하는건데 기혼이고 미혼이고 뭔상관... 운영진들 지들 여자꼬시는데 방해될까봐 탈퇴시킴. 내생각으론 범죄자도 많을듯. 여튼 개인적인 생각이니 하고싶은사람들은 해보세요,4,5.2.4,2026-08-05,https://play.google.com/store/apps/details?hl=ko&id=com.friendscube.somoim
881f635c-ab72-4c56-a7f8-c152e2779af6,5,2025-09-04T00:10:24+00:00,문의사항에 빠르고 친절하게 답해주세요^^,1,5.2.4,2026-08-05,https://play.google.com/store/apps/details?hl=ko&id=com.friendscube.somoim
dc049670-b4bb-4b94-ac1d-aa46f0404d53,1,2025-09-03T11:01:21+00:00,얼굴보는곳,1,5.2.4,2026-08-05,https://play.google.com/store/apps/details?hl=ko&id=com.friendscube.somoim
a4667661-0751-4228-9b4c-05384132a23b,4,2025-09-02T00:33:05+00:00,"다 좋음, 한가지 빼고. 정모 갯수 좀 2개만 더 늘려주면 진짜 최고일듯. 정모가 여러개일 때 손이 많이감",0,5.2.4,2026-08-05,https://play.google.com/store/apps/details?hl=ko&id=com.friendscube.somoim
b9650038-13b9-4e3a-8149-b70f176e0cf0,5,2025-08-31T04:10:01+00:00,고객센터 소모임팀분들 업무 처리도 빠르고 진짜 친절하시네요. 주말에도 일하시고 고생 많으십니다!,0,5.2.3,2026-08-05,https://play.google.com/store/apps/details?hl=ko&id=com.friendscube.somoim
4a49eee0-19d9-4546-878b-1b002e61c125,4,2025-08-28T04:03:06+00:00,좋아요,0,5.2.3,2026-08-05,https://play.google.com/store/apps/details?hl=ko&id=com.friendscube.somoim
777bfebc-349a-4feb-ba7c-954c51d82a9b,1,2025-08-26T16:07:55+00:00,모임을 만들려면 돈을 내야하는것도 그렇고 처음부터 50명을 강제로 초대하게 하는것도 그렇고 이건 영 아니네요.,2,5.2.3,2026-08-05,https://play.google.com/store/apps/details?hl=ko&id=com.friendscube.somoim
92e9340d-dcc6-4202-a2ec-4e1b1a06755f,3,2025-08-26T02:40:59+00:00,여타 모임에 비해 사용이 너무 불편 합니다.,0,5.2.3,2026-08-05,https://play.google.com/store/apps/details?hl=ko&id=com.friendscube.somoim
1d9ff658-0cd2-44a8-8d66-f3a166b1c0de,3,2025-08-24T17:31:51+00:00,잠시만 기다려주세요만 마냥 뜹니다..,0,,2026-08-05,https://play.google.com/store/apps/details?hl=ko&id=com.friendscube.somoim
25e2da6a-1d1e-4d73-bdf8-70645b0a3622,4,2025-08-24T10:03:06+00:00,다 같이하면 바로 참여할 수 있는 것이 좋아요,0,5.2.3,2026-08-05,https://play.google.com/store/apps/details?hl=ko&id=com.friendscube.somoim
93ae4add-d236-400a-ad36-1b15d379b2e6,1,2025-08-19T08:00:26+00:00,다시는 안 쓰고 싶네요,0,,2026-08-05,https://play.google.com/store/apps/details?hl=ko&id=com.friendscube.somoim
5f2e9735-319a-4e96-b6b0-2ff3577425ea,5,2025-08-18T12:47:44+00:00,결제 유도 없이 돈을 버는 구조라 만족,0,5.2.2,2026-08-05,https://play.google.com/store/apps/details?hl=ko&id=com.friendscube.somoim
2dc1eda9-eb3d-4bc6-82d5-2f87f229e0eb,5,2025-08-17T07:16:13+00:00,앱잘빠짐,0,5.2.2,2026-08-05,https://play.google.com/store/apps/details?hl=ko&id=com.friendscube.somoim
a156dcc9-8db9-4eb2-8b1d-b18f4b7792da,5,2025-08-16T12:23:43+00:00,좋아요,0,,2026-08-05,https://play.google.com/store/apps/details?hl=ko&id=com.friendscube.somoim
7008a718-001c-4891-ba52-09f36f4a0116,4,2025-08-13T03:44:38+00:00,사람모으기도 모임운영하기도 좋은 어플 근데 어플을 쓰면 쓸수록 드는 생각 뭔가 항상 13퍼센터 부족한 애매한느낌이 강하게 듦 수정해야할 부분이 눈에 많이 보이나 개선을 안함,0,5.2.2,2026-08-05,https://play.google.com/store/apps/details?hl=ko&id=com.friendscube.somoim
af40ba83-b045-4628-ba9e-a388fb6722d7,1,2025-08-12T10:09:46+00:00,2009년생(2025년 고등학교 1학년)은 만 14세 이상인데도 가입이 안 됩니다.,0,,2026-08-05,https://play.google.com/store/apps/details?hl=ko&id=com.friendscube.somoim
f97bb905-c499-47fc-bf5c-d18b8610faf5,1,2025-08-12T09:57:21+00:00,고객센터가 메일도 안받고 연락도 두절이네요??,0,5.2.2,2026-08-05,https://play.google.com/store/apps/details?hl=ko&id=com.friendscube.somoim
835bb8c5-c7f8-460f-8b1a-c0c2607f2823,1,2025-08-12T05:52:23+00:00,"모르는 모임에서 자꾸 초대 알림이 와서 짜증나요. 초대 알림 거부하고 싶은데 설정에 그런 기능도 없고, 가입한 모임이 있어서 소모임 자체 어플 알림을 끌 수는 없거든요. 왜 이런 기능이 구비되어 있지 않은 건가요? 가입할 의사도 전혀 없는 모임에서 5일 간격으로 자꾸 초대가 와서 짜증나고요. 쓸데없는 알림 없애고 싶습니다.",7,,2026-08-05,https://play.google.com/store/apps/details?hl=ko&id=com.friendscube.somoim
1c568ffc-ea19-4e33-85b2-40cdaef3f7c4,1,2025-08-11T05:05:33+00:00,인증횟수 초과했다고 23시간 이후부터 모임 가입할 수 있다는건 뭔가요 와 이런 앱 처음보네,0,5.2.2,2026-08-05,https://play.google.com/store/apps/details?hl=ko&id=com.friendscube.somoim
275896d6-d5c7-4727-8433-f28236b48478,5,2025-08-07T16:35:50+00:00,좋아요,0,5.2.2,2026-08-05,https://play.google.com/store/apps/details?hl=ko&id=com.friendscube.somoim
540daf88-e679-48d5-8173-dd83aba7a132,1,2025-08-04T16:50:57+00:00,전화번호 입력했는데도 인증번호 안옴.. ㅡ.ㅡ,0,5.2.1,2026-08-05,https://play.google.com/store/apps/details?hl=ko&id=com.friendscube.somoim
4c5bf6ad-d497-497a-9642-b3a6ecc7d0ae,1,2025-08-02T07:22:30+00:00,유료구독을 결제했지만 노출과 인원초대가 되지 않고있습니다. 문의도 6번 인스타 dm까지 요청했지만 문의 확인을 해주시지 않아 답답한 심정입니다 환불 부탁드립니다 이중 결제까지 된것 같습니다 프리미엄 기능을 사용하였음에도 불구하고 기능에 오류가 생겨 유료구독이 무용지물인 상태입니다.,6,5.2.1,2026-08-05,https://play.google.com/store/apps/details?hl=ko&id=com.friendscube.somoim
8dd24b37-ad90-461d-bbf2-65cece43c40f,5,2025-07-30T21:22:40+00:00,많은 모임 정보로 저에게 많은 도움이 되었습니다 지인들에게도 강추합니다 감사합니다^^,0,5.2.1,2026-08-05,https://play.google.com/store/apps/details?hl=ko&id=com.friendscube.somoim
b3559b2f-157d-4576-88ea-838f6898df67,5,2025-07-28T21:27:21+00:00,좋다,0,5.2.1,2026-08-05,https://play.google.com/store/apps/details?hl=ko&id=com.friendscube.somoim
207ab933-d962-4583-82fa-7b561647d235,5,2025-07-28T15:30:46+00:00,굿굿굿,0,5.2.1,2026-08-05,https://play.google.com/store/apps/details?hl=ko&id=com.friendscube.somoim
2111a0ee-1ff1-40d6-998b-c8e22c5954cb,5,2025-07-24T15:39:04+00:00,이 좋은걸 이제야...,0,5.2.0,2026-08-05,https://play.google.com/store/apps/details?hl=ko&id=com.friendscube.somoim
3274bbe3-a90b-443c-b8f9-f1d3c135c74e,5,2025-07-22T16:03:01+00:00,"근처 모임을 찾기에 최적화된 어플입니다. 휴대폰번호가 변경되어 이메일로 문의했는데, 자정이 다 되어가는 늦은 시간임에도 답장이 와서 깜짝 놀랐습니다. 그리고, 제가 이전에 가입할 때 썼던 번호를 잘못 알고 있었음에도 다른 방법으로 친절하고 완벽하게 대응해주셔서 원활하게 처리되었습니다!!",16,5.2.0,2026-08-05,https://play.google.com/store/apps/details?hl=ko&id=com.friendscube.somoim
38827be7-88ff-46a2-88c7-06913d955f25,5,2025-07-22T07:10:52+00:00,움직이는 GIF 사진도 적용되었으면 좋겠습니다,0,5.2.0,2026-08-05,https://play.google.com/store/apps/details?hl=ko&id=com.friendscube.somoim
81b05cfc-de5f-43cb-abb9-3f353f92791d,5,2025-07-21T04:25:46+00:00,아직은 잘모르겠는데 취미만 구한다면 만족할거라 보입니다.,0,5.2.0,2026-08-05,https://play.google.com/store/apps/details?hl=ko&id=com.friendscube.somoim
08f107d2-8adf-4da5-86c6-69d60535b383,5,2025-07-20T21:54:42+00:00,유익하고 재밌습니다!,0,5.2.0,2026-08-05,https://play.google.com/store/apps/details?hl=ko&id=com.friendscube.somoim
cce67973-5e6b-412d-9452-fa0a5f93ee3b,5,2025-07-19T07:08:36+00:00,저의 인생을 바꿀 수 있어서 좋습니다.,0,5.2.0,2026-08-05,https://play.google.com/store/apps/details?hl=ko&id=com.friendscube.somoim
0980cd89-c2f2-4d31-b43a-b43ccefabcf9,5,2025-07-14T13:20:32+00:00,소모임 고객센터팀 신속한 응대 진짜 최고입니다 👍 늦은시간임에도 불구하고 바로 처리와 빠른 회신 너무 감사하네요 소모임어플이 사람들간의 소통앱으로 큰 영향력을 주는데요 서비스까지 만족스러워서 감사하다는말씀 전해드리고 싶습니다!,2,5.2.0,2026-08-05,https://play.google.com/store/apps/details?hl=ko&id=com.friendscube.somoim
1086208a-cd1b-42fa-96ea-f8bded97d7b9,1,2025-07-14T05:09:36+00:00,프리미엄 해지를 했는데 돈이 계속 빠져나갑니다 메일을 보냈는데 답도 없어요 연락주세요,1,5.2.0,2026-08-05,https://play.google.com/store/apps/details?hl=ko&id=com.friendscube.somoim
8e9ad91b-6027-432a-bd23-bf968864a2cd,5,2025-07-14T00:13:08+00:00,다양한 소모임이 많음,0,5.2.0,2026-08-05,https://play.google.com/store/apps/details?hl=ko&id=com.friendscube.somoim
9ac76925-577c-4c35-b450-919549a4d1ae,2,2025-07-11T04:21:32+00:00,"모임운영자입니다. 소모임 동시에 4개밖에 못열고 대문글자갯수 한정, 모임방한번파면 시간날짜수정, 사진수정도 안되고 답답하네요. 쫌 수정좀 해줘요",1,,2026-08-05,https://play.google.com/store/apps/details?hl=ko&id=com.friendscube.somoim
390b0a53-c0ee-4ca1-9ad6-71cfe7fba4ca,3,2025-07-10T07:12:05+00:00,일반 회원에게 신규가입 회원 알림 좀 끌수있는 기능 좀 만들어 주세요. 누가 가입할때마다 알림이 계속떠서 불편합니다.,1,5.1.9,2026-08-05,https://play.google.com/store/apps/details?hl=ko&id=com.friendscube.somoim
082b831d-a1bb-4342-84cd-982cfea71830,5,2025-07-09T14:09:51+00:00,"근처 모임을 찾는데는 최고에요! 러닝,수영 같이 접근성이 중요한 종목들은 소모임에서 찾는게 장기적으로 활동할 수 있는 모임을 찾기에는 제일 좋았어요 ! 그리고 왕감동이었던 건 계정복구 때문에 문의를 드렸었어요 늦은 시간이라 당연히 다음 날 답변 올 줄 알았는데 10분도 안되서 답을 주셔서 엄청 감사했습니다..! 항상 잘 사용하고 있습니다!!!",11,5.2.0,2026-08-05,https://play.google.com/store/apps/details?hl=ko&id=com.friendscube.somoim
24186247-00ab-46b8-86d3-c8ae3bb8a506,5,2025-07-07T12:05:28+00:00,신속하고 친절하게 응답해주셔서 감사합니다. 그리고 이용하시는 분들이 원하는 꼭 맞는 답변과 서비스에 항상 감사드립니다.😊,0,5.2.0,2026-08-05,https://play.google.com/store/apps/details?hl=ko&id=com.friendscube.somoim
2ed89cec-ab97-4e0e-b11a-20b60941aaf4,5,2025-07-02T06:57:57+00:00,꽤 잘되어있습니다 만족중,0,5.1.9,2026-08-05,https://play.google.com/store/apps/details?hl=ko&id=com.friendscube.somoim
73f3a984-22e0-49b2-891e-587eb52a217a,5,2025-06-28T03:45:40+00:00,좋네요,0,,2026-08-05,https://play.google.com/store/apps/details?hl=ko&id=com.friendscube.somoim
76cc1c3b-6699-44ab-ad88-4b14d2a92118,5,2025-06-27T09:17:57+00:00,유익한..아주유익한 시간이였습니다.,0,5.1.9,2026-08-05,https://play.google.com/store/apps/details?hl=ko&id=com.friendscube.somoim
36a838cd-0d5d-4965-9984-fb8fc7033b9b,5,2025-06-21T08:25:12+00:00,다 좋은데 이미 만들어진 벙 수정할때 시간도 수정할수있으면 좋겠어요~,0,5.1.7,2026-08-05,https://play.google.com/store/apps/details?hl=ko&id=com.friendscube.somoim
030a8cca-f9ca-4447-abc1-2d5e156d80e3,2,2025-06-19T22:19:34+00:00,"이거해라, 저거해라, 친구한테 공유해라 등등 쓸모없는 알람 개 많이 뜸 지역도 설정 지역 외 너무 멀리 있는 곳 뜸",1,5.1.8,2026-08-05,https://play.google.com/store/apps/details?hl=ko&id=com.friendscube.somoim
b841bd27-d9f2-4bc8-816f-8099ac9308a7,5,2025-06-17T06:33:45+00:00,굿,0,5.1.7,2026-08-05,https://play.google.com/store/apps/details?hl=ko&id=com.friendscube.somoim
f2ba9ff3-f983-45ec-9599-66568b88d300,4,2025-06-15T01:08:50+00:00,"내모임의 새 정기모임 참여신청 알림 설정을 할 수 있으면 좋겠어요 알림이 안 떠서 모르는 새에 마감돼요 게시글의 댓글을 새로운순으로 볼 수 있으면 좋겠어요 어떻게 새 댓글이 맨 아래에 있는지,,,",1,5.1.7,2026-08-05,https://play.google.com/store/apps/details?hl=ko&id=com.friendscube.somoim
013bcf6a-e11f-4a89-864d-efb9718158e6,5,2025-06-12T23:41:32+00:00,장기간 미접속하였다가 오랜만에 접속했더니 기존 계정으로 로그인 되지 않아서 메일을 보냈는데 빠르게 해결해주셨습니다! 건강한 모임들이 많아서 좋아용!,0,5.1.7,2026-08-05,https://play.google.com/store/apps/details?hl=ko&id=com.friendscube.somoim
bb48a1e3-11fd-49b7-98b9-7346fe4c476f,5,2025-06-11T11:19:26+00:00,굿,0,5.1.7,2026-08-05,https://play.google.com/store/apps/details?hl=ko&id=com.friendscube.somoim
b8d4b163-4c58-4a49-93e4-155abe66d20d,2,2025-06-11T03:37:46+00:00,노션 게시용 링크 앱 내부 브라우저에서 로딩이 안돼서 흰화면으로 나와요,1,5.1.7,2026-08-05,https://play.google.com/store/apps/details?hl=ko&id=com.friendscube.somoim
29d2d85b-fd71-420a-a9e7-6c1bfbc69f0c,5,2025-06-10T23:10:44+00:00,"제가 1년치 결제 후 방 만들었는데 다른방들 정리하다가 제가 운영하는 방을 실수로 탈퇴 했는데 처음에는 "" 반복적인 탈퇴로 인해 일정시간 동안 가입이 제한됩니다"" 였는데 잠시후 다시 가입하려니까 "" 반복적인 탈퇴로 인해 해당모임 가입이 제한 되었습니다."" 이렇게 뜨네요 이거 어떻게 처리해야하나요? 고객센터는 메일이 가는건지 잘 몰라서 여기다 문의드려요",3,5.1.7,2026-08-05,https://play.google.com/store/apps/details?hl=ko&id=com.friendscube.somoim
cc0f8f2f-ec8d-4e97-af81-e3fcc582286f,5,2025-06-02T23:14:04+00:00,"어플 체계도 잘잡혀 있고, 무엇보다 앱개발진들의 대응이 빠릅니다",0,4.8.6,2026-08-05,https://play.google.com/store/apps/details?hl=ko&id=com.friendscube.somoim
2a1ef2ad-6119-4392-a272-9010d9871875,1,2025-06-02T07:03:45+00:00,네이버 밴드는 무료인데 소모임방 하나 만들어서 하는데 월 약2만원은 너무 비싼거 같아요 기능이 많은것도 아니고,1,5.1.7,2026-08-05,https://play.google.com/store/apps/details?hl=ko&id=com.friendscube.somoim
040166eb-e08b-49a3-9361-d205d107ca57,5,2025-06-01T20:33:27+00:00,다양한 모임,0,5.1.6,2026-08-05,https://play.google.com/store/apps/details?hl=ko&id=com.friendscube.somoim
af9fb1cd-fb74-4b36-bff9-b585f3065bbd,5,2025-06-01T17:02:46+00:00,너무 좋네요~,0,5.1.6,2026-08-05,https://play.google.com/store/apps/details?hl=ko&id=com.friendscube.somoim
0653a427-225c-42a9-aba4-f084feed4085,5,2025-05-31T15:05:17+00:00,기본적으로 생년월일이 투명하게 공개되고 모임 가입할 때 실명이 오픈하는 문화가 있어서 좋더라구요~ 당근이나 오픈채팅 보다 더 신뢰가는 모임을 원하신다면 소모임 추천❣️,0,5.1.6,2026-08-05,https://play.google.com/store/apps/details?hl=ko&id=com.friendscube.somoim
d8446b28-9525-4e6b-a2e3-6bd29ff339bf,5,2025-05-31T00:03:07+00:00,좋아요,0,5.1.5,2026-08-05,https://play.google.com/store/apps/details?hl=ko&id=com.friendscube.somoim
5e83f365-6774-4c3c-ac9d-0c639fcbd479,5,2025-05-28T21:50:35+00:00,굿,0,5.1.6,2026-08-05,https://play.google.com/store/apps/details?hl=ko&id=com.friendscube.somoim
89adf567-f529-403a-ace8-3706435d9618,5,2025-05-28T02:32:57+00:00,이모티콘이 사용 불가능한 버그가 있어서 문의를 드렸는데 빠른 답변으로 해결할 수 있었습니다. 감사합니다. 아 모임 자체도 정말 즐겁게 이용중이에요,0,5.1.6,2026-08-05,https://play.google.com/store/apps/details?hl=ko&id=com.friendscube.somoim
704cca0c-2e3e-4a21-9a8a-84784250c577,4,2025-05-28T01:06:04+00:00,폰 업데이트 후 이모티콘 안눌러지는 현상 부탁드립니다,0,5.1.6,2026-08-05,https://play.google.com/store/apps/details?hl=ko&id=com.friendscube.somoim
1bfee2dd-321a-4fc6-84c6-c7badceebf70,2,2025-05-26T11:01:14+00:00,모임 등록 사진 필수인것도 불편해졌는데 폴더에서 사진 가져오기는 왜 뺐는지 의문임. 왜 매번 스크롤 내리면서 사진 올려야하는지?,1,5.1.4,2026-08-05,https://play.google.com/store/apps/details?hl=ko&id=com.friendscube.somoim
5dcbe8df-0282-473f-97fe-3c3d0daed6ad,5,2025-05-26T10:41:19+00:00,굿,0,5.1.4,2026-08-05,https://play.google.com/store/apps/details?hl=ko&id=com.friendscube.somoim
84a4950f-fe18-44aa-aab5-2242fa83d692,5,2025-05-23T20:51:32+00:00,채팅창에 자신이 올린거 지울수 있도록 할수 없나요? 그런 기능 만들어 주세요. 나머지는 정말 좋은 기능 입니다.,0,5.1.4,2026-08-05,https://play.google.com/store/apps/details?hl=ko&id=com.friendscube.somoim
dead6b2f-196a-47f7-b3ee-e66010450925,1,2025-05-23T18:30:20+00:00,조회 조건에 생년월일이 왜 조건이 되는지 모르겠는데 60년대 생은 조회 기능이 인됨. 생일을 70년대로 수정하면 조회가 됨.,1,,2026-08-05,https://play.google.com/store/apps/details?hl=ko&id=com.friendscube.somoim
7f7ce514-9ede-4bcd-bc04-9d2ba07b53b5,5,2025-05-20T01:40:40+00:00,좋습니다 ^^,0,5.1.2,2026-08-05,https://play.google.com/store/apps/details?hl=ko&id=com.friendscube.somoim
e7fb68fe-5801-44a7-9d16-657429bcd68b,1,2025-05-15T04:31:30+00:00,전화번호적고 인증번호요청했는데 안날라오네요,1,5.1.3,2026-08-05,https://play.google.com/store/apps/details?hl=ko&id=com.friendscube.somoim
ca73da9e-9580-416c-8558-4811538a1513,1,2025-05-15T02:49:19+00:00,"본 모임은 30일간 무료 운영 후 프리미엄 가입이 필요합니다. 수익 창출 목적은 이해하나, 운영 승계 시점에 이를 명확히 고지해야 합니다. 승계 후 2일 만에 프리미엄 가입 안내는 모임 운영 의지를 저하시키는 요소입니다. 사전 공지를 통해 충분한 정보 제공이 필요하며, 갑작스러운 프리미엄 가입 요구는 회원 이탈을 야기할 수 있습니다.",1,5.1.3,2026-08-05,https://play.google.com/store/apps/details?hl=ko&id=com.friendscube.somoim
0f4647b4-d230-4ddb-8876-0be60f237f93,5,2025-05-15T01:08:54+00:00,같은 관심사를 가진 사람들과 이야기를 나눌 수 있어서 기뻐요,0,5.1.3,2026-08-05,https://play.google.com/store/apps/details?hl=ko&id=com.friendscube.somoim
9b16508a-a6b5-4778-a6e7-9995b75cc4b5,1,2025-05-10T12:37:52+00:00,개인 프라이버시 올노출임 가릴려면 돈내야함ㅋ,2,5.1.3,2026-08-05,https://play.google.com/store/apps/details?hl=ko&id=com.friendscube.somoim
d1a03ed0-b422-42eb-8df6-ddf243bc25f7,1,2025-05-07T08:51:06+00:00,"앱으로 모임원들과 소통하기가 너무 불편하고 힘드네요 ㅠㅠ 개인 DM 알람도 확인이 잘 안되고 url도 지도링크만 하이퍼링크가 되고 pc에서도 사용할 수 없고, 회원가입 형식이 아니라서 기기 1개로만 사용해야되는거 너무 불편해요. 프리미엄 모임 이용권 혜택도 별거 없는데 가격대비 앱이 좀 폐쇄적인 것 같고 기능이 좀 더 유연해졌으면 좋겠어요.. 쓸 때마다 답답해요 ㅠㅠ",10,5.1.3,2026-08-05,https://play.google.com/store/apps/details?hl=ko&id=com.friendscube.somoim
24318740-6af9-4ac5-85c0-ffaaa837d07a,3,2025-05-06T02:28:30+00:00,"가입한 소모임 탈퇴는 안한 상태에서 소모임 어플을 삭제 했었는데, 제가 가입했던 소모임 목록이 전부 사라졌어요. 알수없는 사용자 상태인가 보더라구요. 어떻게 해결하면 되나요??",8,5.1.3,2026-08-05,https://play.google.com/store/apps/details?hl=ko&id=com.friendscube.somoim
6acce1d4-5a2b-43ae-9ec0-14d3c302db6f,3,2025-04-30T11:45:50+00:00,제가 가입한 모임들을 상대방이 못 보게 할 수는 없나요? 친구랑 같이 가입했는데 불편해서요..,0,5.1.3,2026-08-05,https://play.google.com/store/apps/details?hl=ko&id=com.friendscube.somoim
b98dbf5b-a899-44a4-b144-c981d9f3e2b1,5,2025-04-28T01:17:13+00:00,편리함,0,,2026-08-05,https://play.google.com/store/apps/details?hl=ko&id=com.friendscube.somoim
67b317ed-e038-4704-a0e2-2fd0c0e49cbe,5,2025-04-20T19:46:08+00:00,재미있는 어플이네..,0,5.1.3,2026-08-05,https://play.google.com/store/apps/details?hl=ko&id=com.friendscube.somoim
e884d1e5-f189-4e4f-89ac-58fbef64fa2b,5,2025-04-20T05:58:14+00:00,좋아요,0,5.1.3,2026-08-05,https://play.google.com/store/apps/details?hl=ko&id=com.friendscube.somoim
36ae79a4-9731-4372-b015-05f7a140dc84,1,2025-04-19T18:16:48+00:00,핸드폰 바꾸고 앱을 새로 깔았는데 기존 사용하던 파워유저권이 사용이 안됩니다 중지시켜주시던지 사용할수있게 해결해주세요!,1,5.1.3,2026-08-05,https://play.google.com/store/apps/details?hl=ko&id=com.friendscube.somoim
82f679e1-6cfe-4793-80e5-90f3b0e8634a,5,2025-04-19T15:36:43+00:00,굿~,0,5.1.3,2026-08-05,https://play.google.com/store/apps/details?hl=ko&id=com.friendscube.somoim
d863ad0a-2e02-4f1d-a8fd-5cf44c97f1e8,5,2025-04-19T04:17:41+00:00,좋아욤,0,5.1.3,2026-08-05,https://play.google.com/store/apps/details?hl=ko&id=com.friendscube.somoim
abf440ae-d51d-49da-a667-7f1a49af3b3a,1,2025-04-18T13:58:21+00:00,돈을 받았으면 제대로 좀 해라,1,5.1.2,2026-08-05,https://play.google.com/store/apps/details?hl=ko&id=com.friendscube.somoim
7677c473-2909-4e04-a67e-aa04e7347623,5,2025-04-13T15:37:06+00:00,좋아요,0,5.1.2,2026-08-05,https://play.google.com/store/apps/details?hl=ko&id=com.friendscube.somoim
b6dc4854-6510-4b8c-a11f-e73b8547ca22,3,2025-04-13T10:16:37+00:00,가입후에 카카오톡 링크를 소모임 채팅으로 받았는데 클릭도 복사도 불가합니다. 원래 그런건가요?,0,5.1.2,2026-08-05,https://play.google.com/store/apps/details?hl=ko&id=com.friendscube.somoim
4ca7b2d3-b5e2-4bad-ad7f-28068056b538,5,2025-04-10T20:54:34+00:00,굿,0,5.1.2,2026-08-05,https://play.google.com/store/apps/details?hl=ko&id=com.friendscube.somoim
ad32799f-e21a-4071-983c-e951cc9ac932,2,2025-04-10T11:18:50+00:00,모임이 현실과 동떨어져 있고 목적이 다른 경우가 많아서 모니터링을 좀 강화해야 할 필요성이 있는 것 같습니다 초대 거부 기능을 넣어주실 생각은 아직 없으신건가요? 관심사가 어느 정도 비슷하게 매칭이 되어야 교류를 하든지 할 것 아닙니까? 본인 의사에 모임에 참석하는 방향으로 개선해주세요..!! 부탁드립니다,20,5.1.2,2026-08-05,https://play.google.com/store/apps/details?hl=ko&id=com.friendscube.somoim
fa20f4f8-0526-4184-95f7-2162555ebf79,5,2025-04-07T02:27:49+00:00,원하는 운동을 좋은분들과 함께 할 수 있어서 좋습니다.,0,5.1.2,2026-08-05,https://play.google.com/store/apps/details?hl=ko&id=com.friendscube.somoim
73d66c41-8946-4478-b29c-9beba4114fae,5,2025-04-05T07:08:25+00:00,사용자구요 이런 활발한 모임 아주 좋아요! 처음 봤을때는 스폰서분들이 많이. 작성한글들이 보여서 점수가 낮은것들이 보이던데 그냥 회원입장에서는 이런 활발한 소모임은 사랑이죠 (나이 30대에 여기서 좋은 친구들도 만나고) 일상을 즐겁게 해주셔서 감사합니다~~ 흥하세요~~,6,5.1.2,2026-08-05,https://play.google.com/store/apps/details?hl=ko&id=com.friendscube.somoim
cfca1481-5b89-4af1-9cba-e0b49a03b7e8,5,2025-04-03T03:20:23+00:00,쓸만해요,0,5.1.2,2026-08-05,https://play.google.com/store/apps/details?hl=ko&id=com.friendscube.somoim
723fdb74-affd-4847-bea9-d02a659f844b,1,2025-04-01T14:33:56+00:00,까다로운 가입 기준,1,5.1.2,2026-08-05,https://play.google.com/store/apps/details?hl=ko&id=com.friendscube.somoim
07d30311-8a2f-453b-84ec-95d4e231aea1,1,2025-03-28T05:48:31+00:00,자동결제 취소 따윈 못하게 만들어놓음,1,,2026-08-05,https://play.google.com/store/apps/details?hl=ko&id=com.friendscube.somoim
0c7236e5-40d5-443d-9e60-290a7973be7a,4,2025-03-24T11:56:42+00:00,무료30일이후에 유료되는건 이해하는대 무료 이용기간동안 하루에30명씩 초대를 왜 못하는지 모르겠어요. 돈에 눈이 머신건지 이해가 않감,5,5.1.1,2026-08-05,https://play.google.com/store/apps/details?hl=ko&id=com.friendscube.somoim
38fbd101-71b0-4f67-abe0-beb3950f448a,3,2025-03-24T03:56:10+00:00,마구잡이 초대보내는 모임들 차단하는 기능 없나요?,4,5.1.1,2026-08-05,https://play.google.com/store/apps/details?hl=ko&id=com.friendscube.somoim
01021d25-a7f6-4aed-8708-4aa12aeeeee8,5,2025-03-23T10:45:39+00:00,조금만더 소소했으면,0,5.1.1,2026-08-05,https://play.google.com/store/apps/details?hl=ko&id=com.friendscube.somoim
160d13fd-f9f1-4737-93f9-7e51a7e7bc3f,5,2025-03-22T12:27:36+00:00,좋은어플이네요~,0,5.1.1,2026-08-05,https://play.google.com/store/apps/details?hl=ko&id=com.friendscube.somoim
9b9c07c2-1b85-4fc3-9f7d-8b0eb8aa2bb0,5,2025-03-22T10:34:24+00:00,굿,0,5.1.1,2026-08-05,https://play.google.com/store/apps/details?hl=ko&id=com.friendscube.somoim
c149374f-446a-4a92-a226-4082ee7ab6f6,5,2025-03-22T02:44:02+00:00,수정안 제시합니다. 삭제된 게시물이 소모임 창에 그대로 남아있습니다. 그 게시물을 열면 삭제되었다고 알람창이 뜨는데 게시판에는 기록이 그대로 남아있네요. 수정해 주세요,0,5.1.1,2026-08-05,https://play.google.com/store/apps/details?hl=ko&id=com.friendscube.somoim
8c053f1b-5507-472b-95e8-a6390056f40c,1,2025-03-20T02:53:57+00:00,과금후에도 과금이 정한 서비스가 안됨,1,5.1.1,2026-08-05,https://play.google.com/store/apps/details?hl=ko&id=com.friendscube.somoim
04ee1b79-f7d9-44a7-81df-432767fa1026,5,2025-03-20T02:20:09+00:00,"좋아하는 분야, 또는 관심있는 분야의 취미 생활들을 다양한 사람들과 함께 할 수 있어서 좋아요. 개발해주셔서 감사해요.",0,5.1.1,2026-08-05,https://play.google.com/store/apps/details?hl=ko&id=com.friendscube.somoim
0e986bc0-14b6-4f17-9f36-c0afba8306bb,5,2025-03-16T16:01:17+00:00,좋은거 같음,0,5.1.1,2026-08-05,https://play.google.com/store/apps/details?hl=ko&id=com.friendscube.somoim
62e28db0-6f97-4370-9312-feeac6269fa7,5,2025-03-16T04:32:56+00:00,굿!,0,5.1.1,2026-08-05,https://play.google.com/store/apps/details?hl=ko&id=com.friendscube.somoim
1bc0a984-8175-404f-8572-ac51577899c8,2,2025-03-15T10:21:19+00:00,"안녕하세요. 소모임이라는 어플 알게되어 가입해서 잘 쓰고 있습니다. 한가지 불편한 것이 있습니다. 하루에 한번씩 꼭 받게되는 ""모임에 가입해 보세요"" 알림은 어떻게 끄나요? 좀 안보내면 안되나요? 모임 잘 가입해서 활동하고 있습니다. 저 짜증나는 알림 때문에 아예 폰 설정에서 알림을 껐습니다. 그랬더니 어플 들어갈때 마다 알림을 켜라고 팝업이 또 뜨네요. 너무 불편하고 짜증나요. 개선 좀 해주세요. 모임 가입은 유저가 알아서 하게 좀 냅두시면 감사하겠습니다.",12,5.1.1,2026-08-05,https://play.google.com/store/apps/details?hl=ko&id=com.friendscube.somoim
359d5116-c17b-4130-875e-8b916bc24c45,5,2025-03-06T12:15:59+00:00,코로나 이후부터 장기 휴면상태로 있다 기존에 운영했던 모임을 다시 살려내는 과정에서 일부 문제가 있었는데 늦은시간까지 문제점에 대해 대응을 잘해주셔서 잘 해결할수 있었습니다!! 감사합니다 만족합니다^^,1,5.1.1,2026-08-05,https://play.google.com/store/apps/details?hl=ko&id=com.friendscube.somoim
1fb8821f-078a-4ecb-80fb-c0853f186140,5,2025-03-06T11:08:50+00:00,취미생활 같이 가능한 분들이 많아 좋습니다,0,5.1.1,2026-08-05,https://play.google.com/store/apps/details?hl=ko&id=com.friendscube.somoim
c7065b5a-6a7e-490a-a499-0bcdfc2454b1,5,2025-03-06T09:51:11+00:00,"안녕하세요 운동을 즐겨하는 사람으로써 모임을 찾던 중 소모임을 알게되어 설치하였습니다! 이용하던도중 실수로 탈퇴하기 눌러서 급히 메일을 보냈는데 일사천리로 잘 처리해주셔서 서비스이용에 큰 불편함없이 이용하고있어요! 이부분에대해 정말 감사드리고, 다른분들도 아직 설치안하셨다면 관심있는모임에 가입하셔보세요!",16,5.1.1,2026-08-05,https://play.google.com/store/apps/details?hl=ko&id=com.friendscube.somoim
6b3f276f-38e2-4105-9ea7-7555015b83d8,5,2025-03-04T08:49:12+00:00,굿,0,5.1.0,2026-08-05,https://play.google.com/store/apps/details?hl=ko&id=com.friendscube.somoim
7b037090-e8b1-4083-a803-8a811211e7dc,5,2025-03-02T01:51:25+00:00,좋네요,0,5.1.0,2026-08-05,https://play.google.com/store/apps/details?hl=ko&id=com.friendscube.somoim
c2625d0c-f23a-4a88-8913-9ca679356980,5,2025-02-28T19:24:30+00:00,너무 좋앗어요,0,5.1.0,2026-08-05,https://play.google.com/store/apps/details?hl=ko&id=com.friendscube.somoim
c3c3f46c-2923-440b-aaa0-f3f13c16c8d5,5,2025-02-28T13:58:46+00:00,어플내에서 채팅기능 만들어주세요...,0,5.1.0,2026-08-05,https://play.google.com/store/apps/details?hl=ko&id=com.friendscube.somoim
dc22b934-d22c-4199-8d95-b94f1cb27ca2,1,2025-02-28T13:29:57+00:00,가입하는데 게속 안된다 아짜증나네,1,5.1.0,2026-08-05,https://play.google.com/store/apps/details?hl=ko&id=com.friendscube.somoim
82ed40eb-cd2b-4335-aa32-44ae9c12b2ef,5,2025-02-28T12:21:51+00:00,최고임,0,,2026-08-05,https://play.google.com/store/apps/details?hl=ko&id=com.friendscube.somoim
8aab6ef8-9be5-473a-bcb7-09274bf5048d,5,2025-02-22T10:15:57+00:00,즐거운 취미 생활,0,5.1.0,2026-08-05,https://play.google.com/store/apps/details?hl=ko&id=com.friendscube.somoim
66b2a42c-e356-448d-8aa8-e3c52d4e9b4b,5,2025-02-19T03:11:34+00:00,좋아요~,0,5.1.0,2026-08-05,https://play.google.com/store/apps/details?hl=ko&id=com.friendscube.somoim
7a4c23e9-ec8e-4f75-97ea-45b9e6597d99,3,2025-02-16T11:05:32+00:00,채팅창이 너무 느려서... 거의 편지수준. 다른사람 글쓴건 가끔 껏다켜야 보이기도함. 별거 아닌데 매달 돈나감,0,5.1.0,2026-08-05,https://play.google.com/store/apps/details?hl=ko&id=com.friendscube.somoim
a3f406d9-380c-44c9-908d-7a9a33c20ccb,5,2025-02-16T04:18:46+00:00,검색에 지역설정 좀 만들어주세요.. 너무 불편해요 모임앱인데 원하는 지역 모임 목록 좀 보고 싶어요,0,5.1.0,2026-08-05,https://play.google.com/store/apps/details?hl=ko&id=com.friendscube.somoim
5f1cb29c-419e-4773-be36-227d6eee80c3,3,2025-02-15T02:14:36+00:00,요즘 오류가 너무 많아요 ㅜㅜ 데이타가 느리게 한번에 올라옵니다. 개선해주셨으면 합니다.,1,5.1.0,2026-08-05,https://play.google.com/store/apps/details?hl=ko&id=com.friendscube.somoim
086be8c5-5df6-4b79-8b0e-db35ee0fdace,5,2025-02-13T06:38:38+00:00,거주지 주변 관심사가 비슷한 분들과 접할 수 있어 참 좋습니다.,0,5.1.0,2026-08-05,https://play.google.com/store/apps/details?hl=ko&id=com.friendscube.somoim
3e1054b7-4288-4e6e-868d-ad6bcf050ad5,2,2025-02-11T23:34:37+00:00,왜 유료로 매달 결재해서 쓰는데... DB가 매칭이 느리거나 바뀝니까? 실시간으로 안오더라도 어쩔때는 한참 새로고침해야 글이 보이기도 하고 .. 어떻게 설계를 했길래. 무료 채팅어플보다 실시간 채팅이 떨어지는지 모르겠네요. 기능이 많은것도 아닌데? 제대로 테스트 좀 하고 업데이트 하세요,2,5.1.0,2026-08-05,https://play.google.com/store/apps/details?hl=ko&id=com.friendscube.somoim
c3774685-5576-4c8e-ab52-2db147006713,5,2025-02-06T11:02:31+00:00,이스굿 좋은 사람들과 좋은이야기 너무최고,0,5.0.9,2026-08-05,https://play.google.com/store/apps/details?hl=ko&id=com.friendscube.somoim
55ecea1b-1dcc-47f8-b003-25944be46e47,5,2025-02-06T02:23:01+00:00,취미생활모임있어서조아요,0,5.0.9,2026-08-05,https://play.google.com/store/apps/details?hl=ko&id=com.friendscube.somoim
acb7523a-9a91-448d-b070-cd86f650fa5f,1,2025-02-05T02:56:53+00:00,가입시 인증문자 010으로오며 약관보면 가입 탈퇴 정보 회사가 필요하지 않다 느낄시 제공하지않는다고 써있어서 정보유출 우려되는 앱 같아서 안씀.,3,5.0.9,2026-08-05,https://play.google.com/store/apps/details?hl=ko&id=com.friendscube.somoim
1dab6a5f-6c48-4396-8ade-f9d97b6acc21,5,2025-02-02T09:11:58+00:00,혹시 1대1채팅으로 문의를 할려고하는데 1대1메세지 최대개수가 초과되었다는데 해결방법이 있나요?,0,5.0.9,2026-08-05,https://play.google.com/store/apps/details?hl=ko&id=com.friendscube.somoim
f826fd1f-0e58-4c47-86de-64c9dc255a91,4,2025-02-02T07:48:48+00:00,"밖에서는 폰, 집에서는 태블릿으로 생활하는데 양쪽으로 사용을 못하네요. 사용기기 추가 기능 만들어 주세요!",0,5.0.9,2026-08-05,https://play.google.com/store/apps/details?hl=ko&id=com.friendscube.somoim
5b731039-bc63-41ce-826c-3a28b5a82d00,2,2025-02-01T16:49:19+00:00,집 근처 소모임만 알고싶은데 직장이랑 관심있는 디역 입력하라고 계속 떠서 너무 불편해요,1,5.0.9,2026-08-05,https://play.google.com/store/apps/details?hl=ko&id=com.friendscube.somoim
f63a6e96-9e0d-4c8f-86c2-a192c1384f9c,5,2025-01-28T02:51:26+00:00,굿,0,5.0.9,2026-08-05,https://play.google.com/store/apps/details?hl=ko&id=com.friendscube.somoim
551003eb-8fd7-4d03-ac3b-cf49b6022c7a,5,2025-01-28T01:29:05+00:00,좋아요,0,5.0.9,2026-08-05,https://play.google.com/store/apps/details?hl=ko&id=com.friendscube.somoim
860acc0a-f7b6-4746-aa73-acc7ce72a7f2,5,2025-01-28T00:49:13+00:00,너무 편하고 좋습니다. ^^,0,5.0.9,2026-08-05,https://play.google.com/store/apps/details?hl=ko&id=com.friendscube.somoim
f0fff879-c863-4471-92a7-67684f8d2d1a,1,2025-01-27T15:19:20+00:00,별다른 이유같지도 않은 이유로 강퇴를 남발하는 더러운 앱. 회원을 모집하는게 어렵지 않다고 강퇴도 쉽사리 남발하는 이상한 변질된 모임앱,1,5.0.9,2026-08-05,https://play.google.com/store/apps/details?hl=ko&id=com.friendscube.somoim
4dfad298-89e5-4c68-a502-cd3770502388,1,2025-01-26T20:55:26+00:00,당근마켓 모임 운영 시스템보다 구림,3,5.0.9,2026-08-05,https://play.google.com/store/apps/details?hl=ko&id=com.friendscube.somoim
96d4d63a-d11e-453f-9a24-bd24e3f1b0ba,1,2025-01-25T18:12:50+00:00,본인인증 개인폰번호로 오는거 찜찜. 보통 법인이나 인증회사인데.,2,5.0.9,2026-08-05,https://play.google.com/store/apps/details?hl=ko&id=com.friendscube.somoim
f3de80fd-d3d1-4a01-8cd9-ebf98fb60a38,5,2025-01-25T15:17:10+00:00,너무나 재미가 있었습니다.소모임을 통해 취미생활두 하구 사람들도 만나고 좋은것 같습니다.,0,5.0.9,2026-08-05,https://play.google.com/store/apps/details?hl=ko&id=com.friendscube.somoim
5f5a09b1-c745-429d-bb8a-23aec9de4bcb,3,2025-01-24T10:54:52+00:00,모임 검색시 가입 인원 수 순이나 최신 개설순으로 모임을 볼 수 있는 기능이 없음. 모임 일정 또한 시간순으로 나오는게 아니라 완전 뒤죽박죽으로 나옴,1,5.0.9,2026-08-05,https://play.google.com/store/apps/details?hl=ko&id=com.friendscube.somoim
ea002167-6b13-48cf-870a-71146eb2e8d6,5,2025-01-24T06:21:37+00:00,조아여,0,5.0.9,2026-08-05,https://play.google.com/store/apps/details?hl=ko&id=com.friendscube.somoim
0811b012-71ef-4205-b1a5-302e0ca8ad92,4,2025-01-23T05:07:43+00:00,좋습니다,0,5.0.9,2026-08-05,https://play.google.com/store/apps/details?hl=ko&id=com.friendscube.somoim
b6357d37-ff7c-4350-8420-9803e46519bd,5,2025-01-22T00:08:32+00:00,재밌어요.,0,5.0.9,2026-08-05,https://play.google.com/store/apps/details?hl=ko&id=com.friendscube.somoim
1e929456-b5fc-49f2-9cc4-a3233eec172c,5,2025-01-20T14:49:31+00:00,"모임 운영하는데, 검색이 잘 안되서 신규회원 모집에 애로사항이 있었어요. 이것저것 건드려도 안되길래 고객센터에 문의드렸더니 며칠도 아니고 몇시간만에 해결해주셨습니다. 감사해요",0,5.0.9,2026-08-05,https://play.google.com/store/apps/details?hl=ko&id=com.friendscube.somoim
b2f520e9-7d34-4e1d-9b0c-4d492b011d11,5,2025-01-19T12:17:04+00:00,빠르고 쉽게 좋은 친구들과 만날수 있는 계기가 되었습니다.,0,5.0.9,2026-08-05,https://play.google.com/store/apps/details?hl=ko&id=com.friendscube.somoim
36b5cb1d-fc60-40fa-9a5c-365727ed03f3,1,2025-01-19T04:01:15+00:00,인증번호 010 으로 오길래 찜찜해서 지움,2,5.0.9,2026-08-05,https://play.google.com/store/apps/details?hl=ko&id=com.friendscube.somoim
bfea6a4d-f49d-44a9-9ce8-70b54734ec8b,4,2025-01-18T04:56:43+00:00,좋아ㅡ,0,5.0.9,2026-08-05,https://play.google.com/store/apps/details?hl=ko&id=com.friendscube.somoim
0d5d5fa0-9690-4ed6-bfba-b2e81daa881c,4,2025-01-13T04:51:07+00:00,모임장 1:1 메세지 갯수 제한 풀어주세요 그리고 몇개까지 갯수 제한있는지 공지에 좀 적어주세요,1,5.0.8,2026-08-05,https://play.google.com/store/apps/details?hl=ko&id=com.friendscube.somoim
52f0d49a-6592-46e1-a7c3-f943048f94d6,1,2025-01-12T13:51:30+00:00,"소모임 이용하는데요, 정모를 만든 후 지웠다 다시 정모 열면 이미지가 전 이미지에서 바뀌지가 않네요, 가끔 종정 이러는데, 우료 어플인데 이런 문제는 바로 해결 해주시길 바랍니다;; 이런 사소한 불편은 바로 해결 부탁해요",0,5.0.8,2026-08-05,https://play.google.com/store/apps/details?hl=ko&id=com.friendscube.somoim
78f9e8c7-a253-41bc-bbc4-2287a1a937e2,4,2025-01-12T12:57:53+00:00,사는 동좀 늘려주세요 옛동 이사 온사람들 누가알아요 좀 늘려요 서울 경기 늘리기전에 밑에도 신경 쓰던지 윗집방만 노린건가요?,0,5.0.8,2026-08-05,https://play.google.com/store/apps/details?hl=ko&id=com.friendscube.somoim
dbd315c9-f031-4ee4-890b-b6eb0965d21a,5,2025-01-12T03:27:26+00:00,좋아요,0,5.0.8,2026-08-05,https://play.google.com/store/apps/details?hl=ko&id=com.friendscube.somoim
aa5c716c-af5d-41d6-bb91-be4846d7c963,5,2025-01-10T16:15:06+00:00,덕분에 잼있는 모임할 수 있어서 감사합니다ㅎ,0,5.0.8,2026-08-05,https://play.google.com/store/apps/details?hl=ko&id=com.friendscube.somoim
fb493914-4810-4212-a87d-3ee210edb129,5,2025-01-09T16:08:21+00:00,재밋어여,0,5.0.8,2026-08-05,https://play.google.com/store/apps/details?hl=ko&id=com.friendscube.somoim
87164a15-57a8-4c0d-9cee-32ac65aedf2f,5,2025-01-08T02:16:27+00:00,모임이란게 좋네요,0,5.0.8,2026-08-05,https://play.google.com/store/apps/details?hl=ko&id=com.friendscube.somoim
2a70cf12-edf8-4d1d-b30f-8b6a912b33cd,5,2025-01-08T02:01:47+00:00,소모임을 개설 하려는데 우편번호 작성에서 안되네요 저의 동네 우편번호를 작성했는데 안되요 우편번호 무엇을 작성 해야되나요,0,4.8.7,2026-08-05,https://play.google.com/store/apps/details?hl=ko&id=com.friendscube.somoim
91dfe7d2-0d84-486e-abd9-43b9c4d2ef25,5,2025-01-07T08:42:33+00:00,어플도 너무 좋은데 운영팀이 친절하고 소통이 잘되서 너무좋아요 좋은 어플 만들어주셔서 감사합니다. 또한 문의하기에 대한 빠른답변도 너무 감사합니다👍👍👍👍,0,5.0.8,2026-08-05,https://play.google.com/store/apps/details?hl=ko&id=com.friendscube.somoim
8a49b6df-0f7c-4e6e-9057-71ce1549501d,1,2025-01-06T10:46:49+00:00,초대 차단기능 있었으면좋겠습니다. 초대받기싫은데 계속 초대알림 옵니다.,1,5.0.8,2026-08-05,https://play.google.com/store/apps/details?hl=ko&id=com.friendscube.somoim
d04ec83d-4121-44bd-a978-4b86ee2975de,1,2025-01-02T22:59:24+00:00,모임인데 너무 고인물이 많은듯,1,5.0.8,2026-08-05,https://play.google.com/store/apps/details?hl=ko&id=com.friendscube.somoim
0bfaf386-003d-4978-b2b1-a5c851c47221,5,2025-01-02T02:24:54+00:00,같은취미를 가진사람 동년배를만날수있습니다,0,5.0.8,2026-08-05,https://play.google.com/store/apps/details?hl=ko&id=com.friendscube.somoim
0d58bf20-204c-47e2-aa81-845ac71a42c2,5,2025-01-01T06:50:10+00:00,소모임에서 독서모임을 운영하고 있는 사람입니다. 어플의 기능에 대해서 매우 만족하고 있고 게시물을 올릴 때 사진 제한이 사라진 것에도 만족하고 있습니다. 다만 아쉬운 점은 모임 개설이 4개로 제한되어 있다는 것입니다. 모임 개설을 수량 제한 없이 자유롭게 할 순 없을까요?,9,5.0.7,2026-08-05,https://play.google.com/store/apps/details?hl=ko&id=com.friendscube.somoim
68b6389c-2749-4ff7-8e7b-dba9e7e8202c,5,2024-12-31T09:25:35+00:00,괜찮네요^^,0,5.0.8,2026-08-05,https://play.google.com/store/apps/details?hl=ko&id=com.friendscube.somoim
b1fc8ab6-3d3d-47fa-bb40-205ddf85a945,5,2024-12-30T03:43:39+00:00,복잡하긴한대 사교모임으로 괜춘!,0,5.0.8,2026-08-05,https://play.google.com/store/apps/details?hl=ko&id=com.friendscube.somoim
3f559aa5-41b5-4a86-9cda-7fdf115f0409,5,2024-12-28T04:22:48+00:00,굿굿,0,5.0.8,2026-08-05,https://play.google.com/store/apps/details?hl=ko&id=com.friendscube.somoim
e3ae56c4-d0b4-411f-b083-759fcd71123d,5,2024-12-26T21:22:15+00:00,2024년 12월27일까지 프리미엄 모임 구독 다음달 사용 시작일이고 26일에 결제가 되길래 26일에 바로 구독취소를 했는데(나중에 다시 구독할예정) 단 하루도 이용하지 않았는데 환불이 안된다고 합니다 ㅜ 말도안된다 생각하여 환불 부탁드립니다,1,5.0.7,2026-08-05,https://play.google.com/store/apps/details?hl=ko&id=com.friendscube.somoim
4d3f5fb2-0d5e-47dd-9df3-035beb7c016b,5,2024-12-23T08:21:19+00:00,외로울때 가끔,1,5.0.7,2026-08-05,https://play.google.com/store/apps/details?hl=ko&id=com.friendscube.somoim
95cad177-0999-4f9c-9871-3c7506ca6bb5,5,2024-12-22T19:16:43+00:00,모임 관리하기 😀 👍,0,5.0.7,2026-08-05,https://play.google.com/store/apps/details?hl=ko&id=com.friendscube.somoim
a37f9501-0262-4074-a255-18406ba8c84b,5,2024-12-22T11:16:38+00:00,"내가 살고있는 곳에 어떤동호회가 있는지 어떻게 알아봐야하는지 막막했을때 이 어플을 알게됬어요 장소, 일정, 내가 하고싶은 동호회 모두 검색이 가능하니 너무 편리하게 동호회 가입 했네요!",1,5.0.7,2026-08-05,https://play.google.com/store/apps/details?hl=ko&id=com.friendscube.somoim
89adb9ec-df86-48f5-b090-074696e543f9,5,2024-12-22T09:12:36+00:00,내관심사에 맞는 모임을 알아볼수있어서 좋아요 앱 사용도 너무복잡하지않아서 유용하게 이용중이예요,0,,2026-08-05,https://play.google.com/store/apps/details?hl=ko&id=com.friendscube.somoim
6c953e61-2648-417d-b679-ef0610b4e74e,5,2024-12-21T07:49:23+00:00,평일에 시간여유될때 모임을가져보고 싶었는데 스케줄맞추기 쉽지않았는데요 어플에서 바로 편하게 고를수있어요,0,5.0.7,2026-08-05,https://play.google.com/store/apps/details?hl=ko&id=com.friendscube.somoim
f885a90c-ca6a-4f89-ab74-7fe837eae25b,5,2024-12-20T00:56:29+00:00,고객센터 친절하네요. 감사합니다.,0,5.0.5,2026-08-05,https://play.google.com/store/apps/details?hl=ko&id=com.friendscube.somoim
8242e6fc-2c60-41f9-83e8-2654e7e066c4,1,2024-12-19T23:44:47+00:00,망포동은 왜 없음? 처음 설정하는데 우리집 없네 ㅋㅋㅋㅋㅋ 갑자기 노숙자됐네 ㅎㅎ,1,5.0.6,2026-08-05,https://play.google.com/store/apps/details?hl=ko&id=com.friendscube.somoim
c9ac7dcf-c472-40d4-befd-3fa0ca1838a4,5,2024-12-19T08:33:23+00:00,"내가 좋아하는 분야, 관심있는 분야를 함께 공유하고 소통할 수 있는 이런 공간이 있다는게 너무 좋아요 이런 공간에서 새로운 사람들을 알아갈 수 있어서 요즘 참 행복합니다ㅎ",0,5.0.6,2026-08-05,https://play.google.com/store/apps/details?hl=ko&id=com.friendscube.somoim
e211affe-a0c1-4fc3-a206-63af02604958,5,2024-12-18T23:35:46+00:00,이사와서 아는사람 하나도 없었는데 같은지역 친목모임으로 한사람씩 알게되어 이젠 심심하질 않네요!,0,5.0.6,2026-08-05,https://play.google.com/store/apps/details?hl=ko&id=com.friendscube.somoim
b37959ed-8969-44e4-8fcb-08e663e7030a,5,2024-12-18T12:21:28+00:00,집근처 소모임들을 쉽게 알아볼 수 있어서 좋아요 관심사가 같은 사람들끼리 함께 취미생활을 하니 사기가 충전되고 좋지요,0,5.0.6,2026-08-05,https://play.google.com/store/apps/details?hl=ko&id=com.friendscube.somoim
d778e4f6-92ae-41be-9c61-623aaf78001c,5,2024-12-18T07:03:28+00:00,편리합니다,0,5.0.5,2026-08-05,https://play.google.com/store/apps/details?hl=ko&id=com.friendscube.somoim
74677c49-cb44-4154-a3d5-92ddfef2319f,5,2024-12-18T03:35:47+00:00,"이사오고 나서 동네에 대한 정보도 없고, 사람도 사귀고 싶어서 가입했어요. 인근 지역에 저와 같은 취미를 가진 사람들과 함께 하고 싶었는데 정보를 알 수 있어 좋습니다.",0,5.0.5,2026-08-05,https://play.google.com/store/apps/details?hl=ko&id=com.friendscube.somoim
b5c658b6-e026-4c98-a288-019d3464f9ea,5,2024-12-18T00:23:19+00:00,굿,0,5.0.5,2026-08-05,https://play.google.com/store/apps/details?hl=ko&id=com.friendscube.somoim
89af52d4-4866-4d0d-86c1-ea23309f1f11,5,2024-12-17T23:42:24+00:00,요즘엔 다들 취미 한개씩 가지고 계시잖아요 요근래에는 외부활동으로 취미를 하시는분들이 점점늘어나는데 소모임 어플통해서 심심하지않게 여러사람들과 함께할수있어서 좋아요ㅎ 취미활동을 더 오래 재밌게 해주는거같아요,0,5.0.5,2026-08-05,https://play.google.com/store/apps/details?hl=ko&id=com.friendscube.somoim
17a7fa6c-d144-4df0-b3ef-40539241a1c4,5,2024-12-17T16:12:38+00:00,소모임 어플 덕분에 다양한 취미를 가진 사람들과 즐거운 시간을 보냈어요! 새로운 친구들과의 만남이 정말 행복했습니다!,1,5.0.5,2026-08-05,https://play.google.com/store/apps/details?hl=ko&id=com.friendscube.somoim
a2560f2a-da7a-4f4b-a9c4-a027b97a50e9,5,2024-12-17T04:44:27+00:00,좋은 어플이에요!,0,5.0.5,2026-08-05,https://play.google.com/store/apps/details?hl=ko&id=com.friendscube.somoim
e49da841-afa3-4c77-98af-f8ec2fdf58da,5,2024-12-15T14:59:40+00:00,부담없이 운동 할 수 있어서 좋아요,0,5.0.5,2026-08-05,https://play.google.com/store/apps/details?hl=ko&id=com.friendscube.somoim
e71a87f6-1e48-408e-a5c4-0df679b2434e,5,2024-12-15T14:00:00+00:00,쓸만합니다,0,5.0.5,2026-08-05,https://play.google.com/store/apps/details?hl=ko&id=com.friendscube.somoim
762fd744-3d0d-4746-9cae-cfef13a68b84,5,2024-12-15T08:04:07+00:00,평안한 분위기 좋습니다.,0,5.0.5,2026-08-05,https://play.google.com/store/apps/details?hl=ko&id=com.friendscube.somoim
2f9affe8-5514-4ca1-a6be-1784dd9148dc,5,2024-12-13T00:43:12+00:00,만나서 반갑습니다,0,,2026-08-05,https://play.google.com/store/apps/details?hl=ko&id=com.friendscube.somoim
a545dd9e-e37c-4f44-9d19-e3090d714541,5,2024-12-12T05:31:36+00:00,수고가 많으십니다. 소모임어플을 사용하고 있는 한이용자입니다. 다름이 아니라 건의사항이 있어서 리뷰를 남기게 되었습니다. 모임장이나 부모임장같은경우 회원들이 출석현황을 보고싶습니다. 예)참여하였고 모임장이 그걸보고 확인을 누르면 확정이되서 1등~100등 이런식으로 체크를 하면 좋을듯합니다. 이 소모임어플이 다른 신생어플이 생기더라도 밀리지 않았으면 좋겠네요~ 화이팅,7,5.0.4,2026-08-05,https://play.google.com/store/apps/details?hl=ko&id=com.friendscube.somoim
c34b8a35-7e90-454b-bad4-399e91de513b,5,2024-12-12T01:06:48+00:00,"내 관심사별로 , 취미 이렇게 카테고리설정해서 모임 확인이 되서 모임에 참여가능하니 편하고 다양한 모임을 가질수 있으니 좋아요~",0,5.0.4,2026-08-05,https://play.google.com/store/apps/details?hl=ko&id=com.friendscube.somoim
470da3de-771c-4008-afaf-65f62a63d68b,5,2024-12-07T01:32:39+00:00,소모임 많음요.,0,5.0.3,2026-08-05,https://play.google.com/store/apps/details?hl=ko&id=com.friendscube.somoim
927484e7-ea60-4c57-bfb8-584a8b4c5758,4,2024-12-06T09:30:25+00:00,"1. 기존초창기때부터 가입해있었는데 _-올때마다 싹다 플필신상소개부터 관심주제까지 새로 만들고 시작해야하는것부터 고쳐주십시오~!! /// 2. 모임은 많으나, 그만큼 집중하기가 어려울정도로 정신사납습니다. 모임별분류와 유저관리 추천및신고등 효율기능 등-::잘운영부탁!!!>》발전되는 모습 좋아요 응원드립니다 , , 더욱 힘쓰셔서 카테고리 종류별 목적별 주제별 나눠주세요",19,5.0.3,2026-08-05,https://play.google.com/store/apps/details?hl=ko&id=com.friendscube.somoim
dc176886-359d-423d-9ffd-eb6c3f55ee18,5,2024-12-05T23:05:29+00:00,너무 좋아요,0,5.0.3,2026-08-05,https://play.google.com/store/apps/details?hl=ko&id=com.friendscube.somoim
e5ccea36-c9b9-4dcb-a354-094943bc6f0d,5,2024-12-02T14:07:38+00:00,취미생활을 시작하기에 너무 좋네요!,0,5.0.2,2026-08-05,https://play.google.com/store/apps/details?hl=ko&id=com.friendscube.somoim
eb4efdc2-a391-467c-90ab-1409382097e3,5,2024-12-02T11:30:11+00:00,아는지인도 만났어요.,0,5.0.2,2026-08-05,https://play.google.com/store/apps/details?hl=ko&id=com.friendscube.somoim
c1d85616-fe3c-4363-abc0-d0c828564ced,2,2024-12-02T04:11:51+00:00,소모임 유료결제를 했는데도 기능활성화가안되네요 고객센터 전화번호를 찾을수도 없네요,0,5.0.2,2026-08-05,https://play.google.com/store/apps/details?hl=ko&id=com.friendscube.somoim
45076d72-c5d4-4002-8eb3-a6520b512c20,5,2024-11-30T16:33:27+00:00,너무좋아요,0,5.0.2,2026-08-05,https://play.google.com/store/apps/details?hl=ko&id=com.friendscube.somoim
73334b58-4f59-4816-9932-3dc9bf155168,5,2024-11-30T03:06:35+00:00,좋아용,0,5.0.2,2026-08-05,https://play.google.com/store/apps/details?hl=ko&id=com.friendscube.somoim
fedffadb-6e79-45a2-a742-5d389927f583,2,2024-11-28T13:43:47+00:00,왜 모임이 어느날엔 있고 어느날엔 없고한건지 저번에 봤던 모임 들어가려고 찾으면 사라져있음 그러곤 한참 뒤에 다시 생겨있어서 고민하고 다시 가입하려하니 또 사라짐,0,5.0.2,2026-08-05,https://play.google.com/store/apps/details?hl=ko&id=com.friendscube.somoim
8c5b0c62-9aa8-4f79-8414-e7b2620263ec,3,2024-11-28T02:22:07+00:00,"ㅠㅠㅠㅜ 정모만들기 갯수좀 늘려주세요 너무 한정적입니다ㅠㅜ!! 10개 이렇게 해주시면 안되나요 빠듯해,,,,,",0,5.0.2,2026-08-05,https://play.google.com/store/apps/details?hl=ko&id=com.friendscube.somoim
55ffa78e-f5a7-48ff-a943-10b9ededdbfd,4,2024-11-25T16:55:46+00:00,제발 모임공지 4개 제한 풀어주세요. 몇번 건의 했는데 도대체 이걸 제한하는 이유가 뭘까요? 모임이 많으면 관리하기 너무 힘드네요. 최소한 5개에서 6개 정도로 풀어주세요. 이것땜에 옮기고 싶을 정도에요.,0,5.0.2,2026-08-05,https://play.google.com/store/apps/details?hl=ko&id=com.friendscube.somoim
70e17b2f-29c8-4fcf-9b86-676828886ef6,5,2024-11-25T04:43:28+00:00,이앱 대박이에요,0,5.0.2,2026-08-05,https://play.google.com/store/apps/details?hl=ko&id=com.friendscube.somoim
f41f01bf-ea44-4897-969f-17e9769c7163,1,2024-11-24T14:11:45+00:00,적어도 받고싶지 않은 모임은 거절할수있게 만들어야하는거 아닌가요? 계속 초대옴 만든사람 의도가 불순해요,2,5.0.2,2026-08-05,https://play.google.com/store/apps/details?hl=ko&id=com.friendscube.somoim
449b79ca-2c5a-4bab-86ee-f25ce57bcf14,4,2024-11-16T18:35:34+00:00,다 좋은데 서울경기가 묶여서 검색되는 게 불편해요ㅠㅠ 경기 남부에서는 강남 넘어가는 서울부터는 장거리인데... 서울이면 다 서울경기로 넣어버리니까 너무 불편합니다.. 서울/경기 나눠주셨으면 좋겠어요...,0,5.0.2,2026-08-05,https://play.google.com/store/apps/details?hl=ko&id=com.friendscube.somoim
f35fc2d9-e9eb-4a88-9f94-650419d855fd,3,2024-11-14T22:59:39+00:00,알림 비활성화 해놨는데 밤 12시 다 되어 모임 채팅공지 진동 알림 뜨는건 뭔가요?,0,5.0.2,2026-08-05,https://play.google.com/store/apps/details?hl=ko&id=com.friendscube.somoim
21fe9214-a5d2-40fc-8e5f-483ebcd66ad9,5,2024-11-14T01:57:52+00:00,굿,0,5.0.2,2026-08-05,https://play.google.com/store/apps/details?hl=ko&id=com.friendscube.somoim
e4155193-7c41-4870-82b4-35bd18f5dfe3,5,2024-11-13T15:04:59+00:00,이 앱에서 좋은 모임 찾고 싶어요,0,5.0.2,2026-08-05,https://play.google.com/store/apps/details?hl=ko&id=com.friendscube.somoim
cfa79830-ab2b-42fe-9aa2-56308925a7b3,5,2024-11-12T11:12:16+00:00,좋은 앱 입니다,0,,2026-08-05,https://play.google.com/store/apps/details?hl=ko&id=com.friendscube.somoim
fb3341e8-bf6e-4222-b9f4-9633454bef64,1,2024-11-06T22:22:30+00:00,소모임은 동아리 어플인데 왜 리엔케이 같은 이윤을 추구하는 기업이 피부 관리 동아리를 만들어서 말로는 피부 관리 팁 상담비로 돈 5만원 현금으로 내라고 얘기하고 그래서 시간내서 가서 5만원 냈더니 화징품 강매를 하지 않나 그래서 이 동아리 문제 있다고 신고했는데 계속 활동하게 두고 신고를 무시할거면 신고 기능은 왜 넣은겁니까? 장식용입니까!,2,5.0.0,2026-08-05,https://play.google.com/store/apps/details?hl=ko&id=com.friendscube.somoim
47af9ce9-361d-4f5c-90c2-e00d793709bd,5,2024-11-06T17:31:36+00:00,좋아요,0,5.0.0,2026-08-05,https://play.google.com/store/apps/details?hl=ko&id=com.friendscube.somoim
d9ac468e-afe3-4e8a-bb04-f9993a38f49f,5,2024-11-06T16:20:00+00:00,위로가 돼요,0,5.0.0,2026-08-05,https://play.google.com/store/apps/details?hl=ko&id=com.friendscube.somoim
a69b1c27-26b1-4bff-8b54-176ee51f67c5,5,2024-11-06T06:11:02+00:00,굿,0,5.0.0,2026-08-05,https://play.google.com/store/apps/details?hl=ko&id=com.friendscube.somoim
ab64ba41-2670-4f16-8e82-9bf6ce651bfc,3,2024-11-02T00:25:32+00:00,오픈톡 주소를 올리면 다른사람이 누르고 못들어오네요? 어떻게해야 누를수있죠?,1,5.0.0,2026-08-05,https://play.google.com/store/apps/details?hl=ko&id=com.friendscube.somoim
4a65acc5-8e7f-4313-8e56-dcbd70e7c7eb,5,2024-10-30T08:37:32+00:00,좋아요. 유익한 어플입니다.,0,5.0.0,2026-08-05,https://play.google.com/store/apps/details?hl=ko&id=com.friendscube.somoim
b8239239-3ba9-4e14-9927-fee06b1560a0,5,2024-10-29T03:23:25+00:00,"고객센터 대응이 빨라요. 메일 보내고, 즉시 처리해줬습니다. 감사합니다.",0,5.0.0,2026-08-05,https://play.google.com/store/apps/details?hl=ko&id=com.friendscube.somoim
72e62761-cc4b-487d-a30a-e9badeb3c1ce,5,2024-10-27T14:43:23+00:00,빠르게 피드백해주고. 새로운 모임을 만나기에 너무 좋아요.,0,5.0.0,2026-08-05,https://play.google.com/store/apps/details?hl=ko&id=com.friendscube.somoim
eaee9635-2b74-4609-bf48-55c587165690,5,2024-10-26T05:46:32+00:00,좋아요~,0,5.0.0,2026-08-05,https://play.google.com/store/apps/details?hl=ko&id=com.friendscube.somoim
687cbe79-babc-4552-9eb0-469bb96d073b,5,2024-10-24T06:39:50+00:00,모임이 검색이 안되네요 88년위아래로 해서 88년생은 모임이 노출되는데 89년생위로는 소모임 노출이 되지 않네요 설정하는방법이 있나요?,0,5.0.0,2026-08-05,https://play.google.com/store/apps/details?hl=ko&id=com.friendscube.somoim
54888cd8-d07f-4b5b-b674-c2dfed25759a,5,2024-10-23T15:43:42+00:00,너무 재밌고 좋은분들이 많아요,0,5.0.0,2026-08-05,https://play.google.com/store/apps/details?hl=ko&id=com.friendscube.somoim
d26b07fc-9654-43de-995f-07c3b3e09617,2,2024-10-23T05:55:41+00:00,채팅 알람 꺼놔도 계속 옵니다,0,5.0.0,2026-08-05,https://play.google.com/store/apps/details?hl=ko&id=com.friendscube.somoim
627cf6f3-8b41-4c4d-bdff-e1ff054264cd,5,2024-10-23T03:44:41+00:00,좋은모임이네요,0,5.0.0,2026-08-05,https://play.google.com/store/apps/details?hl=ko&id=com.friendscube.somoim
5da75ea4-3835-443c-8cc1-a236d240aaa5,5,2024-10-22T23:13:14+00:00,좋아요,0,5.0.0,2026-08-05,https://play.google.com/store/apps/details?hl=ko&id=com.friendscube.somoim
dbb88c58-4301-4c90-b032-f7a8c0380259,1,2024-10-21T06:21:39+00:00,나무위키에 광고하는 앱이 있는줄도 몰랐습니다.,1,,2026-08-05,https://play.google.com/store/apps/details?hl=ko&id=com.friendscube.somoim
6a8bfc5a-7aa2-4857-b944-b5008af486ad,5,2024-10-20T02:21:39+00:00,심심한 일상에 활력을 주기 좋을거 같아요,0,5.0.0,2026-08-05,https://play.google.com/store/apps/details?hl=ko&id=com.friendscube.somoim
a90ef3e4-6173-4945-975a-954420d7813f,5,2024-10-19T22:18:36+00:00,즐건 모임이었습니다.,0,5.0.0,2026-08-05,https://play.google.com/store/apps/details?hl=ko&id=com.friendscube.somoim
3c652039-f488-4bbe-bacf-7c0b01aa607d,3,2024-10-18T12:40:10+00:00,제발 나이대별로 볼 수 있게해주세요 ㅠㅠ 가장 중요히 우선적으로 보는 게 나이대인데 눌러보면 20대 중반 나이대는 없고 30대... 또래 모임 나가고싶습니다ㅠ,0,5.0.0,2026-08-05,https://play.google.com/store/apps/details?hl=ko&id=com.friendscube.somoim
be4ce638-cb65-4396-b568-b9d3a27dea88,5,2024-10-17T18:47:40+00:00,결제하고싶은데 구글에 결제수단 등록이 자꾸 실패하네요 어떻하나요,0,5.0.0,2026-08-05,https://play.google.com/store/apps/details?hl=ko&id=com.friendscube.somoim
044f2798-8b69-4fdd-8d4b-b32ffae7e2b1,1,2024-10-16T22:56:26+00:00,신천지 위장포교하는 그룹들 관리좀 해주세요,5,,2026-08-05,https://play.google.com/store/apps/details?hl=ko&id=com.friendscube.somoim
2fea7df7-2390-4e79-b540-3656e2b18065,5,2024-10-15T01:49:58+00:00,좋아요 강추쓰,0,5.0.0,2026-08-05,https://play.google.com/store/apps/details?hl=ko&id=com.friendscube.somoim
b3f252c2-5979-484e-907f-4ec8a4613b90,5,2024-10-14T06:30:54+00:00,사람들을 연결해주는 어플 좋네요~,0,5.0.0,2026-08-05,https://play.google.com/store/apps/details?hl=ko&id=com.friendscube.somoim
4866d37c-d5e6-47a0-9563-f40489565548,3,2024-10-14T02:57:55+00:00,왜 고객센터 문의했는데ᆢ한달째 답변이 없을까요?,1,5.0.0,2026-08-05,https://play.google.com/store/apps/details?hl=ko&id=com.friendscube.somoim
2509150a-dd77-4e09-8b0f-e30c76867ca7,5,2024-10-13T01:42:36+00:00,잘 사용하고 있습니다,0,5.0.0,2026-08-05,https://play.google.com/store/apps/details?hl=ko&id=com.friendscube.somoim
7fe6d06c-ab3c-4e88-8d4f-77e3efc8a068,5,2024-10-12T09:35:09+00:00,지역도 목록에 넣어주면안되나요?,0,5.0.0,2026-08-05,https://play.google.com/store/apps/details?hl=ko&id=com.friendscube.somoim
d97810f4-69d5-4847-b9b8-a6b83ae4f233,5,2024-10-10T03:28:07+00:00,이모티콘좀 늘려주세요 이쁜이모티콘 장사라도하시던지ㅠㅠ 젭알!!,0,5.0.0,2026-08-05,https://play.google.com/store/apps/details?hl=ko&id=com.friendscube.somoim
039b9fa2-31cc-4a04-9c79-465b6c376ef1,5,2024-10-10T01:53:56+00:00,굿,0,,2026-08-05,https://play.google.com/store/apps/details?hl=ko&id=com.friendscube.somoim
9635cd7e-788d-4e90-baa0-3770f1a919cd,5,2024-10-10T01:39:51+00:00,굿,0,5.0.0,2026-08-05,https://play.google.com/store/apps/details?hl=ko&id=com.friendscube.somoim
715a580e-6305-45f7-90c4-635151aa4013,1,2024-10-07T19:41:18+00:00,"현질유도하는 모임장 때문에 소모임 이미지가 부정적으로 바뀜 댄스소모임은 오프라인참여비를 너무 과하게 받으며 먹지도 않은 음식을 비용 내라고 유도함 앱 자체에서 모니터링 해서 신고하는 시스템이 있었으면 함 소모임장의 자신의 가입비를 회원에게 나누도록 하는 시스템은 사라져야 함 그러면서 딱히 자신의 리더,부리더로서 역할을 잘하지도 않음",0,,2026-08-05,https://play.google.com/store/apps/details?hl=ko&id=com.friendscube.somoim
814b3c2c-3bcc-4081-9792-197f8b49cb3a,4,2024-10-07T06:34:21+00:00,아직까진 좋아요ㅎㅎ,0,5.0.0,2026-08-05,https://play.google.com/store/apps/details?hl=ko&id=com.friendscube.somoim
9ae7652a-cee5-4fb7-9db8-cb68e0f2ddcd,2,2024-10-05T15:04:33+00:00,"예전에 아래 내용으로 건의 넣었는데 이직 바뀐게 없네요 상식적으로...근처 사람들과 모임을 갖고싶은거지 지역 한참 떨어진 타지 사람을 만나러 매번 갈순 없는건데 제발 지역을 제대로 나눠주세요 ))))))))예전문의: ‼️건의사항 1. 모임들 지역별로 나눠보는 기능이 없네요 새로 생긴 모임이든, 카테고리별이든 지역이 따로따로 나뉘어 보여야 편한데 예시로 경북 쪽을 보고있는데 갑자기 인근지역인 부산, 포항, 거제 지역이 나온다던가... 너무 기본적인것부터 왜 안돼있나 싶습니다. 지역 제외 기능은 필수인데... 다른 앱 보시면서 참고를 좀 해주세요 2. 가입한 모임 정도는 숨길 수 있게 해주세요. 어딜 가입하든 개인 사정인데 다른 모임 가입해있다고 음침하게 사이버스토킹 하는 경우도 있네요 이런 기본적인것까지 결제해야되나 싶어서 잘 안쓰게 됩니다",9,5.0.0,2026-08-05,https://play.google.com/store/apps/details?hl=ko&id=com.friendscube.somoim
6d730df9-e7a6-4e43-84df-d1fe8fee3dfd,5,2024-10-05T14:08:08+00:00,Good,0,5.0.0,2026-08-05,https://play.google.com/store/apps/details?hl=ko&id=com.friendscube.somoim
ea0234c6-26f5-48e6-a2a7-bb1198bc3b6d,5,2024-10-04T20:22:01+00:00,좋아요,0,5.0.0,2026-08-05,https://play.google.com/store/apps/details?hl=ko&id=com.friendscube.somoim
44e83069-eea9-4a3b-b7d3-4c293971cd58,4,2024-10-02T13:03:58+00:00,보기싫은 사람 차단할수 있는 기능좀 추가해주세요,2,4.9.9,2026-08-05,https://play.google.com/store/apps/details?hl=ko&id=com.friendscube.somoim
d4593880-fc3c-468c-b7ea-68bceb93a3c6,2,2024-10-02T05:34:35+00:00,전에 초대받은 모임에 가입하자마자 강퇴된 경우가 있어서 어플 탈퇴후 다시 만들었는데 그 모임에서 계속 초대가 오네요. 초대를 거부하는 기능 만들어주세요,2,4.9.9,2026-08-05,https://play.google.com/store/apps/details?hl=ko&id=com.friendscube.somoim
15dfa67b-ffcd-4cde-b947-1d2bc1a29b0d,5,2024-10-01T16:07:13+00:00,주변인 추천으로 시작했는데 건전한 소모임을 경험할 수 있었습니다. 첫모임을 잘들어간건지 아닌지는 모르겠지만 당근마켓만큼 실제의도와 같게 동작하고 있는 앱인것 같습니다. 추천 드립니다.,1,4.9.9,2026-08-05,https://play.google.com/store/apps/details?hl=ko&id=com.friendscube.somoim
808a19c8-94cc-4cc9-8787-0a75ff317b2f,5,2024-10-01T10:29:35+00:00,모임이 한눈에 보기 좋게 잘 정리되어있어요!! 굿굿,0,4.9.9,2026-08-05,https://play.google.com/store/apps/details?hl=ko&id=com.friendscube.somoim
aeb66d4b-cf37-45b4-bc42-31e1f2213d59,5,2024-09-30T05:13:02+00:00,저 기기초기화 후에 아이디를 새로만들라고 나옵니다 ㅠ. 제가 장인 소모임도 있는데 이전 아이디로 로그인 가능토록 조치를 좀 부탁드려요.,0,4.9.9,2026-08-05,https://play.google.com/store/apps/details?hl=ko&id=com.friendscube.somoim
58ce46ad-64da-4100-b203-c8c93da52571,4,2024-09-30T02:41:21+00:00,아직더사용해보고싶음,0,4.9.9,2026-08-05,https://play.google.com/store/apps/details?hl=ko&id=com.friendscube.somoim
5526b682-0b3b-4832-add4-746221e6a282,5,2024-09-29T11:22:20+00:00,아직은 만족,0,4.9.9,2026-08-05,https://play.google.com/store/apps/details?hl=ko&id=com.friendscube.somoim
1e060d2b-9d32-4700-84ca-95e6799291a1,1,2024-09-29T00:06:49+00:00,2년 넘게 잘 쓰다 어느날 서비스이용제한이라고 하는데 고객센터 전번도없고 메일보내도 답도 없고 업무방해같은 형사고소해도 되는지요?,1,4.9.9,2026-08-05,https://play.google.com/store/apps/details?hl=ko&id=com.friendscube.somoim
40e27519-269c-4a26-9eaf-ded9e721bf5e,5,2024-09-28T21:43:14+00:00,훌륭합니다,0,4.9.9,2026-08-05,https://play.google.com/store/apps/details?hl=ko&id=com.friendscube.somoim
3abdfac1-2038-4d72-84bd-2e82e6857668,4,2024-09-28T09:50:25+00:00,방을 개설했어요~~ 검색해도 저의 방이 보이질 않아요 ㅜㅜ 다른방은 전부다 방프로필 사진이 보이는데 저의 방은 프로필 사진이 안바끼는 이유가 멀까요?,0,4.9.9,2026-08-05,https://play.google.com/store/apps/details?hl=ko&id=com.friendscube.somoim
23fd0334-eaa5-4854-9402-7cca0689207f,5,2024-09-28T00:41:40+00:00,좋아요,0,4.9.9,2026-08-05,https://play.google.com/store/apps/details?hl=ko&id=com.friendscube.somoim
1fd1bcb3-6dd3-4bfb-ba04-92791c42a9f4,5,2024-09-25T22:10:41+00:00,좋네요,0,4.9.9,2026-08-05,https://play.google.com/store/apps/details?hl=ko&id=com.friendscube.somoim
06fc0f46-a359-4e07-ba3e-645e6dfa8da3,5,2024-09-25T07:49:27+00:00,좋아요 잘 쓰고있습니다,0,4.9.9,2026-08-05,https://play.google.com/store/apps/details?hl=ko&id=com.friendscube.somoim
85e3419d-8bd1-4394-948c-3a9211f0a85c,5,2024-09-24T21:39:30+00:00,어려움을 해결하는 어플,0,4.9.9,2026-08-05,https://play.google.com/store/apps/details?hl=ko&id=com.friendscube.somoim
d06dcf6d-4923-465b-acdc-6155af68fb43,5,2024-09-23T11:52:59+00:00,소모임 다모임 모임 품앗이 쵝오,0,4.9.9,2026-08-05,https://play.google.com/store/apps/details?hl=ko&id=com.friendscube.somoim
6ad13def-21b4-411c-95ef-81cc66f49196,1,2024-09-19T10:18:25+00:00,프리미엄 구독권을 구매했지만 적용이 안되고 이용제한 걸려서 완전 양아치 앱 같음,0,4.9.9,2026-08-05,https://play.google.com/store/apps/details?hl=ko&id=com.friendscube.somoim
220eda88-27ee-48f0-8095-5cb65c57960a,5,2024-09-14T12:04:38+00:00,좋은데 지역별로 카테고리 나눠서 볼 수 있었으면 좋겠어요 제주사는데 서울 마포구 막 이런게 뜨네요 가입해봤자 가지도못하는데 앗 이모임 참여하고싶다! 하다가 지역보고 아.... 하네요 지역별 카테고리가 추가되었으면 합니다,2,4.9.9,2026-08-05,https://play.google.com/store/apps/details?hl=ko&id=com.friendscube.somoim
00528849-f64e-4c69-a6d9-754b3fe23473,1,2024-09-10T05:27:48+00:00,채팅창 글쓰고 나와서 재진입 하면 창이 위로 올라가있고 채팅 내용이 느리게 나오는 버그가 있네요.,1,4.9.9,2026-08-05,https://play.google.com/store/apps/details?hl=ko&id=com.friendscube.somoim
fcbaaf58-74ac-4b23-b6da-afee65b62075,1,2024-09-09T12:34:43+00:00,이거 왜 처음에 인증번호 요청 시 번호가 오질 않는건가요,0,4.9.9,2026-08-05,https://play.google.com/store/apps/details?hl=ko&id=com.friendscube.somoim
18f37ecc-8836-4305-a097-b5da136736ae,5,2024-09-08T10:56:10+00:00,이런 어플 너무좋습니다~,0,4.9.9,2026-08-05,https://play.google.com/store/apps/details?hl=ko&id=com.friendscube.somoim
6a823326-5b77-4ad3-bf4b-654cd59a0063,5,2024-09-05T23:05:41+00:00,"필요해보이는 개선사항만 말씀드리겠습니다. 1. 변경된 프로필사진이 모임참여한 목록에 뜨는 사진과 일치하지않음(초기사진으로만 인식됨, 본인사진은 정상이나 다른 멤버들 사진이 일치하지않는것같음) 2. 현재 사진만 채팅으로 보낼 수 있는데 영상,녹음본도 보낼 수 있도록 개선필요해보임 3. 일부 링크가 채팅창에 올렸을때 바로 연결이 안되는것으로 보임(ex 카톡 오픈채팅) 그래서 링크를 일일이 주소창에 쳐야됨, 복사도 안됨",43,4.9.9,2026-08-05,https://play.google.com/store/apps/details?hl=ko&id=com.friendscube.somoim
b396fd2c-317c-4848-8a73-6f90d620068a,1,2024-09-03T08:14:18+00:00,무직인데 직업을 선택해야하는건 좀,0,,2026-08-05,https://play.google.com/store/apps/details?hl=ko&id=com.friendscube.somoim
6c2ef794-494c-4ce4-98bc-7d619f51a910,5,2024-09-03T05:17:44+00:00,좋아요^^,0,4.9.7,2026-08-05,https://play.google.com/store/apps/details?hl=ko&id=com.friendscube.somoim
642b3aae-ea61-4778-bc1e-711dc56bc5f1,5,2024-08-31T03:29:09+00:00,굿굿굿,0,4.9.7,2026-08-05,https://play.google.com/store/apps/details?hl=ko&id=com.friendscube.somoim
457267ae-e019-4fcd-a808-92ab20a12af1,5,2024-08-30T04:45:06+00:00,다른 어플들에 비해 유저수도 많고 다양한 모임들이 있어서 좋았어요,0,4.9.7,2026-08-05,https://play.google.com/store/apps/details?hl=ko&id=com.friendscube.somoim
7cd47dbb-2027-444f-9cc9-135393ea204f,5,2024-08-29T10:46:13+00:00,좋아요!!!!!!!,0,4.9.7,2026-08-05,https://play.google.com/store/apps/details?hl=ko&id=com.friendscube.somoim
cae708ae-1079-4333-b2ce-07f9b1ddea87,4,2024-08-29T03:53:11+00:00,임티가 쩜 아쉽쓰,0,4.9.7,2026-08-05,https://play.google.com/store/apps/details?hl=ko&id=com.friendscube.somoim
2bc7ce24-9dbd-4837-b44a-ff7df3da07cf,5,2024-08-27T11:20:41+00:00,고객센터 답변도 빠르고 앱이 업뎃도 주기적으로 해주고 있어서 좋네요^^,1,4.2.9,2026-08-05,https://play.google.com/store/apps/details?hl=ko&id=com.friendscube.somoim
f36e4436-aea3-4adf-877d-839b0ad5771c,5,2024-08-27T00:58:24+00:00,굿,0,4.9.7,2026-08-05,https://play.google.com/store/apps/details?hl=ko&id=com.friendscube.somoim
651db451-29b7-4a5f-8c75-28c5edf07436,1,2024-08-25T18:33:44+00:00,결제시스템이 이상하네요,1,,2026-08-05,https://play.google.com/store/apps/details?hl=ko&id=com.friendscube.somoim
26ba7bf5-7d05-4357-ac94-c75fb6e048a5,5,2024-08-24T02:34:42+00:00,저 가입하고 바로탈퇴했는데 다시가입하려보니까 7일 제한이 걸려있더라고요 모르고 탈퇴했는데 풀어주실 수 있다면 해주시길 부탁드립니다.,0,4.9.7,2026-08-05,https://play.google.com/store/apps/details?hl=ko&id=com.friendscube.somoim
0b51ff9f-3531-4d10-bad1-8d083feeab44,5,2024-08-22T21:06:06+00:00,굿굿,0,4.9.7,2026-08-05,https://play.google.com/store/apps/details?hl=ko&id=com.friendscube.somoim
14bc8d8a-7442-45c7-a19f-34c496f7adec,3,2024-08-21T14:24:00+00:00,동영상 공유가 안돼요 공유되게 해주세요,0,4.9.7,2026-08-05,https://play.google.com/store/apps/details?hl=ko&id=com.friendscube.somoim
eed3890d-47de-4261-b9f1-19c96908d0f2,3,2024-08-21T14:20:15+00:00,동영상 좀 올릴수 있게 좀 부탁 드립니다...그래서 별 세개...,0,4.9.7,2026-08-05,https://play.google.com/store/apps/details?hl=ko&id=com.friendscube.somoim
db1f4e45-1223-4db4-ba52-5c8c862fd8aa,5,2024-08-16T11:16:54+00:00,조아용,0,4.9.7,2026-08-05,https://play.google.com/store/apps/details?hl=ko&id=com.friendscube.somoim
f210df28-e0f5-4672-b880-b258ad25a663,5,2024-08-12T15:02:57+00:00,넓은 장르 및 선택폭,0,4.9.7,2026-08-05,https://play.google.com/store/apps/details?hl=ko&id=com.friendscube.somoim
5bf2008a-d710-425e-8a70-fec55ce797ed,5,2024-08-10T15:01:59+00:00,모임이라는게 간다면 서로 술먹고 놀자가 많이 있는데. 그런 모임이 아닌곳도 있다는게 너무 좋은거 같습니다,0,4.9.7,2026-08-05,https://play.google.com/store/apps/details?hl=ko&id=com.friendscube.somoim
58bae66c-2602-4d15-be45-195082223710,5,2024-08-09T08:46:45+00:00,좋아요,0,4.9.7,2026-08-05,https://play.google.com/store/apps/details?hl=ko&id=com.friendscube.somoim
148d4f79-de1d-4946-a1e8-7955b9704414,5,2024-08-09T01:17:06+00:00,고객센터 일 잘함,0,4.9.7,2026-08-05,https://play.google.com/store/apps/details?hl=ko&id=com.friendscube.somoim
4349525e-0a56-438c-bc7b-c1e4f1c74cd1,5,2024-08-08T19:59:57+00:00,Good,0,4.9.7,2026-08-05,https://play.google.com/store/apps/details?hl=ko&id=com.friendscube.somoim
66bdfcac-1acd-4d94-b7c3-7f00ac03ff22,3,2024-08-08T02:33:35+00:00,어플 자체에는 만족하는데 검색할 때 인원제한 검색기능이 있었으면 좋겠어요 서울지역은 말이 소모임이지 100~200명 되는 소모임들이 많아서 50명 이하 소모임만 찾다가 피로해서 자꾸 끄게되네요,0,4.9.7,2026-08-05,https://play.google.com/store/apps/details?hl=ko&id=com.friendscube.somoim
aaea2ef5-7b8b-44ce-af8a-94bf3020c672,1,2024-08-07T10:12:08+00:00,"아무리 허접 공짜앱이라해도 기본기능은 있어야되는거아닌가? 자꾸 원치도 않는데서 초대 계속알림오는데, 초대거절기능은 기본으로 있어야하는거 아닌가? 진짜 짜증나네..",2,,2026-08-05,https://play.google.com/store/apps/details?hl=ko&id=com.friendscube.somoim
cd487434-cb81-44a9-b6ce-7e4d2958dcce,5,2024-08-01T11:09:16+00:00,다양한 취미를 가진 사람들과 생각을 공유하고 경험할 수있어서 되게 유용한 어플입니다.,0,4.9.7,2026-08-05,https://play.google.com/store/apps/details?hl=ko&id=com.friendscube.somoim
b574f43c-ca59-487b-a18c-d8c2587ab512,1,2024-07-31T12:58:53+00:00,"처음 회원가입할 때 업종/직무를 물어보는데, 무직이나 대학생, 군인이 선택할 수 있는 게 없네요... 꼭 직업이 있어야만 소모임 가입이 가능한 건가용...?ㅠㅠㅠ",2,4.9.7,2026-08-05,https://play.google.com/store/apps/details?hl=ko&id=com.friendscube.somoim
9fe7cee6-66d6-47c1-b2b1-62fa49b13c7b,5,2024-07-30T04:01:51+00:00,"문의 응답 빠름. 내가 문의하길 기다린 게 아닐까 의심될 정도로. 무반응만 보다가 실시간 응답 보니, 고맙고 신기해서 리뷰 씀.",0,4.9.7,2026-08-05,https://play.google.com/store/apps/details?hl=ko&id=com.friendscube.somoim
95526349-e334-46fd-92ba-2f25bc3adfdf,1,2024-07-28T14:04:13+00:00,성차별이 심한 소모임들이 많네요 남성 회원들이 많다는건 알겠는데 대놓고 여자는 오케이 남자는 꺼져 이런식이네요,2,4.9.7,2026-08-05,https://play.google.com/store/apps/details?hl=ko&id=com.friendscube.somoim
5de3db73-876d-4ade-8116-62983694d3ad,5,2024-07-27T16:51:26+00:00,좋아요,0,,2026-08-05,https://play.google.com/store/apps/details?hl=ko&id=com.friendscube.somoim
d0e53bcb-c462-4501-811b-bbd043cd4723,4,2024-07-27T10:47:28+00:00,굿,0,4.9.7,2026-08-05,https://play.google.com/store/apps/details?hl=ko&id=com.friendscube.somoim
abd6311f-a8ff-4dff-acc3-d98d9a1ee88e,5,2024-07-27T10:38:30+00:00,굿,0,4.9.7,2026-08-05,https://play.google.com/store/apps/details?hl=ko&id=com.friendscube.somoim
c7366e09-4228-42c5-997a-223aa9105c0d,1,2024-07-26T01:22:23+00:00,아니 갑자기 서비스 제한됬다면서 모임가입도 못하게하고 메일 암만 보내봐야 문의 답장도 안하고 유령앱도 아니면서 돈은 돈대로 먹고 머하자는거지?,1,4.9.7,2026-08-05,https://play.google.com/store/apps/details?hl=ko&id=com.friendscube.somoim
2ce654e3-0fd7-4de0-93b1-67c9bb988736,5,2024-07-25T07:16:10+00:00,지성과 인격을 갗춘 좋은친구가 되어 주세요,0,4.9.7,2026-08-05,https://play.google.com/store/apps/details?hl=ko&id=com.friendscube.somoim
087ad613-d781-461b-b199-82bc5271c508,1,2024-07-23T14:31:04+00:00,운영에 아무 기준이 없다. 완전 지들 멋대로 주먹구구식 운영,3,4.9.7,2026-08-05,https://play.google.com/store/apps/details?hl=ko&id=com.friendscube.somoim
1b9551b5-0a84-4946-ae3f-5486ff5172a5,1,2024-07-23T03:24:59+00:00,궁금한게있어서 메일 보내는데 회신은 없네요?,2,4.9.7,2026-08-05,https://play.google.com/store/apps/details?hl=ko&id=com.friendscube.somoim
b1c7ddf0-cc55-4e4c-a9ac-004f242dfd10,5,2024-07-21T13:31:19+00:00,좋아유,0,4.9.7,2026-08-05,https://play.google.com/store/apps/details?hl=ko&id=com.friendscube.somoim
f1195871-e8a8-41a7-ad9e-466b7e679623,1,2024-07-20T19:14:57+00:00,유료 결제해도 기능 작동 안되고 고객센터 연락해도 연락이 안닿아서 환장한다,2,4.9.7,2026-08-05,https://play.google.com/store/apps/details?hl=ko&id=com.friendscube.somoim
2b75cf2d-e775-4194-a159-6860533ec37d,5,2024-07-20T14:03:45+00:00,주말 늦은 밤에도 이메일 응답 굉장히 빨리 해주십니다. 감사합니다,0,4.9.7,2026-08-05,https://play.google.com/store/apps/details?hl=ko&id=com.friendscube.somoim
c4dea475-fa01-4f79-8983-33e12a26d1a1,5,2024-07-18T10:34:19+00:00,친목모임의 현실은 기기괴괴,1,,2026-08-05,https://play.google.com/store/apps/details?hl=ko&id=com.friendscube.somoim
a9443108-9ce3-4161-8678-1ce0b1617423,5,2024-07-17T03:14:08+00:00,조아요,0,4.9.6,2026-08-05,https://play.google.com/store/apps/details?hl=ko&id=com.friendscube.somoim
fe0d2301-a15a-4d6f-b3a1-e22d58bf38e1,5,2024-07-16T23:41:14+00:00,여러 모임 접할 수 있어서 좋아요,0,4.9.6,2026-08-05,https://play.google.com/store/apps/details?hl=ko&id=com.friendscube.somoim
9ff0b686-9977-4e39-8816-132c06134aaa,5,2024-07-15T23:26:05+00:00,사용하기 편함,0,4.9.6,2026-08-05,https://play.google.com/store/apps/details?hl=ko&id=com.friendscube.somoim
0b7fe5c1-32f6-4f1c-ac57-97a22f922081,1,2024-07-13T12:28:45+00:00,악질회원및 악성모임으로부터 피해입어도 미퇴출함. 악성회원/모임 방치해 회원 2차피해유발하는 곳. 다른데 알아보셔~~,2,,2026-08-05,https://play.google.com/store/apps/details?hl=ko&id=com.friendscube.somoim
9161f5f6-a028-4b95-a34a-59939c7caae3,5,2024-07-11T15:11:48+00:00,새로운 만남의 장과 건전하고 분명한 모임 그리고 활발한사용자들의 활동등 좋은어플입니다 추천드립니다,0,4.9.6,2026-08-05,https://play.google.com/store/apps/details?hl=ko&id=com.friendscube.somoim
d2f29f62-236b-4e3b-b064-7b2d4e241d5e,5,2024-07-08T10:51:29+00:00,좋습니다,0,4.9.4,2026-08-05,https://play.google.com/store/apps/details?hl=ko&id=com.friendscube.somoim
8f059193-dd71-4259-98f3-d04303a9e793,4,2024-07-08T00:47:29+00:00,굿,0,4.9.4,2026-08-05,https://play.google.com/store/apps/details?hl=ko&id=com.friendscube.somoim
1f931544-55fe-432d-a175-0c267edee95d,5,2024-07-07T12:37:02+00:00,모임을 한번에 보고 찾을 수 있어 편리합니다!:),0,4.9.4,2026-08-05,https://play.google.com/store/apps/details?hl=ko&id=com.friendscube.somoim
45f1fd16-1f40-4426-b281-e1d4c8ee7259,1,2024-07-07T12:36:18+00:00,강퇴 당하면 올렸던 게시글을 삭제할 수 있는 방법이 전혀없네요. 이러면 개인정보는 어떻게 관리하죠?,0,,2026-08-05,https://play.google.com/store/apps/details?hl=ko&id=com.friendscube.somoim
0f1f82e2-a10a-4346-8321-f59f52f63d70,1,2024-07-05T06:07:04+00:00,모임만들어 운영하는데 검색이 안되서 유료결제했습니다. 그제야 제 폰에서 '스피치' 검색하면 뜨기 시작했어요ㅡ 근데 제 친구들폰에서는 똑같이 검색했을 때 안뜹니다. 검색서비스도 제대로 안 되면 모임을 어떻게 운영해야 하나요?,0,4.9.3,2026-08-05,https://play.google.com/store/apps/details?hl=ko&id=com.friendscube.somoim
7a89d4a9-3df1-4568-8f3b-f0235d9a85da,5,2024-07-04T10:34:16+00:00,동호회 모임앱중 가장믿음직한앱이에요,0,4.9.2,2026-08-05,https://play.google.com/store/apps/details?hl=ko&id=com.friendscube.somoim
bc408e2b-4b23-46d1-a3f6-1fa9d0414000,5,2024-07-04T01:50:04+00:00,불륜의 성지 ㅋㅋㅋㅋ,0,4.9.3,2026-08-05,https://play.google.com/store/apps/details?hl=ko&id=com.friendscube.somoim
40540072-5ea8-44ee-ae55-cab038fd7c33,5,2024-07-04T00:51:29+00:00,굿,0,4.9.3,2026-08-05,https://play.google.com/store/apps/details?hl=ko&id=com.friendscube.somoim
d950c039-3066-4706-b703-58630d8b8a12,5,2024-07-03T23:37:09+00:00,좋아요,0,4.9.3,2026-08-05,https://play.google.com/store/apps/details?hl=ko&id=com.friendscube.somoim
a8d8acb8-447c-4ac6-8962-fde382519276,2,2024-06-30T04:03:02+00:00,벙 참여 누르면 사생활보호가 안되요,0,4.9.2,2026-08-05,https://play.google.com/store/apps/details?hl=ko&id=com.friendscube.somoim
d9c7934f-5241-49ac-8f6a-0080171b2e3c,5,2024-06-30T00:09:39+00:00,재미있네요 밴드랑은 좀 다른 느낌요,0,4.9.2,2026-08-05,https://play.google.com/store/apps/details?hl=ko&id=com.friendscube.somoim
61a67698-688c-4c2d-af8b-8b1680a4183b,5,2024-06-23T03:52:59+00:00,굿,0,4.9.1,2026-08-05,https://play.google.com/store/apps/details?hl=ko&id=com.friendscube.somoim
557ee742-43bf-45db-8ea3-368c8f128c83,1,2024-06-22T01:25:55+00:00,원래도 별로였지만 오늘 업데이트된것도 별로네요 1.글씨체 못생기고 자간 넓어짐 2. 복붙 있는 그대로 안됨 (덩어리로 복붙되서 띄어쓰기 줄 바꾸기 해야함) 3.클립보드 사용불가 4. 첫행 줄바꾸기 해도 노출됨,5,4.9.1,2026-08-05,https://play.google.com/store/apps/details?hl=ko&id=com.friendscube.somoim
c3fba81a-b0b3-4c44-b295-c623a5669b48,4,2024-06-21T04:15:56+00:00,게시판에 글 쓸때 휴대폰 기본 에디터가 떠서 사진을 업로드를 못해요. 안드로이드 최신이랑 소모임 버전도 최신인데 어떻게 해요?,1,4.9.1,2026-08-05,https://play.google.com/store/apps/details?hl=ko&id=com.friendscube.somoim
ca55c6fc-3576-4af1-a1f8-87e8f9378a72,5,2024-06-21T02:11:31+00:00,업데이트 후 다음줄로 띄어쓰기가 안되네요?,0,4.9.1,2026-08-05,https://play.google.com/store/apps/details?hl=ko&id=com.friendscube.somoim
bf24378a-8196-48a2-829b-69777a4d0aa4,2,2024-06-20T08:00:14+00:00,"모임 검색할때 한정된 지역만 나오게 해주세요. 옆동네, 다른 지역 모임도 다 뜨니까 정신없고 찾고 싶은 모임 찾기도 쉽지않아요",1,4.9.1,2026-08-05,https://play.google.com/store/apps/details?hl=ko&id=com.friendscube.somoim
686a9102-4e5c-4dda-92c3-5f44f7f9ea8b,5,2024-06-19T07:03:14+00:00,소모임 관리자분들 너무최고입니다~!!👍👍 고객센터 이메일 보내면 답장 진짜 잘오고~ 대처도 빨랐어요~ 메일보낸지 5분안에 답장오시고 고민해결 바로 해주시고~ 진짜 신속하게 해결해주셔서~ 정말감사합니다~!! 소모임 운영진님들 최고입니다👍👍,1,4.9.0,2026-08-05,https://play.google.com/store/apps/details?hl=ko&id=com.friendscube.somoim
7f74e99c-9351-4e7a-8b65-0a650bc9dc0b,1,2024-06-17T09:14:53+00:00,"어플 1대1 문의기능 없음, 벙개설후 벙 채팅방 끊김(누락)현상발생, 해결책이나 기타 사항등을 안내받을수없음.",1,4.9.0,2026-08-05,https://play.google.com/store/apps/details?hl=ko&id=com.friendscube.somoim
286bd495-f7a5-4a44-998d-e6a7b1f6cf52,1,2024-06-17T02:23:21+00:00,서비스 이용이 제한된 회원입니다. 이 팝업 왜 뜨나요? 상당히 불편하네요 사유도 없이 마음대로 제한하나요?,1,4.9.0,2026-08-05,https://play.google.com/store/apps/details?hl=ko&id=com.friendscube.somoim
fb2ca9c0-03b1-4284-9a9d-d78b6bd67da7,2,2024-06-14T06:23:31+00:00,지역을 설정해도 서울이나 사람이 많은 추천 모임부터 보여줘서 내가 관심이 있는 모임을 찾기가 너무 어렵네요,0,4.9.0,2026-08-05,https://play.google.com/store/apps/details?hl=ko&id=com.friendscube.somoim
b17fb1a2-9a36-454b-a4f0-548681b2c464,5,2024-06-11T10:41:30+00:00,재미있고 좋네요,0,,2026-08-05,https://play.google.com/store/apps/details?hl=ko&id=com.friendscube.somoim
8abeb253-f010-4b08-862d-bc5a7aa7a593,2,2024-06-09T10:48:24+00:00,모임 선택 시 게시판으로 넘어가는 문제 해결해주세요 내모임 선택 시 홈으로 갈 수 있게끔 변경 부탁이요!!!,0,4.9.0,2026-08-05,https://play.google.com/store/apps/details?hl=ko&id=com.friendscube.somoim
fffb2a75-1ae4-4b47-9f67-0e632f91e33b,5,2024-06-09T02:39:32+00:00,좋음,0,4.9.0,2026-08-05,https://play.google.com/store/apps/details?hl=ko&id=com.friendscube.somoim
c7abf9ac-abfb-47c8-bbf1-aa85e0a38d99,5,2024-06-09T00:16:01+00:00,좋은 어플인거 같아요,0,4.9.0,2026-08-05,https://play.google.com/store/apps/details?hl=ko&id=com.friendscube.somoim
dcb36878-4861-4d31-86f9-ae90fc748e74,1,2024-06-06T02:33:02+00:00,"요청한 사항들은 개선이 안되고 불필요한것들만업데이트되어 더 혼란스럽습니다. 정모참누르고 자동 방개설 입장방법이 홈화면 이동했다가 가는게 너무번거롭습니다. 정모 참서과, 취소시 알람이 모임장을 제외한 운영진에게만 가는것도 개선이 필요합니다 모임장도 운영진에 일원이니까요",25,4.9.0,2026-08-05,https://play.google.com/store/apps/details?hl=ko&id=com.friendscube.somoim
418df687-c567-4ada-8c1c-240ba111c191,1,2024-06-03T22:54:51+00:00,번호 인증이 안되어 앱 사용 안됨,0,4.9.0,2026-08-05,https://play.google.com/store/apps/details?hl=ko&id=com.friendscube.somoim
355aa631-f3cd-4473-9e21-81c1c0ad7bc0,1,2024-06-01T01:32:18+00:00,소모임에 가입 되 있는데 언제부턴가 채팅이 늦게.올라오고 또한 다른 기기는 되는데 핸드폰은 안되고 다시 깔았더니 인증번호도 안오고 답변 부탁해요,0,4.9.0,2026-08-05,https://play.google.com/store/apps/details?hl=ko&id=com.friendscube.somoim
34935e2f-1d18-483c-8d57-b99754fca0b3,5,2024-05-30T03:49:39+00:00,좋아요,0,4.9.0,2026-08-05,https://play.google.com/store/apps/details?hl=ko&id=com.friendscube.somoim
c3e5222a-8f63-480f-8666-131ec2ac53b8,1,2024-05-29T01:37:41+00:00,채팅방 이모티콘 구림. 답장기능 없어서 바로 대화않고 시간지나 댓글하려면 다른사람글 중간에 끼면 무슨말에 대답하는지 알수없음. 한마디로 챗팅도 어려움. 데탑용 앱 없음. 여러디바이스 다중로그인 안됨. 동영상 업로드불가. 방개설하려면 월사용료 내야하는데 앱 수준은 너무 바닥이지 말입니다. 너무한거 아닌가 싶네요.,5,4.9.0,2026-08-05,https://play.google.com/store/apps/details?hl=ko&id=com.friendscube.somoim
c1895a42-0fc7-463a-a6b0-c32f2f18e667,5,2024-05-26T15:08:06+00:00,정말 좋았어요,0,4.9.0,2026-08-05,https://play.google.com/store/apps/details?hl=ko&id=com.friendscube.somoim
a684b620-f481-4709-a5e1-a2bff8160d17,5,2024-05-25T22:07:08+00:00,좋은사람들의 즐거운 모임^^,0,4.9.0,2026-08-05,https://play.google.com/store/apps/details?hl=ko&id=com.friendscube.somoim
6722661d-ebd9-4332-b68d-a4de970c52e9,2,2024-05-24T22:47:12+00:00,알림이 뜬건 보이는데 정작 들어가면 대화나 사진이 볼 수가 없어 해결책 좀 알려줘요,0,4.9.0,2026-08-05,https://play.google.com/store/apps/details?hl=ko&id=com.friendscube.somoim
b026ca7f-d150-4a05-8dbe-490ae58d7523,3,2024-05-24T00:26:47+00:00,시간 수정은 왜 안되나요? 또 벙마다 채팅방 만들수있는 기능이 있었으면 좋겠습니다. 하나하나 태그해서 전달해야하는거 불편해요...,0,4.9.0,2026-08-05,https://play.google.com/store/apps/details?hl=ko&id=com.friendscube.somoim
1f7480bf-afd0-4aaf-bcd5-293c3821f6f4,1,2024-05-23T06:33:56+00:00,업데이트 이후 채팅방이 계속 재입장되네요 수정부탁드려요,0,4.9.0,2026-08-05,https://play.google.com/store/apps/details?hl=ko&id=com.friendscube.somoim
359e6c02-4be7-4a0c-8e5a-1c9b808771e7,5,2024-05-23T04:18:19+00:00,좋아요 👍,0,4.9.0,2026-08-05,https://play.google.com/store/apps/details?hl=ko&id=com.friendscube.somoim
c8b2e22c-fa06-4ba7-b8e6-600c5b0c8694,5,2024-05-22T21:42:45+00:00,한달.매년 두개 이용중입니다 . 동영상 같은것도 바로 올릴수있게 해주시면 좋을텐데요 그리고 정기모임 만들기 사진.하고 날짜좀 바꿀수있게 해주세요 너무 불편하네요 변경될수도 있는데,0,4.9.0,2026-08-05,https://play.google.com/store/apps/details?hl=ko&id=com.friendscube.somoim
1744fa95-bd56-47a0-ad7c-03e4603b605b,5,2024-05-21T02:11:41+00:00,가입했던 모임도 재밌었고 궁금한게 있어서 문의글 남겼었는데 답장이 무척 빨랐습니다! 모임어플은 소모임 밖에 안 쓰네요ㅎㅎ 다른 어플로 넘어갈 생각 없습니다. 강추!!,1,4.9.0,2026-08-05,https://play.google.com/store/apps/details?hl=ko&id=com.friendscube.somoim
947964a3-3a17-43da-b16c-1097ff2c0e24,5,2024-05-20T03:15:28+00:00,좋은 모임들이 많아서 좋습니다 !,0,4.9.0,2026-08-05,https://play.google.com/store/apps/details?hl=ko&id=com.friendscube.somoim
f0268a75-81b1-4757-bfab-5cb6d9617a9a,5,2024-05-20T02:38:21+00:00,사용이 편하고 좋네요,0,4.9.0,2026-08-05,https://play.google.com/store/apps/details?hl=ko&id=com.friendscube.somoim
49d2ccc7-c701-4ede-bf87-086eddadec75,5,2024-05-19T06:27:21+00:00,좋아요!,0,3.9.6,2026-08-05,https://play.google.com/store/apps/details?hl=ko&id=com.friendscube.somoim
ecf10971-6250-4405-9616-204925d7c5d4,4,2024-05-17T14:00:52+00:00,"사용하기 대체로 편리합니다! 다만 개인사정으로 장기간 활동이 어려우신 분들의 경우, 연간구독권 당월 환불이 안된다는 점은 대단히 아쉬운 부분이여서 별 하나 뺐습니다.",0,4.9.0,2026-08-05,https://play.google.com/store/apps/details?hl=ko&id=com.friendscube.somoim
a6d8c7ab-19dc-45e8-8b27-e5f526110b02,5,2024-05-17T06:13:21+00:00,"국내최대 오프모임어플 소모임 임직원분들 감사합니다. Pc버전도 만들어주시면 좋을거 같아요 휴대폰으로 보기 눈이 침침하고 어렵습니다. 벙개모집글 올릴때, 벙 이후 정산할때, 채팅 기능이용할때 등등 휴대폰으로 하기에 다소 불편함을 느끼고 있습니다ㅜㅜㅜ Pc버전을 만들어주시면 어플사용하는 이들이 조금더 편리하게 이용하며 사용자 증감효과도 기대할수 있을꺼 같습니다",54,4.9.0,2026-08-05,https://play.google.com/store/apps/details?hl=ko&id=com.friendscube.somoim
db46ca7f-f8d9-456b-a3ab-95026344d925,2,2024-05-16T11:06:00+00:00,다 좋은데 전화기능이 없어서 아쉬워요,0,4.9.0,2026-08-05,https://play.google.com/store/apps/details?hl=ko&id=com.friendscube.somoim
4acdbb9c-2c80-470c-86d4-531c285e0804,5,2024-05-15T00:36:02+00:00,대응도 빠르고 좋네요~^^,0,4.9.0,2026-08-05,https://play.google.com/store/apps/details?hl=ko&id=com.friendscube.somoim
31174932-d63a-4211-8513-00f6bcdde1b4,5,2024-05-13T19:36:43+00:00,굿,0,4.8.9,2026-08-05,https://play.google.com/store/apps/details?hl=ko&id=com.friendscube.somoim
27869740-e091-4cba-abf8-6b0c1e9ae738,5,2024-05-13T06:54:42+00:00,모임찾는데 도움이 되었어요,0,4.8.9,2026-08-05,https://play.google.com/store/apps/details?hl=ko&id=com.friendscube.somoim
3581b70b-df53-4cee-9d57-684d41ed860c,5,2024-05-11T23:59:23+00:00,"소모임이라는 어플이 있어서 정말 편리하게 모임을 운영할수 있습니다! 기능도 좋고 직원분들도 늘 친절하고 신속하게 고객의 니즈와 문의를 최대한 맞춰주시고 잘되는데에는 다 이유가 있습니다아아아~:) 소모임, 프렌즈큐브 파이팅입니다. 전국의 소모임 운영진분들도 파이팅!",3,4.8.9,2026-08-05,https://play.google.com/store/apps/details?hl=ko&id=com.friendscube.somoim
9e7d7472-9271-42cb-b950-e2042696ac6b,5,2024-05-11T12:18:44+00:00,사람을 밖에서 만나면서 다양한 좋은 일도 같이 할 수 있어서 그게 좋은 것 같습니다.^^,0,4.8.9,2026-08-05,https://play.google.com/store/apps/details?hl=ko&id=com.friendscube.somoim
9b5b6728-90e2-4499-9e39-f40a0c770e6b,1,2024-05-10T08:00:15+00:00,번호인증 문자 안 오네요,0,4.8.9,2026-08-05,https://play.google.com/store/apps/details?hl=ko&id=com.friendscube.somoim
76f11713-b4f8-455c-a2af-0d8f75f391f4,3,2024-05-10T07:59:24+00:00,알림을 다 껐는데 왜 자꾸 소리가 나는 겁니까,0,4.8.9,2026-08-05,https://play.google.com/store/apps/details?hl=ko&id=com.friendscube.somoim
80b4c234-be93-4dd5-a31b-bc751a8b315a,1,2024-05-09T12:44:42+00:00,"초대 거부 불가능, 초대받은 모임 거절 못함, 어처구니 없는 과금 유도",0,4.8.9,2026-08-05,https://play.google.com/store/apps/details?hl=ko&id=com.friendscube.somoim
e9c14835-9105-4231-8d27-b23315f4bfe2,3,2024-05-07T12:03:57+00:00,커뮤니티 게시판같은게 부실,0,4.8.9,2026-08-05,https://play.google.com/store/apps/details?hl=ko&id=com.friendscube.somoim
00f61c94-1e94-4a29-829a-81c4754a5998,5,2024-05-06T02:05:12+00:00,다양한 사람과 교류 및 재밌는 모임이 많아 시간가는줄 모르겠어요ㅋㅋ,0,4.8.9,2026-08-05,https://play.google.com/store/apps/details?hl=ko&id=com.friendscube.somoim
667cae2c-378d-4449-8a33-005cbc49ef5d,4,2024-05-05T02:32:06+00:00,"검색에서 날짜와 요일, 지역, 원하는 모임컨셉을 설정할수 있었으면 좋겠습니다. 저처럼 휴무가 주말이 아닌 사람은 찾기가 매우 힘드네요ㅠㅠㅠㅠㅠ",0,4.8.9,2026-08-05,https://play.google.com/store/apps/details?hl=ko&id=com.friendscube.somoim
4c043fba-3d2a-44c2-971b-0903086c58db,5,2024-05-04T03:07:13+00:00,고객센터의 빠르고 친절한 응답이 정말 좋았아요!! 그래서 어플을 이용할때 좋은 경험을 가지고 기분 좋게 이용할것 같아요,0,4.8.9,2026-08-05,https://play.google.com/store/apps/details?hl=ko&id=com.friendscube.somoim
100f70dc-5baf-4483-a993-30c571e778e3,3,2024-05-02T00:48:07+00:00,"모바일로 소모임 어플에 들어가니까, 서버연결에 오류가 있다면서 참여인원과 그룹멤버리스트가 안뜹니다. 오류 수정해주시면 감사하겠습니다",0,4.8.9,2026-08-05,https://play.google.com/store/apps/details?hl=ko&id=com.friendscube.somoim
1fceb322-882f-44f4-917c-0aa744aa0600,2,2024-04-29T10:49:33+00:00,아직 모르겠습니다,0,4.8.8,2026-08-05,https://play.google.com/store/apps/details?hl=ko&id=com.friendscube.somoim
cb20fd47-9a0c-4310-ab74-3368dae41c50,1,2024-04-29T09:54:05+00:00,모임 결제 했는데 프리미엄 이용권이 적용이 안됩니다 얼른 조치 바랍니다.,0,,2026-08-05,https://play.google.com/store/apps/details?hl=ko&id=com.friendscube.somoim
ba2066db-3a84-4ee8-9941-7b66c771ef10,4,2024-04-28T03:24:42+00:00,굿,0,4.8.8,2026-08-05,https://play.google.com/store/apps/details?hl=ko&id=com.friendscube.somoim
d95e4116-d120-4509-b4d1-ebe0fd5cf605,5,2024-04-25T06:49:55+00:00,좋아용,0,4.8.7,2026-08-05,https://play.google.com/store/apps/details?hl=ko&id=com.friendscube.somoim
d8b1bef1-3105-43e1-9f6c-84e1257b5758,4,2024-04-23T04:00:24+00:00,굿,0,4.8.7,2026-08-05,https://play.google.com/store/apps/details?hl=ko&id=com.friendscube.somoim
26603061-6e73-4791-849c-01894c6a9ad2,1,2024-04-23T03:39:39+00:00,모임운영자입니다 몇년동안 잘운영했으나 올초개편되면서 노출이 전혀안되고 있어 모임이 사라질려고 합니다 첫째 클래스노출이 전혀 안됩니다 일반모임보다 더많이 과금되는데도 맨마지막으로 카테고리가 간이유가 무엇입니까? 이정도면 클래스운영자들에게 사과하고 전체환불해주셔야하는거 아닙니까? 돈더내고 혜택은 없고 도무지 이해하기 힘듭니다 둘째 활동많이한 모임이 첫메뉴로 뜨는데 대화나 글이 올라오면 모임노출이 위로 올라가긴하지만 빛의 속도로 내려갑니다 얼마나 활발히 활동해야 메인노출이 계속될지 모르겠으나 거의 초단위 분단위로 바뀌는데 노출의 이득을 볼 모임이 과연있기나 할런지... 차라리 당일정모 모임이나 노출하는게 나을거 같습니다 당일정모 카테고리가 있긴하나 요즘 누가 귀찮게 수많은메뉴를 눌러가며 찾는 사람이 있을까요? 셋째 소모임 이용자들이 현저히 줄어드는것이 느껴집니다 이제는 일괄초대도 관심분야말고 랜덤으로 초대하도록하면 좋을것 같습니다 일년내내 관심분야 초대해봐야 똑같은 사람뿐입니다,2,4.8.7,2026-08-05,https://play.google.com/store/apps/details?hl=ko&id=com.friendscube.somoim
34d45838-941c-4f2c-85ab-4f05fd8f8777,5,2024-04-22T02:38:47+00:00,원하는 모임을 찾을 수 있어서 좋아요!,0,4.8.7,2026-08-05,https://play.google.com/store/apps/details?hl=ko&id=com.friendscube.somoim
35062096-2193-4a13-979f-52c562295dd6,5,2024-04-18T03:40:21+00:00,벙 개설 개수 좀 늘려주세용 4개 너무 적어요 ㅠㅠ,3,4.8.7,2026-08-05,https://play.google.com/store/apps/details?hl=ko&id=com.friendscube.somoim
375b6626-8e3b-4944-8ae5-7c11f110bad9,5,2024-04-17T00:50:17+00:00,굿!,0,4.8.7,2026-08-05,https://play.google.com/store/apps/details?hl=ko&id=com.friendscube.somoim
72c62b73-dd76-485c-a81d-a10b8f1c6eeb,5,2024-04-16T03:19:58+00:00,소모임 열 수 있는게 4개가 너무 부족합니다 개선 될까요,1,4.8.7,2026-08-05,https://play.google.com/store/apps/details?hl=ko&id=com.friendscube.somoim
df7a16db-3932-4de7-84ad-38aa58028969,3,2024-04-13T06:45:48+00:00,환불해주세요 14일결제되야하는데 13일에나갔고 오늘 결제됐으니 취소요청,0,,2026-08-05,https://play.google.com/store/apps/details?hl=ko&id=com.friendscube.somoim
059ee37b-bbaf-4b7c-9a6a-11e5f0fd9b66,2,2024-04-13T00:22:27+00:00,"신고 버튼 추가해주세요, 해당 모임에서 단톡을 만들어 저에게 잘못을 만들고 여지도 없이 기준 상하는 말을 계속 하고 회비를 냈는데 경고도 없이 강퇴시켰습니다 돈도 날리고 기분도 상하네요!",0,4.8.7,2026-08-05,https://play.google.com/store/apps/details?hl=ko&id=com.friendscube.somoim
abc028d8-d7ed-484e-b222-15296c47502e,5,2024-04-12T17:00:21+00:00,대한민국의 희망의 앱,0,4.8.6,2026-08-05,https://play.google.com/store/apps/details?hl=ko&id=com.friendscube.somoim
d0b51f16-2a2f-4a7b-ae10-9cc6a4537ddd,5,2024-04-12T03:42:26+00:00,최근에 좋은 모임 찾기가 너무 힘들어서 카페에서 조차 특히 또래들 많은 곳은 못찾았는데 여기 다 모여있었네요~ 진짜 최고에요!! 아~감동ㅜㅜ 왜 난 지금까지 몰랐지ㅋㅋ 다른 취미 모임들도 많아서 너무 좋아요!!~ 이런 좋은 어플이 있었다니 이제라도 알아서 다행이에요!! 이젠 정말 신나는 모임 가입할 수 있을 것 같아요~ 이제 주말마다 볼링칠 수 있다니 진짜 기대되요!! 회사 주변에 있는 모임도 많아서 가입할까 합니다~ 소모임 어플 완전 추천해요:),2342,4.8.7,2026-08-05,https://play.google.com/store/apps/details?hl=ko&id=com.friendscube.somoim
1111c9dc-dbc3-4cab-bc50-8855b7e24acb,4,2024-04-12T03:11:40+00:00,굿굿굿,0,4.8.6,2026-08-05,https://play.google.com/store/apps/details?hl=ko&id=com.friendscube.somoim
496054f4-f249-4f34-82d6-957134694885,5,2024-04-08T04:20:33+00:00,굿 어플입니다,0,4.8.6,2026-08-05,https://play.google.com/store/apps/details?hl=ko&id=com.friendscube.somoim
1cc3e222-eb06-412a-a601-b55286575184,5,2024-04-07T11:27:36+00:00,응답이 진짜 개빠름 어플도 좋기도하고 30대 이상은 쓰면 좋아요,0,4.8.6,2026-08-05,https://play.google.com/store/apps/details?hl=ko&id=com.friendscube.somoim
c1caaf72-e35a-4477-b855-39defe5a3e2b,1,2024-04-07T11:12:23+00:00,별로에요.,0,4.8.2,2026-08-05,https://play.google.com/store/apps/details?hl=ko&id=com.friendscube.somoim
a702c676-d8c2-4869-8072-463f3e7e568f,2,2024-04-04T03:39:11+00:00,게시글 알람을 꺼도 게시글 알람이 계속 옵니다,1,4.8.4,2026-08-05,https://play.google.com/store/apps/details?hl=ko&id=com.friendscube.somoim
9c975d77-a59b-4e8a-b741-1902976361b7,5,2024-04-04T02:09:22+00:00,젊은사람들이 많음,0,4.8.6,2026-08-05,https://play.google.com/store/apps/details?hl=ko&id=com.friendscube.somoim
f5c71099-b5aa-4ef9-b381-1b1d53d97380,5,2024-04-04T01:37:44+00:00,굿,0,4.8.6,2026-08-05,https://play.google.com/store/apps/details?hl=ko&id=com.friendscube.somoim
1f81485c-c82a-49c9-85de-8fabb8d5abea,1,2024-04-03T03:01:04+00:00,프리미엄 유저인데 자꾸 무료만되고 프리미엄 모임 개설이 안돼요 고객센터도없고 메일 답변도 없으면 고객 응대는 어떻게 하시나요? 월 정기권 끊고 프리미엄 모임 개설이 안돼서 어플도 지웠다 설치해보고 모임 지웠다 다시 개설해도 안됩니다. 답변 주시던지 끊은 그정기권을 환불해주시던지 해결해주세요,0,4.8.6,2026-08-05,https://play.google.com/store/apps/details?hl=ko&id=com.friendscube.somoim
bae21aba-0c02-4643-b4cb-b4648e554f96,5,2024-03-31T02:36:22+00:00,굳,0,4.8.6,2026-08-05,https://play.google.com/store/apps/details?hl=ko&id=com.friendscube.somoim
30e37028-7fd9-4efd-863d-8bda38b55542,5,2024-03-29T14:08:38+00:00,너무 좋아요 ㅎㅎ,0,4.8.6,2026-08-05,https://play.google.com/store/apps/details?hl=ko&id=com.friendscube.somoim
42782fac-6162-462f-8c8d-5d40e310abf2,4,2024-03-28T04:48:30+00:00,결제가 안되서 모임이 중단됐어요. 해결부탁드립니다.,0,4.8.6,2026-08-05,https://play.google.com/store/apps/details?hl=ko&id=com.friendscube.somoim
1e2debc2-89b8-47a1-91e3-6e834542ee2a,5,2024-03-28T04:42:51+00:00,굳,0,4.8.6,2026-08-05,https://play.google.com/store/apps/details?hl=ko&id=com.friendscube.somoim
b7a2a510-8431-4355-8765-5b9cf8b22c30,3,2024-03-27T10:46:57+00:00,다른 모임 초대 안 오게 설정버튼 좀..ㅎ,0,4.8.6,2026-08-05,https://play.google.com/store/apps/details?hl=ko&id=com.friendscube.somoim
8739f13e-7fb8-4a50-b5bd-fc947bddeaff,1,2024-03-25T08:49:00+00:00,운영진 개싸가지 없어서 지웠습니다.,1,,2026-08-05,https://play.google.com/store/apps/details?hl=ko&id=com.friendscube.somoim
b6c29e9f-b3b8-4f28-af2f-ba623589ce42,5,2024-03-24T15:18:34+00:00,다양한 모임이 있어서 좋아요,0,4.8.6,2026-08-05,https://play.google.com/store/apps/details?hl=ko&id=com.friendscube.somoim
e1521525-e89c-40f7-9c48-7f268955b404,5,2024-03-23T22:46:58+00:00,편해요~,0,4.8.6,2026-08-05,https://play.google.com/store/apps/details?hl=ko&id=com.friendscube.somoim
7c8e713f-c40a-4f73-9a17-5e6a372494ab,5,2024-03-22T16:37:39+00:00,굿,0,4.8.6,2026-08-05,https://play.google.com/store/apps/details?hl=ko&id=com.friendscube.somoim
00a26fa0-c7b7-4f66-ad73-586d8c9a7997,5,2024-03-22T08:27:02+00:00,"최곱니다, 건전한 취미를 할 수 있는 장점도 있고, 자기계발도 충분히됩니다, 더군다나 고객센터의 답변도 굉장히 빠르고, 회원에게 필요한 부분에 대한 도움을 바로 해주십니다, 쇼핑몰 응대 이런거 보다가 여기 고객센터 보고 놀랐습니다, 적게일하시고많이버세요, 복많이받으시구요! 덕분에 앞으로 자주 어플 이용하며 운영진까지 해보고싶은 마음이 듭니다 감사합니다 ! ^^",6,4.8.6,2026-08-05,https://play.google.com/store/apps/details?hl=ko&id=com.friendscube.somoim
bbcb2680-e7fb-4e4e-b465-07243c6afa1e,1,2024-03-21T15:40:44+00:00,어플 삭제했다가 다시 설치할 때마다 휴대폰인증과 회원가입을 다시 해야하는 점이 매우 불편합니다. 회원제로 운영할 거면 로그인기능이라도 있어야하지 않을까요?,2,4.8.6,2026-08-05,https://play.google.com/store/apps/details?hl=ko&id=com.friendscube.somoim
a1a37a5e-1dc3-44ce-8735-e384b0fbb4b3,5,2024-03-20T21:49:46+00:00,좋아요,0,4.8.5,2026-08-05,https://play.google.com/store/apps/details?hl=ko&id=com.friendscube.somoim
9da2e6ba-36dd-4692-8c3e-5a4323a04e2c,5,2024-03-18T15:22:23+00:00,좋은경험을 하고있어요.,0,4.8.4,2026-08-05,https://play.google.com/store/apps/details?hl=ko&id=com.friendscube.somoim
4a4bb042-a7bf-499e-9410-3bbc9fa61c61,1,2024-03-16T03:01:29+00:00,인증번호 안와서 사용 못함,0,,2026-08-05,https://play.google.com/store/apps/details?hl=ko&id=com.friendscube.somoim
c4823914-6e09-48dd-b46e-82e01b637f96,5,2024-03-15T15:20:31+00:00,좋아요,0,4.8.4,2026-08-05,https://play.google.com/store/apps/details?hl=ko&id=com.friendscube.somoim
9005d3df-57f6-46f4-b316-769fcd344136,2,2024-03-14T01:51:34+00:00,"앱 자체는 유용한데.. ux가 별로예요ㅠㅠㅠ 내 모임으로 들어가면 바로 채팅으로 들어가지는 것도 불편하고 검색 엔진도 검색어를 포함하고 있는 모임 이름도 검색 결과에 안나오는게 좀 이상해요. 검색 결과가 터무니 없이 적어서 찾아보면 제가 찾던 모임이 있더라구요. 내가 사는 곳, 직장 근처 지역 모임도 모아서 보고싶은데 어디서 볼 수 있는지 모르겠어요. 이런 것들이 직관적이지 않아서 전반적으로 어플 사용 경험은 별로입니다.",24,4.8.4,2026-08-05,https://play.google.com/store/apps/details?hl=ko&id=com.friendscube.somoim
a14c813f-3ae4-4765-abc2-c7c055a3999c,5,2024-03-12T23:54:57+00:00,좋아요,0,4.8.4,2026-08-05,https://play.google.com/store/apps/details?hl=ko&id=com.friendscube.somoim
9861278f-53ae-4509-889e-3ca2be9da0fa,3,2024-03-12T05:51:58+00:00,사진첩 사진들 한번에 좀 삭제할수 없나요? 일일히 하나씩 삭제하는거 너무 불편하네요,5,4.8.4,2026-08-05,https://play.google.com/store/apps/details?hl=ko&id=com.friendscube.somoim
fc8a8821-40c7-4917-be49-54f3a29201ce,4,2024-03-12T03:10:27+00:00,게시글에 사진을 올리면 왼쪽으로 90도로 회전해서 사진이 세로로 보이는데 수정좀 부탁드립니다. 그리고 정모 개설시 시간이랑 사진 수정이 안되서 불편한데 가능했으면 좋겠습니다.,1,4.7.4,2026-08-05,https://play.google.com/store/apps/details?hl=ko&id=com.friendscube.somoim
911181a7-f0cf-4424-885d-641aa7de47aa,1,2024-03-11T14:28:19+00:00,"사용하기 불편, 개인정보 가리기가 안되어 유출 가능성 있음.",2,4.8.4,2026-08-05,https://play.google.com/store/apps/details?hl=ko&id=com.friendscube.somoim
e9d22153-27ea-49e7-9fce-9816e66baaff,5,2024-03-11T14:01:31+00:00,유용합니다,0,4.8.4,2026-08-05,https://play.google.com/store/apps/details?hl=ko&id=com.friendscube.somoim
2dd9468d-f3ac-4880-8816-56728947b509,5,2024-03-11T13:47:37+00:00,"어플 잘 사용하고 있습니다~👍👍 고객센터 문의할 게 있어서 메일을 보냈는데, 3분만에 답장을 받았습니다.. 이렇게 빠른 cs는 처음입니다 ㄷㄷ👍",1,,2026-08-05,https://play.google.com/store/apps/details?hl=ko&id=com.friendscube.somoim
b11a5cc3-7385-4660-9f05-b8309465a30f,1,2024-03-11T05:49:34+00:00,"소모임에 잘 나갔고, 열심히 활동하고 있는데 방장이 저희 모임과 안어울린다고 이유도 없이 강퇴했네요. 강퇴할 때 사유를 조금 더 자세히 적도록 해주시길 바랍니다. 강퇴할 때 방장 맘대로 말고 투표시스템이라도 만들어주시면 좋겠네요.",3,4.8.4,2026-08-05,https://play.google.com/store/apps/details?hl=ko&id=com.friendscube.somoim
3e6a752b-ff4c-4ab0-ae1b-ff6c7c805fad,5,2024-03-10T12:27:11+00:00,부산 30대 짐놀자 신입모집중 오픈톡 운영중 검색창에 부산짐놀자 검색하세요,0,4.8.4,2026-08-05,https://play.google.com/store/apps/details?hl=ko&id=com.friendscube.somoim
ef758c6d-aeae-48e1-aaa3-2396127dc4f1,3,2024-03-10T10:22:15+00:00,소모임 운영하고있는 사람 입니다 탈퇴자가 탈퇴하면 다시 못들어 오게 할수 있나요??신입들도 모임장 허락하에 가입할수 있는 기능도 만들어주세요^^,1,4.8.4,2026-08-05,https://play.google.com/store/apps/details?hl=ko&id=com.friendscube.somoim
279858c0-2221-46a5-a4b8-bcc02ed44c29,5,2024-03-10T05:56:10+00:00,가격 이벤트좀 해주세여,0,4.8.4,2026-08-05,https://play.google.com/store/apps/details?hl=ko&id=com.friendscube.somoim
b973723d-9363-405d-8bc7-3985adbe9b51,5,2024-03-10T00:29:26+00:00,타지와서 외로웠는데 관심사맞는모임있어 좋습니다!,0,4.8.3,2026-08-05,https://play.google.com/store/apps/details?hl=ko&id=com.friendscube.somoim
1545b089-5863-424a-81a8-8436e1a353a2,5,2024-03-09T10:14:20+00:00,좋아요,0,4.8.4,2026-08-05,https://play.google.com/store/apps/details?hl=ko&id=com.friendscube.somoim
acbc45a7-56e9-425f-9f87-dc6ca8989bdd,2,2024-03-09T00:06:27+00:00,알람 꺼도 체팅이나 게시글 작성할 때마다 푸시알림이 강제로 뜸 딥빡,1,,2026-08-05,https://play.google.com/store/apps/details?hl=ko&id=com.friendscube.somoim
2a77a714-3318-418c-8d9a-12eb3d491d41,1,2024-03-08T13:43:32+00:00,"1. 운영진 마음 상하게 했다고 강퇴당하고 어이가 없네요. 만약 너무 마음이 상해서 함께 할 수 없다면 적어도 사전 통보라도 해주고 강퇴하는 게 매너 아닌가요? 이런 부당한 운영진의 권력 남용의 강퇴 부분에 있어 앱 이용자들이 모임이나 모임 운영진을 신고할 수 있고 모임에 패널티가 부가되는 제도가 필요할 것 같습니다. 하루 종일 찜찜하고 나만 겪는 일인가 인터넷 검색해보니, 소모임 앱이 강퇴가 유독 많다는 게시글 보이고, 그래서 리뷰에 남깁니다. 2. 고객센터가 왜 있는지 모르겠습니다. 연락을 해도 답변이 없습니다. 이 부분도 개선이 되었으면 좋겠습니다.",3,4.8.4,2026-08-05,https://play.google.com/store/apps/details?hl=ko&id=com.friendscube.somoim
f739b3cd-9a3c-4310-ad7e-21815ff4cbce,1,2024-03-07T03:19:30+00:00,"거주지가 서울과 경기도에 걸쳐잇어서 (사는곳,직장,관심지역) 거주지를 서울로하고 직장위치나 관심지역에 바로옆 경기도로 설정을 해도 서울모임만 검색이 됩니다. 반대로 거주지를 경기도로 하면 경기쪽만 검색이되요 3군데 설정지역 경기서울 가릴거없이 노출되도록 시정해주세요!",6,4.8.4,2026-08-05,https://play.google.com/store/apps/details?hl=ko&id=com.friendscube.somoim
a3b4c663-14cc-4694-8c5e-f1dfbb85a533,3,2024-03-06T17:17:11+00:00,서울 전지역 검색도 됐으면 좋겠어요 아님 구별이라도ᆢ너무 동네에 한정지으니까 검색에 한계가 생기네요,1,4.8.4,2026-08-05,https://play.google.com/store/apps/details?hl=ko&id=com.friendscube.somoim
1ccdc21a-2d48-4f45-a924-b6c0d861cb7d,4,2024-03-06T10:14:58+00:00,모임 초대 알림 끄기 기능 좀 만들어주세요,0,4.8.4,2026-08-05,https://play.google.com/store/apps/details?hl=ko&id=com.friendscube.somoim
ec17832a-3471-420a-bc7a-790eb378b717,3,2024-03-05T12:52:33+00:00,축구,0,4.8.4,2026-08-05,https://play.google.com/store/apps/details?hl=ko&id=com.friendscube.somoim
734eeaf0-7ed8-4a99-8692-e2e0ef50228b,5,2024-03-04T09:24:01+00:00,따스한모임,0,4.8.3,2026-08-05,https://play.google.com/store/apps/details?hl=ko&id=com.friendscube.somoim
07a2d2e2-0f23-44de-a683-235988ca5ac3,5,2024-03-03T14:16:26+00:00,파워유저가 아닌데 오류로 인해 내 모임 비공개를 할 수 있나요??,0,4.8.3,2026-08-05,https://play.google.com/store/apps/details?hl=ko&id=com.friendscube.somoim
b594f39a-fc3d-48f9-bfc4-d8d7110c874a,3,2024-03-01T23:15:34+00:00,채팅 내 투표 기능 있으면 좋을 거 같아요 또한 정모 채팅방 바로 없어지지 않았으면 좋겠습니다,0,4.8.3,2026-08-05,https://play.google.com/store/apps/details?hl=ko&id=com.friendscube.somoim
ad71457b-dd91-4d9d-8f61-dbed8a1c4a6c,3,2024-02-28T02:43:26+00:00,모임 일정을 올리는데 이미지를 선택해서 올린 후에 취소를 하고 같은 날 일덩을 올리면 이미지가 변경이 안되네요 수정 부탁드립니다.,0,4.8.2,2026-08-05,https://play.google.com/store/apps/details?hl=ko&id=com.friendscube.somoim
c94a564d-7819-4cf6-9cb2-5b86cc208719,5,2024-02-28T00:08:55+00:00,좋다,0,4.8.2,2026-08-05,https://play.google.com/store/apps/details?hl=ko&id=com.friendscube.somoim
db0ec0b0-5ad0-41de-b318-5b31515b4a69,4,2024-02-26T11:21:18+00:00,사진 관련해서 오류가 있습니다. 모임 사진이나 프로필 사진을 변경하거나 새로 등록해도 이전 것이 그대로 표시되곤 합니다.,1,4.8.2,2026-08-05,https://play.google.com/store/apps/details?hl=ko&id=com.friendscube.somoim
1b1d1685-2693-411c-9703-3929ac37c97b,4,2024-02-26T09:49:40+00:00,봉사활동 모임장으로서 어플활용하고 있습니다! 다만 회원분들 인사글 적고 나면 중요한 공지글들이 밑으로 밀려서 회원들이 보기가 힘들다네요! 상단 고정글로 할수도 있지만 고정할 시 한줄로만 보여서 가시성이 떨어집니다. 모임장이 임의로 게시글을 순서를 정렬할 수 있는 기능이 있다면 좋을것 같습니다^^,56,4.8.2,2026-08-05,https://play.google.com/store/apps/details?hl=ko&id=com.friendscube.somoim
30d0fead-78c8-41ac-9301-741163057ee0,4,2024-02-26T08:47:33+00:00,소모임 어플은 PC버전 없나요?,0,4.8.2,2026-08-05,https://play.google.com/store/apps/details?hl=ko&id=com.friendscube.somoim
af9e28e1-5c46-45d2-aca1-e4444cb5b258,5,2024-02-20T05:57:14+00:00,다양한 사람들 만나기 좋습니다!,0,4.8.2,2026-08-05,https://play.google.com/store/apps/details?hl=ko&id=com.friendscube.somoim
328fed2f-a75b-4586-8fed-3729710940bd,5,2024-02-19T01:50:07+00:00,조와용,0,4.8.2,2026-08-05,https://play.google.com/store/apps/details?hl=ko&id=com.friendscube.somoim
b708bff1-5b15-4875-a132-72faa8685623,5,2024-02-19T00:25:19+00:00,"덕분에 모임 즐겁게 하고 있습니다. 상세관심사- 외국/언어에 ""수어""도 포함해 준다면 수어공부를 원하는 사람들에게 더 큰 도움이 될 것 같아요. 감사합니다.",0,4.8.2,2026-08-05,https://play.google.com/store/apps/details?hl=ko&id=com.friendscube.somoim
c4902716-a4e5-446d-a008-e5057d85b6e1,5,2024-02-18T01:10:53+00:00,주변 적절한 모임을 찾을 수 있어 좋습니다 ~,0,4.8.2,2026-08-05,https://play.google.com/store/apps/details?hl=ko&id=com.friendscube.somoim
2fd7ccaf-57c0-4e17-b39e-e4f6dec971a1,1,2024-02-16T18:21:37+00:00,제발 업데이트 좀 그만해요..한번 일할거 두 세번씩 하지마요 ㅜ,1,4.8.2,2026-08-05,https://play.google.com/store/apps/details?hl=ko&id=com.friendscube.somoim
e407707d-cf22-4340-a47b-931d3ca99bc6,5,2024-02-16T15:23:24+00:00,강사님의 정서이 보이는 자료정리와 실전경험에 필요한 자세한 강의를 들을 수 있었습니다,0,4.8.2,2026-08-05,https://play.google.com/store/apps/details?hl=ko&id=com.friendscube.somoim
f0c1a9dc-f28a-4a7a-b1ad-2a7c67d766ed,4,2024-02-16T13:05:51+00:00,모임 10개 제한은 너무 적어요🥹,0,4.8.2,2026-08-05,https://play.google.com/store/apps/details?hl=ko&id=com.friendscube.somoim
a0dcc1a1-29aa-40a0-9079-b2868fdc6bda,4,2024-02-15T06:20:34+00:00,not bad,0,4.8.0,2026-08-05,https://play.google.com/store/apps/details?hl=ko&id=com.friendscube.somoim
9366a5aa-cb3b-41d9-a45c-5dc38649b434,3,2024-02-14T04:02:51+00:00,소모임 어플 이용자 입니다 업데이트 하면서 먼가 좋아지는것도 같은데 불편한점들도 있네요~ 모임 개설하고 운영진으로 활동중인데 요즘들어서 탈퇴하는 회윈들 운영진한테 안떠서 불편합니다 1대1 대화창에서 그 회원 클릭하면 가입인사나 게시글이 보였는데 지금은 모임회원에게만 공개된다는 문구가 떠요. 회원인데 왜 안되는거죠? 가끔은 불필요한 업데이트도 있고 잘 이용하던 기능 사라지기도하고 안정적으로 가면 안될까요? 모임마다 나이 제한 있는데 나이제한 설정도 있으면 가입할때 좀더 편할거 같아요 개선 부탁드립니다 이모티콘도 다양했으면 합니다,18,4.8.0,2026-08-05,https://play.google.com/store/apps/details?hl=ko&id=com.friendscube.somoim
d81aa90b-4099-464e-ae9c-abe3859b3b51,1,2024-02-13T23:57:02+00:00,DM이 왔는데 어딨는지 찾아갈수가 없음 유료 결제중인데 별 기능도 없고 돈아깝 유저가 많다는게 유일한 장점이고 uiux는 매우 구림,2,4.8.0,2026-08-05,https://play.google.com/store/apps/details?hl=ko&id=com.friendscube.somoim
69dac07c-50b1-45d6-a316-e179912ac8ee,5,2024-02-08T02:46:00+00:00,좋다 !!!!!,0,4.8.0,2026-08-05,https://play.google.com/store/apps/details?hl=ko&id=com.friendscube.somoim
e315cb1b-b293-492d-8906-2b7f642d35f2,5,2024-02-07T17:10:19+00:00,굿,0,4.8.0,2026-08-05,https://play.google.com/store/apps/details?hl=ko&id=com.friendscube.somoim
5cc35c31-6812-43d5-aa49-97db4bbedfd1,1,2024-02-07T04:42:47+00:00,"권력남용 하는 모임들 관련 패널티 기능이 필요하다봅니다. 추방전 제대로 된 소통없이 내보내는 모임이 다수인데 간혹 보면 이런 모임이 hot 표기가 붙거나 추천 모임에 올라오는게 진짜 어이가 없네요. 잦은 추방, 추방전 제대로 된 소통없이 내보내는 모임에 대한 패널티 기능 추가 부탁드립니다. 모임장 분들이 다 그런건 아닌데 무책임한 모임장이 다수라 이런 기능 있어야 한다 봅니다!!",24,4.8.0,2026-08-05,https://play.google.com/store/apps/details?hl=ko&id=com.friendscube.somoim
7f0c36e9-f92f-4047-a655-85607e05d19e,4,2024-02-05T00:46:58+00:00,우리가원하던 어플! 잘사용중입니다.😉,0,4.7.9,2026-08-05,https://play.google.com/store/apps/details?hl=ko&id=com.friendscube.somoim
52791bea-4491-465c-9bff-1dc97aefaafd,1,2024-02-02T09:09:40+00:00,어플 진짜 초딩이 만드는지 허구헌날 장난질,2,4.7.8,2026-08-05,https://play.google.com/store/apps/details?hl=ko&id=com.friendscube.somoim
b8d1d4b3-c01e-42b8-a99b-8f352903ad7b,5,2024-01-31T12:47:16+00:00,당근에서 모임 구햇는데 이거 알고는 취미생활이 많아졌네요!,0,4.7.8,2026-08-05,https://play.google.com/store/apps/details?hl=ko&id=com.friendscube.somoim
f41595ac-b83e-4645-a2dd-009dca43d891,5,2024-01-31T10:51:44+00:00,좋네요,0,4.7.8,2026-08-05,https://play.google.com/store/apps/details?hl=ko&id=com.friendscube.somoim
7528de37-88f2-495a-b3ad-e1476751d919,5,2024-01-31T04:14:34+00:00,굉장히 유용한 시스템이네요,0,4.7.8,2026-08-05,https://play.google.com/store/apps/details?hl=ko&id=com.friendscube.somoim
4b886ab0-39d7-4051-89b7-295dc8859d75,5,2024-01-30T19:01:05+00:00,좋은모임찾았네요,0,4.7.8,2026-08-05,https://play.google.com/store/apps/details?hl=ko&id=com.friendscube.somoim
db208c6e-f5fd-4f07-bef4-cc5a65d66fda,5,2024-01-30T11:58:26+00:00,굿,0,4.7.8,2026-08-05,https://play.google.com/store/apps/details?hl=ko&id=com.friendscube.somoim
b729a6b1-e695-4c71-a316-afdb882fd77f,5,2024-01-27T05:24:05+00:00,좋아요 ~,0,4.7.7,2026-08-05,https://play.google.com/store/apps/details?hl=ko&id=com.friendscube.somoim
63a05fc6-cb2f-437a-b5c9-4281f74b8a7e,4,2024-01-26T21:35:39+00:00,좋네요,0,4.7.7,2026-08-05,https://play.google.com/store/apps/details?hl=ko&id=com.friendscube.somoim
c6df5d99-0d15-4da9-9c02-6a6fb44c0782,3,2024-01-26T02:07:04+00:00,채팅방 알림이 뜨다 안뜨다 하네요 푸쉬나 무음알림해도 알림이 안떠요 휴대폰 설정의 문제인가요?,0,3.9.2,2026-08-05,https://play.google.com/store/apps/details?hl=ko&id=com.friendscube.somoim
9a02c00e-15d1-48a5-84ee-67fe18aac576,3,2024-01-25T04:57:02+00:00,제발 정모 일정 구별로 검색해서 볼 수 있게 해주세요. 용산구 모임 정모 참석하려는데 구별로 검색이 안되니 다 읽어야 하자나요ㅜ 문토 어플 보고 배워서 편의성 좀 높여주세요ㅜㅜ,2,4.7.8,2026-08-05,https://play.google.com/store/apps/details?hl=ko&id=com.friendscube.somoim
6d597336-0a1c-49d1-a76b-40c7b5e42596,4,2024-01-25T01:54:51+00:00,굿,0,4.7.7,2026-08-05,https://play.google.com/store/apps/details?hl=ko&id=com.friendscube.somoim
c42c06b8-9d39-40e0-90e2-b196578a8f95,5,2024-01-23T22:55:23+00:00,친구도 잘사귈 수 있고 괜찮은 어플입니다,0,4.7.7,2026-08-05,https://play.google.com/store/apps/details?hl=ko&id=com.friendscube.somoim
d7ee5cd2-39ca-4cae-9fbb-123cd6f24ca5,5,2024-01-22T03:15:31+00:00,댓글 복사기능 안되는것 고쳐줘요,0,4.7.7,2026-08-05,https://play.google.com/store/apps/details?hl=ko&id=com.friendscube.somoim
9947fa67-bead-44e4-a86d-d131fec9c31f,3,2024-01-20T00:33:52+00:00,잘 사용했는데 갑자기 최근에 모든 모임에서 채팅이 안되기 시작했습니다. 다시 깔아도 봤는데.. 다른 분들은 다 되는 것 같던데 저만 채팅이 안되네요..,1,4.7.7,2026-08-05,https://play.google.com/store/apps/details?hl=ko&id=com.friendscube.somoim
688142f1-7b56-4821-a65e-b80164b53f5e,3,2024-01-16T14:29:16+00:00,귓속말택 할때 이모티나 사진이 노출되어 버립니다. 자소서 사진수정이 불가한거 또한 불편합니다. 인터페이스는 왜 자꾸 바꿔서 엉망진창 헤매게 만들고 엉성하게 자꾸자꾸 바꿔대는데 이걸 익숙해지기전에 또바뀌고 프로필사진 바꿔도 채팅창 사진댓글 모임사진 프사가 제멋대로 입니다. 제발 모임 탈퇴하면 내정보도 같이 없어지게 해주세요. 계속남아 있는거 영 찝찝해요.,12,4.7.7,2026-08-05,https://play.google.com/store/apps/details?hl=ko&id=com.friendscube.somoim
0af5dfac-b28e-4e82-a756-0e08e1493a81,4,2024-01-15T17:58:28+00:00,괜찮은것 같기도...아닌것같기도..,1,4.7.7,2026-08-05,https://play.google.com/store/apps/details?hl=ko&id=com.friendscube.somoim
9c874583-4fbd-4e4a-88cf-3eb1b0b76e46,3,2024-01-15T09:50:15+00:00,"사진 업로드 시, 90도 자동회전되어서 세로로 등록되는 오류. 조치 부탁드립니다.",1,4.7.7,2026-08-05,https://play.google.com/store/apps/details?hl=ko&id=com.friendscube.somoim
a8148f0c-4ca3-4527-8c07-946086000568,5,2024-01-15T09:35:21+00:00,Goooooood~,0,4.7.7,2026-08-05,https://play.google.com/store/apps/details?hl=ko&id=com.friendscube.somoim
0fd8b01d-fe4f-43a1-adb9-e3cba0674bc1,5,2024-01-14T03:33:34+00:00,굳굳굳,0,4.7.7,2026-08-05,https://play.google.com/store/apps/details?hl=ko&id=com.friendscube.somoim
7b878064-387a-4bb8-a300-aa8db28925d8,5,2024-01-14T01:56:47+00:00,👍,0,4.7.7,2026-08-05,https://play.google.com/store/apps/details?hl=ko&id=com.friendscube.somoim
6ec033fb-9884-4026-a7a1-9422abe88b1c,5,2024-01-13T23:59:56+00:00,좋아요,0,4.7.7,2026-08-05,https://play.google.com/store/apps/details?hl=ko&id=com.friendscube.somoim
150de4b0-5843-4e2d-b2b2-2055b5b20064,5,2024-01-12T02:39:51+00:00,모임에 참여하기 아주 좋네요!!,0,4.7.7,2026-08-05,https://play.google.com/store/apps/details?hl=ko&id=com.friendscube.somoim
35f079a1-6c6a-4467-8af6-a90fefd51878,1,2024-01-10T11:45:41+00:00,모임 노출도 안되고 고객센터 문의해도 처리도 안해주고 환불도 안해주고 모르쇠로 일관하고 돈 버니까 배불렀나보네요 최악의앱입니다!!!,4,4.7.7,2026-08-05,https://play.google.com/store/apps/details?hl=ko&id=com.friendscube.somoim
906f69e9-12d7-4fd5-96ea-95d612a8bce7,5,2024-01-10T08:23:44+00:00,소모임에서 해주는 소개팅 프로그램 덕분에 결혼하게되었습니다. 다른분들도 좋은인연 만나기 좋은 어플이니 참여 통해서 올해는 다들 좋은 인연 만드시기 바랍니다.,4,4.7.6,2026-08-05,https://play.google.com/store/apps/details?hl=ko&id=com.friendscube.somoim
46811095-f357-4dbc-8f27-20816a59e1b8,1,2024-01-10T05:57:10+00:00,그만 좀 UI변경하세요 어지러울 지경 좀 한번에 최대한 연구하고 정리하고 가다듬어서 업데이트를 해야지 UI는 신중을 기해서 변경했으면 좋겠어요 어떻게 한달에 한번 꼴로 변경이 됩니까...,5,4.7.5,2026-08-05,https://play.google.com/store/apps/details?hl=ko&id=com.friendscube.somoim
e74a5526-ab3b-4cc6-b04a-816c0bb3fa09,3,2024-01-10T04:19:25+00:00,이용자가 많은듯해 좋긴한데 알람을 꺼놔두 자꾸 알람이 오네요 수정좀 채팅창에 내용이 쌓엿을때 젤 아래로 갈수잇게도요. 마지막까지 계속 스크롤 내려야대요 너무 불편 ㅠ,2,4.6.9,2026-08-05,https://play.google.com/store/apps/details?hl=ko&id=com.friendscube.somoim
c9d27d63-28ac-4779-bfda-25797ece5c7d,4,2024-01-06T09:05:29+00:00,프리미엄 스폰서로 활용하고 있습니다. 모임 내에서 정모 개설 시 기존 개설 모임을 템플릿으로 하여 불러오는 기능이 있었으면 좋겠습니다. 날짜만 바뀌고 나머지 장소나 내용은 똑같은 경우가 많은데 매 번 입력하기 번거로워요.,0,4.7.6,2026-08-05,https://play.google.com/store/apps/details?hl=ko&id=com.friendscube.somoim
bc01586b-f66a-447e-9f65-48dc3ecd8614,2,2024-01-06T04:04:33+00:00,제발 초대할 때 남 녀 구분 좀 !!!!!,2,4.7.5,2026-08-05,https://play.google.com/store/apps/details?hl=ko&id=com.friendscube.somoim
438ba504-831e-4a6d-ae32-acaf2e2b2568,1,2024-01-05T15:06:07+00:00,뭔가 바뀔려고 드디어 업데이트를 자주하네요. 근데 바뀔때 마다 불편하네요. 아래 하단 검색 탭 누루면 키보드가 보이네요. 에휴 그 이후 다른 버튼 누루기 불편하네요.,34,4.7.6,2026-08-05,https://play.google.com/store/apps/details?hl=ko&id=com.friendscube.somoim
c67a7d41-a3f6-4735-9129-bc39cf94106a,5,2024-01-04T04:04:45+00:00,여러 모임을 한번에 볼수 있어서 좋았습니다,0,4.7.5,2026-08-05,https://play.google.com/store/apps/details?hl=ko&id=com.friendscube.somoim
9bcc0420-db2c-40b7-a022-427ebfae33f1,3,2024-01-04T02:16:45+00:00,모임장 강퇴자 제한수좀 확 풀어주세요 유령회원들 관리가 힘들어요,0,4.7.5,2026-08-05,https://play.google.com/store/apps/details?hl=ko&id=com.friendscube.somoim
09358e9f-3cb2-4597-83ba-63e2d694d3e5,5,2024-01-03T10:45:11+00:00,편하고 좋아요,0,4.7.5,2026-08-05,https://play.google.com/store/apps/details?hl=ko&id=com.friendscube.somoim
ba57017c-e4fb-4437-a1a2-ca255c96f1f5,5,2024-01-02T23:11:51+00:00,사용하기 편해요~,0,4.7.5,2026-08-05,https://play.google.com/store/apps/details?hl=ko&id=com.friendscube.somoim
cdc57d04-3a66-4777-bd7f-bed502659f4a,5,2024-01-02T13:47:31+00:00,정말 다양한 카테고리의 취미를 경험하고 공유할 수 있는 앱인거같아서 유용하네요,0,4.7.5,2026-08-05,https://play.google.com/store/apps/details?hl=ko&id=com.friendscube.somoim
84b159c8-6c26-4971-9aa6-05554473bfde,4,2024-01-02T02:27:15+00:00,다좋은데 이모티콘이 좀..ㅠ 이모티콘만 좀 이쁘고 귀여운걸로 많이 업데이트해주셨으면 합니다ㅜㅜ 이모티콘이 좀 아쉽네요ㅜㅜ,0,4.7.5,2026-08-05,https://play.google.com/store/apps/details?hl=ko&id=com.friendscube.somoim
1063ed51-38e9-4014-a50a-fdeefbb86359,5,2024-01-02T01:29:37+00:00,재미있어요~~~^^,0,4.7.5,2026-08-05,https://play.google.com/store/apps/details?hl=ko&id=com.friendscube.somoim
3cfd2f5a-4f46-444e-8acc-831fb27d217e,1,2023-12-28T13:22:02+00:00,전에 프리미엄 결재 했던게 어플 안써서 까먹고 있었는데 자동으로 그냥 되버려서 결재 되자마자 바로 취소하고 환불 요청했는데도 환불도 안해주네 양아치들인가 그날 하루 쓴거로 치더라도 날짜에 따라 차등 환불이라도 해주던지,2,4.7.4,2026-08-05,https://play.google.com/store/apps/details?hl=ko&id=com.friendscube.somoim
982937d5-7e37-4f87-8340-a6cbdf6ca9bd,5,2023-12-28T09:52:40+00:00,심심할때 모이면 딱,0,4.7.5,2026-08-05,https://play.google.com/store/apps/details?hl=ko&id=com.friendscube.somoim
42de78c3-e505-4621-a25f-de826c9044be,5,2023-12-28T02:03:29+00:00,좋음,0,4.7.5,2026-08-05,https://play.google.com/store/apps/details?hl=ko&id=com.friendscube.somoim
f0337a72-1e5d-4c57-aa0f-d47c1ed5668d,1,2023-12-28T00:48:29+00:00,프리미엄 유저 입니다. 소모임으로 소모임 기능 하기에는 너무 부족해서 별도 카페느 카톡등을 또 사용해야 합니다. 여기는 모집이나 가입용으로만 사용되니 다소 기능이 아쉽습니다. 현실적으로 필요한 메뉴들이 있어야 할듯 합니다.,4,,2026-08-05,https://play.google.com/store/apps/details?hl=ko&id=com.friendscube.somoim
1db5f8dd-5ad7-4557-a590-a6a1c38363ed,5,2023-12-27T15:26:07+00:00,Fighting~~,0,4.7.5,2026-08-05,https://play.google.com/store/apps/details?hl=ko&id=com.friendscube.somoim
cdc95798-6e8d-427b-8489-1fcc0b44e175,5,2023-12-27T11:57:02+00:00,요즘 이거저거 바뀌고 열심히 노력하려는 모습은 보기 좋습니다. 근데 모임 다중이짓 하는건 제발 어떻게 해주세요. 모임 마다마다 소개팅모임이니 직장인모임이니 하는거 보면 한사람이 굉장히 여러개 만들어놓고 영업뜁니다. 신고하고 해도 안내려가요.,1,4.7.5,2026-08-05,https://play.google.com/store/apps/details?hl=ko&id=com.friendscube.somoim
91dafb66-cb91-4282-8b52-60e5eb982352,4,2023-12-27T06:31:33+00:00,번개를 하루한개이상 생성할수 없는거같던데 여러개 생성가능하게 업댓부탁드려요,0,4.7.5,2026-08-05,https://play.google.com/store/apps/details?hl=ko&id=com.friendscube.somoim
2336a455-9d46-4c2a-9e57-5c9003d1ee9e,2,2023-12-25T18:49:21+00:00,글씨에 색깔 넣을수 없나요?,0,4.7.4,2026-08-05,https://play.google.com/store/apps/details?hl=ko&id=com.friendscube.somoim
247a50ec-06b1-4cb8-99a8-a98aa011c3cd,4,2023-12-25T02:50:28+00:00,좋네요,0,4.7.4,2026-08-05,https://play.google.com/store/apps/details?hl=ko&id=com.friendscube.somoim
34535f86-1270-46b8-b4d8-b21e5c881fe4,5,2023-12-24T12:50:10+00:00,좋아요!,0,4.7.4,2026-08-05,https://play.google.com/store/apps/details?hl=ko&id=com.friendscube.somoim
c4257d2b-eb8f-4da3-8e45-c1fd9fb6beda,5,2023-12-23T12:46:26+00:00,좋을거같음,0,4.7.4,2026-08-05,https://play.google.com/store/apps/details?hl=ko&id=com.friendscube.somoim
d666712e-d5c9-45a6-b147-bf84275d6423,3,2023-12-23T10:37:38+00:00,구미지역에는 매듭만드는게 넘 없네요ㅜ 그래서 별점을3개줬네요,0,4.7.4,2026-08-05,https://play.google.com/store/apps/details?hl=ko&id=com.friendscube.somoim
028dae02-083f-44ae-a410-d188ee064b99,5,2023-12-23T07:52:39+00:00,조하요,0,4.7.4,2026-08-05,https://play.google.com/store/apps/details?hl=ko&id=com.friendscube.somoim
46551cb4-9e7f-49a4-ba5f-18a72001c405,5,2023-12-22T21:55:54+00:00,잘 사용하고 있습니다.,0,4.7.4,2026-08-05,https://play.google.com/store/apps/details?hl=ko&id=com.friendscube.somoim
7021b4aa-0cfd-4cbe-bd7d-9d02c277d7ae,5,2023-12-22T05:19:47+00:00,다양해서 좋습니다.,0,4.7.1,2026-08-05,https://play.google.com/store/apps/details?hl=ko&id=com.friendscube.somoim
5881ef57-02dd-4b0c-b530-c5c3a788349c,1,2023-12-22T03:32:52+00:00,정모를 만들때 원하는 사진이 업로드가 안됩니다. 계속 특정사진만 계속적으로 보이는데 관리 똑바로 해주세요,0,4.7.4,2026-08-05,https://play.google.com/store/apps/details?hl=ko&id=com.friendscube.somoim
e7447013-cf35-4ec5-be6c-f461378b1344,1,2023-12-19T17:52:59+00:00,운영진입니다 전혀 소모임이 검색도 안되고 노출도안되는데 환불조치도 않고 살려두는건 돈때문일까요? 사용못하게 해놓고 왜 환불안해주시고 그냥 두실까요? 그리고 미리 어떤사유로 이렇게 되었다라는 공지도 없이 그냥 갑자기 처리해버리는건 이런상황에 누가 결재를 했을까요?,2,4.7.4,2026-08-05,https://play.google.com/store/apps/details?hl=ko&id=com.friendscube.somoim
32cf9d3c-ab76-49aa-a67b-319cd5eca0ae,4,2023-12-19T08:21:39+00:00,제발 채팅창에 차단 기능좀 만들어 주세요,0,4.7.4,2026-08-05,https://play.google.com/store/apps/details?hl=ko&id=com.friendscube.somoim
71912fd1-ecd6-44e4-ad67-abdf1cdad7c6,5,2023-12-18T10:37:51+00:00,내가 원치 않는 모임을 선택해서 안보이게 해주는 기능을 넣어주세요. 가령 모임장과 불화나 불합리한 이유로 강퇴된 모임이 계속 리스트에 뜨는건 무척이나 불편합니다. 내가 싫어서 나온 모임과 강퇴되서 나온 모임을 필터링할 수 있는 기능을 넣어주세요.,4,4.7.4,2026-08-05,https://play.google.com/store/apps/details?hl=ko&id=com.friendscube.somoim
03098ec9-3af0-4e34-af06-040d1ee4181e,4,2023-12-18T09:09:30+00:00,신기하고 좋아요~,0,4.7.4,2026-08-05,https://play.google.com/store/apps/details?hl=ko&id=com.friendscube.somoim
b7f482b9-1b57-47ac-a551-6b154d44a8aa,5,2023-12-18T02:59:01+00:00,좋아요,0,4.6.2,2026-08-05,https://play.google.com/store/apps/details?hl=ko&id=com.friendscube.somoim
6412cea6-0e91-482b-8031-41c5b0deff27,5,2023-12-17T15:11:03+00:00,소모임에서 만나 2년연애 후 내년에 결혼하게 됐습니다😊 하핫,0,4.7.3,2026-08-05,https://play.google.com/store/apps/details?hl=ko&id=com.friendscube.somoim
7d444010-8f20-4a36-86a9-6875c355bccb,2,2023-12-17T06:16:33+00:00,정모 올리면 시간 수정 가능하게해주세요. 잘못올리면 다시 삭제 후 올리는게 번거롭네요.,1,4.7.4,2026-08-05,https://play.google.com/store/apps/details?hl=ko&id=com.friendscube.somoim
c898a410-11a7-48ef-8881-64ef9d8d975f,3,2023-12-14T07:59:12+00:00,이모티콘 자주 업데이트 되면 좋겠습니다 제가 어플을 몇년사용한 유저인데요 동영상도 채팅창이나 사진첩이나 공유되면 좋겠어여 게시글에 수정할때 사진도 수정가능했으면 좋겠어요,0,4.7.3,2026-08-05,https://play.google.com/store/apps/details?hl=ko&id=com.friendscube.somoim
b5f1c692-955b-4251-8909-e830aa1d0495,3,2023-12-13T01:24:33+00:00,알림이 늦고 모임개설이 4개밖에 안돼서 불편합니다. 이메일로 건의드렸는데 혹시 확인해주셨을까요?,0,4.7.4,2026-08-05,https://play.google.com/store/apps/details?hl=ko&id=com.friendscube.somoim
b71d75ec-91e2-449a-91c4-67e1b405650a,5,2023-12-12T23:28:29+00:00,소모임으로 많은 취미가 공유되고 좋은 사람 만날 수 있어서 너무 좋습니다!! 문의 답변도 빨리 주셔서 정말 좋아요!!,0,4.7.4,2026-08-05,https://play.google.com/store/apps/details?hl=ko&id=com.friendscube.somoim
3da7451c-ac0f-476e-b5fa-b5d023569423,1,2023-12-12T10:38:00+00:00,초대거부해놓는 기능좀 만들자 !!!!내가 가입한모임알람만 받고싶은데 시도때도없이 원치않는 초대알람이울려서 스트레스받는다진짜,6,4.7.4,2026-08-05,https://play.google.com/store/apps/details?hl=ko&id=com.friendscube.somoim
f8735dee-103a-4f81-9cb9-6859819f605a,5,2023-12-12T04:06:54+00:00,굿,0,4.6.9,2026-08-05,https://play.google.com/store/apps/details?hl=ko&id=com.friendscube.somoim
dbfcad00-595f-410d-a6f6-ad11de304df8,5,2023-12-10T21:57:38+00:00,좋아요,0,4.7.3,2026-08-05,https://play.google.com/store/apps/details?hl=ko&id=com.friendscube.somoim
f680a41a-c4dc-43e6-8d0a-06c3b9e8594a,5,2023-12-10T12:51:38+00:00,좋아요,0,4.7.3,2026-08-05,https://play.google.com/store/apps/details?hl=ko&id=com.friendscube.somoim
f41c1460-3cd8-4868-af07-17bd9c844bf5,5,2023-12-10T07:10:39+00:00,좋아요,0,4.7.3,2026-08-05,https://play.google.com/store/apps/details?hl=ko&id=com.friendscube.somoim
6c172176-28a9-4162-863a-9f63fbbfc117,3,2023-12-09T23:36:12+00:00,소모임 뒤로가기 종료가 안되네요,0,4.7.3,2026-08-05,https://play.google.com/store/apps/details?hl=ko&id=com.friendscube.somoim
95496cc2-9f5f-4660-b044-f2c05bd7ec2d,1,2023-12-08T23:20:51+00:00,글에 사진 첨부하면 화질 실화?,0,4.7.3,2026-08-05,https://play.google.com/store/apps/details?hl=ko&id=com.friendscube.somoim
477709b7-decd-4621-9d97-c529de114f18,2,2023-12-08T12:10:03+00:00,메세지 팝업 무음인데 계속 화면 켜지는거 너무 짜증나요,0,4.7.3,2026-08-05,https://play.google.com/store/apps/details?hl=ko&id=com.friendscube.somoim
66c14e42-657d-403c-b02d-2e4f536695db,4,2023-12-07T05:38:47+00:00,소모임을 이것저것 꾸준히 운영을 많이 했는데 상단 노출이 잘 되다가 갑자기 사라짐 결제를 안하는 것도 아니고 정모를 안하는 것도 아니어서 메일로 문의했는데 알고리즘 때문에 안뜨거나 신고먹은걸수도 있다길래 그럼 다른 소모임을 해볼까 싶어서 다른거 파서 거기도 결제해봤는데 이젠 신규 소모임으로 뜨지도 않음 나름 잘 쓰고있었는데 이게 뭔가 싶고 ㅋㅋㅋㅋ 결제했으면 상단게시 해준다면서요 ㅋㅋㅋ 리스트에도 안뜨던데 뭐하자는거죠 이건? 검색하니까 그제야 나오네요? 검색하면 뜨는데 리스트엔 왜 안뜨죠? 지역내에 동일 주제의 소모임도 몇개 없던데 얼척없네ㅋㅋㅋㅋ,1,4.7.3,2026-08-05,https://play.google.com/store/apps/details?hl=ko&id=com.friendscube.somoim
a63ba9ff-12a3-4600-bf45-aa383a3b1556,5,2023-12-06T15:00:27+00:00,굳,0,4.7.3,2026-08-05,https://play.google.com/store/apps/details?hl=ko&id=com.friendscube.somoim
8a8d4ebd-a440-41e9-840d-2e0aed00f920,5,2023-12-05T10:18:19+00:00,좋아용,0,4.7.3,2026-08-05,https://play.google.com/store/apps/details?hl=ko&id=com.friendscube.somoim
2332cc1a-da1e-4d26-9af7-9ab1afb0a9fd,5,2023-11-30T06:18:12+00:00,스마트폰으로만 채팅하기가 어렵습니다. PC지원이나 멀티 로그인은 언제 지원 될까요?,0,4.7.3,2026-08-05,https://play.google.com/store/apps/details?hl=ko&id=com.friendscube.somoim
5a67a99d-84dd-4d9e-8073-2f8873bbca8a,5,2023-11-28T16:31:23+00:00,넘좋아요,0,4.7.3,2026-08-05,https://play.google.com/store/apps/details?hl=ko&id=com.friendscube.somoim
a99938cc-c9b5-4775-aa75-0b9b39efff31,5,2023-11-26T23:50:00+00:00,모임찾기 기능이 조금 더 쉽게 되었으면 합니다,0,4.7.3,2026-08-05,https://play.google.com/store/apps/details?hl=ko&id=com.friendscube.somoim
975dc8d4-662d-4def-89fe-d796e97a1b64,5,2023-11-26T22:44:57+00:00,좋은 사람들과 만남,0,4.7.3,2026-08-05,https://play.google.com/store/apps/details?hl=ko&id=com.friendscube.somoim
119bcc01-e2cf-4bfc-b258-6d323751016c,5,2023-11-26T03:43:37+00:00,아니 소모임 가입했는데 탈퇴했다고 주 6일은 너무 합니다,0,4.7.3,2026-08-05,https://play.google.com/store/apps/details?hl=ko&id=com.friendscube.somoim
2f72754e-358c-4772-aa69-b10ffebd2693,5,2023-11-21T02:55:56+00:00,고객센터 대응이 넘 신속하고 친절합니다!!,0,4.7.2,2026-08-05,https://play.google.com/store/apps/details?hl=ko&id=com.friendscube.somoim
1d00515e-f305-45a2-93f5-75651c52a5ee,5,2023-11-20T03:12:09+00:00,좋음,0,4.7.2,2026-08-05,https://play.google.com/store/apps/details?hl=ko&id=com.friendscube.somoim
5914ffd2-78ff-4b7b-84b1-3f84a50bbfa6,1,2023-11-20T02:43:50+00:00,자동결제 취소 해주세요...메일을 보내도 답장도 안해주시고,1,4.7.2,2026-08-05,https://play.google.com/store/apps/details?hl=ko&id=com.friendscube.somoim
b6498e34-5045-4206-95a6-ffdf36cc7c52,5,2023-11-20T01:43:10+00:00,자세하게 잘 지도해 주세요,0,,2026-08-05,https://play.google.com/store/apps/details?hl=ko&id=com.friendscube.somoim
ade3fb3e-3757-42db-95e5-1507022c8bea,1,2023-11-19T06:25:16+00:00,소모임 초대 거부 기능좀 해주세요 무분별한 초대 때문에 스트레스 받네요 그리고 운동.취미.기타 배움이나 이런모임 아니면 정신병자 소굴이니 참고하세요 정상인 찾기 매우 힘듭니다,2,4.7.2,2026-08-05,https://play.google.com/store/apps/details?hl=ko&id=com.friendscube.somoim
093fbe24-9299-4d7d-9173-92588ad38251,5,2023-11-19T05:25:45+00:00,굿,0,4.7.2,2026-08-05,https://play.google.com/store/apps/details?hl=ko&id=com.friendscube.somoim
2b0842ba-3041-4381-b383-633964fd5833,5,2023-11-19T01:34:02+00:00,굿,0,4.7.2,2026-08-05,https://play.google.com/store/apps/details?hl=ko&id=com.friendscube.somoim
893c16ed-c70a-4c92-a590-b93267a5fe41,3,2023-11-18T13:21:43+00:00,"프리미엄 유저입니다. 앱 자체가 불안정한 점이 몇개 있어요. 1. 당장 신규회원이 들어와서 채팅창에 인사를 하신 게 알람으로 떴는데, 제가 다른 화면을 보고 있어서 모바일 알람은 끄고 다시 들어갔는데 채팅이 안 떠 있습니다.. 2. 그리고 모임장이 게시글을 쓰면 공지가 아니더라도 모든 게시판 상단에 떴다가 새로고침하면 시간 순으로 다시 내려갑니다.. 3. 홈화면 게시글 노출은 최신글 1개가 노출되어야 하는데 모임장글만 노출이 됩니다.. 개선부탁드려요",19,4.7.2,2026-08-05,https://play.google.com/store/apps/details?hl=ko&id=com.friendscube.somoim
99b5ba6b-7d62-4880-8a8c-266731d6d85d,2,2023-11-17T05:00:32+00:00,"이 어플 사용에 회의적입니다. 모임마다 다르긴 하죠. 서울에서 운영중인 독서모임 중에 ㄴㅅ라는 모임은 모임장이 8개월 넘게 봐왔으면서 트집 하나 잡아서 강퇴시키더군요. 강퇴 권한이 모임장에게 있으니 본인 마음에 안 들면 강퇴하는데, 한번 강퇴당하면 다시 가입을 못하니 혼자 속만 앓습니다. 대화도 없이요. 인간관계도 8개월 동안 쌓았던 거 다 자르구요. 모임 어플 측에선 이러한 부분에 대해 고치려는 생각이 없어 보입니다. 인터넷 블로그 보면 이 문제로 상처 받고 소모임 어플 탈퇴하는 분들이 많은데요. 물론 그 모임장 성격이 이상하고 독단적이라 생각할 수 있지만, 이러한 시스템을 개선해주지 않는 소모임 측 문제도 있다고 생각합니다. 어플 운영을 통해 이윤을 취하면 그러려니 합니다. 프리미엄 회원 등으로 얻는 이익이 있을 테니까요. 그런데요. 인간적으로 대우 받지 못하는 데서 사람에 대한 실망감을 준다는 것. 그것을 방조하는 데서 오는 사회적인 불이익은 고려치 않는 것 같아, 실망이네요.",0,4.7.2,2026-08-05,https://play.google.com/store/apps/details?hl=ko&id=com.friendscube.somoim
e31b6107-ee3b-4049-a485-3793e4072ac2,5,2023-11-16T00:58:44+00:00,좋아요,0,4.7.2,2026-08-05,https://play.google.com/store/apps/details?hl=ko&id=com.friendscube.somoim
f8020014-f1eb-4edb-817e-a10122276c24,5,2023-11-15T23:23:55+00:00,소통이 빨라요,0,3.6.4,2026-08-05,https://play.google.com/store/apps/details?hl=ko&id=com.friendscube.somoim
02e80c3d-226f-4ddd-8e94-03de233194b8,5,2023-11-14T02:52:13+00:00,굿인듯 재밋는어플이군요,0,4.7.2,2026-08-05,https://play.google.com/store/apps/details?hl=ko&id=com.friendscube.somoim
324fffdc-84aa-4877-911a-7405119d32d8,1,2023-11-13T23:35:12+00:00,PC버전 안 만드는 이유가 뭘까요? 앱 재설치가 안됩니다! 조잡하고 불편해서 개인정보 설정하는 곳도 찾기 힘들 정도 지인 때문에 재설치,0,3.9.6,2026-08-05,https://play.google.com/store/apps/details?hl=ko&id=com.friendscube.somoim
1ca178ab-ac72-4060-9cc6-f0f110a13db8,5,2023-11-12T15:45:02+00:00,굿~,0,4.7.2,2026-08-05,https://play.google.com/store/apps/details?hl=ko&id=com.friendscube.somoim
bbae339f-7fbb-4a10-a1cf-9a6df6b16fed,5,2023-11-10T02:32:09+00:00,후 가입신청 하면 거의 남자는 마감이래 씹 ㅋㅋ 사교모임 같은거야 물관리 차원에서 그런다 쳐도 운동모임이 왜 성비를 조절하는거야,0,4.7.2,2026-08-05,https://play.google.com/store/apps/details?hl=ko&id=com.friendscube.somoim
3656052d-299a-4daf-819f-203cad00edeb,4,2023-11-09T09:45:00+00:00,사진첩 오류 사진 들어가서 확대하려고 하면 자연스럽게 확대 안되고 화면이 튀면서 확대됨. 이부분 개선 부탁드립니다.,0,4.7.1,2026-08-05,https://play.google.com/store/apps/details?hl=ko&id=com.friendscube.somoim
180eaae8-2433-4f28-8237-678caf6ac2b0,5,2023-11-07T23:35:55+00:00,새로운 경험을 할 수 있을것 같네요,0,4.7.1,2026-08-05,https://play.google.com/store/apps/details?hl=ko&id=com.friendscube.somoim
44e5166f-64c2-4b0c-a7ce-4a2de65c3d4d,5,2023-11-07T21:50:03+00:00,소통하기 좋아요,0,4.7.1,2026-08-05,https://play.google.com/store/apps/details?hl=ko&id=com.friendscube.somoim
35bdc93f-7758-44dd-aadd-a0c747d2664d,4,2023-11-05T01:00:59+00:00,좋은 모임을 찾았어요,0,4.7.1,2026-08-05,https://play.google.com/store/apps/details?hl=ko&id=com.friendscube.somoim
9738af81-8937-4037-8ac8-7bf19d085e89,5,2023-11-04T18:32:38+00:00,일상 밖 새로움이 기다리는 모임 좋아요~,0,4.7.0,2026-08-05,https://play.google.com/store/apps/details?hl=ko&id=com.friendscube.somoim
c68c6937-d13a-4b99-906b-1979bc9774ab,4,2023-11-03T12:39:26+00:00,몇년째 잘 사용하고 있습니다. 개인 사용자도 해당 모임을 안 보이도록 차단하는 기능이 있으면 좋겠어요.,1,4.7.1,2026-08-05,https://play.google.com/store/apps/details?hl=ko&id=com.friendscube.somoim
d9876516-3033-4607-8496-6312ad005fb6,5,2023-11-03T03:47:35+00:00,신나요 살맛나요,0,4.7.0,2026-08-05,https://play.google.com/store/apps/details?hl=ko&id=com.friendscube.somoim
a7ed3ea4-ebc1-43eb-b4d4-a18992132edf,3,2023-11-03T03:06:59+00:00,소모임 잘쓰고있는데요.. 1가지 수정좀 해주셨음 좋겠어요ㅜㅜ 게시글올리고 사진추가나 사진삭제후 수정할수있었음 좋겠어여ㅜㅜㅜㅜㅜ사진때문에 게시글 삭제후 다시올려야하는게 너무너무너무너무너무 불편해요😭😭😭😭😭,0,4.7.0,2026-08-05,https://play.google.com/store/apps/details?hl=ko&id=com.friendscube.somoim
0065201d-dfdf-43df-a2b1-39ecfefc5596,1,2023-11-02T04:47:52+00:00,최신 업데이트가 왜 이렇게 되었을까요... 홈에서 내 모임 일정 모아보기가 되어서 좋았었는데요... 지금은 관심없는 모임들 모아보기가 나오네요...,1,,2026-08-05,https://play.google.com/store/apps/details?hl=ko&id=com.friendscube.somoim
e9b36c0d-5344-488e-9208-66ec0b4888da,5,2023-11-01T23:50:36+00:00,좋아요~~~~~~^^,0,4.7.0,2026-08-05,https://play.google.com/store/apps/details?hl=ko&id=com.friendscube.somoim
db989a59-4fb3-42d3-b878-e9d0b913b99d,3,2023-11-01T00:23:46+00:00,"모임 개설시 사진 필수 첨부, 모임 입장시 인사말 필수 입력은 이해가 안되네요 ㅎㅎ",2,4.7.0,2026-08-05,https://play.google.com/store/apps/details?hl=ko&id=com.friendscube.somoim
18a5d8bd-307a-40b3-8f8c-4a7496313545,3,2023-10-31T10:47:54+00:00,다 필요없고 게시글 내에서 사진 수정 기능 정말 시급합니다! 이건 기본 기능 아닌가요..? 꼭 반영부탁드려요!,0,4.7.0,2026-08-05,https://play.google.com/store/apps/details?hl=ko&id=com.friendscube.somoim
4b42e70c-e21e-407a-9b69-5902f9c72304,1,2023-10-31T10:45:25+00:00,새 버젼 불편해요 내 모임을 찾아야하는데 왜 아래 있는지 모르겠네요,1,4.7.0,2026-08-05,https://play.google.com/store/apps/details?hl=ko&id=com.friendscube.somoim
624281e8-14b8-457e-9da6-8e22b4595455,5,2023-10-31T01:47:28+00:00,좋은 동아리 알게 되어서 좋은 만남들을 맺게 해준 소모임♡-♡ 감사합니다!,0,4.6.9,2026-08-05,https://play.google.com/store/apps/details?hl=ko&id=com.friendscube.somoim
e9d9188b-fa36-4e15-9b93-9476058a2619,5,2023-10-31T00:08:16+00:00,아주 좋다. 쓰기 편하고,0,4.6.5,2026-08-05,https://play.google.com/store/apps/details?hl=ko&id=com.friendscube.somoim
3210a178-9533-4097-b09a-362953614703,3,2023-10-30T06:22:20+00:00,"7년간 프리미엄스폰서로 사용한 유저입니다. 전반적으로 잘 사용하고있었으나 최근들어 개선필요한건 개선이안되고 불필요한 기능만 추가되는 것 같습니다. 예전에 나이 제한때문에 개선관련하여 문의드렸을때는 친절히 답변도 주고 수정할부분은 수정해줘서 소통이되는 느낌이었는데, 최근에는 그런것 같지 않아 아쉽습니다. 일례로 최근에 업데이트된 것들 중 아래 항목에 대해 개선 문의를 드렸으나 피드백이 없었습니다. 1. 모임 개설시 사진첨부가 필수인 것 - 선택으로 변경 필요 2. 모임 참가시 채팅방 개설이 자동으로되는데 참가 누를 경우 채팅을 반드시 해야하는 것 - 선택으로 변경 필요 그뿐만아니라 아래 다른 유저분들도 쓰신 내용 상당히 공감되고 개선되어야한다고 생각됩니다. 오늘 업데이트 했는데 개선된건없고 비공개모임 기능(뭔지는 모르겠음) 추가된거보고 안타까워 평가 남깁니다.",60,4.7.0,2026-08-05,https://play.google.com/store/apps/details?hl=ko&id=com.friendscube.somoim
a04b3572-676e-4fef-8258-d3d727457ca4,5,2023-10-28T11:22:45+00:00,굳,0,4.6.9,2026-08-05,https://play.google.com/store/apps/details?hl=ko&id=com.friendscube.somoim
fe23cd3e-f462-4380-aea5-2f0d2e79a694,5,2023-10-26T01:19:38+00:00,좋아요,0,4.6.9,2026-08-05,https://play.google.com/store/apps/details?hl=ko&id=com.friendscube.somoim
705bf858-bb6b-4073-899a-1ada0e17b1fe,3,2023-10-24T02:54:08+00:00,잘 사용하는데 최소한 생년은 실명확인에서 확인된 정보로 표시되었으면 합니다 너무 많은 사람이 거짓으로 설정하는데 문제 있다고 생각합니다,4,4.6.9,2026-08-05,https://play.google.com/store/apps/details?hl=ko&id=com.friendscube.somoim
39352534-bb7b-4d6c-8df9-b83426378af4,5,2023-10-23T11:44:53+00:00,좋아요,0,4.6.9,2026-08-05,https://play.google.com/store/apps/details?hl=ko&id=com.friendscube.somoim
22001363-503f-4c3e-b468-68a5b04205c7,5,2023-10-21T15:03:21+00:00,젛아요,0,4.6.9,2026-08-05,https://play.google.com/store/apps/details?hl=ko&id=com.friendscube.somoim
1cfe898a-8187-4f50-8d4a-7e832efe4423,1,2023-10-20T02:14:34+00:00,벙참때 인사말안해도되베해주세요 벙생성때 사진필수아니게해주세요,1,4.6.9,2026-08-05,https://play.google.com/store/apps/details?hl=ko&id=com.friendscube.somoim
adfb7147-3895-4a3e-ad79-09780e06c858,5,2023-10-19T05:01:15+00:00,유용하고 즐거워요.,0,4.6.9,2026-08-05,https://play.google.com/store/apps/details?hl=ko&id=com.friendscube.somoim
3213a0d2-d99e-4ccf-a96e-f2e89a7c7ee6,4,2023-10-19T00:54:17+00:00,좋아요,0,4.6.9,2026-08-05,https://play.google.com/store/apps/details?hl=ko&id=com.friendscube.somoim
6782a117-d921-4239-9269-c685e80678d3,5,2023-10-18T06:22:18+00:00,사용함에 불편함이 없는데 왜 자꾸 UI를 바꾸나요? 뭐 일주일에 한 번씩 바꾸는 것 같아서 익숙해질만 하면 바뀌고 또 익숙해질만 하면 바뀌고 돈 좀 그만 쓰세요,2,4.6.8,2026-08-05,https://play.google.com/store/apps/details?hl=ko&id=com.friendscube.somoim
cd2b58ea-5ce2-4947-b722-275fab41db14,4,2023-10-18T02:40:38+00:00,👍 좋아요,0,4.6.9,2026-08-05,https://play.google.com/store/apps/details?hl=ko&id=com.friendscube.somoim
b778374d-5c5e-4667-918f-ec3a0c3bbf24,5,2023-10-17T01:32:19+00:00,좋아요,0,4.6.9,2026-08-05,https://play.google.com/store/apps/details?hl=ko&id=com.friendscube.somoim
157ab987-1771-45fe-b5e9-39c6cd511ff4,4,2023-10-16T02:32:15+00:00,운영진님!! 어플에서 현재 프리미엄 스폰서(모임장)만 강퇴기능을 쓸 수 있는데 프리미엄 스폰서 제외한 일반 운영진들도 모임원 강퇴기능 쓸 수 있게 수정해주시면 감사하겠습니다,0,4.6.9,2026-08-05,https://play.google.com/store/apps/details?hl=ko&id=com.friendscube.somoim
f86b22e2-f0af-4a50-97f2-e6eb3d5adff8,1,2023-10-16T01:22:21+00:00,모임 검색이안되는데 답장도 없고 해결도 안해주네요 담당자 연락처도 없고 메일회신도 없습니다,2,4.6.4,2026-08-05,https://play.google.com/store/apps/details?hl=ko&id=com.friendscube.somoim
7776fd1f-8e51-44ef-92ff-fb549ad24194,5,2023-10-15T11:27:01+00:00,제가 일반 모임으로 개설해야 하는걸 실수로 클래스 모임으로 개설을 했는데 새로 만들지 않고 모임 설정에서 일반 모임으로 변경할 방법이 없을까요? ㅠㅠ,0,4.6.8,2026-08-05,https://play.google.com/store/apps/details?hl=ko&id=com.friendscube.somoim
7023b50f-6a01-4305-94fc-ba54c6b31294,3,2023-10-15T04:59:40+00:00,도대체 모임참석인사를 왜 하라는거야ㅡㅡ업데이트할때마다 쓸데없는 기능만 계속생기고 경쟁어플나오면 바로 갈아탈사람 많을듯,3,4.6.8,2026-08-05,https://play.google.com/store/apps/details?hl=ko&id=com.friendscube.somoim
71164749-1bbc-4e62-bf8b-9bbdf5a729e9,1,2023-10-12T08:53:08+00:00,대체 어떤 놈이 정모 버튼에다 사진 강제로 쳐올리는거랑 참석인사 어거지로 써야 참석되는 기능 만들었습니까?? 인터페이스도 거지발싸개같이 만들어놓더니 점점 더 이상해지네요.,5,4.6.9,2026-08-05,https://play.google.com/store/apps/details?hl=ko&id=com.friendscube.somoim
bd52c8b4-1f5b-4518-b174-31e1eec64315,4,2023-10-10T15:48:09+00:00,저는 볼링동호회 가입했는데 좋더라구요,0,4.6.8,2026-08-05,https://play.google.com/store/apps/details?hl=ko&id=com.friendscube.somoim
1e4bafa4-8766-46b2-a2f1-1d12def60381,1,2023-10-10T13:06:59+00:00,모임초대 거부기능 만들어주세요ㅠ,2,4.6.8,2026-08-05,https://play.google.com/store/apps/details?hl=ko&id=com.friendscube.somoim
60d64661-adb0-4fad-9e38-09246488700c,1,2023-10-10T08:35:03+00:00,여자만나는게 목적이면 깔지마세요. 그냥 고추밭임 ㅋㅋㅋㅋㅋㅋ 여자만 공주대접받고 남자는 푸대접받는 소모임들이 대부분임,0,4.6.8,2026-08-05,https://play.google.com/store/apps/details?hl=ko&id=com.friendscube.somoim
5c182368-fe8f-4cf0-832d-da81f3646718,5,2023-10-09T01:12:47+00:00,좋은분들 만나 좋은 라이딩 했어요.,0,4.6.8,2026-08-05,https://play.google.com/store/apps/details?hl=ko&id=com.friendscube.somoim
212f45f7-d35f-46c9-88c4-0d43c58ca30d,5,2023-10-08T23:57:48+00:00,좋아요 😀,0,4.6.8,2026-08-05,https://play.google.com/store/apps/details?hl=ko&id=com.friendscube.somoim
7fe37128-8aa1-45da-b016-1b1e5415db66,1,2023-10-08T12:37:57+00:00,뭔 모임에 가입해보세요 하고 계속 알람 날아오는데 이거 끄려면 앱 전체 알람 꺼야함,0,4.6.8,2026-08-05,https://play.google.com/store/apps/details?hl=ko&id=com.friendscube.somoim
f195ef62-34b5-45a2-9fd7-3d4a1d0c17ca,4,2023-10-07T00:41:30+00:00,음 잘쓰고잇습니다 한가지 상위고정말고 상위유지도 추가해주시거나 상위고정도 댓글몇개인지 표기되엇으면합니다,0,4.6.8,2026-08-05,https://play.google.com/store/apps/details?hl=ko&id=com.friendscube.somoim
93d499e3-ad8f-4a19-9fa9-977031a5961b,1,2023-10-06T22:51:16+00:00,돈안지르면 모임노출안됌,0,4.6.7,2026-08-05,https://play.google.com/store/apps/details?hl=ko&id=com.friendscube.somoim
b6d1dacf-255a-422c-bfb5-a808069b3b6e,2,2023-10-06T03:58:12+00:00,업데이트하고나서 복잡해짐ㅜㅜ업데이트안하면 사용불가하고....채팅창에 사진은 올릴수있는데 동영상은 아직 못올리네요.돈 안받는 밴드는 되는데ㅜㅜ,2,4.6.8,2026-08-05,https://play.google.com/store/apps/details?hl=ko&id=com.friendscube.somoim
c6b5294f-5c29-46a4-b1f1-dd0375f23615,3,2023-10-06T03:07:43+00:00,나쁘지 않음,0,4.6.6,2026-08-05,https://play.google.com/store/apps/details?hl=ko&id=com.friendscube.somoim
cb9e60d3-28e7-46f3-900d-9240c0a3d9bb,3,2023-10-06T03:00:07+00:00,업데이트나 변경 좀 신중하게해요 쓸데없는 변경이 왜이렇게 잦습니까 보는것도 쓰는것도 불편한 변경들..,2,4.6.8,2026-08-05,https://play.google.com/store/apps/details?hl=ko&id=com.friendscube.somoim
e917340a-609d-4c29-8861-91912424bc72,1,2023-10-05T23:39:33+00:00,4.6.5 업데이트 후 반짝일정 없어지고 채팅방 이상해짐. 이상하게 소모임어플은 날이 길수록 퇴보하네 이제 반짝일정도 돈내야 할수 있으려나?? ㅋㅋㅋ -------------------- 위 내용 올리자마자 4.6.6 으로 바로 업뎃했던데... 뭐가달라졌는지 제발 설명좀?????? 최소한 반짝일정 어떻게 된건지라도 설명 좀???? ---------------------------- 반짝일정 어디있는지 찾았음. 다시 반짝일정에서 투데이번개로 이름 바뀜. 굳이 몇번의 과정을 거쳐야 볼 수 있게 만들어 놔서 완전 불편함. 일부러 찾아서 보지 않는 이상 채팅방에서는 투벙 떠있는지 알 수도 없음. ------------------------------------------- 결국 예전이랑 비슷하게 돌려놨네? ㅋㅋㅋ 근데 채팅창 오류 엄청남. 태그 알림 한참 뒤에 옴. 만약 지금의 사단이 새로 영입한 사람이 앱 디자인 한 것 때문이면 그냥 그사람이 손대기 전 버전으로 롤백 하기를 바람.,10,,2026-08-05,https://play.google.com/store/apps/details?hl=ko&id=com.friendscube.somoim
067ce1a8-2a05-4595-8961-91c07e402a16,5,2023-10-05T11:58:06+00:00,굿ㅎㅎ,0,4.6.7,2026-08-05,https://play.google.com/store/apps/details?hl=ko&id=com.friendscube.somoim
c8291829-8bcd-42f5-a078-67028fa9c7ce,3,2023-10-05T06:28:21+00:00,기존모임장한테 뜨는 회원탈퇴및강퇴메시지가 안뜨네요?,1,4.6.7,2026-08-05,https://play.google.com/store/apps/details?hl=ko&id=com.friendscube.somoim
800da9b8-2d9f-49a6-b995-027511ddf094,3,2023-10-04T07:44:14+00:00,아니 업데이트 할때마다 왜이렇게 불편하게 만드나요? 채팅창 분리를 도대체 왜이렇게 해놓은건가요? 너무 불편 합니다 예전처럼 같이 붙어 있을때가 좋은것 같습니다,1,4.6.6,2026-08-05,https://play.google.com/store/apps/details?hl=ko&id=com.friendscube.somoim
b24f5d60-89cd-437a-8784-e5023e19e0e4,5,2023-10-04T04:07:46+00:00,"소모임은 이상한 거 업뎃 말고 검색 기능이나 업뎃해줬으면.. 게시글, 댓글 등등 검색 기능 업뎃해주세욧!!! 😄😁😆",0,4.6.7,2026-08-05,https://play.google.com/store/apps/details?hl=ko&id=com.friendscube.somoim
9c78c138-f8f7-4b30-8930-9757875fec3c,1,2023-10-03T22:45:21+00:00,재가입시요 전번을 적고 인증을 눌러도 인증번호가 안오구요 아무리 기다려도요 ㅜ 지금은 인증번호요구 횟수가 초과되엇다고 23시간후에 가입가능하다 뜨는데요 ㅜ 왜이리 인증번호 받기가 안되고 힘든걸까요? ㅜ,1,4.6.7,2026-08-05,https://play.google.com/store/apps/details?hl=ko&id=com.friendscube.somoim
0741e175-1510-4bb0-8288-b6a19965625f,4,2023-10-03T10:46:44+00:00,너무 잘 사용하고 있긴한데요 전체적으로는 만족스럽지만 불편사항만 몇개 적을게요.. 그동안 익숙해져있던 ui가 이번에 업데이트 되면서 바뀌어서 좀더 불편해진것 같고요.. 강력히 수정바라는건 게시글. 수정할때 첨부사진 수정기능도 부탁드려요 게시글 올리고 나서 이미 댓글도 많이 달려있는 상태에서 첨부파일을 추가 삭제를 못하니까 어쩔수 없이 게시글을 삭제하고 다시 써야하는 일이 빈번해요.게시글이야 복사해놓고 다시 붙이면 그만이지만 댓글들은 살릴수가 없어서 많이 불편합니다 다음 업데이트땐 기능 추가 강력히 부탁드립ㄴ다,26,4.6.7,2026-08-05,https://play.google.com/store/apps/details?hl=ko&id=com.friendscube.somoim
3215eaad-4894-4f0f-812b-5e68fd25c755,1,2023-10-02T10:38:51+00:00,아니 이번 업데이트..멉니까 투벙창도 겁나 불편하게 해놓고 한번에 클릭할꺼 두세번 클릭하게 하고 직관적이지도 못하고 진짜 이번패치 디자인누가한겁니까 회사 안티인가 직원이,6,4.6.6,2026-08-05,https://play.google.com/store/apps/details?hl=ko&id=com.friendscube.somoim
0d5753f5-b335-4968-824d-064ddc20925b,5,2023-10-02T09:57:25+00:00,2023.10.2 투데이벙 접근성 문제. 채팅창 상단에 확인된 부분을 홈화면-채팅-에서 확인하는 것으로 바뀌었는데 매우 불편합니다.,0,4.6.6,2026-08-05,https://play.google.com/store/apps/details?hl=ko&id=com.friendscube.somoim
128064cf-70a5-4247-8232-e6a459629380,1,2023-10-02T06:21:00+00:00,이틀째 앱이 안깔립니다..,0,3.6.9,2026-08-05,https://play.google.com/store/apps/details?hl=ko&id=com.friendscube.somoim
99345ad6-59e6-4b41-961b-2d1ef2802505,1,2023-10-02T05:44:25+00:00,"업데이트 되면서 너무 불편해졌습니다. 모임 내 게시판, 사진첩, 투데이 벙이 직관적이지 않고 채팅은 뒤늦게 보이기도 합니다. 개선해주세요~~!!!",1,4.6.6,2026-08-05,https://play.google.com/store/apps/details?hl=ko&id=com.friendscube.somoim
2ea95389-5300-4c77-b7a9-8c80c712f829,1,2023-10-02T05:22:44+00:00,업데이트를 했는데 왜 더 불편하게 만드신건지 이해가 안됩니다 원레대로 돌려놔주세요,1,4.6.6,2026-08-05,https://play.google.com/store/apps/details?hl=ko&id=com.friendscube.somoim
00a15034-5d93-4cc6-9b67-a4122915694a,1,2023-10-02T04:40:18+00:00,진짜 어플 기획 개발 디자인 다 드럽게 못함 못하겠으면 그냥 냅두셈,1,4.6.6,2026-08-05,https://play.google.com/store/apps/details?hl=ko&id=com.friendscube.somoim
e364ef31-c9af-4b94-a5c8-d67a01d7deeb,3,2023-10-01T12:52:17+00:00,업데이트 될때마다 더 불편해지는 소모임...굳이,2,4.6.6,2026-08-05,https://play.google.com/store/apps/details?hl=ko&id=com.friendscube.somoim
3048fb6e-83cb-477b-9d9b-1906bce807fb,1,2023-10-01T10:55:50+00:00,여기 후불제소개팅 플러팅이라고 있습니다. 김현욱이라는분 조심하세요. 사기당하지마시고요,1,4.6.6,2026-08-05,https://play.google.com/store/apps/details?hl=ko&id=com.friendscube.somoim
eb0092f1-03ba-4893-9b66-57ab0b42ef01,3,2023-10-01T02:42:02+00:00,업뎃했더니 이상해졌네요 투벙창도 안뜨고 더 불편해졌어요,2,4.6.6,2026-08-05,https://play.google.com/store/apps/details?hl=ko&id=com.friendscube.somoim
54dac642-d947-44ba-aebd-a51e1365f161,5,2023-09-30T13:48:31+00:00,좋아요,0,4.6.4,2026-08-05,https://play.google.com/store/apps/details?hl=ko&id=com.friendscube.somoim
28ef7542-47bf-48bb-83c6-32c78410e1d6,1,2023-09-30T12:37:05+00:00,리뉴얼을 뭐 이리 자주하는건질. 개판이네요 개판,1,4.6.6,2026-08-05,https://play.google.com/store/apps/details?hl=ko&id=com.friendscube.somoim
413c1676-57ea-4641-82f6-4ee361c1d13b,4,2023-09-30T09:53:22+00:00,업데이트는 자주해주시는데...이번거는 투벙보기가 너무 애매하게 힘든데요?,1,4.6.6,2026-08-05,https://play.google.com/store/apps/details?hl=ko&id=com.friendscube.somoim
15808e8a-2c78-4195-b832-f08bf7a102d3,1,2023-09-30T08:52:46+00:00,아 술마시고 업데이트 했나;;;전체태그나 해달라구여!!,2,4.6.6,2026-08-05,https://play.google.com/store/apps/details?hl=ko&id=com.friendscube.somoim
7c406711-2511-4734-8506-61a35558d290,1,2023-09-30T07:08:45+00:00,업데이트 진짜 뭐같이 해놨네,2,4.6.6,2026-08-05,https://play.google.com/store/apps/details?hl=ko&id=com.friendscube.somoim
17d11054-99c0-4539-9dc2-38838da076cd,3,2023-09-30T05:32:38+00:00,왜켈 점점 업데이트가 구림? 임티나 업데좀...ㅡㅡ,1,4.6.5,2026-08-05,https://play.google.com/store/apps/details?hl=ko&id=com.friendscube.somoim
e1394d32-6c72-4a33-ab27-7d3939ffe377,1,2023-09-30T02:08:57+00:00,반짝일정 다시 살려주세요.,2,4.6.6,2026-08-05,https://play.google.com/store/apps/details?hl=ko&id=com.friendscube.somoim
f67ea1fe-2f5d-4215-a170-93ef7d054449,3,2023-09-30T01:53:56+00:00,업데이트 하고 이상해졌어요..투데이번개창도 사라지고..,2,4.6.6,2026-08-05,https://play.google.com/store/apps/details?hl=ko&id=com.friendscube.somoim
8879cd28-9134-4c2c-9848-2156501646c4,4,2023-09-30T01:19:49+00:00,홀리... 추석에도 나와서 일하시나보네... 그새 버그패치 하셨네...👍,0,4.6.6,2026-08-05,https://play.google.com/store/apps/details?hl=ko&id=com.friendscube.somoim
4178a18c-89bd-4f60-82d6-9067a7b11daf,1,2023-09-29T12:40:16+00:00,갑자기 업뎃을 거지같이 만들어놨나요..ㅡㅡ,2,4.6.6,2026-08-05,https://play.google.com/store/apps/details?hl=ko&id=com.friendscube.somoim
f64095d9-5ed1-4043-8af1-227bd40d180f,1,2023-09-29T08:28:03+00:00,이번 업뎃 채팅방 따로 있는거 개불편하네,2,4.6.5,2026-08-05,https://play.google.com/store/apps/details?hl=ko&id=com.friendscube.somoim
54229c18-6f48-4ce8-8c07-66fa73ddacf8,4,2023-09-29T08:06:10+00:00,소모임 투데이 벙이 업데이트후 없어짐 투데이벙개 다시 만들어주세요,1,4.6.5,2026-08-05,https://play.google.com/store/apps/details?hl=ko&id=com.friendscube.somoim
5b85d7f1-0285-4121-bf93-c5adf45bc21a,3,2023-09-29T07:01:57+00:00,업데이트 후 채팅방에서 반짝일정 사라짐 정모 만들어놓은거 좀 있음 사라짐. 비상이에요 관계자분들..,0,4.6.5,2026-08-05,https://play.google.com/store/apps/details?hl=ko&id=com.friendscube.somoim
d831d702-7bbf-4ce4-9a6c-bfd99e974c0c,1,2023-09-29T06:56:51+00:00,업데이트하고 벙을 못올리네요,2,4.6.3,2026-08-05,https://play.google.com/store/apps/details?hl=ko&id=com.friendscube.somoim
92d162c9-0141-4f06-85fb-efbd8dde9de4,4,2023-09-29T06:36:22+00:00,방금업데이트하고나서 투벙이 안뜨네요,0,4.6.5,2026-08-05,https://play.google.com/store/apps/details?hl=ko&id=com.friendscube.somoim
57d6d3bd-62e3-4dcb-84c4-71d1f1765183,1,2023-09-29T01:44:22+00:00,업데이트 이후 투데이벙이 사라졌습니다 의도적으로 없애신건지 오류인건지 확인부탁드립니다,3,4.6.5,2026-08-05,https://play.google.com/store/apps/details?hl=ko&id=com.friendscube.somoim
4ee66d28-009b-4394-b239-2510510198df,2,2023-09-27T03:59:16+00:00,처음엔 흥미로웠으나 남자의경우 모임장이 여미새인지 자신의 생각이랑 틀린지 판단잘하고 어울릴필요는 있다 꾸준히 잘 모이다가 의견불일치하면 그 조직은 모임장 아래로 네트워킹 되기때문에(강퇴권한) 인관관계가 터무니없이 끝나게됨 결국 시간낭비,1,4.1.5,2026-08-05,https://play.google.com/store/apps/details?hl=ko&id=com.friendscube.somoim
301926fd-2f14-4391-bc4e-17e844e5d4cc,1,2023-09-25T06:56:08+00:00,폰 바꿨는데 기존 계정으로 로그인을 못 하네,0,4.6.4,2026-08-05,https://play.google.com/store/apps/details?hl=ko&id=com.friendscube.somoim
ab88a227-b40e-4523-b806-2ed2084d192a,5,2023-09-23T15:59:22+00:00,공지사항을 가입전에 볼수있어야 뭐 수칙이라도 보고 가입하던가 하는데 가입하고 읽으면 무슨소용이야,2,4.6.4,2026-08-05,https://play.google.com/store/apps/details?hl=ko&id=com.friendscube.somoim
9b01e3bf-a684-4756-873c-404a9ead8639,5,2023-09-23T10:42:50+00:00,굿!,0,4.6.4,2026-08-05,https://play.google.com/store/apps/details?hl=ko&id=com.friendscube.somoim
76abacd0-3877-4377-a021-6529be93c8f2,2,2023-09-22T17:02:16+00:00,어떤모임을 신고하고있는데 조치는 되고 있나요?,0,4.6.3,2026-08-05,https://play.google.com/store/apps/details?hl=ko&id=com.friendscube.somoim
98d72c3e-bafa-4ca1-879c-2fbdf3942de7,5,2023-09-21T04:12:18+00:00,좋아요,0,4.6.3,2026-08-05,https://play.google.com/store/apps/details?hl=ko&id=com.friendscube.somoim
eb28571d-6bf1-4059-a628-a0c491d77588,5,2023-09-17T18:28:08+00:00,"좋은 모임이 지역별, 주제별로 잘 나와 있고 정모도 좋았어요.",0,4.6.3,2026-08-05,https://play.google.com/store/apps/details?hl=ko&id=com.friendscube.somoim
877ec57a-4531-4637-b5ff-bb833401c0ee,1,2023-09-17T15:38:59+00:00,지금껏 업데이트중 어플내 채팅시 사진 업로드기능이 최악임 데이터와 베터리 소모가 어마한데 별로네요,1,4.6.3,2026-08-05,https://play.google.com/store/apps/details?hl=ko&id=com.friendscube.somoim
1eab9b14-6dc9-42e4-b35a-b4dc1d3c9843,1,2023-09-17T04:55:08+00:00,소모임 어플 결제하지마세요 이 어플은 운영자 전화해도 전화안받아요 영자가 제재가 심해요,1,,2026-08-05,https://play.google.com/store/apps/details?hl=ko&id=com.friendscube.somoim
639fd6b3-1044-440c-a532-c8d384b0f91b,1,2023-09-14T08:54:59+00:00,폰을 바꿨는데 계정이 사라졌네요 어떻게 해야하죠?,0,4.6.3,2026-08-05,https://play.google.com/store/apps/details?hl=ko&id=com.friendscube.somoim
62b581b1-c2c5-4262-8cc4-4f05aa8f8631,4,2023-09-14T00:48:11+00:00,초대안받고싶으면 어떻게해야되여 같은 모임에서 초대가 너무많이와요 개짜증나요,0,4.6.3,2026-08-05,https://play.google.com/store/apps/details?hl=ko&id=com.friendscube.somoim
df2c09ed-bc9f-46bd-b74c-08cbb8f378e4,5,2023-09-13T11:00:46+00:00,정기모임같은 경우 어차피 매주작성해야하는데 모임 예약된 시간에 자동으로 만들어주는 기능도 추가해주세요!,0,4.6.3,2026-08-05,https://play.google.com/store/apps/details?hl=ko&id=com.friendscube.somoim
77c36ae3-38c0-49fe-8310-abb8315ac0d0,5,2023-09-13T01:05:54+00:00,좋아요!:),0,4.6.3,2026-08-05,https://play.google.com/store/apps/details?hl=ko&id=com.friendscube.somoim
d960f14a-38d9-4979-83e5-d0f5553f097a,5,2023-09-12T12:08:20+00:00,좋은 사람들이 서로서로 알기 좋아요.,0,4.6.3,2026-08-05,https://play.google.com/store/apps/details?hl=ko&id=com.friendscube.somoim
87bec676-8a8b-4e4a-8c0b-ffffd3067757,1,2023-09-12T11:33:39+00:00,돈내는 모임에서 이유없이 강퇴 당해서 신고해도 무의미...운영진은 돈만 받아 먹으면 된다는 생각뿐. 그냥 운영진은 노답인 어플!! 모임장이 기분따라 강퇴 하면 그냥 끝. 소소하게 돈 버실분 모임장 하시고 강퇴하세요,0,4.5.7,2026-08-05,https://play.google.com/store/apps/details?hl=ko&id=com.friendscube.somoim
2cfe4966-8795-4c5a-bf8d-93eebaa0be15,5,2023-09-11T02:24:54+00:00,프리미엄 이용권 하나만 이용 가능한가요? 기존에 모임하나 있고 추가로 모임하나 더 이용흐려는데 프리미엄 이용권 하나 사용 중이라 하나더 개설이 안되네요..,0,4.6.1,2026-08-05,https://play.google.com/store/apps/details?hl=ko&id=com.friendscube.somoim
eb767e07-f68f-4100-b0e8-d82ef6f52f28,1,2023-09-10T20:12:04+00:00,진심 보험팔이들 천지인데 관리좀해라 영업어플 그이상 그이하도 아닌수준,2,4.6.3,2026-08-05,https://play.google.com/store/apps/details?hl=ko&id=com.friendscube.somoim
98fc19b9-15a9-4565-a499-712cd3e12310,1,2023-09-10T02:28:17+00:00,소모임 결제 하지마세요 운영자가 서버관리도 안하구요 돈 돌려받지 못합니다 그리고 자주탈퇴하면 운영자가 개입해서 접속안되게 막습니다,1,4.6.3,2026-08-05,https://play.google.com/store/apps/details?hl=ko&id=com.friendscube.somoim
3018ab94-3da9-4982-ac54-8e0ce6a902e8,5,2023-09-09T15:12:34+00:00,좋아요,0,4.6.3,2026-08-05,https://play.google.com/store/apps/details?hl=ko&id=com.friendscube.somoim
cba7cc3b-62f7-4a10-8d66-5e53a8347e6e,1,2023-09-08T16:15:10+00:00,첫 화면 인증이 안돼요 여러번 했는데 아무 것도 날라오지 않아서 인증횟스 초과로 결국 회원가입이 막혔네요 ㅜㅜ,0,4.6.3,2026-08-05,https://play.google.com/store/apps/details?hl=ko&id=com.friendscube.somoim
ca956262-1c58-4372-94fe-35173330ea6c,1,2023-09-08T02:07:11+00:00,돈떼먹는 인간들있음! 신고해도 조치도없음!,0,4.5.9,2026-08-05,https://play.google.com/store/apps/details?hl=ko&id=com.friendscube.somoim
f361ebeb-0d80-44a1-9312-f5de6aa35247,5,2023-09-07T16:43:18+00:00,좋아요~~,0,4.6.2,2026-08-05,https://play.google.com/store/apps/details?hl=ko&id=com.friendscube.somoim
acea859e-1201-4957-9c04-6745c8d6330a,5,2023-09-07T05:23:57+00:00,고객센터 대응이 넘빨라요 ㅠ 쵝오,0,4.6.2,2026-08-05,https://play.google.com/store/apps/details?hl=ko&id=com.friendscube.somoim
3302c0ea-b6b7-462c-8282-47e23b209d3a,5,2023-09-06T11:05:53+00:00,우리나라 소모임 활동이 이 앱 하나로 통일 돼서 활발해 졌으면 좋겠어요 화이팅,0,4.6.2,2026-08-05,https://play.google.com/store/apps/details?hl=ko&id=com.friendscube.somoim
a2e77da8-b1a4-404d-b979-a0797f021553,3,2023-09-06T09:54:30+00:00,채팅방에서 사진 삭제하려 누르면 위탭화면에 삭제버튼이 가려져 삭제불가합니다,0,4.6.2,2026-08-05,https://play.google.com/store/apps/details?hl=ko&id=com.friendscube.somoim
72602c12-a6ba-437a-ae95-73476d14cd36,5,2023-09-06T09:22:33+00:00,좋다ㅎㅎㅎㅎ,0,4.6.2,2026-08-05,https://play.google.com/store/apps/details?hl=ko&id=com.friendscube.somoim
b7479c99-e3f9-499d-a5ec-c75c9c400ae1,3,2023-09-05T10:18:50+00:00,출석체크 기능을 좀 만들어주세요. 한달에 몇번 나왔는지 정모참석이력을 보는 기능을 주세요. 제발 몇년째 얘기중입니다.,5,4.5.7,2026-08-05,https://play.google.com/store/apps/details?hl=ko&id=com.friendscube.somoim
8f40c7ce-4c36-47c0-85f1-9587db6b94bc,5,2023-09-05T09:16:33+00:00,👍,0,4.6.2,2026-08-05,https://play.google.com/store/apps/details?hl=ko&id=com.friendscube.somoim
19349e2c-614c-4658-b23b-6874b97acae4,1,2023-09-03T23:50:54+00:00,강퇴 횟수 제한좀 풀어주세요 비활동 회원들 정리하려고 하는데 주간 강퇴제한 15명 왠말입니까? 170 명 강퇴하는데 반년 걸리겠네. 이게 제한 왜 만든건가요? 잠시라도 제한좀 풀어주세요 ㅡㅡ,1,4.6.2,2026-08-05,https://play.google.com/store/apps/details?hl=ko&id=com.friendscube.somoim
150ec6eb-c7cc-4857-9d5e-dd2376494a07,1,2023-09-03T15:51:34+00:00,"유료모임도 활성도 떨어진다고, 모임리스트에서 없애는 개떡같은 어플. 최소한 유료로 구입한 기간에는 활성도 상관없이 띄워줘야하는거 아닌가?",0,4.6.2,2026-08-05,https://play.google.com/store/apps/details?hl=ko&id=com.friendscube.somoim
ebeca387-f7ce-42a3-838d-3f042f5fbe43,5,2023-09-01T23:38:18+00:00,안녕하세요 회원 팔로우기능 없어졌나요?,0,4.6.1,2026-08-05,https://play.google.com/store/apps/details?hl=ko&id=com.friendscube.somoim
b789f70d-0a83-4009-8fc3-fa8029019be7,5,2023-09-01T00:34:48+00:00,굿굿굿,0,4.6.1,2026-08-05,https://play.google.com/store/apps/details?hl=ko&id=com.friendscube.somoim
bf77fa7e-3438-4cc3-9c5b-1249c33f8547,2,2023-08-31T11:57:25+00:00,"쓸데없는 업데이트에,돈독오른 없뎃까지 가지가지해라 진짜 왜 프로필보는데,없뎃을 왜 해야하지?",1,4.5.7,2026-08-05,https://play.google.com/store/apps/details?hl=ko&id=com.friendscube.somoim
c21d6ca2-6852-49a6-b67c-e2a3813b0d7c,3,2023-08-30T15:06:52+00:00,구별로 소모임 검색 기능 좀 넣어주세요,0,4.6.1,2026-08-05,https://play.google.com/store/apps/details?hl=ko&id=com.friendscube.somoim
5f10479a-edea-4708-ad11-d081eb00ed52,1,2023-08-30T12:23:29+00:00,특정 모임에서 초대가 지속적으로 오는데 초대거부 기능하나 없는데 어려운것도 아닌데 8년째 쓰고있어도 업데이트 되는걸 못보네요. 이게 어려운 요청입니까,0,,2026-08-05,https://play.google.com/store/apps/details?hl=ko&id=com.friendscube.somoim
340f9f7e-37d4-46f5-8d8f-e8e347914e69,2,2023-08-29T03:45:41+00:00,어플이 사용하기 불편하게 구성되어 있음 어수선함,1,4.6.0,2026-08-05,https://play.google.com/store/apps/details?hl=ko&id=com.friendscube.somoim
a6183fc9-0c93-4009-80ba-5e7fda230d5a,1,2023-08-29T01:14:21+00:00,업데이트 너무 자주 있고. 소모임 활용해서 돈벌이하는 사람 넘 많음,1,4.5.7,2026-08-05,https://play.google.com/store/apps/details?hl=ko&id=com.friendscube.somoim
f6f1e1e6-4c76-4a1b-802c-e00469612c50,5,2023-08-29T00:29:10+00:00,너무좋아요,0,4.5.9,2026-08-05,https://play.google.com/store/apps/details?hl=ko&id=com.friendscube.somoim
2504f4ec-6f46-44da-873b-c781625b6b5a,4,2023-08-28T10:44:57+00:00,혹시 인증번호가 왜 개인번호로 오는지 알 수 있을까요? 어플 설치 후 인증번호 누르면 010으로 시작하는 개인번호로 인증번호가 오네요.,1,,2026-08-05,https://play.google.com/store/apps/details?hl=ko&id=com.friendscube.somoim
7868aadd-3138-49a5-bba5-3e0a9aae6c68,1,2023-08-27T08:01:49+00:00,사진이나 영상 업로드 기능이 없어서 아쉬워요!,1,4.3.9,2026-08-05,https://play.google.com/store/apps/details?hl=ko&id=com.friendscube.somoim
d6712fb9-786a-456f-a24b-6727541d3345,5,2023-08-26T05:57:30+00:00,아직은 알쏭달쏭 아리송 합니다,0,,2026-08-05,https://play.google.com/store/apps/details?hl=ko&id=com.friendscube.somoim
bca5a21e-8679-4521-9f1b-dd89432873f9,2,2023-08-25T08:37:24+00:00,알림설정등을 거의강제하다싶이 귀찮게뜸,0,4.5.9,2026-08-05,https://play.google.com/store/apps/details?hl=ko&id=com.friendscube.somoim
b3e41a86-61ee-40d0-8c3b-ca775885ec6b,5,2023-08-24T23:12:43+00:00,좋아요,0,4.5.9,2026-08-05,https://play.google.com/store/apps/details?hl=ko&id=com.friendscube.somoim
ef8dd7c1-0441-4be7-845d-82ee8629b305,3,2023-08-24T21:12:04+00:00,소모임 상단 배너 피셀 가로 세로 크기 좀 알려주세요 .,0,4.5.9,2026-08-05,https://play.google.com/store/apps/details?hl=ko&id=com.friendscube.somoim
d4b87d62-a39a-42dd-aaac-20066595255e,3,2023-08-23T10:39:51+00:00,아직 잘 모르겠습미다,0,4.5.9,2026-08-05,https://play.google.com/store/apps/details?hl=ko&id=com.friendscube.somoim
6d533c72-4f70-4dda-a78a-5331b1cf3d5d,1,2023-08-23T10:01:38+00:00,앱 설치 이후. 인증번호 전송 버튼을 누르면. 아무런 반응이 없습니다. 아예 진입 조차 못하고 있는 상황입니다. 이거 어떻게 해결해야 할지 방안 좀 알려주세요.,0,4.5.9,2026-08-05,https://play.google.com/store/apps/details?hl=ko&id=com.friendscube.somoim
40cc4de1-aa85-45ac-8778-ab8930a175cf,5,2023-08-19T06:16:26+00:00,좋습니다,0,4.5.9,2026-08-05,https://play.google.com/store/apps/details?hl=ko&id=com.friendscube.somoim
5fe1ad91-e4d7-415f-a9b1-5f2abc68bcb8,2,2023-08-17T03:38:05+00:00,채팅창에 사진 첨부기능이요. 사진을 올리면 좌우가 다 짤려요.. 클릭해야 정상 비율로 보입다. 개선 바랍니다.,0,4.5.8,2026-08-05,https://play.google.com/store/apps/details?hl=ko&id=com.friendscube.somoim
fd69ef10-fce8-455e-8b6d-c5e406dc62e2,3,2023-08-16T14:48:49+00:00,이 어플보면 정말 인생은 운이라는게 느껴짐. 이정도 수준의 어플이 이렇게 흥할 수 있다는걸 보면.,0,4.5.8,2026-08-05,https://play.google.com/store/apps/details?hl=ko&id=com.friendscube.somoim
7dca660e-eedf-4db2-8e85-930622afd637,5,2023-08-15T10:37:04+00:00,좋네요 서로서로 색다른 느낌으로 만나서 배울것도잇는것같고요,0,4.5.8,2026-08-05,https://play.google.com/store/apps/details?hl=ko&id=com.friendscube.somoim
29a30cdd-c4bb-4642-9698-dd0819b0033b,3,2023-08-15T03:13:36+00:00,기능개선 원합니다! 1️⃣ 모임일정의 참석여부만 있는데 일정에 댓글을 달수있게 해주세요. 2️⃣ 모임멤버를 오름차순정렬로도 볼수있도록 해주세요. 3️⃣ 모임일정 참석 누른순서대로 참석자를 볼수있게 해주세요.,0,4.5.8,2026-08-05,https://play.google.com/store/apps/details?hl=ko&id=com.friendscube.somoim
19cdb1b7-8f86-40f9-b27a-ab5b75b7bcec,5,2023-08-13T15:12:02+00:00,굿,0,4.5.7,2026-08-05,https://play.google.com/store/apps/details?hl=ko&id=com.friendscube.somoim
7153a76e-98fb-4263-b815-2b7b8524de9a,3,2023-08-13T15:07:40+00:00,흠 일단 태블릿에서는 정상작동하는데 모바일로는 소모임 채팅이 업데이트가 안되는 오류가 있네요. 안드로이드는 휴대폰/태블릿 동시 사용이 가능한지 확인부탁드립니다~!,0,4.5.8,2026-08-05,https://play.google.com/store/apps/details?hl=ko&id=com.friendscube.somoim
0c793c3c-5e09-4ae3-8423-a9ede1773055,5,2023-08-10T11:37:16+00:00,좋아요^^,0,4.5.7,2026-08-05,https://play.google.com/store/apps/details?hl=ko&id=com.friendscube.somoim
8e8d847b-84c1-4599-bde0-d44e854ae484,5,2023-08-09T08:23:50+00:00,하단 메뉴에서 '내모임'을 누르면 홈이 아닌 채팅으로 들어가져서 일정을 확인할때 한 번 더 확인해야하는 번거로움이 있지만 덕분에 취미생활 공유하고 좋습니다^^,0,4.5.7,2026-08-05,https://play.google.com/store/apps/details?hl=ko&id=com.friendscube.somoim
ce9631de-3595-45be-977f-062f375a9efb,5,2023-08-09T06:18:33+00:00,좋습니다,0,4.5.7,2026-08-05,https://play.google.com/store/apps/details?hl=ko&id=com.friendscube.somoim
6c7c9aa3-b1ba-46b8-8030-ec7de068d695,1,2023-08-08T03:21:46+00:00,업데이트 후 피드 기능 어디갔습니까,0,,2026-08-05,https://play.google.com/store/apps/details?hl=ko&id=com.friendscube.somoim
c5392dea-5b57-4259-aa76-9c960468b5b3,1,2023-08-07T13:51:32+00:00,강제로 업데이트 하게 만들고 업뎃 하니 모임 참여 인원만 보이고 참여하는 사람들 프로필은 왜 가린건지..,0,4.5.7,2026-08-05,https://play.google.com/store/apps/details?hl=ko&id=com.friendscube.somoim
137c6409-4b7c-4750-bf3f-efd876f08ad2,5,2023-08-07T09:54:30+00:00,여러모임활동을 할수있어서 좋아요,0,4.5.6,2026-08-05,https://play.google.com/store/apps/details?hl=ko&id=com.friendscube.somoim
26c0feba-fe35-461f-97b6-9a287fd45004,5,2023-08-06T23:42:24+00:00,너무 좋아요,0,4.5.7,2026-08-05,https://play.google.com/store/apps/details?hl=ko&id=com.friendscube.somoim
59c38786-5cc0-4341-b196-11299f2bd714,3,2023-08-06T09:20:13+00:00,"여기도 오래되서 문제가 대부분이 40대다.. 예전에 대부분 20대라서 참여가 활발했었는데, 소모임 하는 이유가 사람만나러가는데건데 유부남 유부녀 또는 돌싱들이 섞여있으니 현타오니까 그만둔다 모임장 하는 사람에게 돈을 주고, 부탁해야하는데 모임장이 오히려 돈내고 희생하니까 희생을 싫어하는 2030 MZ에 대한 이해가 부족한듯 싶다. 그래도 소모임이 아이템은 좋으니, 모임장 희생이 아닌, 혜택으로 변경하지않으면, 2030들은 더이상 오지않을듯 하다.",0,4.5.7,2026-08-05,https://play.google.com/store/apps/details?hl=ko&id=com.friendscube.somoim
daa5f794-5c2c-483a-907a-4ebfc8751aeb,1,2023-08-06T06:45:35+00:00,업뎃하니깐 정모 참여자 숫자만 보이던데 명단은 왜 가리신거에요??,3,4.5.7,2026-08-05,https://play.google.com/store/apps/details?hl=ko&id=com.friendscube.somoim
140f47da-8c83-4098-a1f3-650b59075231,4,2023-08-04T08:28:01+00:00,초대 거절기능좀...,3,4.5.6,2026-08-05,https://play.google.com/store/apps/details?hl=ko&id=com.friendscube.somoim
941d16ca-2470-474f-b74a-2eae1c03f334,5,2023-08-03T23:56:38+00:00,원하는 관심사 갖고있는 사람만나기좋아요.,0,4.5.6,2026-08-05,https://play.google.com/store/apps/details?hl=ko&id=com.friendscube.somoim
d3956bf5-ecfb-4c0e-b1d8-1398c87e96b5,5,2023-08-03T10:20:41+00:00,긍정적 역할 하는 것 같음,0,4.5.6,2026-08-05,https://play.google.com/store/apps/details?hl=ko&id=com.friendscube.somoim
b563fe00-db58-4f59-b814-bbf01c8d77d0,5,2023-07-31T14:01:04+00:00,편합니다,0,4.5.6,2026-08-05,https://play.google.com/store/apps/details?hl=ko&id=com.friendscube.somoim
cb35fe88-e65e-40ea-b49d-7cff5b85ac19,1,2023-07-28T13:21:29+00:00,최악의 경험. 지들끼리끼리 만나는 집단. 아무짓도 안했는데 남자 꽊꽊 찼다고 지들 멋대로 추방함,2,,2026-08-05,https://play.google.com/store/apps/details?hl=ko&id=com.friendscube.somoim
a3733cb7-6e85-437e-8d01-8805d01a8e91,4,2023-07-27T10:58:46+00:00,좋아요~,0,4.5.6,2026-08-05,https://play.google.com/store/apps/details?hl=ko&id=com.friendscube.somoim
f837a00c-bbe1-4535-964c-ddade0350bd3,1,2023-07-26T12:09:02+00:00,와 2015년 가입해서 나름 쏠쏠히 모였었는데..어플이 완전쓰레기가 되어버렷네 ㄷㄷㄷ 돈도 벌만큼 벌었을텐데..어쩜 이리 투자를 안하나 . 그래도 다들 낚여서 어뜨케든 남친여친 만들어보겠다고 돈 꼴아박겠지? 대한민국 만세다. 진짜.,1,4.5.6,2026-08-05,https://play.google.com/store/apps/details?hl=ko&id=com.friendscube.somoim
0076c0ed-ba14-484c-b30d-a85023970e22,5,2023-07-25T20:49:27+00:00,좋아요,0,,2026-08-05,https://play.google.com/store/apps/details?hl=ko&id=com.friendscube.somoim
532bab34-de71-4648-80e1-c50e02ba75d0,4,2023-07-25T11:43:04+00:00,채팅방 사진 올리기 기능 모임/운영진은 삭제 권한 넣어주세요 이상한 사진이 올려질때가 많습니다,0,4.5.6,2026-08-05,https://play.google.com/store/apps/details?hl=ko&id=com.friendscube.somoim
5c10f12c-5ff8-44d8-857b-131fd8ec467e,3,2023-07-25T05:25:10+00:00,"모임 딱30일 운영후 바로 올스톱. 채팅창, 게시판, 정모글 전면 사용금지. 더쓸려면 돈내고 해라.",5,3.8.6,2026-08-05,https://play.google.com/store/apps/details?hl=ko&id=com.friendscube.somoim
9a7a58be-4251-49c3-832c-28f264d5424e,5,2023-07-22T08:55:03+00:00,굳,0,4.5.6,2026-08-05,https://play.google.com/store/apps/details?hl=ko&id=com.friendscube.somoim
82965ec6-f4dd-4628-bc08-1fb23f7a37fd,4,2023-07-20T14:23:15+00:00,앱을 사용하면서 건의사항이 있습니다. 앱과 동시에 웹브라우저에서도 서비스가 될 수 있었으면 좋겠습니다. PC로의 접근성이 없는 점이 아쉽네요!,0,4.5.6,2026-08-05,https://play.google.com/store/apps/details?hl=ko&id=com.friendscube.somoim
80458aae-e5d2-4351-b2ba-1effd67841d4,2,2023-07-19T12:56:25+00:00,신천지 개많음,0,4.5.6,2026-08-05,https://play.google.com/store/apps/details?hl=ko&id=com.friendscube.somoim
d42042bc-86f0-4682-b1ca-0d614a77424f,1,2023-07-19T12:56:15+00:00,주소가 없어서 아예 들어가지 못하고있네요,0,4.5.6,2026-08-05,https://play.google.com/store/apps/details?hl=ko&id=com.friendscube.somoim
94d34ebc-6bbd-41bf-baf4-9bef030c89d6,1,2023-07-19T07:09:29+00:00,"업데이트 도대체 왜한건지 화가납니다 모임두개를 하나는 클래스쪽, 하나는 일반모임쪽에 운영중인데 업데이트후 클래스챕터가 없어지고 배너로 들어갔네요 누가 두세번 클릭해서 들어가나요~~ 거의다 추천모임만 보는데.... 추천모임엔 클래스모임 노출도가 없거나 차별화가없으니 돈더내고 빰맞는격 아닌가요? 클래스모임은 비용을 더 지불하고 운영중인데 그럴이유를 모르겠습니다 클래스운영자들에게 추천에 더 잘 뜨게한다던지 비용을 동일하게 하던지 이렇게 할거면 클래스구독권 환불해 주고 일반모임과 동일하게 적용하던지 해야하는거 아닌지 모르겠네요~",4,,2026-08-05,https://play.google.com/store/apps/details?hl=ko&id=com.friendscube.somoim
c1023738-bbb5-4bca-b7f7-3056925b78b2,5,2023-07-18T11:13:15+00:00,아직사람은 안만나봤지만 체계는 잘잡혀있는듯해보여요,0,4.5.6,2026-08-05,https://play.google.com/store/apps/details?hl=ko&id=com.friendscube.somoim
81f78715-81e2-4538-a4fc-f7dee4da87e6,4,2023-07-17T12:10:43+00:00,불량모임 신고기능 추가부탁드리는 바입니다.,1,4.5.6,2026-08-05,https://play.google.com/store/apps/details?hl=ko&id=com.friendscube.somoim
b8080988-08d0-42fd-ab8b-bdd54871e90f,5,2023-07-17T08:37:09+00:00,굿,0,4.5.6,2026-08-05,https://play.google.com/store/apps/details?hl=ko&id=com.friendscube.somoim
ace44596-93b6-42d2-b5d0-12645844903b,5,2023-07-17T01:10:59+00:00,모임어플중 최고라 생각합니다,0,4.5.6,2026-08-05,https://play.google.com/store/apps/details?hl=ko&id=com.friendscube.somoim
a2fd40b1-b540-41b4-a1e6-45e996371958,5,2023-07-16T22:32:54+00:00,모임찾기 매우 쉬워요.,0,4.5.6,2026-08-05,https://play.google.com/store/apps/details?hl=ko&id=com.friendscube.somoim
ba95a623-81e0-4150-88ae-8b9bbd216006,1,2023-07-16T11:53:23+00:00,왜자꾸업데이트안하면 못쓴다고 거짓말함??,0,4.3.9,2026-08-05,https://play.google.com/store/apps/details?hl=ko&id=com.friendscube.somoim
da0f8bb5-abc6-4305-b786-7de31c5c72a0,3,2023-07-16T04:39:33+00:00,클래스모임 비용에 비해 광고효과가없음. 그외는 괜찮아요,2,4.5.6,2026-08-05,https://play.google.com/store/apps/details?hl=ko&id=com.friendscube.somoim
b8aee2ac-2ee0-401b-975f-d8ed0678111a,1,2023-07-14T16:45:46+00:00,개나 소나 잡모임에서 초대 오는데 거부 하는 방법은 아무리 찾아도 없어,0,4.5.3,2026-08-05,https://play.google.com/store/apps/details?hl=ko&id=com.friendscube.somoim
e3ccc030-b123-451d-b107-69a4ca2e5b52,2,2023-07-14T09:26:59+00:00,"소모임은 컨텐츠는 좋으나 유저와의 소통부재와 더불어 직관적이지 않은 어플 구성등 뭔가 깔끔한듯 하면서도 아마추어같은 어플임. 패치를 했으면 어플 내에서 패치를 어떻게 했는지, 사용을 하려면 어떻게 해야하는지 등 뭔가 친절한 안내가 있어야 하는데 내가 못찾는건지 도통 찾아 볼수가 없다. 사진첩에 올리는 사진도 순서를 정할 수도 없고 귓속말 기능은 유료인 것에 매우 놀랍다... 이익 창출 해야 하는 것 이해 되나 이익창출 구조에 대해서는 다시 한번 생각해보시길;; 현대차 옵션질과 비견될 정도로 어이없는 이익구조임",43,4.5.6,2026-08-05,https://play.google.com/store/apps/details?hl=ko&id=com.friendscube.somoim
660b2f47-a698-4697-8c63-62d0449efa21,1,2023-07-14T09:02:09+00:00,업데이트 너무자주하네요,0,4.5.6,2026-08-05,https://play.google.com/store/apps/details?hl=ko&id=com.friendscube.somoim
f34b5d6f-ffe9-48af-bb06-ab77334b2d64,5,2023-07-14T06:26:38+00:00,아주 좋은것 같아요^^,0,4.5.6,2026-08-05,https://play.google.com/store/apps/details?hl=ko&id=com.friendscube.somoim
87dcd2d5-34c8-4aee-83df-3ee1575b47c3,5,2023-07-13T22:36:12+00:00,적절한 플렛폼 개발자가 소모임좀 해보신분인듯,0,4.5.6,2026-08-05,https://play.google.com/store/apps/details?hl=ko&id=com.friendscube.somoim
79570fe6-88b4-4234-a22e-5f3f4fd6d93a,1,2023-07-13T07:39:56+00:00,"왜 탐색창에서 새로운 소모임 검색이 하나도 안되죠....? 검색도 안되고, 카테고리를 눌러도 아무것도 안뜨고 모임만들기 버튼만 뜹니다.",0,4.5.6,2026-08-05,https://play.google.com/store/apps/details?hl=ko&id=com.friendscube.somoim
b4541ac2-db5d-43b1-ad88-4d389d70f05a,3,2023-07-12T04:08:47+00:00,"개인적으로 소모임 이용하면서, 전체적으로 정리가 안되어있고 완성도가 떨어진다고 생각했는데 요즘에는 대대적으로 정리가 된 모습이 보여서 올바른 개발방향이라고 보입니다. 그러나 여전히 트렌디하지 못하고 뒤떨어져있습니다. 실 사용자 입장에서 반드시 추가되어야 하는 기능을 말씀드리겠습니다.(제안) 1. 각 멤버의 활동내역이 리워드처럼 히스토리로 남겨져야 합니다. 아 이 사람은 자주 참여하는 사람이구나, 오! 내가 벌써 100번째 참여했구나 스스로 동기부여가 되게요. 또 운영진은 참석횟수를 통해서 상품이벤트도 진행해볼 수 있고요. // 2. 채팅방에 반드시 메시지 삭제 기능(실수로 남긴 메시지)이 있어야하고, ""투표""기능이 있어야 합니다. 모임을 만들기전에 모임장소나 일정에 대해서 논의할 수 있게요. // 3. 본인이 참석눌렀던 모임이 당일이 됐거나, D-1 됐을때, 어플자체가 REMIND 겸 알림을 자동발송하는 기능이 있어야 합니다. (노쇼예방 효과)",33,4.5.6,2026-08-05,https://play.google.com/store/apps/details?hl=ko&id=com.friendscube.somoim
3609dc47-6d54-42ec-bfe7-5f7862487b1b,5,2023-07-11T13:49:10+00:00,소모임에 모임탈퇴기능이 안보입니다;; ;,0,4.5.6,2026-08-05,https://play.google.com/store/apps/details?hl=ko&id=com.friendscube.somoim
f9ebc933-f3ce-4490-8fbd-6747f863a63e,3,2023-07-11T10:38:31+00:00,"소모임 앱 오랫동안 비교적 잘 쓰고 있는데, 제발 모임 평가 기능 좀 넣어주세요. 가끔 가다 보면 정말 모임 운영할 자격도 없는 개념 없는 양반들이 운영을 하는데, 이런 모임은 자연스럽게 소멸되도록 해야 사용자들도 편하고 모임에서도 최소한의 매너는 지키지 않을까 생각합니다.",1,4.5.6,2026-08-05,https://play.google.com/store/apps/details?hl=ko&id=com.friendscube.somoim
2d30ba7b-8800-422d-a047-a07a439fce21,1,2023-07-10T21:03:12+00:00,프리미엄 스폰서하기 디게 힘드네요 구독권 취소해달라해도 답도없고 새로 모임만들기도 불가능하고 답답하네여,0,,2026-08-05,https://play.google.com/store/apps/details?hl=ko&id=com.friendscube.somoim
3e94a167-cd3a-44d7-bbba-e2b27af6467d,3,2023-07-10T16:43:02+00:00,"최귿 변화를위한 노력 좋은데요 아쉬운점 건의합니다. 팔로워,팔로잉기능이 왜 있어야되는지모르겠어요. 인스타처럼 팔로우하는 사람의 소식이나 정보를 얻을수있는것도아닌데 구지필요할까요? 요즘 문제가되는 '좋아요'에 집착하게될수도있고... 새로운 변화도 좋지만 가장기본이되는 기능인 알림기능 오류부터 잡아주시죠. 게시글이나 모임소식 알림이 안울리는 오류가 많아서 불편합니다.",1,4.5.6,2026-08-05,https://play.google.com/store/apps/details?hl=ko&id=com.friendscube.somoim
984eeb21-e7fc-475f-95d5-94c331c799e9,5,2023-07-10T10:26:17+00:00,이모티콘 업데이트 예정에 없나요???,0,4.5.6,2026-08-05,https://play.google.com/store/apps/details?hl=ko&id=com.friendscube.somoim
09afe8bd-2adc-40b1-ae3d-b327ad5aaac1,5,2023-07-10T02:15:03+00:00,재미나고 좋아요,0,4.5.6,2026-08-05,https://play.google.com/store/apps/details?hl=ko&id=com.friendscube.somoim
a8790f48-7830-40de-acc2-b6c1b5e026a9,5,2023-07-09T14:18:03+00:00,참 좋은 것 같아요.,0,4.5.5,2026-08-05,https://play.google.com/store/apps/details?hl=ko&id=com.friendscube.somoim
c6284922-4aef-4216-a19d-0d3ebea60e30,5,2023-07-07T03:14:38+00:00,게시글 수정시 사진첨부가 되지 않는 부분 개선이 필요합니다,1,4.5.3,2026-08-05,https://play.google.com/store/apps/details?hl=ko&id=com.friendscube.somoim
ad00d40a-80ad-4e01-96d5-443e8f64a549,2,2023-07-07T02:28:54+00:00,UI가 별로네요... 카톡처럼 만들꺼면 좀 제대로 만들어주세요. 채팅창에 올리는 사진들도 크기가 다 안맞고...뭔가 업데이트 될때마다 2% 부족한 느낌입니다.,0,4.5.5,2026-08-05,https://play.google.com/store/apps/details?hl=ko&id=com.friendscube.somoim
6e01ef9d-023e-43a2-b1c7-3e16af9bbfff,5,2023-07-04T08:57:17+00:00,업데이트가 점점 산으로 가는거 같음...채팅창에 사진 올라가니 카카오 오픈톡방이랑 다를게 없음 운영진만 꼭 필요한 사진만 올라가게 해주던지 했으면 좋았을걸 어지러운 업데이트 반대합니다.,0,,2026-08-05,https://play.google.com/store/apps/details?hl=ko&id=com.friendscube.somoim
c0e67b6e-f86b-4c91-9ec7-bd591b5722bf,4,2023-07-04T07:01:22+00:00,채팅방에서 잘못쓰거나 올린거 지우는 기능좀 개발 부탁드립니다~,1,4.5.3,2026-08-05,https://play.google.com/store/apps/details?hl=ko&id=com.friendscube.somoim
54249372-87f4-428b-9301-283a73938d92,1,2023-07-04T01:58:15+00:00,매번 어플이 바뀝니다. 멤버들 보기가 언제는 세로였다 언제는 가로 뭐 어플에 안정성이 하나도없네요,0,4.5.3,2026-08-05,https://play.google.com/store/apps/details?hl=ko&id=com.friendscube.somoim
44a26b39-ccd2-4667-9dec-344ddb478a85,4,2023-07-04T01:35:26+00:00,텍스트 박스 삭제할 때 알림 창 하나만 띄워주세요. 긴 글을 쓸 때 꾹 눌렀다 때면 휴지통으로 인식되는 범위가 너무 넓어서 기껏 긴 글 썼는데 허무하게 날아가는 경우가 많네요. confirm 하나만 띄워주시면 좋을 것 같아요.,2,4.5.3,2026-08-05,https://play.google.com/store/apps/details?hl=ko&id=com.friendscube.somoim
f4c9b015-fb94-43d3-9b52-1ea4e563633c,3,2023-07-03T04:44:17+00:00,"일정마다 참여하는 인원 비공개로 변경할 수 있도록 하고, 가입하자마자 볼 수 있도록 오픈채팅봇 있으면 좋을듯...",1,4.5.2,2026-08-05,https://play.google.com/store/apps/details?hl=ko&id=com.friendscube.somoim
e4776403-0841-4dc3-8e8c-368c018a2713,5,2023-07-01T11:15:08+00:00,좋은 모임 발견하면 좋은 사람들 많이 만나네요,0,,2026-08-05,https://play.google.com/store/apps/details?hl=ko&id=com.friendscube.somoim
e68dc673-173f-4704-93db-4c9334769cf5,5,2023-06-28T15:10:32+00:00,돈 장사 좀 어지간히 했으면.,1,4.5.2,2026-08-05,https://play.google.com/store/apps/details?hl=ko&id=com.friendscube.somoim
63dcf9df-5279-456b-9b9a-f4e1b0287cd4,3,2023-06-28T04:43:08+00:00,"- 강퇴도 운영진이 가능하게끔해주세요!모임 회원이 많은데 자리만 차지하고있는 회원들이 있어서 회원정리를 해야하는데 강퇴도 모임장만가능하고, 강퇴할수있는 인원도 하루 5명으로 제한되어있어 모임순환이 안됩니다. 무자비한 강퇴를 막기위함이라면 운영진도 강퇴권한을 주시고 모임장이 컨펌하고 최종 강퇴될 수 있도록 하는 방안도 생각해주세요. - 회원목록을 가입순서로 볼지, 가나다 순서로 볼지 그런 여부도 옵션으로 넣어주시면 좋을 것 같아요. 부디 이 2개만이라도 고쳐진다면 너무 좋을 것 같아요",1,4.4.4,2026-08-05,https://play.google.com/store/apps/details?hl=ko&id=com.friendscube.somoim
fdff8398-8ff9-4de8-a7a1-30cda6a6591e,5,2023-06-28T01:07:51+00:00,잘 정리되어 있어서 좋습니다,0,4.5.1,2026-08-05,https://play.google.com/store/apps/details?hl=ko&id=com.friendscube.somoim
bdea41cf-8638-491b-8f01-0be69be00a85,4,2023-06-27T11:09:39+00:00,다른건 다좋은데 초대 안오게 하는거 안되나여?,1,4.5.1,2026-08-05,https://play.google.com/store/apps/details?hl=ko&id=com.friendscube.somoim
5a70638f-df4e-4117-9e2b-30dcf408ad33,5,2023-06-27T08:22:18+00:00,어플 너무좋아요. 감사합니다.,0,4.5.1,2026-08-05,https://play.google.com/store/apps/details?hl=ko&id=com.friendscube.somoim
7d89afdb-9b5d-42fe-abca-ecf4d1ff0f9c,1,2023-06-26T17:48:04+00:00,결제한 적이 없는데 왜 몇달이나 결제가 된거죠? 신고하기 전에 정기결제 내역 및 사용 내역 삭제해주세요,1,4.3.9,2026-08-05,https://play.google.com/store/apps/details?hl=ko&id=com.friendscube.somoim
0582829d-52ec-4dcd-b43b-c728a3bb8892,5,2023-06-26T07:31:23+00:00,알람을 다 껐는데도 일정이 생기면 메세지와 함께 소리가 납니다. 개선 해주세요. 업무중에도 울려서 삭제해야하나 난감합니다.,1,4.5.1,2026-08-05,https://play.google.com/store/apps/details?hl=ko&id=com.friendscube.somoim
8e1c960c-b7ed-4647-8abf-0e7f77a327b1,1,2023-06-25T06:25:59+00:00,쓰면쓸수록 업뎃하면 할수록 구려지는 앱 사용자 편의는 밥말아 먹은 앱 제발..업뎃 하지말아주세요,3,,2026-08-05,https://play.google.com/store/apps/details?hl=ko&id=com.friendscube.somoim
61cddf25-92e6-4822-b292-daba8a8eeba5,2,2023-06-25T00:47:01+00:00,모임은 좋으나 앱 자체 기능이 너무 부실함. 그러니 간판만 걸고 카카오로 가지요.,0,4.5.1,2026-08-05,https://play.google.com/store/apps/details?hl=ko&id=com.friendscube.somoim
a46e0986-a720-46ee-ba0d-d50fdecdc611,4,2023-06-19T22:13:43+00:00,더벌전하시길~,0,4.4.8,2026-08-05,https://play.google.com/store/apps/details?hl=ko&id=com.friendscube.somoim
ecd18ae6-0e87-4bf5-8c33-4a99d850f1a8,5,2023-06-19T14:07:40+00:00,완전 좋아요,0,4.4.8,2026-08-05,https://play.google.com/store/apps/details?hl=ko&id=com.friendscube.somoim
38d80ad5-c8a8-4fcd-a33c-60685fb9e846,1,2023-06-19T13:05:50+00:00,"불합리적인 강퇴, 현질 유도..... 이러면 소모임은 왜 있는 겁니까? 이딴 양아치 어플은 삭제가 답.",1,3.7.9,2026-08-05,https://play.google.com/store/apps/details?hl=ko&id=com.friendscube.somoim
edf889b7-21f8-42e4-9a87-75c855fde464,5,2023-06-18T20:52:42+00:00,너무 좋은 어플입니다,0,4.4.8,2026-08-05,https://play.google.com/store/apps/details?hl=ko&id=com.friendscube.somoim
e07b4e33-bb76-4a42-8c42-02db8c8da5e4,3,2023-06-17T18:29:04+00:00,동영상도 사진도 쳇에 올라가지 않는 불편함이 잇어.. 그리 조아하지 않아요,1,4.2.6,2026-08-05,https://play.google.com/store/apps/details?hl=ko&id=com.friendscube.somoim
2a49e5f8-434d-45d6-8afd-35ae19893578,2,2023-06-16T09:18:17+00:00,휴대폰인증이 왜 안됄까요..?,0,4.4.7,2026-08-05,https://play.google.com/store/apps/details?hl=ko&id=com.friendscube.somoim
d4072dfe-56dd-4d26-a462-476401120124,5,2023-06-15T11:48:58+00:00,굿,0,4.4.7,2026-08-05,https://play.google.com/store/apps/details?hl=ko&id=com.friendscube.somoim
23d84b90-6eae-43ea-9c85-2959963353cb,5,2023-06-15T08:09:58+00:00,"월 15000원을 내서 하는거긴 하지만, 새로운 사람들과 소통할 수 있어서 좋아요",0,,2026-08-05,https://play.google.com/store/apps/details?hl=ko&id=com.friendscube.somoim
9175285b-c090-4be0-bc61-d04547170178,3,2023-06-15T04:23:37+00:00,알림꺼도 알림와서 싫음..,1,4.4.7,2026-08-05,https://play.google.com/store/apps/details?hl=ko&id=com.friendscube.somoim
6b7a76f4-2395-45ed-90f7-83ba8447c85a,1,2023-06-15T03:09:47+00:00,고객문의 답변남겨도 읽씹에 답장조차없네요. 환불 처리해주세요. 채용공고 올려서 100평 단독건물사용한다? 소통한다? 고객과 소통 좀 하세요. 업데이트는 괴상하게하고 지들 마음에 안들면 댓글 삭제하고 아주 가관입니다,2,4.1.6,2026-08-05,https://play.google.com/store/apps/details?hl=ko&id=com.friendscube.somoim
3fc18d48-5cec-406e-b750-4dff310c3a46,1,2023-06-14T04:09:14+00:00,최신업데이트 후 대문 홍보글도 가려지고 기존보다 불편해졌어여,1,4.4.7,2026-08-05,https://play.google.com/store/apps/details?hl=ko&id=com.friendscube.somoim
0e962b17-2686-4393-aa64-ed00402d5ec9,3,2023-06-13T21:41:13+00:00,강퇴 인원제한 풀어주세요!!,0,4.4.7,2026-08-05,https://play.google.com/store/apps/details?hl=ko&id=com.friendscube.somoim
ea70c6a5-22e1-4e0f-8f8e-58d664def189,5,2023-06-13T10:46:45+00:00,좋습니다,0,4.4.6,2026-08-05,https://play.google.com/store/apps/details?hl=ko&id=com.friendscube.somoim
be1ba352-7eea-4871-8f8b-e1425331c1fb,4,2023-06-13T09:41:27+00:00,좋아요,0,4.4.7,2026-08-05,https://play.google.com/store/apps/details?hl=ko&id=com.friendscube.somoim
340706ed-8d33-4348-ad7d-6d8ef657dcfe,1,2023-06-13T03:04:57+00:00,카톡 공유하기 기능이 없어져서 너무 불편해요.. 예전버전 돌려주세요.,1,4.4.6,2026-08-05,https://play.google.com/store/apps/details?hl=ko&id=com.friendscube.somoim
72ad7c20-3a4d-449a-939b-9221796a0df5,1,2023-06-12T14:20:16+00:00,"방장이 지 맘대로 강퇴시키는거, 여자 받는다고 남자 강퇴시키는거 이런건 막아야함",1,4.4.6,2026-08-05,https://play.google.com/store/apps/details?hl=ko&id=com.friendscube.somoim
4d2c7af4-f9f3-4ee2-b0dc-baee28bda939,5,2023-06-12T13:51:13+00:00,그냥 좋음^^,0,4.4.6,2026-08-05,https://play.google.com/store/apps/details?hl=ko&id=com.friendscube.somoim
08555405-0656-49c4-9271-00db4ad4e8b6,5,2023-06-11T12:38:34+00:00,재밌어요,0,4.4.6,2026-08-05,https://play.google.com/store/apps/details?hl=ko&id=com.friendscube.somoim
8657dd4d-8b55-42b9-8804-24f4881e5238,1,2023-06-11T07:38:54+00:00,이번 업데이트로 가독성은 더 떨어지고 지난글은 못보고....,1,4.4.5,2026-08-05,https://play.google.com/store/apps/details?hl=ko&id=com.friendscube.somoim
dab05ffe-7062-4310-b503-ff91927f379d,1,2023-06-11T01:37:57+00:00,제발 강퇴인원좀 늘려줘요.. 유령회원들 강퇴하려해도 하루5명에 일주일에 10명.. 다른 신입 회원들을 못받아요... 제발좀 몇년째 건의하는데도 안바뀌네요..,3,4.4.6,2026-08-05,https://play.google.com/store/apps/details?hl=ko&id=com.friendscube.somoim
62bb8279-3b32-4d1d-ae56-2d068751a7a1,1,2023-06-11T01:04:38+00:00,업데이트 되고나서 쓰기 더 안좋아진 예네요.더욱 폐쇄적이고 쓰기 불편해졌네요.,1,4.4.5,2026-08-05,https://play.google.com/store/apps/details?hl=ko&id=com.friendscube.somoim
056fbbc3-9e41-491c-a8d8-4f909a0fed41,1,2023-06-10T10:28:28+00:00,이번 업데이트를 어떻게 해놨길래 기존에 알던 정보를 모르게 요상하게 바꿔놨냐 프로필 누르면 그사람 게시글이나 덧글 볼수있었는데 아예 안봐지네 아오 짜증나,1,4.4.5,2026-08-05,https://play.google.com/store/apps/details?hl=ko&id=com.friendscube.somoim
22b0d630-fc35-4944-99cf-b182113b45fb,1,2023-06-10T10:13:47+00:00,계좌복사도 안되고 오픈채팅방 주소도 복사가 안되고 글 복사관련해서 불편을 강요하는 어플,0,4.4.4,2026-08-05,https://play.google.com/store/apps/details?hl=ko&id=com.friendscube.somoim
2efa8857-76a4-4756-a530-52416efd3fbc,1,2023-06-10T07:02:12+00:00,"디자인 바뀐 이후로 편의성,직관성이 너무 떨어지네요..",0,4.4.5,2026-08-05,https://play.google.com/store/apps/details?hl=ko&id=com.friendscube.somoim
74c184b2-078a-4da8-ac78-1320521fbc3c,1,2023-06-10T02:47:29+00:00,폰이새로 바뀌고 연락처가 변경되었는데 도대체 이전 가입한걸로 어떻게 들어가야되져??,0,4.4.5,2026-08-05,https://play.google.com/store/apps/details?hl=ko&id=com.friendscube.somoim
ebc1cf40-2b24-4623-b4d2-deb511da9c39,5,2023-06-10T01:30:45+00:00,좋아요,0,4.4.4,2026-08-05,https://play.google.com/store/apps/details?hl=ko&id=com.friendscube.somoim
a245f722-2ee5-4d36-a439-b9a626716255,5,2023-06-09T19:18:05+00:00,좋아요,0,4.4.4,2026-08-05,https://play.google.com/store/apps/details?hl=ko&id=com.friendscube.somoim
e945866f-774b-4f1d-8898-cbcf09b38204,4,2023-06-09T03:05:32+00:00,정말 좋은데...대체 왜 채팅기능에 삭제가 없을까요ㅠㅠ 삭제기능이 있었으면 좋겠습니다 간곡히...,0,4.4.4,2026-08-05,https://play.google.com/store/apps/details?hl=ko&id=com.friendscube.somoim
835569ba-84b8-4efe-834c-f13dddec3e62,5,2023-06-07T15:09:04+00:00,귓속말 기능이 연달아 사용하기엔 종종 까먹고 귓속말하기를 누르지 않고 하게 되는 경우가 있어 이 부분의 개선이 필요해 보입니다. 조금 더 귓속말을 이어가는 데 매끄러운 진행..?,0,4.4.4,2026-08-05,https://play.google.com/store/apps/details?hl=ko&id=com.friendscube.somoim
46ca6659-952c-4e4f-8212-dccd6b8de6e4,1,2023-06-07T11:55:19+00:00,비추,1,4.3.9,2026-08-05,https://play.google.com/store/apps/details?hl=ko&id=com.friendscube.somoim
c435d2c8-6c4f-450d-a8ef-648b135cb0d7,5,2023-06-06T13:16:43+00:00,👍,0,4.4.4,2026-08-05,https://play.google.com/store/apps/details?hl=ko&id=com.friendscube.somoim
8d35fb13-d09f-4f07-8e60-0edaa1c261db,1,2023-06-05T16:11:01+00:00,⑨모임장과 운영진은 무분별한 강퇴나 부당한 권력행사로 위 권한을 남용할 수 없고 회사 측에 악용과 관련된 신고가 접수될 시 모임 활동이 제한되거나 제재 조치가 취해질 수 있습니다. - 힘내 운영진 기분 잘 마쳐보세요.-,1,4.4.4,2026-08-05,https://play.google.com/store/apps/details?hl=ko&id=com.friendscube.somoim
e585efe4-990c-46ff-80eb-8d7c855b8bc3,5,2023-06-04T11:54:01+00:00,좋아요,0,4.4.4,2026-08-05,https://play.google.com/store/apps/details?hl=ko&id=com.friendscube.somoim
7d78d3de-f713-4b25-880a-2d885f849be3,2,2023-06-03T15:39:52+00:00,좋은 소모임은 찾기 힘들고 대부분의 소모임 운영은 아마츄어보다 못하면서 돈받는 경우도 있습니다 앱자체의 취지는 좋으나 모임자체는 다른.방법을 찾는것을 선호합니다,1,4.4.4,2026-08-05,https://play.google.com/store/apps/details?hl=ko&id=com.friendscube.somoim
5f70e554-3e07-4360-b872-8cf8944a3a63,1,2023-06-01T03:00:15+00:00,인증번호가 왜 안오는건지...,0,4.4.4,2026-08-05,https://play.google.com/store/apps/details?hl=ko&id=com.friendscube.somoim
4a4708b0-2aa8-4d05-b45b-e294b20cbe2d,5,2023-05-31T17:50:59+00:00,좋아요!!,0,4.4.4,2026-08-05,https://play.google.com/store/apps/details?hl=ko&id=com.friendscube.somoim
57a804f2-26fc-405a-80fa-b4c9cceb643f,1,2023-05-30T16:01:10+00:00,모임 검색시 가까운 지역 순으로 뜨도록 기능을 좀 추가해주세요 그리고 나이별로 가입제한 두는것도 해당 년도 안되는 모임은 검색에서 바로 거를수있도록 기능을 좀 만들어요,7,4.4.4,2026-08-05,https://play.google.com/store/apps/details?hl=ko&id=com.friendscube.somoim
9599beca-2f0f-4abf-b6c8-ddec08fc6a68,1,2023-05-30T09:36:55+00:00,아니 며칠째 내 모임내 모든 게시글도 안뜨고 모임 참석 버튼도 못 누르게 아무것도 안 뜨고 서버 연결 오류라는 말만 주구장창 뜨는데 좀 고쳐줘요. 폰 두개로 하는데 두개 다 이러고 다른 번호로 재가입도안됨,0,4.4.4,2026-08-05,https://play.google.com/store/apps/details?hl=ko&id=com.friendscube.somoim
a9dd6f0b-6ec8-4318-8d3a-fb3a65008b6d,5,2023-05-30T05:01:45+00:00,굿,0,4.4.4,2026-08-05,https://play.google.com/store/apps/details?hl=ko&id=com.friendscube.somoim
918c4b32-b0be-4106-aa93-7bc5dca54acb,5,2023-05-30T00:56:08+00:00,아주좋아요!!!,0,4.4.4,2026-08-05,https://play.google.com/store/apps/details?hl=ko&id=com.friendscube.somoim
86975fdd-683f-4176-9781-e3b0be24bcd6,5,2023-05-29T00:03:55+00:00,좋습니다,0,4.4.4,2026-08-05,https://play.google.com/store/apps/details?hl=ko&id=com.friendscube.somoim
8afeb200-52cc-4edf-8277-7f0bc95d0af5,5,2023-05-28T14:20:02+00:00,좋은인연과 좋은 봉사,0,4.4.4,2026-08-05,https://play.google.com/store/apps/details?hl=ko&id=com.friendscube.somoim
daf90bfa-f02f-4831-994c-56970331bfe6,1,2023-05-26T06:51:10+00:00,아무리 서울민국이라지만 지역설정이라든가 검색 기능을 보면 지방에 대한 배려가 없는 듯...,1,4.4.4,2026-08-05,https://play.google.com/store/apps/details?hl=ko&id=com.friendscube.somoim
667afa65-6454-4c3f-86c1-e4980c6e0965,3,2023-05-24T12:07:42+00:00,앱의 의도는 좋으나 검색등 기능이 너무 구림 모임검색할때 어떤지역의 나이대는 어떤 모임을 찾고싶을때 복합조건이 설정가능해야하나 각 모임도 한개의 조건으로만 설정되어있어 검색이 불가함,0,4.4.4,2026-08-05,https://play.google.com/store/apps/details?hl=ko&id=com.friendscube.somoim
a0f14c26-fd20-4177-92ac-ef060a405394,1,2023-05-22T15:02:06+00:00,"아니 정기결제 해제하니까 모임장이 글도 못쓰고 채팅도 못함 이게 뭐임...? 분명 귓속말,말풍선,정원 기능만 없다 하지 않았나요??",1,4.4.4,2026-08-05,https://play.google.com/store/apps/details?hl=ko&id=com.friendscube.somoim
b883f474-de49-4079-8f3e-acf21df35f3a,1,2023-05-22T01:23:58+00:00,모임장이 한번에 열 수 있는 모임 갯수 무제한으로 해주세요... 한번에 3개밖에 못열어서 너무 불편합니다ㅠ 패치되면 별점 5점으로 수정할게요ㅜ,0,4.4.4,2026-08-05,https://play.google.com/store/apps/details?hl=ko&id=com.friendscube.somoim
1a6103bd-92b4-4d79-8a16-62d2d1ae43ff,1,2023-05-20T14:48:25+00:00,07년생에 생일도 지났는데 나이 회원가입 할때 06년까지 밖에 없어서 가입도 못하고있네요.. 07년은 언제 생기죠,0,,2026-08-05,https://play.google.com/store/apps/details?hl=ko&id=com.friendscube.somoim
12ab5df4-41e9-48bd-adb2-915bcfcd6f04,5,2023-05-19T22:46:56+00:00,😀,0,4.4.4,2026-08-05,https://play.google.com/store/apps/details?hl=ko&id=com.friendscube.somoim
b04e6b65-e31d-4ea0-b259-dbc587ca6166,4,2023-05-19T15:42:44+00:00,인천 좋은 친구들 첫 모임 좋아요~^^,0,,2026-08-05,https://play.google.com/store/apps/details?hl=ko&id=com.friendscube.somoim
881d5d36-fe21-4736-8257-6df35089608d,2,2023-05-17T15:43:55+00:00,"어플의 디폴트는 이용요금이 무료이고 프리미엄 가입의 경우 상단노출이나 이용에 편리한 기록 기능들이 추가되는데 소모임 어플은 일단 무조건 유료라는 사실에 일차 놀랐고요. 보통 일반인이 가입하는 커뮤니티, 모임 목적의 서비스제공은 대부분 무료이고 영어나 경제 등 특정 컨텐츠를 제공하는 서비스의 경우에도 월 이용요금이 이렇게 쎈 경우는 드문데 어떤 컨텐츠 제공도 없이 월 만오천원 이라는 사실에 두번 놀랐습니다. 월 만오천원 적혀있지만 에이 아니겠지 이건 뭔가 프리미엄한 다른 서비스겠지 해서 여기저기 검색해보고 무조건 개설에는 만오천원인 것을 확인하고는 닫았습니다ㅎㅎ 월 삼천구백원이어도 고민할 마당에 만오천원이라니 이래서 유입이 적은 것이구나 알게되었습니다. 절이 아쉬우면 중이 떠나는 것이 맞는 것이니 전 떠납니다~",18,4.4.4,2026-08-05,https://play.google.com/store/apps/details?hl=ko&id=com.friendscube.somoim
a9a10b35-8525-4cc3-a0d7-62126a61bed7,5,2023-05-17T07:28:02+00:00,굿,0,4.4.4,2026-08-05,https://play.google.com/store/apps/details?hl=ko&id=com.friendscube.somoim
b58b5fbf-a584-4c0a-9b1c-7c75e4f98421,1,2023-05-16T09:10:41+00:00,운동 관련 오픈카톡 돌아다니면서 광고하고 튀지 좀 마세요. 뭐하는 겁니까. 광고비 낼 돈 없어요? 작작 하세요. 찾아보니까 남자들은 얼굴/나이보고 뽑고 여자방에는 신천지 소굴이라던데 고객들 수질 관리 좀 하세요. 오픈카톡 돌아다니면서 광고만 싸지르시지 말구요. 이건 진짜 운동 모임 좋아하는 사람으로써 부탁드리는겁니다.,2,4.4.4,2026-08-05,https://play.google.com/store/apps/details?hl=ko&id=com.friendscube.somoim
6d4a42d9-dde4-4e9e-be30-a340a21120f2,5,2023-05-15T11:27:22+00:00,저기 혹시 인천 지역이 아직도 남구로 나오는데 미추홀구로 변경이 안될까요?,0,4.4.4,2026-08-05,https://play.google.com/store/apps/details?hl=ko&id=com.friendscube.somoim
6e7b8138-a931-4623-a584-18f61fba0971,1,2023-05-13T14:57:58+00:00,지역 선택란에 의정부 금오동이 없고 앱 지웠었는데 소모임 프리미엄 매달 계속 나갔네 ㅡㅡ,0,4.4.4,2026-08-05,https://play.google.com/store/apps/details?hl=ko&id=com.friendscube.somoim
2d87a970-9141-4b18-bdcf-1d25bfd6878d,3,2023-05-12T10:39:32+00:00,지역 설정은 왜 하라는 걸까요. 정한 지역부터 정렬되어서 나오질 않는데 말이죠. 경기도 평택에 사는데 왜 강남 모임이 나오나요. 게다가 제가 사는 동은 검색조차 되지 않아서 근처 동으로 설정했습니다. 소모임 추천 범위를 개인적으로 선택할 수 있는 기능을 넣어주셨으면 하네요.,56,4.4.4,2026-08-05,https://play.google.com/store/apps/details?hl=ko&id=com.friendscube.somoim
1bda6654-3344-4a06-846c-e72f3ef0db38,4,2023-05-10T05:22:43+00:00,좋네요,0,4.4.4,2026-08-05,https://play.google.com/store/apps/details?hl=ko&id=com.friendscube.somoim
f8803af2-89b3-45ac-b073-b881506eecd0,5,2023-05-10T01:46:29+00:00,😃,0,4.4.4,2026-08-05,https://play.google.com/store/apps/details?hl=ko&id=com.friendscube.somoim
602f8bb9-cee2-4520-a65c-b175c9b07d34,5,2023-05-08T11:49:28+00:00,좋은 기회로 봉사활동 동호회을 가입하게 되어 기쁘네요 :),0,4.4.4,2026-08-05,https://play.google.com/store/apps/details?hl=ko&id=com.friendscube.somoim
d6294634-651e-4eb9-b49f-8764193b3291,5,2023-05-08T04:45:05+00:00,사장님 C.A 3개까지밖에 안되는데 개선안되나요?,0,4.4.4,2026-08-05,https://play.google.com/store/apps/details?hl=ko&id=com.friendscube.somoim
65a08330-bce4-4a55-988e-6816a344aad9,5,2023-05-07T00:40:35+00:00,조아#,0,4.4.4,2026-08-05,https://play.google.com/store/apps/details?hl=ko&id=com.friendscube.somoim
817ed189-0876-4b2f-9ce0-d9846268cabd,4,2023-05-06T12:38:24+00:00,나이제한이걸리네줸장..43도이제 뒷방늙은이ㅎ,0,4.4.4,2026-08-05,https://play.google.com/store/apps/details?hl=ko&id=com.friendscube.somoim
b2ed5e4e-d652-4160-8813-9a1d9e8ff735,5,2023-05-05T04:35:17+00:00,굿,0,4.4.4,2026-08-05,https://play.google.com/store/apps/details?hl=ko&id=com.friendscube.somoim
39ba846a-83ff-40e4-9f7e-20546173d495,5,2023-05-04T14:16:45+00:00,소통의공간이잘되어있어요,0,4.4.4,2026-08-05,https://play.google.com/store/apps/details?hl=ko&id=com.friendscube.somoim
fea883c9-ca70-4266-b29d-b0c8fd8423a1,5,2023-05-03T11:26:34+00:00,굿,0,4.4.4,2026-08-05,https://play.google.com/store/apps/details?hl=ko&id=com.friendscube.somoim
f053731b-9725-4839-8c08-e7be59ea8688,5,2023-05-03T09:03:12+00:00,편하고 좋아요!,0,4.4.4,2026-08-05,https://play.google.com/store/apps/details?hl=ko&id=com.friendscube.somoim
ac8720cf-cd49-40d0-b1c4-fac8c9cf3c0b,5,2023-05-03T05:10:40+00:00,이번달 익일부터의 프리미엄스폰서 결재 취소부탁드립니다,0,4.4.3,2026-08-05,https://play.google.com/store/apps/details?hl=ko&id=com.friendscube.somoim
d5233ff3-d7cd-450f-8077-3bde2f2959f4,5,2023-05-01T00:51:36+00:00,다 좋은데 신규 모임원분중 너무 민폐짓을 하시는 분이 있어요..그런분들은 신고 후 블랙리스트 처리하거나 앱에서 제외 하는 그런 기능이 있으면 합니다.,1,4.4.3,2026-08-05,https://play.google.com/store/apps/details?hl=ko&id=com.friendscube.somoim
2aefbbd8-e0b3-4172-b1b4-8239491326e6,4,2023-04-30T13:03:33+00:00,회원 강퇴등등 관리는 모임장만 가능하네요. 모임장말고 운영진들도 회원강퇴할수있는 기능이 있었음 하네요,0,4.4.3,2026-08-05,https://play.google.com/store/apps/details?hl=ko&id=com.friendscube.somoim
61577654-9f1d-4ed1-9dcd-013337af8180,1,2023-04-28T11:21:20+00:00,가입한모임에 강퇴당한 모임이 왜 계속 떠있는거임? 일안함?,2,4.4.3,2026-08-05,https://play.google.com/store/apps/details?hl=ko&id=com.friendscube.somoim
0f86ff78-c1e0-4a1d-a5b2-6aabee1b5d95,5,2023-04-27T03:10:17+00:00,모임하기 좋은어플이네요,0,4.4.3,2026-08-05,https://play.google.com/store/apps/details?hl=ko&id=com.friendscube.somoim
1272c776-49d9-4176-a1cb-6c44c30d54b2,5,2023-04-26T08:42:40+00:00,소정예 검색하시면 처음에 가기에 좋은모임으로 권장해드립니다,0,4.3.9,2026-08-05,https://play.google.com/store/apps/details?hl=ko&id=com.friendscube.somoim
c1daa278-adb9-45d3-820f-afefb0121364,1,2023-04-24T13:22:10+00:00,발정난 개들이 너무 많음 여자는 다 좋아욥~ 남자는 마감입니다~ 역함,2,,2026-08-05,https://play.google.com/store/apps/details?hl=ko&id=com.friendscube.somoim
069e8328-439b-43ce-895b-eaf8a6bade44,4,2023-04-24T12:54:06+00:00,봉사모임으로 위장한 신천지 주의하세요! 친목 모임과 비교할 때 상대적으로 가장 건전할 것 같지만 신천지들이 가장 많이 위장하는 단체가 봉사모임이라고 합니다ㅠㅠ 특히 모임 인원이 많더라도 활동 시 소규모 인원으로 나눠 활동하거나 신천지 교회가 위치한 동 근처에서 봉사가 진행된다면 더욱 주의를 요합니다,29,4.4.3,2026-08-05,https://play.google.com/store/apps/details?hl=ko&id=com.friendscube.somoim
a32ea7cf-cc07-4226-8e0f-97fe3f32824d,5,2023-04-24T00:15:00+00:00,준거운 만남 유쾌한 사람들,0,4.4.3,2026-08-05,https://play.google.com/store/apps/details?hl=ko&id=com.friendscube.somoim
3dee0c36-e56f-4778-bbf5-ab6d2d9a868c,5,2023-04-23T23:06:58+00:00,취미 생활 모임으로 좋습니다.,0,4.4.3,2026-08-05,https://play.google.com/store/apps/details?hl=ko&id=com.friendscube.somoim
e1255b49-ed2f-4109-b651-60f3bbd7dc44,5,2023-04-23T09:43:28+00:00,좋아요,0,4.4.3,2026-08-05,https://play.google.com/store/apps/details?hl=ko&id=com.friendscube.somoim
1fadc6ae-05da-4d94-b824-98037817b63f,5,2023-04-23T05:47:30+00:00,굳,0,4.4.3,2026-08-05,https://play.google.com/store/apps/details?hl=ko&id=com.friendscube.somoim
1e3c6783-fe92-41cf-871a-7b8d405cea42,5,2023-04-21T09:53:23+00:00,좋네요,0,,2026-08-05,https://play.google.com/store/apps/details?hl=ko&id=com.friendscube.somoim
527b1750-9cdf-4234-ac45-30a3df0874d6,3,2023-04-21T05:21:14+00:00,소모임운영중에있는데 저희는 중복모임불가인데 가입모임숨기기가 생겼네요;; 왜 이런 기능이 생겼을까요? 중복모임 보기로 또 결제하는 시스템 만드려고 하는걸까요? 흠...,1,4.4.3,2026-08-05,https://play.google.com/store/apps/details?hl=ko&id=com.friendscube.somoim
87162615-afa0-4a36-9809-8caad17e380b,5,2023-04-20T01:51:21+00:00,좋은 앱입니다,0,4.4.3,2026-08-05,https://play.google.com/store/apps/details?hl=ko&id=com.friendscube.somoim
be3c70ce-e65f-4ef5-90c6-463ee45f5d05,1,2023-04-19T14:21:04+00:00,사용자 기만하는 돈 독 오른 어플 ㅉㅉ,2,4.4.3,2026-08-05,https://play.google.com/store/apps/details?hl=ko&id=com.friendscube.somoim
ad8b3fc1-b427-49a9-84af-7fc99520047f,3,2023-04-19T10:46:59+00:00,알람을 꺼놔도 알람이 오는데 심각한 버그임 수정요망 개발자가 발로 코딩했냐 본인 태그 아닌데도 알람온다,2,4.4.3,2026-08-05,https://play.google.com/store/apps/details?hl=ko&id=com.friendscube.somoim
b84530b2-6ee7-4474-83d3-2d32e6e23f6c,4,2023-04-19T10:16:01+00:00,태블릿에도 설치하고 쓰고싶어서 다운받았는데ㅜ 로그인이 아니고 휴대폰 인증을 통한 신규가입이 나오네욥 ㅠ 전 휴대폰 아이디 그대로 연결하고싶거든요...어떻게 해야 하나요..??~,1,4.4.3,2026-08-05,https://play.google.com/store/apps/details?hl=ko&id=com.friendscube.somoim
b19adf5e-51cb-4226-ae23-8315e399e6fb,5,2023-04-18T15:05:13+00:00,좋아요,0,4.4.3,2026-08-05,https://play.google.com/store/apps/details?hl=ko&id=com.friendscube.somoim
9a0883eb-aaec-4ed8-b3cf-1bb7477de4b1,1,2023-04-17T06:07:04+00:00,"진짜 개어이없어서 한마디하겠습니다. 채용공고 올려시ㅣ 100평단독건물사용하시고 회사는 소통을 중요하게 생각한다면서 도대체 이렇게 사람들이 불만이 많은데 왜 소통한번 안하시는지 모르겠네요. 몇년째 사람들이 불만을 여러개남기고있는데 댓글답변은 커녕 제자리걸음, 참 대단하다 생각합니다.",2,4.4.3,2026-08-05,https://play.google.com/store/apps/details?hl=ko&id=com.friendscube.somoim
4b26e676-9b27-4944-8b69-fbc6aef3c45a,1,2023-04-17T00:54:03+00:00,나이가 왜 06까지밖에 없나요,0,4.4.3,2026-08-05,https://play.google.com/store/apps/details?hl=ko&id=com.friendscube.somoim
af830c33-f493-434a-b9be-ea776e4cd262,5,2023-04-16T00:20:06+00:00,아주휼륭한 모임임,0,4.4.3,2026-08-05,https://play.google.com/store/apps/details?hl=ko&id=com.friendscube.somoim
19a7ef15-ed88-4415-8e4b-77bc4c609d6b,5,2023-04-15T07:15:01+00:00,소모임 여러개 가입했고 이곳저곳 나가봤지만 텃세가 다분해서 한번 나가고 끝이였으며 클래스도 나가보고 소개팅 시켜주는곳도 있어서 그중에 초이스팅이라는곳에 가입해서 남친만들고 만족스러운 하루를 보내는 중 무료로 해주는곳도 있고 신규모임이 계속 나오는지라 이거저거 해볼만함 굿,2,4.4.3,2026-08-05,https://play.google.com/store/apps/details?hl=ko&id=com.friendscube.somoim
dcc14494-2a81-46ef-95ae-c4e0ee08acd2,3,2023-04-14T09:10:34+00:00,소모임 배너 사이즈좀 알려주세요,0,4.4.3,2026-08-05,https://play.google.com/store/apps/details?hl=ko&id=com.friendscube.somoim
b3d1ca66-2b7b-4089-b827-31b992bbd84f,5,2023-04-14T03:03:58+00:00,소모임 즐거워요.,0,4.4.3,2026-08-05,https://play.google.com/store/apps/details?hl=ko&id=com.friendscube.somoim
8c4466bd-4ce5-4191-9efa-c138b848ae41,5,2023-04-13T09:56:44+00:00,아주 유용한 어플 같아요 타지역에 이사오신분들께 꼭 필요한든 하네요^^,0,4.4.3,2026-08-05,https://play.google.com/store/apps/details?hl=ko&id=com.friendscube.somoim
05e0cc03-eb67-46ba-9ba6-c3a89d9ed661,1,2023-04-11T11:08:37+00:00,보기싫은 모임 차단 기능좀 만들어줘요,1,4.4.2,2026-08-05,https://play.google.com/store/apps/details?hl=ko&id=com.friendscube.somoim
cbdd8354-603f-43ac-b7b4-0bc5094f4196,1,2023-04-10T21:03:09+00:00,필수 선택사항이라면서 나 사는 곳은 안뜸,0,4.4.3,2026-08-05,https://play.google.com/store/apps/details?hl=ko&id=com.friendscube.somoim
22c1e9e4-01ec-44aa-95df-483d07d81454,5,2023-04-10T17:18:15+00:00,너무 좋아요!!^^,0,4.4.2,2026-08-05,https://play.google.com/store/apps/details?hl=ko&id=com.friendscube.somoim
ee09a6c3-91d5-45b4-8015-33bf1d7e7776,5,2023-04-10T08:02:26+00:00,너무 좋아요!^^,0,4.4.3,2026-08-05,https://play.google.com/store/apps/details?hl=ko&id=com.friendscube.somoim
7c979226-0090-4157-b91b-45a7890d9f8c,3,2023-04-10T05:48:51+00:00,제가 생각하는 소모임은 그야 말로 10명 이내를원하는데 막상 들어가보니 100명 이상인곳도 있네요 인원수 제한을 좀 둘 필요성을 느낍니다,0,4.4.3,2026-08-05,https://play.google.com/store/apps/details?hl=ko&id=com.friendscube.somoim
1bda5bae-b456-4d77-a611-64a7fcad75ca,3,2023-04-10T02:23:00+00:00,우리집 동선택에 없는지역 때문에 선택을 못해 시작못함,0,4.4.3,2026-08-05,https://play.google.com/store/apps/details?hl=ko&id=com.friendscube.somoim
c11555dc-35d6-466d-a802-2d11d75cb949,5,2023-04-10T00:00:35+00:00,👍,0,4.4.3,2026-08-05,https://play.google.com/store/apps/details?hl=ko&id=com.friendscube.somoim
7694d03e-98e0-4441-ab2f-e7f0e47cdd1b,3,2023-04-09T12:55:34+00:00,권장이라길래 마곡동 검색 했더니 없음 없는 이렇게 없는 지역 간간히 있는건 좀...,0,4.4.3,2026-08-05,https://play.google.com/store/apps/details?hl=ko&id=com.friendscube.somoim
5a8bc88c-f5ff-4ab2-b449-a326eb680c85,3,2023-04-09T12:09:06+00:00,인증번호가 핸드폰 번호로 오는게 맞는건가요???,0,4.4.3,2026-08-05,https://play.google.com/store/apps/details?hl=ko&id=com.friendscube.somoim
cbf1320f-acef-477f-8994-423ed369efc4,1,2023-04-08T14:34:56+00:00,초대 좀 그만 받고 싶어요 비용 크고 관심 없는 곳 자꾸 같은 곳에서 와요 허위 신고 경고글 말고 초대 거부 만들어줘요 앱 삭제하고 싶어져요,1,4.4.2,2026-08-05,https://play.google.com/store/apps/details?hl=ko&id=com.friendscube.somoim
9df38c05-296c-452a-bf2c-368b1b62885b,1,2023-04-08T10:43:35+00:00,알아서쓸게요.. 자꾸 왜 가입하라고 알림을..,0,4.4.2,2026-08-05,https://play.google.com/store/apps/details?hl=ko&id=com.friendscube.somoim
9f83e9ca-ba91-4a8d-b3bd-edc211ac4257,4,2023-04-07T15:21:43+00:00,인터페이스가 좀 불편함,0,4.4.2,2026-08-05,https://play.google.com/store/apps/details?hl=ko&id=com.friendscube.somoim
439569cd-699a-4139-a01a-f6a17deee2b8,5,2023-04-06T10:55:15+00:00,좋아요,0,4.4.2,2026-08-05,https://play.google.com/store/apps/details?hl=ko&id=com.friendscube.somoim
3d17feca-e834-49f2-bab6-90c27422ed30,5,2023-04-06T10:49:16+00:00,👍,0,4.4.2,2026-08-05,https://play.google.com/store/apps/details?hl=ko&id=com.friendscube.somoim
141096ef-9b7d-479a-9654-bbefe3674e5d,5,2023-04-05T10:51:53+00:00,클럽 활동하기 좋네요.,0,4.4.2,2026-08-05,https://play.google.com/store/apps/details?hl=ko&id=com.friendscube.somoim
d03152cf-b199-4b62-99f4-390be3370f7e,3,2023-04-05T06:36:16+00:00,세종시 가입할때 소담동이 없어요.,0,4.4.2,2026-08-05,https://play.google.com/store/apps/details?hl=ko&id=com.friendscube.somoim
8bb8a74e-0544-466a-8160-bfb3b9916448,1,2023-04-03T10:04:36+00:00,갑자기 모임이 노출이 안되는데 이거 어디물어봐요?? 고객센터 이메일은 2달이 다되가는데 응답이 없고,0,4.4.2,2026-08-05,https://play.google.com/store/apps/details?hl=ko&id=com.friendscube.somoim
a33911ca-8922-45e6-a5b1-219e25a8ebcd,5,2023-04-02T12:29:00+00:00,다 좋은데 질이 안좋은 그룹도 있어서 잘 골라 들어가야되네요 새벽같이 일어나서 늦지않으려고 준비 다 하고 도착했는데 많았던 가입조건 중 하나 빼먹었다고 통보도 안하고 직전에 바로 탈퇴시키는 예의없는 그룹도 있으니 조심하세요,2,4.4.2,2026-08-05,https://play.google.com/store/apps/details?hl=ko&id=com.friendscube.somoim
83e45266-3a9e-4fb4-bfb7-a0e4f8d2243b,5,2023-04-02T01:13:22+00:00,만족,0,4.4.2,2026-08-05,https://play.google.com/store/apps/details?hl=ko&id=com.friendscube.somoim
286009c0-df72-411c-a8ef-58211b0950f2,5,2023-04-01T15:34:52+00:00,나쁘지 않다,0,4.4.0,2026-08-05,https://play.google.com/store/apps/details?hl=ko&id=com.friendscube.somoim
e02fbc16-8012-45de-bf41-6164a77d0ce0,5,2023-03-31T06:25:40+00:00,좋아요,0,4.4.2,2026-08-05,https://play.google.com/store/apps/details?hl=ko&id=com.friendscube.somoim
780134a8-3fbd-4c17-945c-225edb8c1b83,5,2023-03-30T10:46:41+00:00,좋네요,0,4.4.2,2026-08-05,https://play.google.com/store/apps/details?hl=ko&id=com.friendscube.somoim
9decbd61-e177-4a5d-9248-0bb56bb9cadd,1,2023-03-29T15:45:07+00:00,너무 비싸고 모임도 별로 없음 매달 13천원? ㅋ 그만한 가치 없는 앱,0,4.4.1,2026-08-05,https://play.google.com/store/apps/details?hl=ko&id=com.friendscube.somoim
5b715bd5-688b-455d-9f1d-0f64574ee833,5,2023-03-28T00:19:16+00:00,좋네요,0,4.4.0,2026-08-05,https://play.google.com/store/apps/details?hl=ko&id=com.friendscube.somoim
e1b86a9c-e43c-4f3e-b3a4-23c58e01c390,5,2023-03-27T16:30:56+00:00,좋아요,0,4.4.0,2026-08-05,https://play.google.com/store/apps/details?hl=ko&id=com.friendscube.somoim
1be8dac4-4313-4901-833b-d524bf78eaad,1,2023-03-27T16:28:51+00:00,"아주 피곤한 앱임 소모임만 하면 좋은데 전국에서 초대 쪽지를 날리는 통에 수시로 알람이 옴 그렇다고 가입한 모임이 있어 알람을 꺼놓을수도 없음 초대는 기본적으로 막을수 없게 해놓음 예를 들어 난 수도권인데 광주 북구 모임인 ""투게더 걷기""라는 모임에서 매주 초대가 옴 취지는 좋아 보이나 앱이 활성화되지 않는 이유가 있음 써보면 암",0,4.4.0,2026-08-05,https://play.google.com/store/apps/details?hl=ko&id=com.friendscube.somoim
17865070-db07-4aa3-8c9b-9ef625823b5f,5,2023-03-25T18:43:36+00:00,좋아요,0,4.4.0,2026-08-05,https://play.google.com/store/apps/details?hl=ko&id=com.friendscube.somoim
e1891f85-ae19-4b7e-b269-d6233cf58fdc,5,2023-03-25T07:22:23+00:00,모임이있어서 딱좋네용,0,4.4.0,2026-08-05,https://play.google.com/store/apps/details?hl=ko&id=com.friendscube.somoim
9ad3f125-d588-4e7d-9ec6-f75600dfaca6,5,2023-03-24T16:45:29+00:00,꽤 모임유저들이 많네요~ 종아요 버튼만 있는게 아쉽네요~다양한 감정표현이 가능했으면 좋겠어요,0,4.4.0,2026-08-05,https://play.google.com/store/apps/details?hl=ko&id=com.friendscube.somoim
f174fd46-608a-4925-898b-ef01e2019085,1,2023-03-23T10:35:06+00:00,"1. 게시글 사진만 삭제,수정 안되는 문제 2. 일정에 시간 변경 안되서 삭제해야되는 문제 3. 사진 확대후 다시 축소하면 제대로 안되고 옆으로도 안움직이고 멍청해지는 문제 고쳐주세요",0,4.4.0,2026-08-05,https://play.google.com/store/apps/details?hl=ko&id=com.friendscube.somoim
cff37dce-563d-42eb-b352-bd6919a5a890,1,2023-03-23T06:50:25+00:00,각 모임별 아이콘 UI UX가 너무 번잡해요ㅡ 깔끔하지 못하고. 유료결제는 또 무엇!!!,0,4.4.0,2026-08-05,https://play.google.com/store/apps/details?hl=ko&id=com.friendscube.somoim
2deb05f1-0baa-4a3d-b6ab-dd3e30754061,5,2023-03-19T11:46:25+00:00,좋아요,0,4.3.9,2026-08-05,https://play.google.com/store/apps/details?hl=ko&id=com.friendscube.somoim
64c24288-31a9-4a67-b8aa-a8bffff5bbd5,4,2023-03-17T11:20:28+00:00,"모임 운영해보는데 다 좋은데 카카오톡오픈채팅방 링크를 걸수가 없네요; 채팅에 올려도 복사도 안되고 바로 연결도 안되고, 게시글에 올리자니 오직 주소만 올려야지 주소 복사하기가 되서 연결시킬수 있으니...쉽게 할수 있는 방법 없나요?",0,4.3.9,2026-08-05,https://play.google.com/store/apps/details?hl=ko&id=com.friendscube.somoim
774d89f5-d8b4-4dd4-b644-7615a7df75bc,5,2023-03-16T23:35:48+00:00,조아요!!!,0,4.3.9,2026-08-05,https://play.google.com/store/apps/details?hl=ko&id=com.friendscube.somoim
21d038e5-950a-41c3-a085-a850088f69c8,4,2023-03-16T22:43:52+00:00,신천지 등등 포교활동이 많아요 꼭 조심하셔야되요!,3,4.3.9,2026-08-05,https://play.google.com/store/apps/details?hl=ko&id=com.friendscube.somoim
27d831ef-5aef-4afa-a2cf-36c719aaf98b,5,2023-03-16T01:52:23+00:00,잘씁니다,0,4.3.9,2026-08-05,https://play.google.com/store/apps/details?hl=ko&id=com.friendscube.somoim
fb265d8c-4da2-48ef-ac50-be56797e06a3,5,2023-03-15T09:54:28+00:00,그뤠잇,0,4.3.9,2026-08-05,https://play.google.com/store/apps/details?hl=ko&id=com.friendscube.somoim
7fe13df6-29c1-469c-a20f-869989cb64f6,5,2023-03-14T10:18:38+00:00,이제곧 해볼예정,0,4.3.9,2026-08-05,https://play.google.com/store/apps/details?hl=ko&id=com.friendscube.somoim
41d741f2-10df-427f-bd79-757173c06065,3,2023-03-13T04:39:34+00:00,게시글 작성 시 사진을 글의 중간에 넣을 수 있으면 좋겠다.,0,4.3.9,2026-08-05,https://play.google.com/store/apps/details?hl=ko&id=com.friendscube.somoim
19cded13-843e-4a2b-9d94-d122d1758db2,5,2023-03-12T01:14:04+00:00,굿,0,4.3.9,2026-08-05,https://play.google.com/store/apps/details?hl=ko&id=com.friendscube.somoim
00082cf6-8267-4213-8afa-b3ab2b30d161,5,2023-03-09T16:15:20+00:00,잼써요,0,4.3.9,2026-08-05,https://play.google.com/store/apps/details?hl=ko&id=com.friendscube.somoim
8463fd68-2451-4237-9733-baa50465b9ec,1,2023-03-09T00:47:59+00:00,가입한적도 없는데 서비스이용이 제한된 번호라고 나오네요.,1,4.3.9,2026-08-05,https://play.google.com/store/apps/details?hl=ko&id=com.friendscube.somoim
b9819462-9966-4902-a71f-a1b4bef96dd7,3,2023-03-07T15:22:50+00:00,기존 월결제방식에서 연결제로 변경하려면어떻게해야하나요?,7,4.3.9,2026-08-05,https://play.google.com/store/apps/details?hl=ko&id=com.friendscube.somoim
6910c4b6-e940-430b-8674-3fbebe3fe26e,1,2023-03-04T04:04:11+00:00,전화번호 인증번호 안옴 전송안됨,0,4.3.9,2026-08-05,https://play.google.com/store/apps/details?hl=ko&id=com.friendscube.somoim
aee6a2c3-ff97-4798-ac91-f2d1a389f6a1,5,2023-03-03T17:50:18+00:00,굿,0,4.3.9,2026-08-05,https://play.google.com/store/apps/details?hl=ko&id=com.friendscube.somoim
d1bfd20b-c8e6-451f-8c36-02969137e025,5,2023-03-01T11:02:39+00:00,좋네요,0,4.3.9,2026-08-05,https://play.google.com/store/apps/details?hl=ko&id=com.friendscube.somoim
84f4658e-53de-4ec2-b60f-27d4ab61281f,2,2023-03-01T01:43:18+00:00,ca(클럽액티비티)같은 이상한 영어 쓰기 전인 소모임 앱으로 돌아왔으면 좋겠다,0,4.3.9,2026-08-05,https://play.google.com/store/apps/details?hl=ko&id=com.friendscube.somoim
0aba0352-e0aa-4efb-963d-2a5eed54799e,1,2023-02-27T18:00:01+00:00,광주지역 우리들의난리부르스 독서동아리 신천지입니다. 괜히 시간 에너지 투자한뒤에 뒤통수맞지않도록 조심하세요. 친해졌다 싶으니 성경얘기 꺼냅니다. 요즘에 교회밖에서 성경얘기하는 모임은 다 신천지라고 알고 조심하는데 아직도 신천지 본인들만 모르는듯 ; 어플자체는 좋은취지인데 이런일 겪으니 기분나빠서 바로 탈퇴하고 삭제하게 됩니다. 앞으로 특정모임 신천지 신고기능 넣어주시면 좋겠어요. 최소 3번 이상 신고받으면 폐쇄하게 하거나 또는 주의라고 표시되도록하면 좋겠습니다.,4,,2026-08-05,https://play.google.com/store/apps/details?hl=ko&id=com.friendscube.somoim
ba2f378b-d124-4376-a931-525ad29cd3d3,5,2023-02-27T10:38:14+00:00,좋아요,0,4.3.9,2026-08-05,https://play.google.com/store/apps/details?hl=ko&id=com.friendscube.somoim
78d41d03-2fe7-4490-9788-1eba8fb33346,5,2023-02-27T08:22:50+00:00,나름 유용,0,4.3.9,2026-08-05,https://play.google.com/store/apps/details?hl=ko&id=com.friendscube.somoim
b0b03eb2-0a43-4cde-be00-b20004500070,5,2023-02-26T09:33:41+00:00,좋아요,0,4.3.9,2026-08-05,https://play.google.com/store/apps/details?hl=ko&id=com.friendscube.somoim
d7ffb199-9227-4026-aa74-af076ff470c5,5,2023-02-25T23:24:28+00:00,좋아요,0,4.3.9,2026-08-05,https://play.google.com/store/apps/details?hl=ko&id=com.friendscube.somoim
d7ed02ee-8303-433b-a917-9a6cf38506cb,1,2023-02-25T14:05:44+00:00,"일단 별 하나 주기도 아깝다(아래 내용 필독) 현재 어플 사용하는 유저로써 , 프리미엄 결제를 하는데 공짜앱도 아니고 무엇보다 어플 이용하는 소비자들에게는 질의응답이나 오류 해결에 힘을 써줘야 하는데 개선의 여지가 없다. 두번째로 실제로 어플 개발자에게 전화를 해보면 없는 전화 번호로 나오며 , 주소지로 찾아간 이용자 분도 계셨지만 묵묵부답이다. 필자는 구글 플레이스토어에 문의를 했는데 구글에서도 묵묵부답이라 앞으로 이 어플을 진심으로 이용해야할지 말아야할지 고민이다. 개발자는 이글을 보면 답변좀 주라..",0,4.3.9,2026-08-05,https://play.google.com/store/apps/details?hl=ko&id=com.friendscube.somoim
abcf44a9-65ac-4279-aaed-71f97e803db3,1,2023-02-23T21:17:57+00:00,너무 비싸요,0,4.3.9,2026-08-05,https://play.google.com/store/apps/details?hl=ko&id=com.friendscube.somoim
f9f55927-9e7c-4446-9cd4-77832d6007c3,5,2023-02-23T21:10:04+00:00,이런어플이 있다니 그저 감사,0,4.3.9,2026-08-05,https://play.google.com/store/apps/details?hl=ko&id=com.friendscube.somoim
a85b365a-722f-4a12-a0f8-ed9a92549008,5,2023-02-23T02:05:18+00:00,좋아요,0,,2026-08-05,https://play.google.com/store/apps/details?hl=ko&id=com.friendscube.somoim
801e9c93-ad14-495b-8cbe-0724e315db2b,1,2023-02-22T23:24:39+00:00,"1. 게시글 상단메뉴 5개로 추가 요청 2. 모임장, 운영진 권한 회원별 프로필 메모하기 기능 요청",0,4.3.9,2026-08-05,https://play.google.com/store/apps/details?hl=ko&id=com.friendscube.somoim
ffb7d131-0e13-4b5b-b3f7-87c80ca663b5,1,2023-02-22T18:12:24+00:00,소모임 초창기부터 이용한 사용자입니다 지금업뎃 뭐하자는거죠 소모임은 특성상 건너건너 다알수밖에없는구조입니다 근데 참석자의 프라이버시를 회원도아닌 타모임이 볼수가있다고요? 이럴꺼면 이거안하죠 왜밴드랑카페로 넘어가는데 내가 몇시 몇분에 어디에서 뭐할지가 소모임에 회원도 아니고 타인에게보여주면 익명성보장 누가하나요? 이거 수정안하면 전 탈퇴합니다,0,4.3.9,2026-08-05,https://play.google.com/store/apps/details?hl=ko&id=com.friendscube.somoim
11fef241-9188-43dd-9a03-d85c339c970b,4,2023-02-20T14:21:26+00:00,생년월일 좀 본인 휴대폰인증이든 인증통해서 받았으면 좋겠어요. 진짜 생년월일 아무렇게나 설정 가능하니까 나이 속이는 사람 너무 많아요. 모임 자체가 신뢰도 너무 떨어짐.,1,4.3.9,2026-08-05,https://play.google.com/store/apps/details?hl=ko&id=com.friendscube.somoim
eb04cd0d-8d38-45b3-a528-d711ee2ac3d1,1,2023-02-18T17:38:00+00:00,쓰렉,0,4.3.9,2026-08-05,https://play.google.com/store/apps/details?hl=ko&id=com.friendscube.somoim
646e92b7-9936-4047-a30e-9878a9df4869,2,2023-02-18T05:47:50+00:00,알람을 꺼놨는데 왜자꾸 알람창이 뜨나요?,0,4.3.9,2026-08-05,https://play.google.com/store/apps/details?hl=ko&id=com.friendscube.somoim
2cb7ce09-6e1e-4c1e-8679-3a3726f4c26b,3,2023-02-16T12:59:20+00:00,가입인사 사진 수정되게 해주세요,0,4.3.9,2026-08-05,https://play.google.com/store/apps/details?hl=ko&id=com.friendscube.somoim
950809de-3dfb-4872-83e9-bdadcdfb1de3,5,2023-02-15T22:50:10+00:00,좋습니다,0,4.3.9,2026-08-05,https://play.google.com/store/apps/details?hl=ko&id=com.friendscube.somoim
0df5c6ff-e26c-4463-8207-4412f2ee4247,3,2023-02-12T13:27:43+00:00,남자는 들어갈 곳이 없었음,0,,2026-08-05,https://play.google.com/store/apps/details?hl=ko&id=com.friendscube.somoim
c6cd722a-cc4b-4c9a-888b-1921dedcee6b,3,2023-02-11T03:52:01+00:00,더이상 보고싶지 않은 모임을 안보이게 하는 숨김 기능이 있었으면 좋겠습니다!,0,4.3.9,2026-08-05,https://play.google.com/store/apps/details?hl=ko&id=com.friendscube.somoim
01107a2e-8a20-43a4-9245-9898f4680934,5,2023-02-11T02:52:58+00:00,모임 어플 최강임,1,4.3.9,2026-08-05,https://play.google.com/store/apps/details?hl=ko&id=com.friendscube.somoim
7b21f2d4-b1d5-4295-b6fd-e12649dd1c4f,1,2023-02-10T19:48:21+00:00,여미새들이 너무 많음 자리 비어 있는데마다 말걸어보면 남자는 마감했습니다 라는 말만 돌아옴 발정난 인간들만 모인건지 소개팅을 하고 싶은건지 여자만 받을라는 심보를 보면 이 어플 쓰기엔 역겨운듯,1,,2026-08-05,https://play.google.com/store/apps/details?hl=ko&id=com.friendscube.somoim
1f3f08d0-f9b3-4287-93c4-f7bec1353342,5,2023-02-10T16:54:15+00:00,굿,1,4.3.9,2026-08-05,https://play.google.com/store/apps/details?hl=ko&id=com.friendscube.somoim
95db0525-fd91-458c-adde-bbfb823d6ecd,1,2023-02-09T14:05:58+00:00,소모임에서 왜 클럽으로 바꿨는지 모르겠습니다.. 쓸데없는 메뉴도 많아져서 귀찮아 졌구요..,0,4.3.9,2026-08-05,https://play.google.com/store/apps/details?hl=ko&id=com.friendscube.somoim
d0dcded9-c3ca-4f75-b290-6dc41dd301ea,1,2023-02-09T11:54:19+00:00,프리이엄 모임을 개설했는데 모임이 목록에 없습니다 무슨일인가요,0,4.3.9,2026-08-05,https://play.google.com/store/apps/details?hl=ko&id=com.friendscube.somoim
f1f3f04c-5858-4d27-83eb-220bc9f1b762,5,2023-02-07T22:52:28+00:00,유용하네요.,1,4.3.9,2026-08-05,https://play.google.com/store/apps/details?hl=ko&id=com.friendscube.somoim
385c06d1-fdf9-4658-a8ab-4f077e838251,5,2023-02-07T14:55:23+00:00,좋아요,1,4.3.9,2026-08-05,https://play.google.com/store/apps/details?hl=ko&id=com.friendscube.somoim
4e7099b4-4b43-4a72-9131-55450c718e87,5,2023-02-07T04:05:38+00:00,좋아요~,1,4.3.9,2026-08-05,https://play.google.com/store/apps/details?hl=ko&id=com.friendscube.somoim
d2e4075b-efc1-4428-9218-8dda2530d971,5,2023-02-06T11:32:45+00:00,좋아요,1,4.3.4,2026-08-05,https://play.google.com/store/apps/details?hl=ko&id=com.friendscube.somoim
158381b8-182e-4c65-b3d2-98841ee96c7e,3,2023-02-05T09:54:30+00:00,폰과 태블릿에 모두 설치하고싶은데 한 기기에만 되나보네요 이유가 있나요?,0,,2026-08-05,https://play.google.com/store/apps/details?hl=ko&id=com.friendscube.somoim
4052da32-92d7-4984-9f8c-af3442e9d680,2,2023-02-04T03:02:33+00:00,UI!!!!!!,0,4.3.8,2026-08-05,https://play.google.com/store/apps/details?hl=ko&id=com.friendscube.somoim
469f5243-e43e-4743-9c92-ed163ca5f43f,3,2023-02-03T02:21:04+00:00,클럽액티비티? 정모 모임등 원래 대로 해주시던가 쉬운 우리말로 해주세요 업뎃후 더불편 하네요,0,4.3.9,2026-08-05,https://play.google.com/store/apps/details?hl=ko&id=com.friendscube.somoim
6105f9b7-9cbb-49c5-9d42-e3f84e717c1f,4,2023-02-02T00:28:58+00:00,환불신청 합니다.,0,4.3.9,2026-08-05,https://play.google.com/store/apps/details?hl=ko&id=com.friendscube.somoim
88513ad7-060c-48df-b85e-55c762f5226d,3,2023-02-01T13:00:33+00:00,알림 설정에서 진동 온오프 기능좀 추가해주세요 진동 끄고싶어요 넘 시끄러움,0,4.3.8,2026-08-05,https://play.google.com/store/apps/details?hl=ko&id=com.friendscube.somoim
fae7ddbd-f45c-4630-b7fd-84d5ea9de9ff,5,2023-01-31T11:51:25+00:00,잼있음 친구없는 나한테는 별만개임,1,4.3.8,2026-08-05,https://play.google.com/store/apps/details?hl=ko&id=com.friendscube.somoim
7d3e85a5-11cf-4519-b129-1afbf1ee40d2,3,2023-01-31T09:34:36+00:00,서비스 이용정지번호라고그러네요 푼ㅅㅇ니주세요,0,4.3.8,2026-08-05,https://play.google.com/store/apps/details?hl=ko&id=com.friendscube.somoim
172bfd12-ff1e-46b1-8814-aaaa28828600,5,2023-01-31T08:41:46+00:00,월별정기결재를 취소하고 년별 결재했는데 두개가 기간이 겹치는데 조치 가능할까요?,0,4.3.8,2026-08-05,https://play.google.com/store/apps/details?hl=ko&id=com.friendscube.somoim
87af9232-205c-4331-980d-e61dc78bf6f8,5,2023-01-30T13:03:06+00:00,Good,0,4.3.7,2026-08-05,https://play.google.com/store/apps/details?hl=ko&id=com.friendscube.somoim
2594a113-4db2-46d4-851a-215f0c4fc6e3,4,2023-01-30T11:54:06+00:00,클럽장 외에 클럽멤버들간에도 1:1 메시지 가능하게 해주세요!,0,4.3.7,2026-08-05,https://play.google.com/store/apps/details?hl=ko&id=com.friendscube.somoim
224c5903-af66-4f72-b841-a7707405c24c,5,2023-01-28T11:01:32+00:00,좋은 앱이에요! 활성화되기를 바랍니다,1,4.3.7,2026-08-05,https://play.google.com/store/apps/details?hl=ko&id=com.friendscube.somoim
afe9f70d-720d-45a1-ab4b-6bbd1c72d2bb,1,2023-01-28T09:25:16+00:00,소모임이면 어플이름답게 원하는모임에 가입을 할수있게 확대해서 할수있게 해주셔야죠 무슨 지역도 같은구만 여러군데로 찾게하면서 소모임어플을 왜 만드셨는지 이해가되질않네요~환불도안되 고개센테번호도없어 정말 답답하고 원하는 모임에도 가입도힘들고 차라리 이 어플을 없애시는게 한번 고려해주세요,4,4.3.7,2026-08-05,https://play.google.com/store/apps/details?hl=ko&id=com.friendscube.somoim
a0276e46-641b-4948-9be1-bd5cb4d6bd76,5,2023-01-28T04:45:50+00:00,좋은데 클래스로 개설하면 혜택이 어떻게 되죠?,0,4.3.7,2026-08-05,https://play.google.com/store/apps/details?hl=ko&id=com.friendscube.somoim
eb20b032-60c8-4316-afaa-92dc6ac97d7b,1,2023-01-26T08:32:06+00:00,sns인증 오류로 앱을 삭제해달라고 계속 오류 메세지가 떠서 사용이 불가능하네요.. 어떻게 해결하나요?,0,4.3.6,2026-08-05,https://play.google.com/store/apps/details?hl=ko&id=com.friendscube.somoim
99a81e7f-c67a-40aa-9bb5-df60e1f51938,3,2023-01-25T22:23:06+00:00,댓글에 좋아요가 안눌릴때가 있어요,0,4.3.6,2026-08-05,https://play.google.com/store/apps/details?hl=ko&id=com.friendscube.somoim
dc1235f4-16fe-4946-bfde-b4b003ab8e7c,2,2023-01-25T09:21:17+00:00,전체적으로 저는 긍적적이긴한데 초대 거부기능좀 넣어달라고 3년전 부터 문의넣고 대기중인데 개선되질않네요,0,,2026-08-05,https://play.google.com/store/apps/details?hl=ko&id=com.friendscube.somoim
24dc9e09-7678-47af-bc6f-88aa25e581c1,5,2023-01-24T22:49:44+00:00,좋아요,1,4.3.6,2026-08-05,https://play.google.com/store/apps/details?hl=ko&id=com.friendscube.somoim
ca302ce7-501d-4c64-a03e-eaccc08f17db,5,2023-01-24T22:01:57+00:00,굿,0,4.3.6,2026-08-05,https://play.google.com/store/apps/details?hl=ko&id=com.friendscube.somoim
14efb94b-011c-4332-bd27-91bb38272150,1,2023-01-24T12:04:20+00:00,유료 결재하여 모임개설 한지 2개월이 넘었지만 모임 목록에 리스트업도 되지 않고 공개도 되지 않는것 같아 회원수가 늘지 않습니다. 별도 문의드리면 이상 없다고만 하고 무책임한 것 같습니다.,3,4.3.6,2026-08-05,https://play.google.com/store/apps/details?hl=ko&id=com.friendscube.somoim
7613b0bb-aa3b-4968-93e9-9be3cc69ab2f,1,2023-01-23T01:45:31+00:00,결제 취소해주세요. 잘못눌러졌습니다.,0,4.3.6,2026-08-05,https://play.google.com/store/apps/details?hl=ko&id=com.friendscube.somoim
8da086dd-356c-4dfd-b516-c85dd727ed3a,2,2023-01-21T16:25:21+00:00,"업데이트하고 UI/UX 퇴보함. 글자/아이콘 등 전반적으로 가독성이 떨어짐. UX 담당자가 퇴사했나? 밉보여서 좌천당했나? 싶다. CA라는 단어는 15년 전에 학교 시간표에서나 보던 단어 같은데, 너무 올드하다. 앱 이름이랑 아이콘은 한글로 이쁘게 잘 써놓고, 왜 직관적이지도 않으며 어린 세대에게는 생소하고 장년층은 까먹었을 법한 영어 축약어를 우겨넣었을까... 나이 지긋지긋한 임원 머리에서 나온 생각일까? 아니면 영어뽕으로 가득 찬 임원 머리에서 나온 걸까? 앞으로 더 이상의 퇴보는 없었으면 한다.",28,4.3.6,2026-08-05,https://play.google.com/store/apps/details?hl=ko&id=com.friendscube.somoim
928a2479-e5f3-4541-a7b3-9569a3eee5ce,5,2023-01-17T06:28:04+00:00,굳,1,4.3.4,2026-08-05,https://play.google.com/store/apps/details?hl=ko&id=com.friendscube.somoim
1d169ab1-d993-4347-aaef-b7cc0623563c,4,2023-01-16T11:12:24+00:00,주변 작은 모임 가입하려고 하는데.. 잘 되는거 같네요,0,4.3.4,2026-08-05,https://play.google.com/store/apps/details?hl=ko&id=com.friendscube.somoim
83ac3aeb-facb-49a3-a01c-91cdd3f4f5de,5,2023-01-16T09:30:30+00:00,인터넷 만남 앱중 가장 건전하고 재밌고 생산적인 앱이에요 지인들에게도 많이 추천합니다 다만 어디나 이상한 사람들이 있으니 금전거래나 이성적 만남은 주의하시길!,1,4.3.4,2026-08-05,https://play.google.com/store/apps/details?hl=ko&id=com.friendscube.somoim
8af3f937-f989-4fa1-8856-f32b10a7b8b2,4,2023-01-15T23:25:39+00:00,계속 나아지려고 노력하는건좋은데 솔직히 방향이 너무 별로에요.어플이 소모임인데 굳이 갑자기 -'클럽'으로 바뀌는것도별로입니다. 용어가 시대를 역행하는 것같아요.; 쓸데없이 구성이 복잡해져가고 프로필보기가 되었다가 유료였다가 또 바꼈다가 다시유료되었다가..유료기능이 계속 왔다갔다하고 월프리미엄비도 계속내는데 수익이부족하신가; 안정성이없네요 이 어플은. 5년넘게쓰고있어서 누적데이터도많고해서 유지하고있었는데 갈아타고싶은 마음이 계속 커지네요. 그간은 업데이트가 이상해도 그러려니했는데 요즘은 진짜 너무 심하다 싶어서 여기라도 남겨요.,89,4.3.4,2026-08-05,https://play.google.com/store/apps/details?hl=ko&id=com.friendscube.somoim
c741e4a8-6bb7-4a7d-b18d-fb84dd6e97ad,5,2023-01-14T17:02:03+00:00,최고,1,4.3.4,2026-08-05,https://play.google.com/store/apps/details?hl=ko&id=com.friendscube.somoim
46f0a67f-4613-428f-b6fa-319ed205fb53,5,2023-01-12T22:05:46+00:00,베리굿,1,4.3.3,2026-08-05,https://play.google.com/store/apps/details?hl=ko&id=com.friendscube.somoim
02b2fbd1-2275-4703-97c9-c12b35996b68,1,2023-01-11T12:00:56+00:00,잘몰겠음.. 그냥 복잡함,0,4.3.3,2026-08-05,https://play.google.com/store/apps/details?hl=ko&id=com.friendscube.somoim
70ee2259-17d6-42ed-8ca4-7f94a83a5864,5,2023-01-11T02:27:07+00:00,좋아요,1,4.3.3,2026-08-05,https://play.google.com/store/apps/details?hl=ko&id=com.friendscube.somoim
312a1397-fcaf-423e-81f7-1235d13231a8,5,2023-01-10T22:00:19+00:00,굿굿,1,4.3.3,2026-08-05,https://play.google.com/store/apps/details?hl=ko&id=com.friendscube.somoim
bde45dfb-7ec9-4aff-ba13-ffb33cb2c108,4,2023-01-10T15:33:28+00:00,아직은모르겠는데 좋은거 같습니다,0,4.3.3,2026-08-05,https://play.google.com/store/apps/details?hl=ko&id=com.friendscube.somoim
a9e477cd-491f-4800-bd9b-bba1c4f4c055,5,2023-01-08T13:00:32+00:00,남양주 다산동 추가해주세요,0,4.3.2,2026-08-05,https://play.google.com/store/apps/details?hl=ko&id=com.friendscube.somoim
e991e720-c477-4c88-ae49-3a9c5cc4ecd1,5,2023-01-08T03:40:37+00:00,좋아요ㅜ좋음,1,4.3.2,2026-08-05,https://play.google.com/store/apps/details?hl=ko&id=com.friendscube.somoim
a53d2c8a-9d58-41b0-9326-1f63aae27f78,5,2023-01-08T00:14:01+00:00,소모임하기 좋은 어플입니다,1,4.3.2,2026-08-05,https://play.google.com/store/apps/details?hl=ko&id=com.friendscube.somoim
c11bea03-55a5-4779-b20b-70f0135b8e92,5,2023-01-07T14:35:44+00:00,좋아요~~ㅜ시,1,4.3.2,2026-08-05,https://play.google.com/store/apps/details?hl=ko&id=com.friendscube.somoim
458b0833-839d-4565-a895-829af3700c9a,4,2023-01-05T15:03:59+00:00,좋은 경험 할 수 있어서 좋아요!,0,4.3.2,2026-08-05,https://play.google.com/store/apps/details?hl=ko&id=com.friendscube.somoim
720ad060-90df-4111-8118-d3e685ce0d12,5,2023-01-03T11:14:16+00:00,네 조아염,1,4.3.1,2026-08-05,https://play.google.com/store/apps/details?hl=ko&id=com.friendscube.somoim
2c207bae-510c-4553-95d3-735152e9777e,1,2023-01-03T06:17:59+00:00,프리미엄 서비스 사용하고 있었는데!! 같은 모임회원이 실수로 결제 했을때 왜 기존 회원 프리미엄 서비스 효과가 안나오죠. 중복결제한 회원이 탈퇴 하면 살려줘야 하는거 아닙니까? 돈 벌면서 고객센터는 전화도 안되고 이게 무슨 올해의 앱인지 납득이 안됩니다.,1,4.3.2,2026-08-05,https://play.google.com/store/apps/details?hl=ko&id=com.friendscube.somoim
5132ae2a-9e2b-4c8f-93e6-5ce33f24db93,1,2023-01-02T13:10:36+00:00,인터페이스부터 구림 쓰기 불편함,0,4.3.1,2026-08-05,https://play.google.com/store/apps/details?hl=ko&id=com.friendscube.somoim
aaaf0c79-dfd2-4486-8f2c-712a7947fde8,5,2023-01-02T05:06:04+00:00,굿,0,4.3.1,2026-08-05,https://play.google.com/store/apps/details?hl=ko&id=com.friendscube.somoim
d54f8aa4-0811-4ae2-8058-bff282882130,5,2023-01-02T00:20:53+00:00,굿,0,4.3.1,2026-08-05,https://play.google.com/store/apps/details?hl=ko&id=com.friendscube.somoim
2f7a8814-12b3-4259-afd7-651db9c0c03b,5,2023-01-01T05:22:26+00:00,매우 유용합니다. 사용하기 쉽고 편리합니다.,0,4.3.1,2026-08-05,https://play.google.com/store/apps/details?hl=ko&id=com.friendscube.somoim
2fd3e9dd-670c-4fcb-b009-ac5492562dfa,4,2022-12-30T22:35:12+00:00,제가 모임 개설하면서 유료로 돈을 냈는데요 다른 모임장에게 물어보니 하루에 300명까지 초대 가능하다고 하던데..저는 왜 1주일 넘게 150명만 가능할까요?ㅜ,0,4.3.1,2026-08-05,https://play.google.com/store/apps/details?hl=ko&id=com.friendscube.somoim
5ef7bb97-f0e7-4c07-9211-21899942d36e,1,2022-12-30T03:10:35+00:00,보팔이 앱 심각,0,4.3.0,2026-08-05,https://play.google.com/store/apps/details?hl=ko&id=com.friendscube.somoim
3eba519b-d937-40ec-9c7f-f32851e834e9,1,2022-12-27T01:35:24+00:00,모임가입하고 채팅조차 프리미엄 모임 구독해야 하네요; 가입인사조차 못하다니 갑자기 변경되었는데 부가적 요소도아니고 모임 활동자체에 에로사항있는건 너무한거 아닌가요,0,4.2.7,2026-08-05,https://play.google.com/store/apps/details?hl=ko&id=com.friendscube.somoim
3bcea3ed-8a46-4270-b4b9-3f2b942c373e,5,2022-12-26T10:03:39+00:00,굳,0,4.3.0,2026-08-05,https://play.google.com/store/apps/details?hl=ko&id=com.friendscube.somoim
1b8a12a0-9822-4457-ba39-1c758670a48d,1,2022-12-24T06:58:37+00:00,갑자기 튕기더니 재설치 하래서 번호 인증 받을려 했는데 이번호는 가입할수 없다고 뜹니다 잘못한것도 없는데ㅡㅡ,1,3.9.1,2026-08-05,https://play.google.com/store/apps/details?hl=ko&id=com.friendscube.somoim
391361d1-90fb-455c-81ae-8303a409b9ef,5,2022-12-24T02:19:12+00:00,PC버전은 없나요?,1,4.3.0,2026-08-05,https://play.google.com/store/apps/details?hl=ko&id=com.friendscube.somoim
70c7b641-60bd-4f9d-94b0-2ffc37b0f2d6,5,2022-12-22T15:27:38+00:00,굳,0,4.3.0,2026-08-05,https://play.google.com/store/apps/details?hl=ko&id=com.friendscube.somoim
18e0d4d4-aa53-4cae-b081-da50d9f217b0,3,2022-12-21T13:18:40+00:00,주제로 챗방 구조(안맞아 지움),0,4.3.0,2026-08-05,https://play.google.com/store/apps/details?hl=ko&id=com.friendscube.somoim
710589af-06b5-4db2-9aaa-2cd83d5792eb,5,2022-12-21T05:07:47+00:00,채팅창에 사진첨부 공유기능과 이모티콘이 다양해졌음 좋겠습니다 그리고 생일입력할때 음력도 체크할수있게 해주셨음 좋겠습니다~^^ 생일자들은 카톡처럼뜨게해주셨으면 좋겠습니다!!^^,0,4.2.7,2026-08-05,https://play.google.com/store/apps/details?hl=ko&id=com.friendscube.somoim
81f01253-84d5-4f06-975d-6f3c2d2fba71,4,2022-12-19T08:09:55+00:00,오랜 기간동안 사용한 유저입니다 솔직히 어플 자체는 본인이 어떻게 하냐에 따라서 좋은 사람도 만들고 같은 취미도 공유할 수 있는 아주 좋은 어플입니다만 업데이트가 너무... 구리다고 해야할까... 실용성 부분에 있어서는 아직 부족한게 많습니다 그래도 계속 발전하고 있는거 같아서 더 지캬보려합니다,23,4.3.0,2026-08-05,https://play.google.com/store/apps/details?hl=ko&id=com.friendscube.somoim
b1872d01-2896-4ae1-8a0e-d5a6c86f24f9,3,2022-12-19T03:08:26+00:00,아직 잘 모르겠어요,0,4.3.0,2026-08-05,https://play.google.com/store/apps/details?hl=ko&id=com.friendscube.somoim
83b24ba8-51c8-472d-a436-3729f55038ad,4,2022-12-17T07:37:14+00:00,굿~👍👍,0,,2026-08-05,https://play.google.com/store/apps/details?hl=ko&id=com.friendscube.somoim
1e97fcfd-be8f-4947-bc2c-f4030a709d86,4,2022-12-17T02:19:02+00:00,어플 잘쓰고있어용! 다만 모임 관리를 위해 회원 검색 기능이 있으면 더 감사하겠습니다. 회원이많아서 계속 내리면서 찾기가 불편해서요🥲,0,,2026-08-05,https://play.google.com/store/apps/details?hl=ko&id=com.friendscube.somoim
3a4482cd-b0ee-484d-aa05-f3f362bf2f32,5,2022-12-15T15:15:56+00:00,최고,0,4.2.9,2026-08-05,https://play.google.com/store/apps/details?hl=ko&id=com.friendscube.somoim
4ccb47fd-c71d-4857-b970-8d8bedfcb755,1,2022-12-14T05:10:49+00:00,제가 사는 동네가 검색도 되지 않습니다. 해당건 문의하려고 하니 이메일로만 접수 받는데 문의메일 확인하고도 답장도 없이 무시해버리네요 형편없습니다.,0,4.2.9,2026-08-05,https://play.google.com/store/apps/details?hl=ko&id=com.friendscube.somoim
99f2c7e4-3aae-41e9-b476-665ab34341df,3,2022-12-12T23:10:52+00:00,모임 스케줄 수 좀 늘려주세요 3개는 너무 작아요~~,1,4.2.8,2026-08-05,https://play.google.com/store/apps/details?hl=ko&id=com.friendscube.somoim
a5e8d165-ee10-4c96-90a1-677ebc5e1143,5,2022-12-12T04:09:45+00:00,모임이 많네요,0,4.2.9,2026-08-05,https://play.google.com/store/apps/details?hl=ko&id=com.friendscube.somoim
7d8f4217-3216-422b-bb22-41768915bdeb,5,2022-12-11T14:45:48+00:00,편해요,1,4.2.9,2026-08-05,https://play.google.com/store/apps/details?hl=ko&id=com.friendscube.somoim
3f1fb2e7-bf82-47e7-a424-a78e7f4aaa3a,2,2022-12-09T09:21:14+00:00,모임 미가입자가 참석자를 볼 수 있게 만든 것은 합당해보이지 않습니다. 가입자들끼리만 보는 건 괜찮습니다.,1,4.2.9,2026-08-05,https://play.google.com/store/apps/details?hl=ko&id=com.friendscube.somoim
21d9e2fe-6075-4873-ba56-012f2ae8bbca,3,2022-12-08T01:15:36+00:00,콜센타 전번 찾을수가 없네요 아무리 찾아도 없네요 저 같은 사람 많은것 같은데 콜센터 전화번호 올려주세요~~~,0,4.2.8,2026-08-05,https://play.google.com/store/apps/details?hl=ko&id=com.friendscube.somoim
07eb5e99-a469-448c-b784-ee1f8473e209,5,2022-12-03T05:29:20+00:00,어플 덕분에 좋은인연을 만났습니다 친구도 연인도.. 행복합니다 요즘👍👍,0,4.2.8,2026-08-05,https://play.google.com/store/apps/details?hl=ko&id=com.friendscube.somoim
826d4005-7fde-40d0-b503-e64011aea533,1,2022-12-03T02:16:18+00:00,돈만밝히는앱,0,4.2.8,2026-08-05,https://play.google.com/store/apps/details?hl=ko&id=com.friendscube.somoim
dfb7667e-ce16-4906-8846-4072f91f5dae,5,2022-12-03T01:44:54+00:00,관심사 카테고리와 세부항목이 다양하게 나눠져있어서 접근하기에 용이합니다~~,0,4.2.8,2026-08-05,https://play.google.com/store/apps/details?hl=ko&id=com.friendscube.somoim
a6420ad0-8d71-4ce3-9ad4-178650887483,1,2022-12-02T07:26:59+00:00,초대 거절 좀 만들어주세요... 거절한 모임은 초대모임 리스트에서 삭제하는 것도 좀 만들어주세요... 별로 들어가고 싶지도 않은 모임이 초대 리스트에 떠 있는 거 진짜 보기 싫어서 모임 탈퇴 및 어플 삭제도 고려 중입니다,0,4.2.8,2026-08-05,https://play.google.com/store/apps/details?hl=ko&id=com.friendscube.somoim
fbe6a187-3a8c-438d-b437-0becd681cac7,3,2022-12-01T11:58:56+00:00,파워유저 1년했다가 바로취소하고 한달로 바꿀라는데.아직도 파워유저라고 나오네요 풀어주세요,0,4.2.3,2026-08-05,https://play.google.com/store/apps/details?hl=ko&id=com.friendscube.somoim
9650efb1-7021-4ec7-9ab3-d7b63c663029,2,2022-12-01T07:57:26+00:00,가나다순 회원은 아닌것같습니다 가입순으로 나와야 관리가 편합니다 Ux도 개선되었다고 하는데 추천모임에 섬네일이 커져서 화질만 저하되고 참석인원 강제적으로 메인창에 보이는거 공간만 차지하고 별로같습니다,1,4.2.8,2026-08-05,https://play.google.com/store/apps/details?hl=ko&id=com.friendscube.somoim
2d0a0103-6200-433c-8614-01a7e0c8ccf3,1,2022-12-01T04:49:41+00:00,결제 취소가 너무 어렵습니다. 고객센터 연락처도 없고 이메일로 문의를 해도 답이 없어서 2달치가 결제 되었습니다. 겨우겨우 찾아서 취소를 했는데 결제만 쉽게 하고 취소를 하기가 어렵도록 만들어놓으니 너무 불편하고 사용하지 않을 금액이 2달치가 빠져나가게 되었습니다. 문의메일에 답을 빨리 해주시던지 고객센터 전화번호가 있던지 하세요.,46,4.2.8,2026-08-05,https://play.google.com/store/apps/details?hl=ko&id=com.friendscube.somoim
b628d975-f72d-4668-b4e1-505b3724bbb3,1,2022-11-29T16:12:13+00:00,1. 정모참석자를 가입안한 사람도 볼 수가 있음 / 다른 모임 돌아가는걸 외부인이 볼수있음.. 2. 리스트순서 ㄱㄴㄷ순 / 신입들어올시 어떤사람이 신립인지 구분하기 힘듬.. 2가지가 너무 심각하게 바꼇네요....,1,4.2.7,2026-08-05,https://play.google.com/store/apps/details?hl=ko&id=com.friendscube.somoim
c76f8f16-6af1-4ab1-ba3c-3f4557d19b1f,5,2022-11-29T04:24:24+00:00,소모임 어플을 사용하며 모임 취미생활 너무 좋게 하고있습니다. 한 가지 건의사항을 드리고 싶어요ㅜㅜ 오랫동안 미참석하는 회원을 관리해야하는데 참석기록을 알 수가 없습니다. 진행했던 정모나 벙개에 대해서 운영진이나 모임장이 볼 수 있도록 기록이 된다면 더욱 좋을 것 같습니다.,32,4.2.6,2026-08-05,https://play.google.com/store/apps/details?hl=ko&id=com.friendscube.somoim
4626d501-ae2d-4223-81d3-0c80d79ba877,1,2022-11-28T14:00:12+00:00,초대 알림 좀 처 꺼주세요.. 내가 가입된 소모임 안에서의 알림만 받고 싶지 다른 소모임에서 날 초대하고 할고는 전혀 관심 1도 없으니따,0,4.2.7,2026-08-05,https://play.google.com/store/apps/details?hl=ko&id=com.friendscube.somoim
946a8247-8321-46e9-b9b2-e2a144a31299,5,2022-11-28T12:49:33+00:00,굿,0,4.2.7,2026-08-05,https://play.google.com/store/apps/details?hl=ko&id=com.friendscube.somoim
219203f8-91c6-4b05-9be8-b8db8158d3e9,1,2022-11-28T09:49:53+00:00,할매 할배들 나이 다속임ㅋㅋ나이는 못속이게 해주셔야죠 ..,0,,2026-08-05,https://play.google.com/store/apps/details?hl=ko&id=com.friendscube.somoim
9d0e146c-8772-4856-83ec-ea1ca788f870,5,2022-11-27T15:04:50+00:00,굿,0,4.2.7,2026-08-05,https://play.google.com/store/apps/details?hl=ko&id=com.friendscube.somoim
133ba77a-802f-4db0-a207-2b9c51d50885,1,2022-11-27T04:28:12+00:00,안해,0,4.2.4,2026-08-05,https://play.google.com/store/apps/details?hl=ko&id=com.friendscube.somoim
c870d264-1245-4c7a-83fc-377fa75ce2ba,1,2022-11-26T23:58:22+00:00,이번 업데이트 왜이래요? 정모참석자를 가입안한 사람도 볼수가 있다니..프라이버시 침해아닌가요? 리스트순서는 뜬금없이 ㄱㄴㄷ순.. 관리하는 입장에서는 가입순서대로 보이는게 좋습니다. 제발 엉뚱같은거 건드리지 마시고 사람들이 원하는 기능이나 추가해주세요! 채팅방 사진올리기는 못하시는 겁니까,43,4.2.7,2026-08-05,https://play.google.com/store/apps/details?hl=ko&id=com.friendscube.somoim
3ff47380-9ef4-463c-abff-eba28a805019,1,2022-11-25T09:27:00+00:00,최악의 과금.. 사진확대도 돈 달라고하는 앱,0,4.2.7,2026-08-05,https://play.google.com/store/apps/details?hl=ko&id=com.friendscube.somoim
805c8401-bbab-48a5-87af-b313e5cd8fce,5,2022-11-24T02:47:30+00:00,좋다,0,4.2.6,2026-08-05,https://play.google.com/store/apps/details?hl=ko&id=com.friendscube.somoim
591cb312-aac4-4315-94f7-18edf5686a2d,5,2022-11-23T23:26:47+00:00,좋아요~,0,4.2.6,2026-08-05,https://play.google.com/store/apps/details?hl=ko&id=com.friendscube.somoim
e4d032d6-2576-4160-983c-e4594a971bb9,5,2022-11-21T14:40:19+00:00,좋아요,0,4.2.6,2026-08-05,https://play.google.com/store/apps/details?hl=ko&id=com.friendscube.somoim
5a5f5d67-65d0-441b-82ce-7bc9f6f5477d,5,2022-11-20T23:33:15+00:00,"좋은사람들과 만날수 있고, 취미를 즐길수 있어 만족합니다.",0,4.2.6,2026-08-05,https://play.google.com/store/apps/details?hl=ko&id=com.friendscube.somoim
344ff32f-a4c5-43e8-badf-2693e205e101,5,2022-11-20T15:13:08+00:00,좋아요,0,4.2.6,2026-08-05,https://play.google.com/store/apps/details?hl=ko&id=com.friendscube.somoim
f4466a94-3a90-4ab9-b844-12f779c5a14a,5,2022-11-20T00:37:46+00:00,좋아요~,0,4.2.6,2026-08-05,https://play.google.com/store/apps/details?hl=ko&id=com.friendscube.somoim
8784cf91-f112-4aa1-80e9-4565c2f6c116,4,2022-11-17T13:24:35+00:00,모임이 많아 좋네요,0,4.2.6,2026-08-05,https://play.google.com/store/apps/details?hl=ko&id=com.friendscube.somoim
62183c2e-9724-406d-aa53-e7bf1e2e8448,1,2022-11-17T12:50:57+00:00,인터페이스가 너무 최악임,1,4.2.6,2026-08-05,https://play.google.com/store/apps/details?hl=ko&id=com.friendscube.somoim
d0753db4-bc80-4309-b2ca-4581357f88c6,3,2022-11-15T09:37:32+00:00,채팅창에 사진 올리기 기능만 있어도 정말 좋을텐데 그부분이 아쉬워요,0,4.2.6,2026-08-05,https://play.google.com/store/apps/details?hl=ko&id=com.friendscube.somoim
39a826a3-e3ce-4eda-ad7b-d14179ac63cb,1,2022-11-11T09:14:38+00:00,"다른 기기로 로그인하면 앱 로그인에 문제가 생기는데, 이걸 재설치로 해결하라고 안내하는 비상식",1,4.2.6,2026-08-05,https://play.google.com/store/apps/details?hl=ko&id=com.friendscube.somoim
475a9243-7b0f-4df9-9a3b-3a08df4345bf,5,2022-11-11T00:03:52+00:00,Good,0,4.2.6,2026-08-05,https://play.google.com/store/apps/details?hl=ko&id=com.friendscube.somoim
21f41800-6017-4ed7-9009-588de8f881f7,3,2022-11-10T01:32:57+00:00,프로필 사진확대해서 보는게 뭐대단한 기능이라고 유료인가.. 대단하다 ㅋㅋㅋ 많은 어플써왔지만 이런건 처음이네 ㅋㅋ 돈독 이라는게 이런건가.. ㅋ,9,4.2.6,2026-08-05,https://play.google.com/store/apps/details?hl=ko&id=com.friendscube.somoim
1e3fc913-304e-4b0d-9c8f-63d36da1d523,1,2022-11-07T08:52:12+00:00,그저그래요,1,4.2.6,2026-08-05,https://play.google.com/store/apps/details?hl=ko&id=com.friendscube.somoim
e2d44e72-d6de-4f53-a52c-bff96c7a6640,5,2022-11-07T08:37:01+00:00,좋은 어플 ~~,0,4.2.6,2026-08-05,https://play.google.com/store/apps/details?hl=ko&id=com.friendscube.somoim
cb12dd7e-e4dd-4b7d-89e9-e426c3e79cf9,1,2022-11-05T10:34:06+00:00,알림 꺼도 계속 옴,1,4.2.6,2026-08-05,https://play.google.com/store/apps/details?hl=ko&id=com.friendscube.somoim
f06ca405-8dd4-4758-8a42-6b4ab448b3c5,5,2022-11-03T13:14:38+00:00,워낙 유명한 어플,0,4.2.6,2026-08-05,https://play.google.com/store/apps/details?hl=ko&id=com.friendscube.somoim
c54eb84d-9f21-459e-82a8-1a049a56eab4,5,2022-11-03T05:41:01+00:00,굿,0,,2026-08-05,https://play.google.com/store/apps/details?hl=ko&id=com.friendscube.somoim
d07b3de8-3bb5-48d0-a5ff-f853dc7a085f,3,2022-11-03T04:00:20+00:00,채팅방기능에 사진도 넣을수있게 해주셨으면 좋겠습니다 ...지금 잘사용하고있습니다,0,4.2.6,2026-08-05,https://play.google.com/store/apps/details?hl=ko&id=com.friendscube.somoim
d2aa2d05-0cbc-4592-b970-48a1deabcb43,3,2022-11-02T21:35:23+00:00,특정 모임을 추천목록에서 안보이게 하는 차단기능도 있었으면 좋겠습니다 해당 모임의 규칙에 따라 가입을 못하는 모임이 종종 있는데 그런 모임이 자꾸 추천 위에쪽에 뜨다보니 막상 원하는 모임을 찾아보러 둘러보기가 힘들어요,2,4.2.6,2026-08-05,https://play.google.com/store/apps/details?hl=ko&id=com.friendscube.somoim
fd1daf49-918d-4a16-9365-5b9d43d1470b,1,2022-11-02T12:48:55+00:00,쓰래기임,1,4.2.6,2026-08-05,https://play.google.com/store/apps/details?hl=ko&id=com.friendscube.somoim
356884bb-299b-4176-9da7-08710313da41,5,2022-11-01T22:09:44+00:00,좋아여,0,4.2.6,2026-08-05,https://play.google.com/store/apps/details?hl=ko&id=com.friendscube.somoim
6062ea1f-9cbe-4b8a-9460-cb8b1526e9dc,1,2022-11-01T07:25:57+00:00,여미새 남미새 가입 안받는다고들 하면서 기혼자는 가입금지한 곳이 대부분..결국 이런 모임들의 목적은 뭐겠음? 겉으론 점잖은척 속으론 일반 만남앱이랑 똑같음..프로필 사진 보려면 돈내는것도 일반 데이팅앱이랑 뭐가 다름?ㅋㅋㅋ,1,4.2.6,2026-08-05,https://play.google.com/store/apps/details?hl=ko&id=com.friendscube.somoim
3b5f8dfa-0696-44e0-b0c4-3da7e7d77a55,5,2022-10-31T22:33:14+00:00,너무 재밌어요.,0,4.2.6,2026-08-05,https://play.google.com/store/apps/details?hl=ko&id=com.friendscube.somoim
3c7fcb06-2bff-475c-9c7f-9479f527ed47,3,2022-10-31T12:33:28+00:00,"욕설이나 사진도용, 사기 등등 이런일로 어플에 신고하려고 했는데 신고하기 메뉴 자체가 없더라고요. 신고하기 기능이 생겼으면 좋겠어요",0,4.2.3,2026-08-05,https://play.google.com/store/apps/details?hl=ko&id=com.friendscube.somoim
7c50cf4e-6eda-48ec-8b23-db312b3f0f21,5,2022-10-30T10:40:21+00:00,구뜨,0,4.2.6,2026-08-05,https://play.google.com/store/apps/details?hl=ko&id=com.friendscube.somoim
6a3d3a5a-5938-4e06-b6b5-f75c1b61574c,4,2022-10-27T16:04:18+00:00,유익해요,0,4.2.4,2026-08-05,https://play.google.com/store/apps/details?hl=ko&id=com.friendscube.somoim
10b0f57b-14d0-4255-8b64-fd3cd89b7332,5,2022-10-26T06:42:11+00:00,너무 유익해요,0,4.2.6,2026-08-05,https://play.google.com/store/apps/details?hl=ko&id=com.friendscube.somoim
c0e67911-9dee-4f17-bf1c-3b21db3e239e,3,2022-10-25T05:31:27+00:00,모임 참석도 안눌렀는데 참석하고 바로 취소되는 버그 있는거 같아요 확인해주세요,1,4.2.6,2026-08-05,https://play.google.com/store/apps/details?hl=ko&id=com.friendscube.somoim
db7d4176-6f0a-4bdf-8624-ae25ad836beb,1,2022-10-24T13:38:21+00:00,운영진은 프리미엄을 구매해야만 하는 것처럼 해놓고 환불은 나몰라라네요.,0,4.2.6,2026-08-05,https://play.google.com/store/apps/details?hl=ko&id=com.friendscube.somoim
7ff8f60a-2520-4768-9057-b9c3e1d7b886,1,2022-10-24T09:50:30+00:00,클래스 알림창 안없어져서 거슬림 회사지역을 짜증날정도로 자주 물어봄 삭제하고 싶을 정도임,1,4.2.6,2026-08-05,https://play.google.com/store/apps/details?hl=ko&id=com.friendscube.somoim
be734322-dc8c-425b-952f-956b99ecb3cb,5,2022-10-19T02:01:57+00:00,아직 잘 모르겠지만 별 5개 드렸습니다,0,4.2.5,2026-08-05,https://play.google.com/store/apps/details?hl=ko&id=com.friendscube.somoim
46767583-a848-449a-b214-da7b78ec21b4,5,2022-10-18T04:29:31+00:00,건전한모임은 사용하기좋아요,0,4.2.4,2026-08-05,https://play.google.com/store/apps/details?hl=ko&id=com.friendscube.somoim
63b02b08-127d-41bd-bc77-020a47f29043,5,2022-10-17T01:31:32+00:00,최고의 모임어플,0,4.2.4,2026-08-05,https://play.google.com/store/apps/details?hl=ko&id=com.friendscube.somoim
c86116a1-38d1-4e26-bd11-e141d6ca380f,4,2022-10-15T16:04:35+00:00,의미있는 소모임 활동중,0,4.2.4,2026-08-05,https://play.google.com/store/apps/details?hl=ko&id=com.friendscube.somoim
8bde1073-e1a7-4b1d-a890-d3c021ec27d0,5,2022-10-15T00:28:34+00:00,좋습니다,0,4.2.4,2026-08-05,https://play.google.com/store/apps/details?hl=ko&id=com.friendscube.somoim
aa9dfc07-cab0-45aa-ae25-915419239713,3,2022-10-13T11:40:12+00:00,다좋운대요 소모임초대메시지 안오는 설정이있었으면 좋겠어요,0,,2026-08-05,https://play.google.com/store/apps/details?hl=ko&id=com.friendscube.somoim
30af734a-ccf1-4385-bca8-2d1bcb46e25a,5,2022-10-13T11:39:14+00:00,좋아요,0,4.2.4,2026-08-05,https://play.google.com/store/apps/details?hl=ko&id=com.friendscube.somoim
baf39c16-9d90-4ba9-9aae-b880c5bafc6d,1,2022-10-13T08:27:28+00:00,"무조건 월 1.5만 결제해서 이용하게끔 만들어놨는데, 그정도 값어치를 할 퀄리티는 아님. 진짜 솔직히 말해서 게시판 기능이 초보 개발자가 만든 기본 crud 수준. 그동안 돈벌이가 꽤 되었을텐데 눈에 띄는 업데이트도 피드백도 없음. 그저 모임 관련 커뮤니티앱 중에서 가장 활성화되어 있기에 사용할 뿐이지, 다른 앱으로 얼른 갈아타고 싶다.",15,4.2.4,2026-08-05,https://play.google.com/store/apps/details?hl=ko&id=com.friendscube.somoim
4a247cb9-899d-4aad-bc6e-472415cb8653,5,2022-10-13T02:37:07+00:00,좋네요.,0,4.2.4,2026-08-05,https://play.google.com/store/apps/details?hl=ko&id=com.friendscube.somoim
dd5e1698-f856-4736-ac40-91380aea04f8,4,2022-10-12T09:48:57+00:00,소모임 덕분에 좋은 모임에서 좋은사람들을 만나게 되어 너무 조아요~ 채팅방에 사진올리기 기능이나 사진첩에 영상올리기 기능이 추가됐으면 좋겠어요,0,4.2.4,2026-08-05,https://play.google.com/store/apps/details?hl=ko&id=com.friendscube.somoim
a4669926-cc24-4dd5-bb0a-87839056c319,3,2022-10-11T23:26:51+00:00,무난합니다,0,4.2.4,2026-08-05,https://play.google.com/store/apps/details?hl=ko&id=com.friendscube.somoim
05526af2-47a7-42dd-b6ba-8aebbc141c27,4,2022-10-10T11:22:16+00:00,번호바뀌면 어떻게 해야하나요?,0,4.2.4,2026-08-05,https://play.google.com/store/apps/details?hl=ko&id=com.friendscube.somoim
d6ff72c1-f268-45b9-8bea-4dd1395bdb32,1,2022-10-10T10:40:19+00:00,오프라인 모임 찾아보라는 알림 좀 끌 수 있게 해주세요. 이건 뭐 광고도 아니고..,1,4.2.4,2026-08-05,https://play.google.com/store/apps/details?hl=ko&id=com.friendscube.somoim
9bd3a736-368c-4e9d-ac87-0cf5b3bd507e,5,2022-10-10T01:48:16+00:00,유용한 앱,0,4.2.4,2026-08-05,https://play.google.com/store/apps/details?hl=ko&id=com.friendscube.somoim
aa958a42-27bb-40a5-a8b7-83e3967dc4e9,3,2022-10-10T01:42:06+00:00,모임 게시글 알림을 껐는데도 계속 뜨네요 결국 강제로 모든 알림 꺼버림... 이걸로 버는게 적지 않을텐데 앱은 늘 제자리네요. 대체앱 나오길 기다리는 중,1,4.2.4,2026-08-05,https://play.google.com/store/apps/details?hl=ko&id=com.friendscube.somoim
6677eefb-709d-46e5-8ca5-5ee8c3053f52,5,2022-10-08T15:44:06+00:00,모임 프로필 사진 등록은 어떻게 해야하나요?,0,4.2.4,2026-08-05,https://play.google.com/store/apps/details?hl=ko&id=com.friendscube.somoim
a5fb369a-d234-4e55-b0af-c1f07182d9ba,4,2022-10-07T08:46:29+00:00,소모임굿,0,4.2.4,2026-08-05,https://play.google.com/store/apps/details?hl=ko&id=com.friendscube.somoim
27bc0a9f-3489-4533-8395-20e520051260,5,2022-10-07T02:25:05+00:00,괜찮습니다,0,4.2.4,2026-08-05,https://play.google.com/store/apps/details?hl=ko&id=com.friendscube.somoim
f7f5f42f-7724-4946-8c68-d04eb254e15b,5,2022-10-07T00:03:30+00:00,최고의 어플 ㅋ,0,4.2.4,2026-08-05,https://play.google.com/store/apps/details?hl=ko&id=com.friendscube.somoim
1899d784-3605-458d-8203-945019dac3f6,2,2022-10-06T22:11:33+00:00,"지역, 인원수별로 필터링 기능이 없어서 원하는 모임을 빠르게 찾지 못하고 스크롤을 엄청해야 함. 키워드, 종류별 검색 기능은 있지만",2,4.2.4,2026-08-05,https://play.google.com/store/apps/details?hl=ko&id=com.friendscube.somoim
432f4578-ed17-4c85-9175-e9314bd42ea8,5,2022-10-06T01:41:20+00:00,좋음,0,4.2.4,2026-08-05,https://play.google.com/store/apps/details?hl=ko&id=com.friendscube.somoim
74720e5d-2577-442b-8308-2f975bb869a7,2,2022-10-05T06:38:59+00:00,좋아요,0,,2026-08-05,https://play.google.com/store/apps/details?hl=ko&id=com.friendscube.somoim
ecf7d877-dc3d-4dc3-9ba6-526b3b943fa5,5,2022-10-05T00:01:07+00:00,굿,0,4.2.3,2026-08-05,https://play.google.com/store/apps/details?hl=ko&id=com.friendscube.somoim
f07f6ae0-18e6-4345-a842-166cfded89df,1,2022-10-04T14:31:04+00:00,"알람 다 꺼놨는데, 게시글 알림은 왜 울리는 건지... 이렇게 불편한 앱 처음써봄",1,4.2.3,2026-08-05,https://play.google.com/store/apps/details?hl=ko&id=com.friendscube.somoim
950a8333-548f-4208-bb07-1eee3ae1da77,1,2022-10-04T01:39:44+00:00,고객센터 전화번호 없음 졸라불편하네,1,,2026-08-05,https://play.google.com/store/apps/details?hl=ko&id=com.friendscube.somoim
240ccd70-7522-4d18-a860-34627301edc0,5,2022-10-03T13:47:33+00:00,👍🏻,0,4.2.3,2026-08-05,https://play.google.com/store/apps/details?hl=ko&id=com.friendscube.somoim
261138f6-2005-4d2b-b296-2e087767df40,5,2022-09-30T03:36:10+00:00,직관적이고 간결하다,0,4.2.3,2026-08-05,https://play.google.com/store/apps/details?hl=ko&id=com.friendscube.somoim
2a2bc38c-fc76-4115-963a-8535b6377841,4,2022-09-29T00:35:55+00:00,알림허용했는데도 알림이 울리지 않아요 ㅜㅜ,0,4.2.3,2026-08-05,https://play.google.com/store/apps/details?hl=ko&id=com.friendscube.somoim
67840259-ab77-4e36-9b10-a39a4c6c777b,4,2022-09-27T01:55:08+00:00,좋아요,0,4.2.3,2026-08-05,https://play.google.com/store/apps/details?hl=ko&id=com.friendscube.somoim
958255b8-b625-40b9-ae98-d13851ae13e4,3,2022-09-26T00:54:08+00:00,다 좋은데 운영진 임명을 하는데가 보이질 않네요 제가 못찾아서 그런지 없네요 관리자모드에서 찾기쉽게 해 놓으면 좋을거 같네요,0,4.2.3,2026-08-05,https://play.google.com/store/apps/details?hl=ko&id=com.friendscube.somoim
72c6e1cf-27a4-47a2-a0ae-fc1e8e964ea9,5,2022-09-24T21:53:19+00:00,각종모임이 많다는걸 이 앱을 통해서 알게 됐습니다.가입도쉽고 여러가지로 좋습니다,0,4.2.3,2026-08-05,https://play.google.com/store/apps/details?hl=ko&id=com.friendscube.somoim
d8402ccf-32fd-4db0-aae7-d7f017358774,5,2022-09-24T01:46:01+00:00,적어도 처음간 모임에는 이상한사람이 없고 밝아서 좋았습니다(모임1개만 가입함),0,4.2.3,2026-08-05,https://play.google.com/store/apps/details?hl=ko&id=com.friendscube.somoim
6b2f62cd-2074-42ea-9f68-74aa48c1a7d0,5,2022-09-22T00:26:56+00:00,그냥 진리,0,4.2.3,2026-08-05,https://play.google.com/store/apps/details?hl=ko&id=com.friendscube.somoim
d28152e2-c75b-44d0-af14-088eba03a3aa,3,2022-09-21T08:38:04+00:00,이거...무음 설정은 안되나요? 끌수는 없는 상황이고...너무 울려대어서;;;;,0,4.2.3,2026-08-05,https://play.google.com/store/apps/details?hl=ko&id=com.friendscube.somoim
65d2ab43-37fe-42a8-809a-7460f5f576eb,5,2022-09-20T08:59:06+00:00,안녕하세요 잘사용중입니다만 챗팅창에 사진첨부도 가능하도록 부탁드립니다,0,4.2.3,2026-08-05,https://play.google.com/store/apps/details?hl=ko&id=com.friendscube.somoim
e07931d0-b153-4c7c-a451-979af176b46e,3,2022-09-18T15:56:12+00:00,다 좋은데 제발 지역별로 검색할수 있는 기능 좀 넣어줬으면 좋겠네요,1,4.2.3,2026-08-05,https://play.google.com/store/apps/details?hl=ko&id=com.friendscube.somoim
ab92726b-0959-4d6a-a398-aa52cefeceb6,5,2022-09-18T10:40:22+00:00,좋음,0,4.2.3,2026-08-05,https://play.google.com/store/apps/details?hl=ko&id=com.friendscube.somoim
cba730a0-b8a5-4d4d-a502-5be90ed460dd,5,2022-09-18T08:10:10+00:00,너무좋아요,0,4.2.3,2026-08-05,https://play.google.com/store/apps/details?hl=ko&id=com.friendscube.somoim
b5c2ed43-684d-47f7-a5bb-dead34c7c95c,5,2022-09-17T14:27:29+00:00,좋다다다아,0,4.2.3,2026-08-05,https://play.google.com/store/apps/details?hl=ko&id=com.friendscube.somoim
e3ae28d0-0698-49f2-9b61-7c08284ec5c6,1,2022-09-16T04:35:31+00:00,정기결제 되어서 1년넘게동안 헛돈 내고있었는데 환불안됩니까?,1,,2026-08-05,https://play.google.com/store/apps/details?hl=ko&id=com.friendscube.somoim
395e86b6-a24e-4d20-89de-a3e65d9995d9,1,2022-09-16T02:26:19+00:00,돈내는 모임 한둘도 아닐텐데 어플 수정좀 하세요 새로고침도 수동으로 눌러야되고 탈퇴한모임 갤럭시에선 탈퇴안한걸로 보이고 아이폰에선 탈퇴한걸로 보이고 사진도 서버용량을 늘리던지 사진저용량으로 올라가서 다깨지고 이상한 등급 주옥같은거 만들어놔서 제대로 쓰지도 못허게하고 1~2년도 아니고 거의 7~8년 쓰면서 사용자들한테 돈 ㅊ받으면서 달라지는게 없는 어플은 처음임,8,4.2.3,2026-08-05,https://play.google.com/store/apps/details?hl=ko&id=com.friendscube.somoim
a28b1885-760f-43c6-9950-930df0aebcc8,1,2022-09-16T01:50:07+00:00,기능 자체는 매우 단순하면서 과금 유도가많음. 사진확대 따위에 파워유저 과금유도. 카톡 수준정도면 과금해도 안아깝지만 이건 거의 데모버전의 수준이라 과금은 돈아까움. 사진첩의 사진은 한 카테고리에 한장만 업로드 가능하고 동영상 움짤등은 업로드할수없음. 채팅창의 기능엔 사진첨부 기능도 없음. 이외 기타등등 ~,69,4.2.3,2026-08-05,https://play.google.com/store/apps/details?hl=ko&id=com.friendscube.somoim
191c75f4-578d-4ee1-8765-59f1a0eca573,5,2022-09-16T01:43:12+00:00,좋아요,0,4.2.3,2026-08-05,https://play.google.com/store/apps/details?hl=ko&id=com.friendscube.somoim
a26932b3-d0e9-44da-ac98-9d9a9a9437c6,5,2022-09-16T01:12:58+00:00,굿,0,4.2.3,2026-08-05,https://play.google.com/store/apps/details?hl=ko&id=com.friendscube.somoim
80df0ccd-f32a-440c-af44-8f10689e35f0,5,2022-09-14T07:25:26+00:00,좋아요,0,4.2.3,2026-08-05,https://play.google.com/store/apps/details?hl=ko&id=com.friendscube.somoim
efd8528b-e737-4217-a884-208d2ed2f1f8,5,2022-09-13T09:49:04+00:00,재밌어요,0,4.2.3,2026-08-05,https://play.google.com/store/apps/details?hl=ko&id=com.friendscube.somoim
ad89aa94-8e2d-4887-8424-f30c792c8aca,5,2022-09-12T08:46:50+00:00,좋은거같아요 건전하게 만나기 딱 좋은어플!,0,4.2.3,2026-08-05,https://play.google.com/store/apps/details?hl=ko&id=com.friendscube.somoim
e7e860dc-5827-42a4-b835-931b75faea9e,5,2022-09-12T05:47:00+00:00,좋아요,0,4.2.3,2026-08-05,https://play.google.com/store/apps/details?hl=ko&id=com.friendscube.somoim
b9523c63-4c88-4e18-ad48-e0474e9b9920,5,2022-09-08T03:51:52+00:00,제가 가입을 하고 사용을 하다가 어플을 지웠어요 ㅠㅠ 그리고 몇 달 뒤 다시 설치를 해보니 가입하라고 뜨네요 ㅠㅠ 지우기 전에 활동했덩 것들은 사라지나요?ㅠ,0,4.2.3,2026-08-05,https://play.google.com/store/apps/details?hl=ko&id=com.friendscube.somoim
4e12e424-6a81-4961-bc16-0760e1315cf6,5,2022-09-07T15:41:51+00:00,가입한 모임목록을 찾기 힘들었지만 잘 쓰고 있습니다.,0,4.2.3,2026-08-05,https://play.google.com/store/apps/details?hl=ko&id=com.friendscube.somoim
96f47bb9-7c21-4510-8df9-ca9264b6731d,1,2022-09-06T14:53:29+00:00,핸드폰 초기화하고 다시 깔았는데 신규가입으로 되서 전에 가입해있던 모임들이 다 사라졌습니다. 황당하군요,1,,2026-08-05,https://play.google.com/store/apps/details?hl=ko&id=com.friendscube.somoim
a57ab784-f7b1-46c0-913d-133e7b7deaf0,5,2022-09-04T22:57:14+00:00,"소모임. 좋네요. 다양한 모임과, 좋은 사람들~^^",1,4.2.3,2026-08-05,https://play.google.com/store/apps/details?hl=ko&id=com.friendscube.somoim
0de5bd29-d391-4c12-a6fb-a34842700f40,5,2022-09-04T10:37:49+00:00,이런 어플이 있다는건 처음 알았는데 너무 유용한 것 같아요!,0,4.2.3,2026-08-05,https://play.google.com/store/apps/details?hl=ko&id=com.friendscube.somoim
baf58acb-96bb-4882-8807-39c96b7d081a,1,2022-09-04T03:34:09+00:00,"모임이 안떠요. 우리동네 모임이 무슨 지방 촌구석도아닌데 분명히 모임이 많은데 1,2개밖에 검색이안돼요.",2,4.2.3,2026-08-05,https://play.google.com/store/apps/details?hl=ko&id=com.friendscube.somoim
f3a21de7-e327-4a70-ada9-e4125efa7b71,4,2022-09-03T11:14:23+00:00,초대 거부 기능좀 넣어주세요 짜증나 죽겠어요,0,4.2.3,2026-08-05,https://play.google.com/store/apps/details?hl=ko&id=com.friendscube.somoim
a2f77714-048d-4f6e-86b0-db2c8b6c60b3,5,2022-09-02T09:55:59+00:00,조아용,0,4.2.3,2026-08-05,https://play.google.com/store/apps/details?hl=ko&id=com.friendscube.somoim
35bbaa7d-813b-4a82-b70c-9277a5f63428,5,2022-09-02T09:32:35+00:00,취미가 같은 사람들과 만날 수 있어 좋아요^^,0,4.2.3,2026-08-05,https://play.google.com/store/apps/details?hl=ko&id=com.friendscube.somoim
fd63ecb8-0068-437a-ab31-f9cb61f3d28d,1,2022-09-02T00:09:12+00:00,주소도 제대로 등록이 안되어 있어서 동이름도 검색이 안되고 엉뚱한 동네로 등록하고 소모임 검색하려니 이상한 위치의 모임만 나오고 찾는 모임은 검색 자체도 안되고 이 앱을 사용한다는게 신기할정도네요,13,3.7.8,2026-08-05,https://play.google.com/store/apps/details?hl=ko&id=com.friendscube.somoim
6b430b85-792e-4ab6-9262-374729f8e2ff,1,2022-08-31T01:19:47+00:00,"첫 이용하려는데 모임 정원이 초과됐다고 나오는 건 뭔지? 도움말을 봤는데 관련해서 언급된 내용이 없어서 불친절하다고 느꼈고, 문의(고객센터)도 타 동종서비스 앱 대비 접근성이 낮아서 불편함. 그리고 프리미엄(유료서비스) 돈장사하려는 게 너무 보임... 이용자 많다고 들어서 깔아본 건데 기대 이하였음.",2,4.2.3,2026-08-05,https://play.google.com/store/apps/details?hl=ko&id=com.friendscube.somoim
2270f06c-8fef-48c5-ae3b-e5363b739d69,5,2022-08-30T15:05:41+00:00,덕분에 좋은 동호회 찾았어요,0,4.2.3,2026-08-05,https://play.google.com/store/apps/details?hl=ko&id=com.friendscube.somoim
9337e24c-c9d7-49f6-97df-906612ec3adb,5,2022-08-29T08:50:19+00:00,인터페이스가 편해요,0,4.2.3,2026-08-05,https://play.google.com/store/apps/details?hl=ko&id=com.friendscube.somoim
42514526-13ba-46cf-966c-35fdf825eb9a,1,2022-08-29T05:11:24+00:00,첫 소모임 가입했는데 강퇴한다는 문구 하나도 없었고 절차 다 지켰고 내용도 엄청 평범했는데 강퇴당한 이유도 못 듣고 지맘대로 이유도 없이 강퇴함ㅋㅋㅋㅋ 어처구니가 없네 ㅅㅁㅋㅋㅋ 지맘대로 운영하게 놔둘꺼면 관리자가 필요가없지,2,4.2.3,2026-08-05,https://play.google.com/store/apps/details?hl=ko&id=com.friendscube.somoim
ac95a5b2-e1f1-4a7f-9570-fba4420facf5,2,2022-08-29T03:35:22+00:00,"프리미엄 구독까지 하면 뭐해요. 채팅 글, 알람 다 늦게뜨는데. 이러니 사람들이 다 밴드나 카카오오픈채팅으로 넘어가지",2,4.2.3,2026-08-05,https://play.google.com/store/apps/details?hl=ko&id=com.friendscube.somoim
3ea7e7dc-5310-43a7-bb92-40dcc6a263ee,5,2022-08-28T16:16:54+00:00,좋은 어플입니다,0,4.2.3,2026-08-05,https://play.google.com/store/apps/details?hl=ko&id=com.friendscube.somoim
bbb3085d-fd31-4680-8b6e-79112fd0d96d,1,2022-08-28T08:57:27+00:00,"개선이 많이 필요하고,개발자 투자 좀 하셔야될듯",2,4.2.3,2026-08-05,https://play.google.com/store/apps/details?hl=ko&id=com.friendscube.somoim
19969a1e-7832-4727-9d30-daaa940be054,5,2022-08-27T23:17:35+00:00,굿,0,4.2.3,2026-08-05,https://play.google.com/store/apps/details?hl=ko&id=com.friendscube.somoim
c1470c21-26a4-4a6d-8245-0a08c8abfcef,1,2022-08-27T14:45:19+00:00,갑자기 계정이 확인되지 않았습니다 뜨너니 초기화 됬네요 모든모임도 탈퇴 됬네요,2,4.2.3,2026-08-05,https://play.google.com/store/apps/details?hl=ko&id=com.friendscube.somoim
e208956e-5a42-4b9b-b989-da9c24b088ea,1,2022-08-27T14:37:41+00:00,특정 지역별로 어떤 모임이 있는지 볼 수 없나요? 매우 불편합니다,2,4.2.3,2026-08-05,https://play.google.com/store/apps/details?hl=ko&id=com.friendscube.somoim
8204a07b-5e63-4a8b-bdf8-09088166e3a2,5,2022-08-26T11:37:39+00:00,좋아요 모임들요,0,4.2.3,2026-08-05,https://play.google.com/store/apps/details?hl=ko&id=com.friendscube.somoim
4bf4681e-d778-4391-824a-572c0692abc0,1,2022-08-26T01:36:07+00:00,소모임 만든거 모임장이 삭제 하는곳이 없고 회사연락처도 없는건 왜인가요 사업정직하게 합시다 연락주세요,0,4.2.3,2026-08-05,https://play.google.com/store/apps/details?hl=ko&id=com.friendscube.somoim
067c7d63-ad55-4733-aca7-8f22f05650cc,4,2022-08-23T12:10:35+00:00,특정 주제로 모임 운영할 때 아무나 막 들어오면 조금 부담스러워요 ㅜㅠ 가입할 때 가입요청 후 승인방식이 있었으면 좋겠습니다...ㅠㅠ 누르기만 하면 가입이 되버리니...ㅠㅠ 몇가지 질문 후 따로 승인할 수 있게된다면 좋겠네요...ㅠㅠ,2,4.2.3,2026-08-05,https://play.google.com/store/apps/details?hl=ko&id=com.friendscube.somoim
41d0b96a-c5b2-43f3-9aec-054ea8eafd35,1,2022-08-22T07:03:29+00:00,월결제 취소가안됩니다 이거뭔가요?,1,,2026-08-05,https://play.google.com/store/apps/details?hl=ko&id=com.friendscube.somoim
22af6a17-aafc-4d19-ad00-85cd8cff9aa5,4,2022-08-22T05:12:56+00:00,무난하고 좋습니당,0,4.2.3,2026-08-05,https://play.google.com/store/apps/details?hl=ko&id=com.friendscube.somoim
aaba8251-095c-40eb-8607-fae1e67ebef1,5,2022-08-21T21:48:36+00:00,소중한 인연,0,4.2.2,2026-08-05,https://play.google.com/store/apps/details?hl=ko&id=com.friendscube.somoim
3327f148-7857-4d71-99a8-4c64a56fcffc,1,2022-08-21T15:14:03+00:00,쓰레기같은 앱 망했으면,1,4.1.7,2026-08-05,https://play.google.com/store/apps/details?hl=ko&id=com.friendscube.somoim
eeb7ea84-e796-4408-9066-370c1d1b4847,3,2022-08-20T13:46:16+00:00,정모일정 한개라도 더 늘려주시면 안될까요 제발요,0,4.2.3,2026-08-05,https://play.google.com/store/apps/details?hl=ko&id=com.friendscube.somoim
7a19f8c3-c483-49fb-af84-21e60dc7037d,5,2022-08-20T04:45:29+00:00,좋은모임 많네용,0,4.2.3,2026-08-05,https://play.google.com/store/apps/details?hl=ko&id=com.friendscube.somoim
fa9bbb02-1188-4bcb-90b3-13ecfa8b1d8f,5,2022-08-19T10:26:46+00:00,좋아요,0,4.2.2,2026-08-05,https://play.google.com/store/apps/details?hl=ko&id=com.friendscube.somoim
42fa37fa-159d-41c3-9e6b-3e485f949c4f,1,2022-08-19T07:28:42+00:00,남자는 들어갈수가엄는모임,1,4.2.2,2026-08-05,https://play.google.com/store/apps/details?hl=ko&id=com.friendscube.somoim
285395ee-fbc0-42a6-adb9-bdddb5f2a38c,5,2022-08-18T07:07:26+00:00,굿,0,4.2.2,2026-08-05,https://play.google.com/store/apps/details?hl=ko&id=com.friendscube.somoim
e2a0e12d-6a96-4fdb-9bed-a056aa1a7bfa,1,2022-08-15T09:57:39+00:00,이 정도로 유명해졌으면 최소한의 기능들 좀 업데이트 하세요 돈은 받아먹으면서 뭐하는건지,1,4.2.2,2026-08-05,https://play.google.com/store/apps/details?hl=ko&id=com.friendscube.somoim
b77903ab-34ef-4ea5-8e57-51133a340458,2,2022-08-15T05:17:55+00:00,친목 모임이 많아서 좋지만 정말 말도 안돼는 이유로 모임장이 강퇴시키는 경우가 있는데 그럴때마다 기분 엄청 더러워요 강퇴 한달뒤에 풀어지고 할 수 있는 과정 만들어주실수 있나요,0,4.2.2,2026-08-05,https://play.google.com/store/apps/details?hl=ko&id=com.friendscube.somoim
e2deec98-fa21-468b-927d-5fb427c0c324,5,2022-08-14T20:22:05+00:00,좋아요,0,4.2.2,2026-08-05,https://play.google.com/store/apps/details?hl=ko&id=com.friendscube.somoim
d485b996-bd27-44f5-839f-7a6fdd73bb30,5,2022-08-14T19:25:28+00:00,좋습니다,0,4.2.2,2026-08-05,https://play.google.com/store/apps/details?hl=ko&id=com.friendscube.somoim
7ce97466-33b9-4ae5-98c7-3bac92f72eaa,1,2022-08-13T10:01:51+00:00,첫 다운로드 받자마자 입력해야하는 사항이 좀 너무 많네요.,1,4.2.2,2026-08-05,https://play.google.com/store/apps/details?hl=ko&id=com.friendscube.somoim
0335bd44-5622-4599-b3e3-f874bac69947,1,2022-08-13T02:05:14+00:00,이거 확실함?,1,4.2.2,2026-08-05,https://play.google.com/store/apps/details?hl=ko&id=com.friendscube.somoim
248cd15a-09a3-412e-acdf-54d4b707ca32,1,2022-08-13T00:43:01+00:00,클래스 날짜별 검색 가능하게 해주세요 이 앱 회사는 일을 안합니까?? 불편함 해소에 관심이 없네 건의할 수 있는 방법도 없고,1,4.2.1,2026-08-05,https://play.google.com/store/apps/details?hl=ko&id=com.friendscube.somoim
fc4c0809-7a60-4679-af2e-0ca95d9a04da,5,2022-08-12T15:27:26+00:00,잼써요!,0,4.2.2,2026-08-05,https://play.google.com/store/apps/details?hl=ko&id=com.friendscube.somoim
2687b1f4-c186-49a0-9567-73c3fc1f5e96,5,2022-08-12T11:14:42+00:00,좋아용 좋아,0,4.2.2,2026-08-05,https://play.google.com/store/apps/details?hl=ko&id=com.friendscube.somoim
7d92a4e3-5c49-4fe0-a0f4-6d26eb297b75,4,2022-08-12T05:40:41+00:00,모임하기에 굉장히 간단하고 편리한 모임이지만 게시판에 번개모집란이 없어요ㅜㅜ정보란에 모임공지가 세개만 되니 게시판에 번개글을 올리다보면 자유글이나 자소서에 묻혀버리기 쉽상입니다. 정보란에 모임 공지글 다섯개로 늘려주시면 안될까요ㅜㅜ 그리고 게시판에도 모임모집란 만들어주세요.벙글 찾기가 넘 어려워요.,0,4.2.2,2026-08-05,https://play.google.com/store/apps/details?hl=ko&id=com.friendscube.somoim
76a974ba-d2f6-4cfe-a33b-2a1d75e1d09c,5,2022-08-12T04:49:18+00:00,"다양한 모임들이 존재해서 본인이 원하는 분야, 지역, 요일을 고려하고 신청하면 되는 점이 좋았고 첫 모임활동도 좋은분들과 제가 원하던 방식으로 진행되어 좋았습니다 :)",1,4.2.1,2026-08-05,https://play.google.com/store/apps/details?hl=ko&id=com.friendscube.somoim
e7f603d5-3096-4b58-bb8c-a5d65652f653,3,2022-08-12T02:01:31+00:00,소모임탈퇴가 안되네요 활동하지않는 일정소모임 탈퇴기능은 없나요?,0,4.2.1,2026-08-05,https://play.google.com/store/apps/details?hl=ko&id=com.friendscube.somoim
32971950-ceb8-47e3-932c-bcb83c1a7733,5,2022-08-12T00:27:39+00:00,좋은모임입니다,0,4.2.2,2026-08-05,https://play.google.com/store/apps/details?hl=ko&id=com.friendscube.somoim
32064902-f691-4035-8cf0-21ed2eebdab4,5,2022-08-11T04:24:59+00:00,다시 재정비해서 더 좋은 발전있는 모임 만들어주세요,0,4.2.2,2026-08-05,https://play.google.com/store/apps/details?hl=ko&id=com.friendscube.somoim
5f85c3ba-d3ad-4715-87a6-8cae16f0244b,5,2022-08-10T23:49:35+00:00,좋아요 소모임 최고,0,4.2.2,2026-08-05,https://play.google.com/store/apps/details?hl=ko&id=com.friendscube.somoim
8807c5bd-f8a5-47d8-87e5-d6c4a2d09a17,5,2022-08-08T11:42:03+00:00,좋습니당ㅋㅋ,0,4.2.1,2026-08-05,https://play.google.com/store/apps/details?hl=ko&id=com.friendscube.somoim
bc68b84e-902e-42d0-b7f6-a6c774db486a,5,2022-08-08T11:06:11+00:00,너무너무 좋은 앱인 것 같아요 ㅎ 좋은 분들 많이 만나게 될 것 같아요,0,4.2.1,2026-08-05,https://play.google.com/store/apps/details?hl=ko&id=com.friendscube.somoim
c9e6caab-6daa-4d16-a2c9-edafd62197ce,5,2022-08-08T08:04:47+00:00,참 좋아요.,0,4.2.1,2026-08-05,https://play.google.com/store/apps/details?hl=ko&id=com.friendscube.somoim
ac61ce76-34ff-4d27-a44c-5d854de8bc09,1,2022-08-08T05:31:29+00:00,소모임에서 특정이상한 사람으로인해 일방적 신고를 먹어서 번호가 이용정지를 당했는데 개발자 이메일로 이에대한 부당함을 제기하고 풀어줄것을 요청하였으나 답도없고 해결하고자 하는 움직임도 없었음. 양쪽의입장도 들어보지않고 잘 활동하는 사람 한쪽의 일방적신고로 무단정지시키는 유도리없는 앱임.,5,4.2.1,2026-08-05,https://play.google.com/store/apps/details?hl=ko&id=com.friendscube.somoim
415ff91e-657f-4eba-978c-d26b5fb9170b,5,2022-08-07T15:26:49+00:00,굿,0,4.2.1,2026-08-05,https://play.google.com/store/apps/details?hl=ko&id=com.friendscube.somoim
c0fe2251-ff8e-45af-b34f-c33a2375beed,5,2022-08-07T15:15:07+00:00,굿,0,4.1.9,2026-08-05,https://play.google.com/store/apps/details?hl=ko&id=com.friendscube.somoim
b17a0954-acdc-4bbe-888c-25015a97baac,4,2022-08-07T04:58:18+00:00,그럭저럭 쓸만함,0,,2026-08-05,https://play.google.com/store/apps/details?hl=ko&id=com.friendscube.somoim
f72d2528-9f78-4d68-904a-95e6a759e4ab,4,2022-08-05T20:18:08+00:00,처음이라서 잘 몰라서 일단 연습생 마음으로 합니다,0,4.2.1,2026-08-05,https://play.google.com/store/apps/details?hl=ko&id=com.friendscube.somoim
db326474-614d-4f91-950b-e41ec81e0dae,5,2022-08-05T10:49:37+00:00,최곱니다,0,4.2.1,2026-08-05,https://play.google.com/store/apps/details?hl=ko&id=com.friendscube.somoim
905d6ddb-52b0-409e-b667-150d15107e65,4,2022-08-04T23:45:07+00:00,모임을 위한 어플로서 잘 사용하고있습니다만 기능 개선 추가 등이 있었으면 합니다 우선 게시판 분류 수정/추가 가능하게 해주세요 많은 글이 올라오는데 정작 모임 공지 분류가 없네요 😭,0,4.2.1,2026-08-05,https://play.google.com/store/apps/details?hl=ko&id=com.friendscube.somoim
ba8d5438-561c-4618-9e3f-94b064bc56a9,1,2022-08-04T15:22:17+00:00,결제취소 빠른 환불바람,0,4.2.1,2026-08-05,https://play.google.com/store/apps/details?hl=ko&id=com.friendscube.somoim
ad8da162-603a-4c50-9476-edb2e8017d15,5,2022-08-04T15:00:48+00:00,굿,0,4.2.1,2026-08-05,https://play.google.com/store/apps/details?hl=ko&id=com.friendscube.somoim
188235f8-d058-4eae-bbc8-5b88368422bd,5,2022-08-04T12:35:18+00:00,굿,0,4.2.1,2026-08-05,https://play.google.com/store/apps/details?hl=ko&id=com.friendscube.somoim
ed38a057-6dff-4f99-9e61-ac412d3fdc88,5,2022-08-04T00:18:58+00:00,좋음,0,4.2.1,2026-08-05,https://play.google.com/store/apps/details?hl=ko&id=com.friendscube.somoim
17eb5a75-4847-4f2a-a090-ed69439e1d6b,5,2022-08-03T06:01:52+00:00,좋아요,0,4.2.1,2026-08-05,https://play.google.com/store/apps/details?hl=ko&id=com.friendscube.somoim
72f4fa24-06ff-4291-82b9-c663d422b11a,5,2022-08-01T10:42:51+00:00,좋아요,0,4.2.1,2026-08-05,https://play.google.com/store/apps/details?hl=ko&id=com.friendscube.somoim
91161de5-7099-4e0e-89b8-c667b76e70a7,5,2022-08-01T10:09:31+00:00,폰번호 바꾸고 가입하려고 했더니 이용제한된 번호라고 떠요. 전에 이 번호 쓰시던 분이 영업직 뭐 그런거라 제한 당했나봐요. 풀어주세요.,0,3.4.8,2026-08-05,https://play.google.com/store/apps/details?hl=ko&id=com.friendscube.somoim
4cea5156-c450-4531-9bfe-0b4344f6c964,5,2022-08-01T08:58:21+00:00,굳,0,4.2.1,2026-08-05,https://play.google.com/store/apps/details?hl=ko&id=com.friendscube.somoim
feaad403-9f47-47f7-86fb-715729687c7f,5,2022-08-01T02:21:46+00:00,좋아요,0,4.2.1,2026-08-05,https://play.google.com/store/apps/details?hl=ko&id=com.friendscube.somoim
1d595ca7-e08f-48a2-be50-26b9be84c8b0,5,2022-07-30T07:08:18+00:00,안보고싶은 소모임 차단기능 만들어주세요,0,4.2.1,2026-08-05,https://play.google.com/store/apps/details?hl=ko&id=com.friendscube.somoim
5ec746cc-12cd-4e32-9803-26274698a506,4,2022-07-29T18:53:53+00:00,구독취소했는데 돈이 결제되었네요 환불 부탁드립니다,1,4.2.1,2026-08-05,https://play.google.com/store/apps/details?hl=ko&id=com.friendscube.somoim
f4bbd9de-460d-45a0-ae47-07a1d715acce,4,2022-07-29T14:32:26+00:00,소소하게 모임할 수 있어서 좋은것 같아요,1,4.2.1,2026-08-05,https://play.google.com/store/apps/details?hl=ko&id=com.friendscube.somoim
da861dee-0ad4-429d-95a0-fdab24164370,5,2022-07-29T12:42:34+00:00,재미지네요ㅋㅋ,0,4.2.1,2026-08-05,https://play.google.com/store/apps/details?hl=ko&id=com.friendscube.somoim
f1068f43-c69e-4770-a5e5-35ee5cee850b,5,2022-07-28T15:40:26+00:00,아이디어도 좋고 밴드와 차별화된 깔끔하고 순수한 분위기가 너무 좋습니다.,3,4.2.1,2026-08-05,https://play.google.com/store/apps/details?hl=ko&id=com.friendscube.somoim
a51df5b1-e702-4fb7-a1b5-a7afadee5e58,3,2022-07-28T08:01:48+00:00,자기지역만 모임추천됐었는데 갑자기 주변지역까지 경상도 전라도 나눠서 다 추천되네요 불편해요 오류도 심하네요,0,4.2.1,2026-08-05,https://play.google.com/store/apps/details?hl=ko&id=com.friendscube.somoim
8e1980c9-d181-40d3-ae4a-f85b162c5eff,1,2022-07-27T10:41:57+00:00,뭐자꾸 계정이 확인되지않는 다는는거요? 백업 뮈 하라는데 그것도못하겠고,0,4.2.1,2026-08-05,https://play.google.com/store/apps/details?hl=ko&id=com.friendscube.somoim
36276531-fc47-44aa-872b-b87171bd35cb,4,2022-07-26T21:59:27+00:00,좋녜요~~^^,0,4.2.1,2026-08-05,https://play.google.com/store/apps/details?hl=ko&id=com.friendscube.somoim
0609971e-ab73-43b0-a2fe-63992cf1b12c,5,2022-07-26T16:07:27+00:00,너무 좋은어플이네요(아직 가입안함),0,4.2.1,2026-08-05,https://play.google.com/store/apps/details?hl=ko&id=com.friendscube.somoim
750b11c4-6b5a-421e-b583-da36041747eb,5,2022-07-26T06:10:34+00:00,좋아요,0,4.2.1,2026-08-05,https://play.google.com/store/apps/details?hl=ko&id=com.friendscube.somoim
df91f7f0-5863-40f8-a92e-5d55a20fbed0,4,2022-07-24T06:08:55+00:00,아직 사용 초반이긴한데...좋네요,0,4.2.1,2026-08-05,https://play.google.com/store/apps/details?hl=ko&id=com.friendscube.somoim
20ea5c1a-1272-47bf-b3f0-f67f2294a793,5,2022-07-23T01:09:19+00:00,좋아요.만족합니다,0,4.2.1,2026-08-05,https://play.google.com/store/apps/details?hl=ko&id=com.friendscube.somoim
f138fde1-90bd-4869-ad9c-2325840ae3f0,2,2022-07-23T00:11:06+00:00,결제를 통해 본인이 가입한 모임을 비공개 설정하는게 각 모임운영진의 몇개 이상의 모임 금지에 대한 규정에 모순되는 행위인것 같습니다,0,4.2.1,2026-08-05,https://play.google.com/store/apps/details?hl=ko&id=com.friendscube.somoim
cac34627-4a06-416e-a393-343d6268703a,5,2022-07-21T17:39:35+00:00,쥬아요,0,4.2.1,2026-08-05,https://play.google.com/store/apps/details?hl=ko&id=com.friendscube.somoim
462344ba-3bd1-4282-a60a-1c960f3c4546,5,2022-07-21T07:52:41+00:00,좋아여,0,4.2.1,2026-08-05,https://play.google.com/store/apps/details?hl=ko&id=com.friendscube.somoim
d568588d-ca4e-4b31-99e3-1731918132ad,5,2022-07-21T02:17:47+00:00,굿,0,4.2.1,2026-08-05,https://play.google.com/store/apps/details?hl=ko&id=com.friendscube.somoim
8a008039-ec18-4213-b94e-5343daf4f6f9,5,2022-07-19T15:02:49+00:00,최고,0,4.2.1,2026-08-05,https://play.google.com/store/apps/details?hl=ko&id=com.friendscube.somoim
593a071d-336b-4e86-80c8-c77ae4945437,4,2022-07-19T10:32:25+00:00,재밌음,0,4.2.1,2026-08-05,https://play.google.com/store/apps/details?hl=ko&id=com.friendscube.somoim
d5ba1edd-0645-4e58-8965-a6c4d8bb6a21,4,2022-07-19T07:17:19+00:00,이거 오늘 정기결제일인데 취소하구싶어요. 어떻게해요?,0,4.2.1,2026-08-05,https://play.google.com/store/apps/details?hl=ko&id=com.friendscube.somoim
da7661e6-194a-4d90-9e37-0d61f4405b20,5,2022-07-18T15:42:51+00:00,좋아요,0,4.2.1,2026-08-05,https://play.google.com/store/apps/details?hl=ko&id=com.friendscube.somoim
5034bab7-825e-4aea-bd4c-141b245b92e3,5,2022-07-18T08:51:29+00:00,굿,0,4.1.9,2026-08-05,https://play.google.com/store/apps/details?hl=ko&id=com.friendscube.somoim
66b2dbc4-f4a9-4d25-829d-cd9728616ebf,3,2022-07-17T03:47:24+00:00,게시물 알림 껐는데 푸시 계속와서 삭제함,0,4.2.1,2026-08-05,https://play.google.com/store/apps/details?hl=ko&id=com.friendscube.somoim
a8abf500-a10b-47aa-913d-6fa9fa46b5bb,2,2022-07-16T07:39:15+00:00,핸드폰 번호 바꾸고 기계도 바꾸면 다날라감 ㅡㅡ,0,4.2.1,2026-08-05,https://play.google.com/store/apps/details?hl=ko&id=com.friendscube.somoim
9936a143-2aca-41ba-b912-816613d2eefa,5,2022-07-14T07:13:43+00:00,프리미엄 다시 지정해주세요. 구독 했는대 프리미엄스폰서가 안떠요 ✨평일휴무✍ 어른이들✨ 남.녀모집 여기입니다,1,4.2.1,2026-08-05,https://play.google.com/store/apps/details?hl=ko&id=com.friendscube.somoim
fbce6db8-10e2-4c28-9bbf-a10b2d89faae,5,2022-07-13T21:28:48+00:00,좋은 경험~,0,4.2.1,2026-08-05,https://play.google.com/store/apps/details?hl=ko&id=com.friendscube.somoim
1e616d13-cccf-46f8-8911-632ff96851b4,5,2022-07-13T08:19:32+00:00,이거 계속 단말기 설정 들어가서 하라는데 이거 계정 어떻게 고치나요? 뭐만하면 창이 떠요,0,4.2.1,2026-08-05,https://play.google.com/store/apps/details?hl=ko&id=com.friendscube.somoim
f4ad4053-ab48-468d-a409-9c9bd74ca322,1,2022-07-11T13:43:44+00:00,소모임 가입요청와서 가입했더니 남자 마감이라고 왜 가입했냐 글도 안읽었냐 하시더군요 아니 무슨 자기네들이 가입요청와서 가입했더니 말을 그렇게 하나요? 그래서 모임 신고했지만 아무런 제재 조차 없습니다 다둘 조심하세요,0,4.2.1,2026-08-05,https://play.google.com/store/apps/details?hl=ko&id=com.friendscube.somoim
29653705-cfec-48d7-84d6-5f3f9ecd79bb,5,2022-07-11T03:47:34+00:00,좋아요,0,4.2.1,2026-08-05,https://play.google.com/store/apps/details?hl=ko&id=com.friendscube.somoim
57a42fc7-572d-4fa1-a986-a95462f9e923,5,2022-07-10T15:08:39+00:00,좋은어플 좋은경험들 하세용,0,4.2.1,2026-08-05,https://play.google.com/store/apps/details?hl=ko&id=com.friendscube.somoim
269ae83a-24cb-4a02-ab47-01f42c38f3fc,5,2022-07-10T02:09:35+00:00,좋아요,0,4.2.1,2026-08-05,https://play.google.com/store/apps/details?hl=ko&id=com.friendscube.somoim
0434eaa2-b888-4273-a57f-1fc21a797c88,5,2022-07-09T23:23:14+00:00,"솔직히. 가치있고, 훌룡합니다. 감사합니다.!!",1,4.2.1,2026-08-05,https://play.google.com/store/apps/details?hl=ko&id=com.friendscube.somoim
dc961c8e-2e81-46d4-91f8-11adbe45d87a,5,2022-07-09T17:15:32+00:00,붸리붸리 굿,0,4.2.1,2026-08-05,https://play.google.com/store/apps/details?hl=ko&id=com.friendscube.somoim
ebb8ebcf-d87e-41fa-9fb5-bc39a645c245,3,2022-07-09T10:00:11+00:00,좋아요,0,4.1.8,2026-08-05,https://play.google.com/store/apps/details?hl=ko&id=com.friendscube.somoim
a1adec8e-ced1-40be-aaf9-82a9a28ae9cd,4,2022-07-09T07:05:40+00:00,모임 드는것은 괜찮은데 탈퇴는 어떻게 하죠?,0,4.2.1,2026-08-05,https://play.google.com/store/apps/details?hl=ko&id=com.friendscube.somoim
e0e4a561-50ca-4741-8bd7-5a4fc0e5f286,1,2022-07-08T04:32:08+00:00,무료30일후 자동결제된다고 써져있어서 탈퇴했습니다. 결제안되죠?오늘탈퇴한 회원입니다. 회신부탁드립니다.,0,4.2.1,2026-08-05,https://play.google.com/store/apps/details?hl=ko&id=com.friendscube.somoim
a64bcc54-0948-47ce-948f-b930bf2c42fe,5,2022-07-08T01:59:34+00:00,원하는 취미활동을 건전하게 공유할 수 있어서 좋은 것 같아요! 평소 낯가림이 심해서 모임 나가기 힘들었는데 비슷한 취향을 가진 사람들 끼리 재미있게 이야기 나눌 수 있어서 좋아요~ 다양한 모임들이 많아서 부담 없이 여러 모임 참여할 수 있어서 너무 좋았어요! 다른 사람들과 같이 다양한 취미활동을 하고 싶은 분들에게 추천합니다! 역시 다른 서비스보다 회원수가 많아서 모임들이 다양한게 확실히 큰 것 같아요. 많은 모임이 있으니깐 저한테 맞는 모임 찾기도 좋고 이것저것 참여해보기도 좋은 것 같아요! 저도 앞으로 다양한 체험 해보려고요~,39,4.2.1,2026-08-05,https://play.google.com/store/apps/details?hl=ko&id=com.friendscube.somoim
ecdd3045-6dcb-4477-8bde-68a5b501af34,5,2022-07-07T10:17:57+00:00,굳,0,4.2.1,2026-08-05,https://play.google.com/store/apps/details?hl=ko&id=com.friendscube.somoim
7df4656f-5e24-4265-b7f0-caf7f5309fe5,5,2022-07-07T06:13:40+00:00,매일 같은 주말이라 주변 산책다니고 동네 구경다니는게 전부였는데 어플 알고 나서 부터 다양한 취미들이 생겼어요! 특히 관심사가 비슷한 사람들과 모일 수 있어서 좋아요! 전시 독서 운동을 포함한 취미 생활이 다양해 져서 제 생활에 소소한 활력소가 되줘서 덕분에 문화 생활이 더 풍성해졌어요~ 생각보다 즐겁고 열정적인 분들이 많아서 참석해보니 더 느낌이 좋았어요. 취업하고 친구끼리 약속 잡기 힘들었는데 새로운 사람들과 함께 하는 것도 좋네요. 취미 생황을 다른 사람들과 함께 지속하고 싶을때 더욱 유용해보여요. 진짜 망설이지 말고 한번 해보세요! 즐거움은 나누면 배가 됩니다~,82,4.2.1,2026-08-05,https://play.google.com/store/apps/details?hl=ko&id=com.friendscube.somoim
332d121b-fc18-4be3-ac42-6f321462a69e,5,2022-07-07T03:24:07+00:00,대한민국 최고,0,,2026-08-05,https://play.google.com/store/apps/details?hl=ko&id=com.friendscube.somoim
6d129bba-26a8-4eb2-a1c6-d0a90baf6c55,2,2022-07-06T10:24:20+00:00,업데이트가 안되여..,0,4.1.9,2026-08-05,https://play.google.com/store/apps/details?hl=ko&id=com.friendscube.somoim
dde9183b-946e-4b55-9b54-4632de04185d,4,2022-07-04T06:56:57+00:00,검색이 되었음 합니다,0,4.1.9,2026-08-05,https://play.google.com/store/apps/details?hl=ko&id=com.friendscube.somoim
08785514-50bc-432c-a439-4c482af5f1c9,3,2022-07-04T01:26:52+00:00,구독 취소했는데 어제 결제가 됐습니다 구독취소 해주시고 환불 신청 도와주세요,0,4.2.1,2026-08-05,https://play.google.com/store/apps/details?hl=ko&id=com.friendscube.somoim
61df806a-61d6-47cd-b1c9-039ba1b88812,3,2022-07-03T18:24:10+00:00,기능이 너무 후달림... 검색도 안 되고...,0,4.1.9,2026-08-05,https://play.google.com/store/apps/details?hl=ko&id=com.friendscube.somoim
8a7daca2-91d6-429e-bd60-6b9957f8e57e,5,2022-07-03T16:35:16+00:00,조하요,0,4.1.9,2026-08-05,https://play.google.com/store/apps/details?hl=ko&id=com.friendscube.somoim
b1589eda-572e-4609-939d-e15a7858cfa5,5,2022-07-02T20:36:30+00:00,굿,0,4.2.1,2026-08-05,https://play.google.com/store/apps/details?hl=ko&id=com.friendscube.somoim
3ab91e32-18e3-415e-ae65-c06b2af4e291,5,2022-07-01T18:24:15+00:00,구웃,0,4.1.9,2026-08-05,https://play.google.com/store/apps/details?hl=ko&id=com.friendscube.somoim
a4860c99-6204-42e4-92db-d3713816566e,4,2022-07-01T15:03:20+00:00,무난하게 사용할만 한 앱,0,4.2.1,2026-08-05,https://play.google.com/store/apps/details?hl=ko&id=com.friendscube.somoim
aec1e910-ae4b-49f4-8e31-7f82b90e4f97,5,2022-07-01T12:52:49+00:00,인간관계가다양해졌어요 너무 감사해요,0,4.1.9,2026-08-05,https://play.google.com/store/apps/details?hl=ko&id=com.friendscube.somoim
f2d3ee46-7ac1-41fa-816d-693944a08dc4,3,2022-07-01T12:36:48+00:00,잘쓰고있긴한데 불편한점이 많음,0,4.1.9,2026-08-05,https://play.google.com/store/apps/details?hl=ko&id=com.friendscube.somoim
28ebc3b3-ffba-41b0-94ce-327e2cd7b2b8,4,2022-07-01T10:15:52+00:00,재밌게 잘 사용하고 있어요.,0,4.2.1,2026-08-05,https://play.google.com/store/apps/details?hl=ko&id=com.friendscube.somoim
2ad10018-9f35-475b-89ae-5424c318e279,5,2022-07-01T08:41:00+00:00,좋은 어플,0,4.1.9,2026-08-05,https://play.google.com/store/apps/details?hl=ko&id=com.friendscube.somoim
b7c6e424-94bd-4417-9982-13e22771a377,3,2022-06-29T23:18:55+00:00,"어플 개설 목적이나, 어플이 있음으로 모임을 활발히 할 수 있어요! 근데 기능적으로 안되는게 넘 많습니다..이것들만 개선 부탁드려요 ㅠㅠ 1. 채팅창, 게시글 등에 하이퍼링크 적용 2. 게시글에 사진 첨부 후 등록했을 때, 수정하려면 사진 추가나 삭제가 안됨. 3. 정모 복사하시 기능 (매번 똑같은 내용 날짜만 바꿔서 등록하기 매우 귀찮...) 4. 회원목록 정렬 기준(이름순 등) 적용 5. 영상 업로드 기능 6. 게시글에 사진 첨부 후 등록한 글을 보게될 때, 스크롤(?)이 제일 마지막 이미지부터 보여져서 글을 위로 올라가서 봐야 함.",86,4.2.1,2026-08-05,https://play.google.com/store/apps/details?hl=ko&id=com.friendscube.somoim
4c9c7d73-5690-4a74-9e9c-c29eab6d9a75,5,2022-06-29T04:54:30+00:00,"평소 주변 사람들과 취향이 안 맞거나 시간이 안 맞아서 전시나 뮤지컬을 보러 가기 힘들었는데, 관심사가 같은 사람들을 만나서 문화생활을 즐길 수 있다는게 정말 좋은 것 같아요! 또 평소에 하지 못했던 다양한 취미생활을 할 수 있어서 너무 좋은 앱인 것 같아요. 활동적인 것 많이 하고 싶은데 사람도 사귀고 취미도 공유하면 좋을 듯 합니다.",11,4.2.1,2026-08-05,https://play.google.com/store/apps/details?hl=ko&id=com.friendscube.somoim
4a68add6-cc3b-4e8f-92ab-178aa9f97f94,5,2022-06-28T14:09:41+00:00,좋은 관계를 만들수 있는 곳입니다 다만 참여자의 적극성이 중요하겠죠,0,4.1.8,2026-08-05,https://play.google.com/store/apps/details?hl=ko&id=com.friendscube.somoim
311103c7-59e2-478d-b80c-2a0dc9180541,5,2022-06-28T03:04:28+00:00,재미있는 공간,0,4.1.9,2026-08-05,https://play.google.com/store/apps/details?hl=ko&id=com.friendscube.somoim
d9cd9471-3024-4560-b705-67e98d353cda,5,2022-06-27T12:39:19+00:00,"가까운 지역의 이웃들을 만나고 공감대를 형성할 수 있는 분위기라서 너무 좋아요! 낯을 많이 가리는 편이라 나가기 망설여졌는데, 만나보니 다 좋은 분들이라 하길 잘했다고 생각이 들어요^^ 주변에 좋은 이웃이 많네요!",321,4.2.0,2026-08-05,https://play.google.com/store/apps/details?hl=ko&id=com.friendscube.somoim
960204dc-8b57-4f21-8021-8492852ee21c,5,2022-06-27T09:57:29+00:00,유익하네요~!!,0,4.1.9,2026-08-05,https://play.google.com/store/apps/details?hl=ko&id=com.friendscube.somoim
653e1d5e-2ad4-44b9-ac6e-a0f6dfd1d6cc,1,2022-06-27T04:01:57+00:00,프리미엄 결제가 안됩니다 빨리 처리 부탁드립니다,0,,2026-08-05,https://play.google.com/store/apps/details?hl=ko&id=com.friendscube.somoim
2c27f30a-bc88-4834-931c-fe73588b3f48,1,2022-06-27T01:42:10+00:00,외모 보고 판단하고 사람들 차별하는건 진짜 아닌거 같습니다. 모이긴 커녕 시간이랑 감정만 낭비한거 같습니다.,1,4.1.9,2026-08-05,https://play.google.com/store/apps/details?hl=ko&id=com.friendscube.somoim
130a5f68-0619-4ff3-95a8-c34937a21747,3,2022-06-26T06:55:59+00:00,"결제해야 사진, 메시지, 정보 수정등이 가능한점이 아쉽네요",0,4.1.9,2026-08-05,https://play.google.com/store/apps/details?hl=ko&id=com.friendscube.somoim
19b271ce-1356-4ce0-96f2-70f4d24af4c8,4,2022-06-25T07:16:36+00:00,좋은 모임이 많아요^^,0,,2026-08-05,https://play.google.com/store/apps/details?hl=ko&id=com.friendscube.somoim
d7719504-5f1d-424c-8f26-779e09b25d36,4,2022-06-24T16:14:46+00:00,알맞은게 있음,0,4.1.9,2026-08-05,https://play.google.com/store/apps/details?hl=ko&id=com.friendscube.somoim
e8cd425c-5711-46b5-914e-9d0388d3638d,5,2022-06-23T23:01:20+00:00,굿,0,4.1.9,2026-08-05,https://play.google.com/store/apps/details?hl=ko&id=com.friendscube.somoim
5ca4f156-4d9b-4747-962c-649c003c8f22,1,2022-06-23T11:04:59+00:00,모임어플이 아니고 광고어플임,1,,2026-08-05,https://play.google.com/store/apps/details?hl=ko&id=com.friendscube.somoim
127e0608-3d43-4c01-aa15-42262d56a1a8,5,2022-06-23T04:49:30+00:00,"확실히 소모임 검색이 비슷한 나이대에서 되는 점이 큰 메리트인 것 같습니다! 출생년도를 계속 다르게 해보면서 검색되는 소모임이 달라지는 것을 보고 알고리즘 규칙을 발견했습니다! 다음과 같이 회원의 출생년도를 4년 단위로 그룹핑합니다. A(81,82,83,84) B(85,86,87,88) C(89,90,91,92) D(93,94,95,96) E(97,98,99,00) F(01,02,03) 등등.. * 모임에 가입한 회원들의 평균 출생년도를 내어 해당 출생년도가 포함된 그룹과, 앞뒤로 이웃한 그룹까지해서 총 12개의 나이에서 해당 모임이 검색됩니다. (모임장님 나이와는 상관없이, 모임의 회원 평균나이에 따라 추천이 달라집니다.) ex) 모임장님 나이가 어느 그룹이던 간에 만약 모임에 가입된 회원들의 평균 출생년도가 D 그룹에 속한다면, C, D, E그룹(89~00)에 속하는 회원에게 특정 모임이 노출되고, 그 이외의 그룹(A, B, F)에는 노출되지 않습니다.",0,,2026-08-05,https://play.google.com/store/apps/details?hl=ko&id=com.friendscube.somoim
18c629d6-569f-48cc-b816-f0e8d32df6a2,5,2022-06-23T00:33:49+00:00,"알맞은 카테고리를 못 찾아서 대충 기타로 했는데, 찾아보니 비슷한 클래스는 다 독서쪽이더라구요. 변경해주실 수 있나요?",0,4.1.9,2026-08-05,https://play.google.com/store/apps/details?hl=ko&id=com.friendscube.somoim
4d1fdb4d-cf77-4f5e-a204-88a9a92815d1,5,2022-06-22T11:14:36+00:00,좋아요~~,0,4.1.9,2026-08-05,https://play.google.com/store/apps/details?hl=ko&id=com.friendscube.somoim
7ec03a9a-17e5-415d-bdea-c34933b72e55,3,2022-06-21T15:09:55+00:00,업데이트 너무 자주함,0,4.1.8,2026-08-05,https://play.google.com/store/apps/details?hl=ko&id=com.friendscube.somoim
2a1fd208-d6be-4b70-8899-8619296d360c,5,2022-06-20T04:21:25+00:00,확실히 러시아 🇷🇺,0,4.1.8,2026-08-05,https://play.google.com/store/apps/details?hl=ko&id=com.friendscube.somoim
d972be74-8be6-4ce3-af17-d75347e1b2fa,5,2022-06-19T13:59:12+00:00,좋은 어플입니다,0,4.1.9,2026-08-05,https://play.google.com/store/apps/details?hl=ko&id=com.friendscube.somoim
1e5afd0c-ca4b-45c9-a117-ccfbfc5b1de4,1,2022-06-18T04:44:45+00:00,와.. 앱 삭제하고 시간지났다고 1년 가까이 써온 정보가 다 사라졌다네요 ㅋㅋㅋ 그전에 최소 6개월은 결제하고 모임 운영하던것도 있벘는데 ㄱ3 ㅋ 정말 어처구니가 없어서.. 관리도 제대로안되고 망 어플인거 같은데,2,4.1.9,2026-08-05,https://play.google.com/store/apps/details?hl=ko&id=com.friendscube.somoim
d785aa54-4734-4af9-962e-7568daa2821d,3,2022-06-17T15:18:45+00:00,기능이나 앱의 용도에비해 월결제가 너무비쌈 개인적으로 5천원이 적당해보임,0,4.1.9,2026-08-05,https://play.google.com/store/apps/details?hl=ko&id=com.friendscube.somoim
63ea4843-0b18-4e92-9537-a4670a0239b3,5,2022-06-16T20:00:23+00:00,좋아요,0,4.1.9,2026-08-05,https://play.google.com/store/apps/details?hl=ko&id=com.friendscube.somoim
5dbb38f0-d1c7-49a3-8e93-8fc1d916b499,2,2022-06-16T12:41:40+00:00,1개월 무료체험 혜택은 방 개설만되고 초대도안돼고 이게 무슨혜택잉고?,2,4.1.9,2026-08-05,https://play.google.com/store/apps/details?hl=ko&id=com.friendscube.somoim
d911b044-996c-45f5-9b6d-e3e9d0759b97,2,2022-06-16T10:03:57+00:00,지금 프리미엄 결제 세번째하고 있는데 취소도 안되고 왜 적용이 안되나요? 모임 어플 왜 이런식으로 관리하는지,0,4.1.9,2026-08-05,https://play.google.com/store/apps/details?hl=ko&id=com.friendscube.somoim
bf8f3984-51c1-43cc-aabf-0aeec9ca96c9,1,2022-06-15T08:27:49+00:00,"모임 어플을 5년이상째 쓰고 있긴 하지만 비용에 비해 없어도 되는 부분에 운영자들이 돈 투자를 많이 하셔서 부족한게 많음!! 톡도 사진, 동영상 안올라가고 무조건 사진첩에 올려야하는 단점! 그러니까 톡을 전부 카톡으로 하는모임이 대부분!! 톡도 렉걸려서 안뜸!! 투데이번개도 한번나가면 들어갈수없다는 단점! 이번에 모임어플가리기는 왜 만든지 이해 할수가 없음 ㅡ ㅡ!! 제발 렉 좀 안걸리게나 해주세요!!!!!! 운영자님들~~",17,4.1.9,2026-08-05,https://play.google.com/store/apps/details?hl=ko&id=com.friendscube.somoim
8fc4973c-34d2-4caa-8b1b-ac12f00f90e8,1,2022-06-14T18:08:35+00:00,분별없는 모임추천,0,4.1.8,2026-08-05,https://play.google.com/store/apps/details?hl=ko&id=com.friendscube.somoim
f429b7a6-3820-4950-85c9-742d55264ae8,5,2022-06-14T17:14:05+00:00,소모임 단체방 만들었는데 혹시 탈퇴 해도 무료 체험판이 지나면 자동으로 돈이 빠져 나가나요?,0,4.1.9,2026-08-05,https://play.google.com/store/apps/details?hl=ko&id=com.friendscube.somoim
af1289f0-7cbc-4a28-add1-f8d3fd1e416a,1,2022-06-14T11:47:20+00:00,소모임 만들었는데 암만 검색해도 안보이는건 유료회원이 아니라서인가요?,1,4.1.9,2026-08-05,https://play.google.com/store/apps/details?hl=ko&id=com.friendscube.somoim
d9202bd6-7144-4d64-86d6-c740614ce073,4,2022-06-14T08:00:26+00:00,재설치 후 실행하고 소모임 가입했는데 오류가 떴어 그러는데 수정 부탁드려요,0,4.1.9,2026-08-05,https://play.google.com/store/apps/details?hl=ko&id=com.friendscube.somoim
31197ad2-06bb-4591-9cfa-0821119e748e,1,2022-06-14T06:18:03+00:00,이상한 사람들 집합소,1,4.1.8,2026-08-05,https://play.google.com/store/apps/details?hl=ko&id=com.friendscube.somoim
fa07fe9f-096f-447c-a0a0-816ffd5318ad,5,2022-06-13T10:53:41+00:00,조아요~,0,4.1.9,2026-08-05,https://play.google.com/store/apps/details?hl=ko&id=com.friendscube.somoim
4604fb08-4517-49e3-b240-8f5cd7cc993d,5,2022-06-13T03:41:27+00:00,사교앱중 최고,0,4.1.9,2026-08-05,https://play.google.com/store/apps/details?hl=ko&id=com.friendscube.somoim
08160060-f275-4226-a728-26376f86d1ba,1,2022-06-12T02:04:38+00:00,카톡 오픈채팅이 더 많지않나요?,0,4.1.9,2026-08-05,https://play.google.com/store/apps/details?hl=ko&id=com.friendscube.somoim
965b7cb0-059f-4252-a1b3-cbc430a64f79,4,2022-06-12T01:29:00+00:00,좋네요,0,4.1.9,2026-08-05,https://play.google.com/store/apps/details?hl=ko&id=com.friendscube.somoim
2bc72266-0662-4a33-91f9-1e14d6e07168,1,2022-06-11T10:00:19+00:00,정모 만들기 갯수 좀 늘려주세요...세개는 너무 모자람,0,4.1.9,2026-08-05,https://play.google.com/store/apps/details?hl=ko&id=com.friendscube.somoim
18e87351-e1a9-4643-9e4d-580f81a2659a,5,2022-06-11T03:53:14+00:00,취미활동을 원하는 시간에 할수있어 너무 좋네요,0,4.1.9,2026-08-05,https://play.google.com/store/apps/details?hl=ko&id=com.friendscube.somoim
84983b04-447b-4687-8eb0-833f98649716,5,2022-06-11T00:55:20+00:00,굳,0,4.1.9,2026-08-05,https://play.google.com/store/apps/details?hl=ko&id=com.friendscube.somoim
c01c004e-768c-4122-8e75-457337844ec5,5,2022-06-10T13:55:27+00:00,좋아요~,0,4.1.9,2026-08-05,https://play.google.com/store/apps/details?hl=ko&id=com.friendscube.somoim
505d424e-553e-4912-8893-a25209a11b21,1,2022-06-10T03:13:40+00:00,모임을 만들었는데 저한테만 보이고 지역모임에도 안뜨고 검색해도 안뜨네요 설마 돈 안내면 안뜨는 시스템인가요?,0,,2026-08-05,https://play.google.com/store/apps/details?hl=ko&id=com.friendscube.somoim
a6e30e91-289c-4744-81ec-49ffadb51241,5,2022-06-10T02:26:31+00:00,만족합니다,0,4.1.8,2026-08-05,https://play.google.com/store/apps/details?hl=ko&id=com.friendscube.somoim
6878e714-a11e-4e4b-a62c-e0bd537379ed,5,2022-06-09T23:08:28+00:00,좋아요,0,4.1.8,2026-08-05,https://play.google.com/store/apps/details?hl=ko&id=com.friendscube.somoim
2ba20a76-b72a-40be-8bdc-709ab045c615,4,2022-06-09T19:01:37+00:00,그럭저럭,0,4.1.8,2026-08-05,https://play.google.com/store/apps/details?hl=ko&id=com.friendscube.somoim
328a5aca-c06e-4cd4-b55d-330fa0ee0ece,2,2022-06-09T14:05:44+00:00,모임은 없고 죄다 클래스 어쩌고 뿐이네..,0,4.1.9,2026-08-05,https://play.google.com/store/apps/details?hl=ko&id=com.friendscube.somoim
2072d7ff-f5ab-4279-b2ed-6491015e4455,1,2022-06-09T09:26:52+00:00,유료 어플인데 어플에 투자좀,0,4.1.9,2026-08-05,https://play.google.com/store/apps/details?hl=ko&id=com.friendscube.somoim
c9c8accf-e3a1-4a4a-9315-fb59a34bd54f,1,2022-06-09T08:01:36+00:00,개불편함,0,4.1.9,2026-08-05,https://play.google.com/store/apps/details?hl=ko&id=com.friendscube.somoim
b17a716d-7ccb-4abd-aa6a-0814460cdedf,5,2022-06-09T07:06:35+00:00,굿,0,4.1.8,2026-08-05,https://play.google.com/store/apps/details?hl=ko&id=com.friendscube.somoim
8ff7ec28-a528-4c61-901e-11ce3d7e72c5,4,2022-06-09T07:01:26+00:00,업뎃 안되는데..업뎃 방법 있나요?,0,4.1.8,2026-08-05,https://play.google.com/store/apps/details?hl=ko&id=com.friendscube.somoim
b83ab05f-eaa1-413e-b7f6-d35e858ee9cf,3,2022-06-09T03:31:49+00:00,인연을 만들어주는 역할엔 별 다섯 개 박고 도저히 봐 줄 수 없는 자질구레한 디자인에 별 하나를 뜯어냅니다. + 뭔 프사 보는데 돈을 뜯어.... 이런 수익구조가 옳은 건가요?,2,4.1.8,2026-08-05,https://play.google.com/store/apps/details?hl=ko&id=com.friendscube.somoim
1d2d0c0b-1aaa-4bab-96bb-87981274d113,4,2022-06-09T03:17:06+00:00,"관심분야 함께 모임하기 좋음 동영상 등록, 채팅창 링크 가능, 7개이상 모임 가입가능등 좀 더 개선 부탁드립니다.",1,4.1.9,2026-08-05,https://play.google.com/store/apps/details?hl=ko&id=com.friendscube.somoim
34872eab-6e48-4193-af93-df3769f23bec,5,2022-06-09T00:51:49+00:00,좋은 어플같아요.,0,4.1.9,2026-08-05,https://play.google.com/store/apps/details?hl=ko&id=com.friendscube.somoim
160e4d9c-06df-46bc-b404-72e697a69474,5,2022-06-09T00:17:12+00:00,좋아요..소모임 어플,0,4.1.8,2026-08-05,https://play.google.com/store/apps/details?hl=ko&id=com.friendscube.somoim
cff2f188-68a9-4648-aeaf-286150222a98,1,2022-06-08T22:55:53+00:00,강퇴가 심함 모임장 절대갑 왕놀이 함,2,4.1.9,2026-08-05,https://play.google.com/store/apps/details?hl=ko&id=com.friendscube.somoim
cf38e6db-beb0-45dc-bea6-7f2233387732,5,2022-06-08T22:23:25+00:00,사람들을 만날수있어서 좋고 취미활동도 즐기수 있어서 좋습니다^^,1,4.1.8,2026-08-05,https://play.google.com/store/apps/details?hl=ko&id=com.friendscube.somoim
bc781a91-460a-4bc9-ad63-dcff15929d6f,1,2022-06-08T11:04:40+00:00,개 찐따들 모여서 노는곳 남자 10명 여자2ㅡ3명 ㅋㅋ 피터지는 혈투 ㅋㅋ,16,4.1.9,2026-08-05,https://play.google.com/store/apps/details?hl=ko&id=com.friendscube.somoim
854562b2-8a9a-4643-8dfc-eb2224e098c1,5,2022-06-08T00:12:52+00:00,Good,0,4.1.8,2026-08-05,https://play.google.com/store/apps/details?hl=ko&id=com.friendscube.somoim
931cd482-8b48-4993-89ec-9f019c1d287b,5,2022-06-07T00:21:48+00:00,편리해요,0,4.1.8,2026-08-05,https://play.google.com/store/apps/details?hl=ko&id=com.friendscube.somoim
796e2572-4a23-4c8e-9c6e-e8655f8f7a55,4,2022-06-06T14:20:56+00:00,사람들 단톡방으로 초대할때 링크 복사가 안되는점이 너무 답답합니다 ㅠ 그리고 초대 알림 안오게하는 기능도 추가해주시면 너무좋을꺼같아요!,0,4.1.8,2026-08-05,https://play.google.com/store/apps/details?hl=ko&id=com.friendscube.somoim
d1de52f8-4924-43a2-bb81-21c31136fe8b,2,2022-06-06T08:23:51+00:00,파워유저보고 어이가 없네요 ㅋㅋ,2,4.1.8,2026-08-05,https://play.google.com/store/apps/details?hl=ko&id=com.friendscube.somoim
d5032bf5-a768-4909-9700-ead308ac845d,5,2022-06-06T07:36:04+00:00,좋아요!,0,4.1.8,2026-08-05,https://play.google.com/store/apps/details?hl=ko&id=com.friendscube.somoim
a779d4ad-04c5-4993-bb3c-8dae0c7ca624,5,2022-06-06T06:39:35+00:00,모임 잘 다니고 있어요. 좋은 앱 인것 같아요.,1,4.1.8,2026-08-05,https://play.google.com/store/apps/details?hl=ko&id=com.friendscube.somoim
d9b6de0d-0043-42fe-b3ee-9622f4eafd48,5,2022-06-05T14:08:03+00:00,좋네요,0,4.1.7,2026-08-05,https://play.google.com/store/apps/details?hl=ko&id=com.friendscube.somoim
426a8bbf-de09-4f70-b9d4-bc4a12a037c9,4,2022-06-05T00:09:49+00:00,좋아요,0,4.1.7,2026-08-05,https://play.google.com/store/apps/details?hl=ko&id=com.friendscube.somoim
0ca77017-d147-4647-9cff-b2356d990cb1,1,2022-06-04T11:23:11+00:00,초대거부도 안되고 프로필사진도 딴사람이랑 섞이고.. 앱 자체에 문제가 많음,1,4.1.7,2026-08-05,https://play.google.com/store/apps/details?hl=ko&id=com.friendscube.somoim
f9fd069a-9efc-481e-a378-7f4e52ba40ac,5,2022-06-04T07:21:18+00:00,굿,0,4.1.8,2026-08-05,https://play.google.com/store/apps/details?hl=ko&id=com.friendscube.somoim
490f2fb8-d72e-4f6f-81b7-78603beb6197,1,2022-06-02T17:56:38+00:00,기기이전이 안됩니다. 기기를 변경했는데 현재 사용중인 휴대폰에서는 앱을 사용하지 못하고 있어요.,1,4.1.8,2026-08-05,https://play.google.com/store/apps/details?hl=ko&id=com.friendscube.somoim
92255d08-1863-4368-a4da-ef2f234ccfc6,5,2022-06-02T06:38:21+00:00,소모임 잘 쓰고 있습니다. 그런데 게시글 수정 시 사진도 같이 수정할 수 있는 기능 넣어주시면 안될까요? 첨부한 사진 마음에 안들어서 바꾸고 싶어도 못바꾸고 게시글 삭제 후 다시 작성해야 한다는 점이 불편해요,1,4.1.8,2026-08-05,https://play.google.com/store/apps/details?hl=ko&id=com.friendscube.somoim
5175c991-9345-4f6f-9797-68cf994e1fa0,5,2022-06-02T01:44:01+00:00,굿,0,4.1.8,2026-08-05,https://play.google.com/store/apps/details?hl=ko&id=com.friendscube.somoim
6997c7bc-7131-4ae9-a22e-7efc44b59b9f,5,2022-06-01T08:24:00+00:00,모임에 이만한 어플 없음~ ^ ^,0,3.9.7,2026-08-05,https://play.google.com/store/apps/details?hl=ko&id=com.friendscube.somoim
fdf50c5c-987a-4bf9-923b-cc1d579779a0,1,2022-06-01T04:55:37+00:00,1 유령회원 심각함 2 파워유저기능? 상술이 너무 심함 3 월결제를 하는데 지원해주는게 너무 없음ㅡ모임갯수 회원관리 강퇴제한 지도 불편하게 바뀜,4,4.1.8,2026-08-05,https://play.google.com/store/apps/details?hl=ko&id=com.friendscube.somoim
643edb41-685b-4a07-8602-8601c08ec991,2,2022-06-01T00:18:56+00:00,"동네선택과 주제선택과 무관하게 필터링조차 되지 않는 모임리스트에 적잖이 당황했습니다. 사는동네, 직장위치를 적게 했으면 최소한 근거리 위주로 리스트가 보여야한다고 생각합니다.",6,,2026-08-05,https://play.google.com/store/apps/details?hl=ko&id=com.friendscube.somoim
62b3d704-43f8-4b55-aa24-d9251e36ac62,3,2022-05-31T20:47:29+00:00,버그가 너무 많아요,0,4.1.8,2026-08-05,https://play.google.com/store/apps/details?hl=ko&id=com.friendscube.somoim
a55448b8-e991-49c9-95c3-01b26b4887d6,5,2022-05-31T15:17:12+00:00,좋은모임찾앗어여,0,4.1.8,2026-08-05,https://play.google.com/store/apps/details?hl=ko&id=com.friendscube.somoim
57c51019-aca4-4855-9ef3-0001946d8124,5,2022-05-31T07:09:50+00:00,저는 이런 앱을 찾고있었는데 마침내 찾았네요,0,4.1.8,2026-08-05,https://play.google.com/store/apps/details?hl=ko&id=com.friendscube.somoim
426a6ad5-48df-49b5-86ba-52638ab54f88,5,2022-05-31T03:46:15+00:00,수고많으세요,0,3.9.6,2026-08-05,https://play.google.com/store/apps/details?hl=ko&id=com.friendscube.somoim
4c54183f-9952-498f-90bc-21a91bf09865,5,2022-05-31T00:00:31+00:00,어플 잘 만들었음,0,4.1.7,2026-08-05,https://play.google.com/store/apps/details?hl=ko&id=com.friendscube.somoim
541211d6-1be3-49d5-8701-1bfad3249bba,5,2022-05-30T16:27:36+00:00,좋은사람들 만날수있음 분위기가 유부거르는게 일단좋음 가정에충실합시다,0,3.8.0,2026-08-05,https://play.google.com/store/apps/details?hl=ko&id=com.friendscube.somoim
937fd1a7-c56e-4ee7-9a81-5f1b6715d2af,1,2022-05-30T12:49:38+00:00,모임 검색이 누구는 나오고 누구는 안나옴 ㅋㅋ,1,4.1.8,2026-08-05,https://play.google.com/store/apps/details?hl=ko&id=com.friendscube.somoim
461e9234-aab0-4759-9f6a-fe4bf1ed536d,5,2022-05-30T08:28:37+00:00,좋아요,0,4.1.7,2026-08-05,https://play.google.com/store/apps/details?hl=ko&id=com.friendscube.somoim
fa620286-2281-4966-80e8-eb798216f681,1,2022-05-30T07:42:06+00:00,쓰레기,1,4.1.8,2026-08-05,https://play.google.com/store/apps/details?hl=ko&id=com.friendscube.somoim
8328631d-79f5-4ef9-bd19-70decbf17bd9,5,2022-05-30T07:35:16+00:00,굿 좋아요,0,4.1.7,2026-08-05,https://play.google.com/store/apps/details?hl=ko&id=com.friendscube.somoim
49df037b-80b3-4a26-8045-e1eb4c0a4330,1,2022-05-30T04:04:07+00:00,불편합니다. 정모 외 벙 개설이나 채팅창 이미지업로드 기능이 필요합니다. 신생 모임 어플 나오면 밀립니다. 4년째 개선되는 부분이 안보입니다.,0,4.1.8,2026-08-05,https://play.google.com/store/apps/details?hl=ko&id=com.friendscube.somoim
8087aa01-c387-4ae7-9f7d-7b33511665f3,2,2022-05-30T03:31:47+00:00,검색도 안될 때가 많고 가입된 모임도 안나타나고 관리 참 후지게 안함.. 기능도 별 없음,1,4.1.8,2026-08-05,https://play.google.com/store/apps/details?hl=ko&id=com.friendscube.somoim
ec57fcd0-3f72-4989-af04-8389674b6bcc,4,2022-05-30T03:14:20+00:00,유용한 어플,0,4.1.8,2026-08-05,https://play.google.com/store/apps/details?hl=ko&id=com.friendscube.somoim
872f9648-e263-4700-aa34-a9028d7d54d9,5,2022-05-29T12:07:04+00:00,좋은 취지의 어플이에요,1,4.1.8,2026-08-05,https://play.google.com/store/apps/details?hl=ko&id=com.friendscube.somoim
09eb5a1d-d87d-4e87-a3a9-9c8c5527f0df,5,2022-05-29T10:44:28+00:00,🙂👍,0,4.1.7,2026-08-05,https://play.google.com/store/apps/details?hl=ko&id=com.friendscube.somoim
f4e21131-3ba9-4122-afe6-48600ee21642,1,2022-05-29T03:54:42+00:00,사용자 개인 정보를 너무 많이 요구함. 그것도 선택이 아닌 필수로. 삭제함.,3,4.1.8,2026-08-05,https://play.google.com/store/apps/details?hl=ko&id=com.friendscube.somoim
24fa1351-7715-4ece-8f70-4d322cf03d3c,3,2022-05-29T01:15:32+00:00,제발 이상한 파워유저권 만들지말고 투표갯수좀 늘려주세요^^,2,4.1.8,2026-08-05,https://play.google.com/store/apps/details?hl=ko&id=com.friendscube.somoim
4d038908-2167-495a-92e7-7a25c05edc54,5,2022-05-27T15:26:18+00:00,좋은모임의시작,0,4.1.7,2026-08-05,https://play.google.com/store/apps/details?hl=ko&id=com.friendscube.somoim
81331541-68c5-4fa9-bd27-5f6f23dcd43e,3,2022-05-27T09:35:31+00:00,"소모임을 5년째 쓰는 사람이고 한 모임의 운영진인대요. 업데이트를 너무 쓸때없는거만 하는거 아닌가요? 회원들 다른모임 가입한거부터 아얘 안보이게 다 막아버리네요 소모임에서 도대체 어떤 생각으로 이런식으로 하는건지 전혀 이해가 안됩니다. 타모임의 운영진이나 모임장이 가입하면 모임에 어떤일이 발생할지 조차 생각은 안하고 막아버린건가요? 한달, 1년치 프리미엄 스폰서로 결제하는 모임장부터 그리고 운영진들 입장은 하나도 생각안하고 허수아비로 만들려고 하는건가요? 이렇게 되면 모임의 회원이 모임개설을 해도 알수조차 없어지는데 모임자체를 개판소판으로 만들고 사람들끼리 정치질 갈등조장 모임파괴시키는거 밖에 안됩니다. 다른 업데이트 바라지도 않습니다. 신분증 집주소 노출되는거도 아니고 회원들의 모임 가입갯수나 이런 정보는 제일 중요한거중에 하나인데 아얘 안보이게 막아버리는 이건 정말 아니죠. 운영하는 분들 입장에서 좀 더 생각해주시고 원상태로 복구해주시길 바랍니다. 답변도 보시는대로 부탁드리구요.",6,4.1.8,2026-08-05,https://play.google.com/store/apps/details?hl=ko&id=com.friendscube.somoim
d2cf9d49-24e2-42f9-bbad-58ef296b2263,2,2022-05-27T00:33:38+00:00,밴드에도 소모임 많이 밀고 있던데 이렇게 서비스 기능이 제한적이면 갈아탈수도 있을것 같네요,0,4.1.8,2026-08-05,https://play.google.com/store/apps/details?hl=ko&id=com.friendscube.somoim
2a0ed4d2-8ba8-458c-a307-140877a3e9e1,5,2022-05-26T21:30:13+00:00,좋내요,0,4.1.7,2026-08-05,https://play.google.com/store/apps/details?hl=ko&id=com.friendscube.somoim
1c608de9-0493-47d2-b3ee-7ef7bb931cda,5,2022-05-26T12:45:49+00:00,괜찮은 앱입니다.,0,4.1.7,2026-08-05,https://play.google.com/store/apps/details?hl=ko&id=com.friendscube.somoim
73708792-2925-4391-a2c8-78a98ad8bd88,2,2022-05-26T08:38:09+00:00,업데이트 좀자주,0,4.1.7,2026-08-05,https://play.google.com/store/apps/details?hl=ko&id=com.friendscube.somoim
7b5d1966-6f25-4e0c-9480-d7ae8b3728cd,5,2022-05-26T08:28:08+00:00,취미활동 하기에는 좋은 어풀입니다~,0,4.1.7,2026-08-05,https://play.google.com/store/apps/details?hl=ko&id=com.friendscube.somoim
5d27e2ee-be9f-4a9e-9de4-a2b38d204dbf,3,2022-05-26T08:25:08+00:00,개발자로서 ui는 개선 하는게 좋아보입니다.,0,4.1.8,2026-08-05,https://play.google.com/store/apps/details?hl=ko&id=com.friendscube.somoim
710e03bc-7051-45f0-bc9d-7e6231389558,4,2022-05-26T08:05:10+00:00,"정모도 투벙처럼 별도 채팅창이 추가되었으면 좋겠습니다. 정모인원끼리 별도로 얘기할게 있을경우 따로 카톡방을 만들어야되는 불편함이 있어요 그리고 운영진과 모임장에게 회원이 정모나 투벙에 참석했다는 알림메세지는 없애거나 알림수신여부를 체크할수있는 옵션을 주셨으면 합니다 정모 최종 참석자만 알아도되는데 계속 참석, 취소 알림이 발생하는건 무의미한거같네요",14,4.1.8,2026-08-05,https://play.google.com/store/apps/details?hl=ko&id=com.friendscube.somoim
814b7e34-25c5-4cfe-a544-07db65fd1cbb,1,2022-05-26T06:12:35+00:00,왜... 왜 핸드폰 바꾸니까 기존 계정에서 가입한 모임을 탈퇴시키는 건가요 ㅠㅠ 어찌저찌 새로 가입해서 해결은 했는데 신경써주세요 정보 옮기는 기능이 있다던가 계정을 만들거나...,1,4.1.8,2026-08-05,https://play.google.com/store/apps/details?hl=ko&id=com.friendscube.somoim
872fdfc2-aac9-4e97-931b-31c5e01e97f0,5,2022-05-26T04:03:08+00:00,유용합니다. 사진에 스티커 부착기능 있으면 좋겠어요,1,4.1.7,2026-08-05,https://play.google.com/store/apps/details?hl=ko&id=com.friendscube.somoim
7e048f27-420a-495b-a890-da2544585a59,1,2022-05-26T00:44:46+00:00,요즘 n사 k사 앱들에 비해 현저히 떨어지는 시대 반영이 안된 어플이네요!!,0,4.1.7,2026-08-05,https://play.google.com/store/apps/details?hl=ko&id=com.friendscube.somoim
e8bc5996-764f-4c14-8b0f-266c73eba635,5,2022-05-24T12:45:19+00:00,좋아,0,4.1.7,2026-08-05,https://play.google.com/store/apps/details?hl=ko&id=com.friendscube.somoim
cf936eea-a086-453a-a68c-3d49ff80b3ab,1,2022-05-23T09:28:55+00:00,소모임말고클래스로전환하고픕니다,0,4.1.7,2026-08-05,https://play.google.com/store/apps/details?hl=ko&id=com.friendscube.somoim
52394adf-d626-4763-959f-07cb442924e5,5,2022-05-23T06:48:10+00:00,매우좋네여.,0,4.1.7,2026-08-05,https://play.google.com/store/apps/details?hl=ko&id=com.friendscube.somoim
a8005ab1-b9f1-4a85-895b-75a52fee6a84,4,2022-05-22T07:58:38+00:00,제가 가입을 안한 소모임의 멤버들 정보도 다 볼 수 있게 되어있던데 이건 좀 개선해주셨으면 해요. 사진 터치하니까 생년월일까지 다 보이네요!!!,0,4.1.7,2026-08-05,https://play.google.com/store/apps/details?hl=ko&id=com.friendscube.somoim
3bd03ebd-f631-43e7-9da9-05d8976fcad4,5,2022-05-21T22:24:07+00:00,좋은사람들과 좋은마음으로 봉사활동하게 되니 너무 좋네요,1,,2026-08-05,https://play.google.com/store/apps/details?hl=ko&id=com.friendscube.somoim
023fc8ae-154b-4934-8686-0a1cc5706484,5,2022-05-21T21:39:17+00:00,기능이너무없음,0,4.1.7,2026-08-05,https://play.google.com/store/apps/details?hl=ko&id=com.friendscube.somoim
71bb454a-1100-4a41-bf50-b229e7890020,5,2022-05-21T03:47:33+00:00,굳,0,4.1.7,2026-08-05,https://play.google.com/store/apps/details?hl=ko&id=com.friendscube.somoim
6c363228-c5f8-4c3d-9dd6-03c0d9f1191d,4,2022-05-20T15:30:55+00:00,지역에 있는 소모임 찾아서 가입하고 활동하기에 유용함.,0,4.1.7,2026-08-05,https://play.google.com/store/apps/details?hl=ko&id=com.friendscube.somoim
4b8385af-6cc7-4a3d-b57c-2e5983261fd0,5,2022-05-20T11:09:14+00:00,전 얼굴이 망가지고 있는데 코로나로 인해 마스크 착용으로 얼굴이 박살 났어요... 거울보며 스스로 무너지고 힘들고 외부와 단절할때 우연히 소모임 앱으로 사람들과 대화하다 만남포기 가입탈퇴를 여러번 했는데... 저를 찾아와서 꼭~ 잡아준 모임장님 덕분에 정모참여 벙개참여 하면서 마음의 문을 열었습니다. 진심으로 앱 개발자님 감사합니다~,1,4.1.7,2026-08-05,https://play.google.com/store/apps/details?hl=ko&id=com.friendscube.somoim
94156669-7f96-4bcd-9728-1c1800901af4,1,2022-05-18T12:51:07+00:00,일주일전부터 버그발생 고칠의향이없는지 감감무소식 메일보내도 읽지도 않음 돈 15000원받아먹으면서 개선할 생각도 안함 썩렬어플 등극할 예정 배째라인가?,1,4.1.7,2026-08-05,https://play.google.com/store/apps/details?hl=ko&id=com.friendscube.somoim
24f23cd2-5868-4b4f-a23a-9a6458d006c5,5,2022-05-18T07:23:55+00:00,다른모임 앱과 다르게 회원탈퇴도 까다롭지않고 모임이 주제별로 잘 세분화 되어있어 좋네요. 이용자가 더욱 많아지길 바랍니다.,1,4.1.7,2026-08-05,https://play.google.com/store/apps/details?hl=ko&id=com.friendscube.somoim
4dbc72b8-7a3d-4ff0-af60-9e40ed07d059,3,2022-05-17T16:54:24+00:00,정모사진 수정도 안되고 기타 기능들이 너무 미흡합니다.,2,4.1.7,2026-08-05,https://play.google.com/store/apps/details?hl=ko&id=com.friendscube.somoim
caf8bf60-d432-49c7-a2b2-70c949ced7ea,5,2022-05-17T11:08:21+00:00,좋아요!,0,4.1.7,2026-08-05,https://play.google.com/store/apps/details?hl=ko&id=com.friendscube.somoim
2eaeed7b-cd2c-47eb-a2c8-96d3509c7c39,1,2022-05-17T10:37:58+00:00,자꾸 가입하라고 푸시알림와서 짜증나서 지웠습니다. 설정에서 이거에 대한 알림만 따로 끌수도 없고 이부분만 해결되면 다시 사용할 의향 있음,0,3.7.7,2026-08-05,https://play.google.com/store/apps/details?hl=ko&id=com.friendscube.somoim
dea88446-42c5-477e-a1bd-07573220673f,5,2022-05-16T23:21:24+00:00,굿,0,4.1.7,2026-08-05,https://play.google.com/store/apps/details?hl=ko&id=com.friendscube.somoim
f97250b1-f2a1-495d-97a2-08050f21f076,4,2022-05-15T15:37:16+00:00,더 모임이 많아졌으면 좋겠어요,0,4.1.7,2026-08-05,https://play.google.com/store/apps/details?hl=ko&id=com.friendscube.somoim
c683f5f6-990a-4578-a4dd-2dfcacc672a2,5,2022-05-15T15:32:56+00:00,쩔어요,0,4.1.6,2026-08-05,https://play.google.com/store/apps/details?hl=ko&id=com.friendscube.somoim
292282ab-6d0b-4fb8-bb1f-06c6a290b393,5,2022-05-15T10:12:43+00:00,앞으로 더 활용해보고 다시 평가할께요,0,4.1.7,2026-08-05,https://play.google.com/store/apps/details?hl=ko&id=com.friendscube.somoim
f549251d-d8e0-4336-ac33-ccab36dfbd18,5,2022-05-13T02:32:54+00:00,감사합니다잘받앗어요,0,4.1.7,2026-08-05,https://play.google.com/store/apps/details?hl=ko&id=com.friendscube.somoim
2d910ccb-6fe8-4316-9e99-a5e48bc71be4,4,2022-05-12T13:22:50+00:00,사용방법을몰라 헤매이는중.. 자꾸 프리미엄에서 클레스로 업그렝드해서 요금요구. 주 내용 변경하려고 하면 클레스로 바꾸라고...,0,4.1.7,2026-08-05,https://play.google.com/store/apps/details?hl=ko&id=com.friendscube.somoim
1c516a44-c46c-4999-84ea-3017f595b650,1,2022-05-12T02:26:19+00:00,마곡동을 선택할수없네요 개선해주세여,0,4.1.7,2026-08-05,https://play.google.com/store/apps/details?hl=ko&id=com.friendscube.somoim
19f5d5d2-8215-4558-b30a-73d078d126dd,5,2022-05-11T22:53:57+00:00,좋아요,0,4.1.7,2026-08-05,https://play.google.com/store/apps/details?hl=ko&id=com.friendscube.somoim
1d1bb63a-f9c5-40ff-8aab-1d267fac927b,3,2022-05-11T12:52:38+00:00,다 좋은데요 사람들이 언제언제 참여를 했나 그런 시스템이 있었으면 좋겠습니다^^,0,4.1.7,2026-08-05,https://play.google.com/store/apps/details?hl=ko&id=com.friendscube.somoim
cf08c89a-3742-4887-927b-316b99c4034f,4,2022-05-11T06:03:25+00:00,다좋은데 제발 태그메세지 알람좀 꺼두는것좀 만들어주세요 설정에 있다곤하나 그거 꺼도 울리는거 똑같아요,0,4.1.7,2026-08-05,https://play.google.com/store/apps/details?hl=ko&id=com.friendscube.somoim
ef2813a3-e273-4f76-9548-659b3641cef0,5,2022-05-11T05:22:44+00:00,굿,0,4.1.7,2026-08-05,https://play.google.com/store/apps/details?hl=ko&id=com.friendscube.somoim
cf998223-a602-4dd6-99f1-b66d17508a05,5,2022-05-11T03:05:26+00:00,추억,0,4.1.7,2026-08-05,https://play.google.com/store/apps/details?hl=ko&id=com.friendscube.somoim
89166928-af11-4a22-81f0-3638b44c59c2,5,2022-05-11T01:23:37+00:00,좋아음,0,4.1.7,2026-08-05,https://play.google.com/store/apps/details?hl=ko&id=com.friendscube.somoim
307dd44b-73bb-4955-8d2f-3eb692a9c2e1,5,2022-05-10T11:26:47+00:00,모임에도움이됨,0,4.1.7,2026-08-05,https://play.google.com/store/apps/details?hl=ko&id=com.friendscube.somoim
7bda37f2-9ffe-4871-a5d7-17f623d8a7ba,5,2022-05-10T01:24:25+00:00,잘 쓰고 있습니다,0,4.1.7,2026-08-05,https://play.google.com/store/apps/details?hl=ko&id=com.friendscube.somoim
d24d24ad-6630-4939-814f-ec366945ac46,3,2022-05-10T00:28:53+00:00,나름 쓸만!,0,4.1.7,2026-08-05,https://play.google.com/store/apps/details?hl=ko&id=com.friendscube.somoim
fc4e6a29-4850-46e7-a260-7b32b8cc3d39,5,2022-05-09T09:52:32+00:00,좋아요,0,4.1.7,2026-08-05,https://play.google.com/store/apps/details?hl=ko&id=com.friendscube.somoim
10325e17-f9da-41b3-a776-114e7e9bbcca,5,2022-05-09T03:38:38+00:00,굿,0,4.1.7,2026-08-05,https://play.google.com/store/apps/details?hl=ko&id=com.friendscube.somoim
f1959671-4b31-443c-b7d8-80de7c1cb295,5,2022-05-07T03:07:30+00:00,재밌네용,0,4.1.7,2026-08-05,https://play.google.com/store/apps/details?hl=ko&id=com.friendscube.somoim
bf18bfc9-026c-41c5-be75-bb36f3b9a90d,5,2022-05-06T03:24:46+00:00,모임 찾기 띡 좋은거 같아요,0,4.1.7,2026-08-05,https://play.google.com/store/apps/details?hl=ko&id=com.friendscube.somoim
901f14de-9834-45c3-a761-3ce03bd35c4a,1,2022-05-04T09:50:19+00:00,질떨어지는 사람들이 모인 곳,0,,2026-08-05,https://play.google.com/store/apps/details?hl=ko&id=com.friendscube.somoim
eb4de279-6081-4b9d-b102-360072990096,2,2022-05-04T05:06:04+00:00,원하는 위치만 나올 수 있게 설정할 수 있으면 좋겠어요 기껏 위치 다 정해놨는데 다른지역 모임만 우루루 나오고 답답해요,1,4.1.7,2026-08-05,https://play.google.com/store/apps/details?hl=ko&id=com.friendscube.somoim
d49da2d3-08e8-4415-adf6-56888bfd69b9,4,2022-05-04T01:52:00+00:00,소모임 제주 (90년생 제주를 즐기는 재주) 후기 방에들어가면 가입인사로 개인정보랑 실명올리고 들어가는데 그거 강퇴당하시면 못지우는데 공지에 들어오면 카톡으로도 방장에게 문자보내서 카톡링크 받으라는데 일반문자로 가입인사드리고 확인을 안하셔서 조심스럽게 문자 확인이 될까요 라고 물어보니 공지 똑바로 안읽는다고 물어보지도 않고 바로 강퇴처리당해서 그 소모임 게시글에 제 개인정보가 박제됬네요 모임 장 인성적인 부분이야 미리 알고 손절당한거지만 저도 그런 인성가진 반장밑에서 모임가지기는 싫네요 그래서 그러려니 하고 넘어갈 수 있지만 개인정보 보호가 안되는 문제는 해결해주시길 바랍니다 적어도 자신이 적은 게시글에 대한 권한은 개인에게 있어야지 모임장에서 강퇴되자마자 박제되는건 아닌것 같습니다,0,4.1.7,2026-08-05,https://play.google.com/store/apps/details?hl=ko&id=com.friendscube.somoim
eb93557e-1961-4594-ac36-025b1abfba75,5,2022-05-03T23:46:33+00:00,굿,0,4.1.7,2026-08-05,https://play.google.com/store/apps/details?hl=ko&id=com.friendscube.somoim
944ada4f-d858-4c60-9228-06007d13a6ec,5,2022-05-03T15:00:46+00:00,굿,0,4.1.7,2026-08-05,https://play.google.com/store/apps/details?hl=ko&id=com.friendscube.somoim
8c1c4ff8-0b93-4d78-b900-ec6b924a9bb9,1,2022-05-03T14:14:56+00:00,가입한 모임 자진탈퇴는 안되네요?,0,,2026-08-05,https://play.google.com/store/apps/details?hl=ko&id=com.friendscube.somoim
40d5e2d1-eb09-489c-bf48-bb8bbd1b508a,3,2022-05-03T10:45:50+00:00,모임 개설후에 다른사람이 모임명 검색시에 안나와요,0,4.1.7,2026-08-05,https://play.google.com/store/apps/details?hl=ko&id=com.friendscube.somoim
b2d17718-09d2-4df1-b59a-94006cd8dfc6,5,2022-05-03T03:24:08+00:00,좋은거같아요^^,0,4.1.6,2026-08-05,https://play.google.com/store/apps/details?hl=ko&id=com.friendscube.somoim
858b5ffb-5cd2-4d62-810d-10fcee02fddb,4,2022-05-02T12:47:45+00:00,좋은데 몬가 클래스는 별로 없구 개인적으로 인터페이스보기가 눈아픈듯?,0,4.1.7,2026-08-05,https://play.google.com/store/apps/details?hl=ko&id=com.friendscube.somoim
2a25c4eb-f888-4c6b-a742-6cb656e2ee89,5,2022-05-02T01:34:51+00:00,좋다,0,4.1.7,2026-08-05,https://play.google.com/store/apps/details?hl=ko&id=com.friendscube.somoim
6b3162d1-30be-4289-82d5-e74823376565,1,2022-05-01T05:55:35+00:00,검색 알고리즘좀 고쳐주세요 같은 모임에 들어가 있어도 검색에 똑같은 조건으로 검색해도 나오는 사람이 있고 안나오는 사람이 있는거죠...그리고 여러가지 불편한 점이 많은데 돈까지 냈는데도 기능도 제한적인게 너무 많음 다른 사람들 피드백좀 받고 개선 합시다 돈 어느정도 벌었다고 관리 안하는건가요?m,1,4.1.7,2026-08-05,https://play.google.com/store/apps/details?hl=ko&id=com.friendscube.somoim
5bb769d5-6765-4d7b-b544-77b8d380524f,4,2022-05-01T02:34:19+00:00,Nice network,0,4.1.7,2026-08-05,https://play.google.com/store/apps/details?hl=ko&id=com.friendscube.somoim
c1aad2ff-0412-489d-8c81-419f9e61dc60,1,2022-04-30T02:43:06+00:00,플랫폼 잘만드신건 좋은데 개선할생각이 전혀없으신가요? 5년째쓰고있는데 검색기능없는거나 탈퇴시키는것도 주 10명 제한이나 . Ui가 최악이에요. 그렇게 길게운영하고 업데이트를 왜 안하십니까? 게시판도 카테고리순으로 좀 나누시구요. 네이버 카페앱 반만 따라가세요. 앱 사용성은 최악입다 진짜,0,4.1.7,2026-08-05,https://play.google.com/store/apps/details?hl=ko&id=com.friendscube.somoim
72203905-bb4b-4647-8de6-f4ce75db1543,4,2022-04-29T06:57:29+00:00,좋아,0,4.1.7,2026-08-05,https://play.google.com/store/apps/details?hl=ko&id=com.friendscube.somoim
8dda49d6-a920-4721-8f4d-1eeb18c7efb9,5,2022-04-29T02:50:24+00:00,좋네좋아,0,4.1.7,2026-08-05,https://play.google.com/store/apps/details?hl=ko&id=com.friendscube.somoim
e636f97c-d77a-4ca2-8fbe-bbb81d088be4,1,2022-04-28T14:58:56+00:00,사이비 종교있으니 조심하세요.,2,3.8.5,2026-08-05,https://play.google.com/store/apps/details?hl=ko&id=com.friendscube.somoim
a9f42b78-6c60-4e92-be93-f59adb87fdba,3,2022-04-28T05:08:43+00:00,회원 다른사람 모임 가입목록이 보이지를 않아요,1,4.1.7,2026-08-05,https://play.google.com/store/apps/details?hl=ko&id=com.friendscube.somoim
3aaa200b-82f7-40f4-a096-1310b3c3042c,5,2022-04-27T21:22:31+00:00,잘 사용할게요..,0,4.1.7,2026-08-05,https://play.google.com/store/apps/details?hl=ko&id=com.friendscube.somoim
24ae403d-ef7f-49f5-9561-b00f2cdd672c,2,2022-04-27T11:02:48+00:00,"모임검색이안되요 아예, 클래스만보이고 모임이 보이지않습니다 도대체 버그나 ui는 언제 개선하는지.. 회원탈퇴하고나니 기존보였던 모임이 안보이고 검색의 질이 확낮아졌어요 무슨 유료모임만 위에뜨게해놨는지, 현재 활동하고있는 소모임이 검색이안되는건 뭐죠? 소모임 이름도알고있는데 뜨질않아요",7,4.1.7,2026-08-05,https://play.google.com/store/apps/details?hl=ko&id=com.friendscube.somoim
f85f4f14-c670-4e9a-98a8-3b084ed507c6,1,2022-04-26T12:26:18+00:00,모임 참석버튼 누르면 운영진 알람오는 기능 없애주시던가 설정할수있게 변경해주세요. 알람 너무와요 앱 삭제하고싶습니다,1,4.1.7,2026-08-05,https://play.google.com/store/apps/details?hl=ko&id=com.friendscube.somoim
319ddc6d-9b9f-4c6d-9c0d-6bfa9c86cd21,4,2022-04-26T08:11:05+00:00,채팅 잘못쓰면 카톡처럼 삭제할수 있게 해주세요,1,4.1.7,2026-08-05,https://play.google.com/store/apps/details?hl=ko&id=com.friendscube.somoim
f1aab425-80c3-40ed-aa4f-f98bdb5feaf0,1,2022-04-26T02:30:53+00:00,오래도록 썼지만 발전이 없어도 너무 없는것 같네요.. 초대거절기능이라던지 불편한게 한두개개 아닌데... 사용자들에 말에 귀좀 기울이세요,4,4.1.7,2026-08-05,https://play.google.com/store/apps/details?hl=ko&id=com.friendscube.somoim
377ea3b5-c4ad-4e09-9b41-027195c2155f,5,2022-04-25T22:30:29+00:00,취미가 맞는좋은 만남이 좋아요.돈만들고 만남은 없고 이용만 당하는 그런것과 달라서 좋아요,2,4.1.7,2026-08-05,https://play.google.com/store/apps/details?hl=ko&id=com.friendscube.somoim
ad26a9f2-4b86-4824-8e80-85e990665e0d,3,2022-04-25T18:30:16+00:00,모임결성하고 회원유치하기 나쁘지 않았어요. 그런데 기능이 너무 제한적이네요. 영상 업로드 기능도 없고 링크공유기능도 없고요. 정모개설시 참여회원 수도 왔다갔다 합니다. 모임장의 경우 소모임개설하려면 매달 일정금액 지불하고 이용해야하는데 그에 비해 너무 기능이 없네요. 정모 참여 이후에도 지난 정모 때 누가 참석을 눌렀는지 지속적으로 볼 수 있었으면 합니다.,196,4.1.7,2026-08-05,https://play.google.com/store/apps/details?hl=ko&id=com.friendscube.somoim
9c4513cd-8a44-47a1-9479-5088325db88f,1,2022-04-25T05:07:45+00:00,기혼자 동성친구 만나고싶은데 그런모임이 드문것같어서 탈퇴합니다,1,,2026-08-05,https://play.google.com/store/apps/details?hl=ko&id=com.friendscube.somoim
32fdcde6-0c2d-459d-8dcc-a890234118cb,4,2022-04-25T03:09:44+00:00,다양한 모임이 있네요,0,4.1.7,2026-08-05,https://play.google.com/store/apps/details?hl=ko&id=com.friendscube.somoim
e2a23b89-8767-492c-958e-aced73770f27,5,2022-04-24T09:53:27+00:00,생각보다 취미모임을 찾기 쉬었습니다.,0,4.1.7,2026-08-05,https://play.google.com/store/apps/details?hl=ko&id=com.friendscube.somoim
7290e358-ec2e-4376-990b-14b97941b04d,1,2022-04-20T23:50:37+00:00,아 진짜 이상한거 업뎃했네? 운영진한테 회원들 모임참석&취소 할때마다 채팅창에 귓말 알람오게 왜 한거에요?? 앱채팅창이 저걸로 도배됨ㅋㅋ어이없는거 업뎃좀 하지말고 돈 그렇게 받았으면 게시글 쓸때 이미지첨부기능좀 향상시키셈;; 22년도 어플맞음? 기능개선좀 하라고요~,3,4.1.7,2026-08-05,https://play.google.com/store/apps/details?hl=ko&id=com.friendscube.somoim
a68cd3c4-9532-4ac8-bb66-ab123f1b5483,5,2022-04-19T07:50:17+00:00,좋아요,0,4.1.7,2026-08-05,https://play.google.com/store/apps/details?hl=ko&id=com.friendscube.somoim
dffe9f85-f290-4c0b-b23d-d3b97b29fe66,3,2022-04-18T22:24:02+00:00,앱좋네요,0,4.1.7,2026-08-05,https://play.google.com/store/apps/details?hl=ko&id=com.friendscube.somoim
cd24d29d-e3b8-4136-8d5d-2ac5d3e95ece,1,2022-04-18T10:06:50+00:00,촤대 정모 개설좀 늘려줘...3개가 뭐냐 3개가..,1,4.1.7,2026-08-05,https://play.google.com/store/apps/details?hl=ko&id=com.friendscube.somoim
22c80651-6d2e-4a4d-9c4c-e87138ec4034,3,2022-04-17T22:50:09+00:00,Ui ux가 뭔가 이질감이 있네요,0,4.1.7,2026-08-05,https://play.google.com/store/apps/details?hl=ko&id=com.friendscube.somoim
cd652b8d-9e4a-402f-98c0-f9a6ce712177,3,2022-04-17T13:03:31+00:00,모바일데이터는 잘되는데 와이파이 접속시 인터넷연결문제 오류가 계속뜨네요 와이파이문제 아니냐할까봐 말씀드리면 다른건 다잘됨,14,4.1.7,2026-08-05,https://play.google.com/store/apps/details?hl=ko&id=com.friendscube.somoim
814e186d-322c-424e-ba00-b340df1c90ce,5,2022-04-17T12:53:21+00:00,우선은 초보지만. 의미가 좋은것 같아요,0,4.1.7,2026-08-05,https://play.google.com/store/apps/details?hl=ko&id=com.friendscube.somoim
fb4a8a8d-19e1-483b-9049-d08684ad92df,5,2022-04-17T11:49:47+00:00,모임에 문의할수있는 기능이 생겼으면 해요 모임가입하고싶은데 날짜나 이런게 안맞으면 곤란하니까요,1,4.1.6,2026-08-05,https://play.google.com/store/apps/details?hl=ko&id=com.friendscube.somoim
3a3639fa-d1c5-4560-ba0d-7e07cbdcb2c7,5,2022-04-16T15:04:16+00:00,괜찮네요 추천으로 소개받았습니다 관심찾기가 방만들기로나와요 개선이나 확인좀 해주세요,0,4.1.7,2026-08-05,https://play.google.com/store/apps/details?hl=ko&id=com.friendscube.somoim
6b83daa2-c1d0-4af3-ace5-cf538f930897,1,2022-04-16T10:36:10+00:00,여자에 환장한 소모임장들 남자회원들은 갖은 핑계를 대서 쫓아내고 여자들은 어떻게든 해보려고 발정난것마냥 꼬셔댐 ㅋㅋ 그에 따른 소모임 대처는 아무것도 없음,5,4.1.7,2026-08-05,https://play.google.com/store/apps/details?hl=ko&id=com.friendscube.somoim
b3201c76-1f5f-4b7d-9f7d-38712c9d2cc7,3,2022-04-16T02:31:22+00:00,아직은 잘모르겠음 ㄷㄷ,0,4.1.7,2026-08-05,https://play.google.com/store/apps/details?hl=ko&id=com.friendscube.somoim
53cdafbc-812a-4c97-9d26-be7c61453923,5,2022-04-15T15:00:54+00:00,굿,0,4.1.6,2026-08-05,https://play.google.com/store/apps/details?hl=ko&id=com.friendscube.somoim
154732f7-9a89-44c8-b67c-ccad2534e26d,1,2022-04-15T07:11:09+00:00,몇칠째 자꼬 로딩만되고 연결이안되네요. 폰을 꺼다가 다시켜봤지만 몇칠째 같은현상만일어나네요...,0,,2026-08-05,https://play.google.com/store/apps/details?hl=ko&id=com.friendscube.somoim
111b5157-6829-41f2-8de9-44d4ad07bbca,5,2022-04-15T04:12:57+00:00,좋아요,0,4.1.6,2026-08-05,https://play.google.com/store/apps/details?hl=ko&id=com.friendscube.somoim
e1a47e89-5a76-4965-9edd-0c224a80a3da,5,2022-04-14T16:06:25+00:00,아방이타는데 소모임 세차 모임 갸입함-ㅋ 취미 모임많코 지역 사람도 많음 채팅이 카톡에 비해선 느리나 그외엔 전반적으로 만족스럽고 나름 동호회로 인기몰이하는듯하고 꽤 잘 만든느낌 ㅎㅎ,2,4.1.6,2026-08-05,https://play.google.com/store/apps/details?hl=ko&id=com.friendscube.somoim
bf5cdc0b-328e-4008-84ab-e2f34e5977e3,1,2022-04-13T06:06:47+00:00,문의사항 메일로 보내면 답변 따윈 없더군요,1,4.1.3,2026-08-05,https://play.google.com/store/apps/details?hl=ko&id=com.friendscube.somoim
4c243057-db2b-4727-895a-7296332496aa,5,2022-04-13T00:06:44+00:00,인간관계 쌓기 좋네요,0,4.1.6,2026-08-05,https://play.google.com/store/apps/details?hl=ko&id=com.friendscube.somoim
14760f60-72f1-4f54-9345-96c777ca3909,5,2022-04-12T12:38:54+00:00,👍👍👍,0,4.1.6,2026-08-05,https://play.google.com/store/apps/details?hl=ko&id=com.friendscube.somoim
fe148be6-9d6c-4b75-acb2-dba3c495ad2a,5,2022-04-11T13:09:42+00:00,굿,0,4.1.6,2026-08-05,https://play.google.com/store/apps/details?hl=ko&id=com.friendscube.somoim
67d73a61-53cf-4ccc-a3f1-cd5026edbc00,5,2022-04-11T07:35:47+00:00,좋아요,0,4.1.6,2026-08-05,https://play.google.com/store/apps/details?hl=ko&id=com.friendscube.somoim
789a9950-78f4-4379-9766-eedb68909eb0,5,2022-04-10T07:23:05+00:00,좋아요,0,4.1.6,2026-08-05,https://play.google.com/store/apps/details?hl=ko&id=com.friendscube.somoim
0c1cbf7c-4e4b-4c9f-a1d0-20a384852057,5,2022-04-09T12:40:24+00:00,굿,0,4.1.4,2026-08-05,https://play.google.com/store/apps/details?hl=ko&id=com.friendscube.somoim
c3660e54-0b84-40ac-80c9-ba4fa13563ad,4,2022-04-09T12:20:55+00:00,"유용한 앱이나 기능적으로 부족한 면이 많아 아쉬움. 그리고 신천지, 기타 사이비종교가 위장한 모임이 많으니 정상적인 이용자들은 주의하세요.",4,4.1.6,2026-08-05,https://play.google.com/store/apps/details?hl=ko&id=com.friendscube.somoim
4150274d-9ed8-4605-9190-21276151a4c8,1,2022-04-09T11:03:32+00:00,모임 차단 기능이 있었으면 좋겠네요 초대 안 받고 싶어요,2,,2026-08-05,https://play.google.com/store/apps/details?hl=ko&id=com.friendscube.somoim
fd244850-2269-4b4c-853b-4b513f3ced4b,5,2022-04-09T00:27:03+00:00,아주 좋습니다.,1,4.1.6,2026-08-05,https://play.google.com/store/apps/details?hl=ko&id=com.friendscube.somoim
04ea11e7-a3fb-404d-accf-9540350b6948,5,2022-04-08T11:37:58+00:00,좋아요 ㅎㅎ,0,4.1.6,2026-08-05,https://play.google.com/store/apps/details?hl=ko&id=com.friendscube.somoim
c57917c1-b181-4d99-8ceb-5cd71dba71d2,3,2022-04-08T02:54:50+00:00,괜찮네요,0,,2026-08-05,https://play.google.com/store/apps/details?hl=ko&id=com.friendscube.somoim
20a3be66-fb72-464a-830e-2b08d026004c,1,2022-04-07T14:30:15+00:00,한 모임에서 계속 반복적으로 초대가 오는데 초대거부기능 있었으면 좋겠어요,2,4.1.6,2026-08-05,https://play.google.com/store/apps/details?hl=ko&id=com.friendscube.somoim
f263da32-2b48-4ff1-9488-603904c50f6a,4,2022-04-06T15:12:21+00:00,기본입니다,0,4.1.6,2026-08-05,https://play.google.com/store/apps/details?hl=ko&id=com.friendscube.somoim
7077affb-48f8-4e18-97c6-10fbe0744335,1,2022-04-06T10:40:18+00:00,사람이 별로없어요,0,4.1.6,2026-08-05,https://play.google.com/store/apps/details?hl=ko&id=com.friendscube.somoim
8f07ea41-64f8-4971-bb05-99d35fc5bde6,5,2022-04-05T15:29:30+00:00,좋아요ㅎㅎ,0,4.1.6,2026-08-05,https://play.google.com/store/apps/details?hl=ko&id=com.friendscube.somoim
b59d2c2f-5411-4516-98fa-38e3759d9c6c,2,2022-04-04T01:16:18+00:00,핸드폰 변경시 마이그레이션이 제대로 되지 않고 이력 추적이 용이하지 않습니다. 계속 앱을 이용하더라도 기기는 변경될 수 있는 점을 고려한 서비스를 원합니다. (계정연동 클라우드화 같이요....),111,4.1.6,2026-08-05,https://play.google.com/store/apps/details?hl=ko&id=com.friendscube.somoim
acb9d253-2115-448c-b153-0f150bae0eec,1,2022-04-04T00:50:01+00:00,사용하고 있는데 전체 태크 기능이 안됨,1,4.1.6,2026-08-05,https://play.google.com/store/apps/details?hl=ko&id=com.friendscube.somoim
62c3d96c-9764-48c8-9a09-c4cef406c1dc,1,2022-04-03T02:33:48+00:00,회원가입하는데 집주소가 안뜨네여 촌에 살면 말도 안하는데 개빡치게 하네여??? 님들이 그래 만들어 놨으면 우야라는건지??,1,4.1.6,2026-08-05,https://play.google.com/store/apps/details?hl=ko&id=com.friendscube.somoim
f195c4d2-676b-4d28-92ca-8e03bf40ed33,5,2022-04-01T02:13:16+00:00,굿굿,0,4.1.6,2026-08-05,https://play.google.com/store/apps/details?hl=ko&id=com.friendscube.somoim
9c614ec3-f1f7-48c1-84fc-ba5f7546d11e,3,2022-03-30T11:13:10+00:00,"모임을 찾는데, 전부 서울 밖에 없네요. 게다가 지역 설정을 하려고 해도 제 지역이 안떠요. '인천광역시 서구 원당동' 좀 추가 부탁드립니다.",1,4.1.6,2026-08-05,https://play.google.com/store/apps/details?hl=ko&id=com.friendscube.somoim
1aa3398e-44a6-458c-9788-ab4b8cb9951f,1,2022-03-30T08:32:02+00:00,친구가 삭제했다가 재설치하려고하는데 대기중..... 메시지 만 뜨고 설치가안된다고하네요.,0,4.1.3,2026-08-05,https://play.google.com/store/apps/details?hl=ko&id=com.friendscube.somoim
9f8213a2-afc2-4761-9894-2f50e2714725,1,2022-03-29T21:08:24+00:00,이거 왜 어플 삭제후 재가입하니 원래 가입했었던 정보가 없나요.,2,4.1.6,2026-08-05,https://play.google.com/store/apps/details?hl=ko&id=com.friendscube.somoim
bb147eb9-188e-4dcf-a72a-bfebfafa716b,1,2022-03-29T00:53:46+00:00,구독취소버튼좀...,1,4.1.6,2026-08-05,https://play.google.com/store/apps/details?hl=ko&id=com.friendscube.somoim
77235710-4b96-4432-b10e-2747cb311b97,1,2022-03-28T00:15:50+00:00,주소검색이 안되네요 주소데이터가 옛날꺼인듯합니다,0,,2026-08-05,https://play.google.com/store/apps/details?hl=ko&id=com.friendscube.somoim
ffe33c66-fcf2-439d-ae70-524e38bf166b,4,2022-03-27T22:29:41+00:00,굿,0,4.1.5,2026-08-05,https://play.google.com/store/apps/details?hl=ko&id=com.friendscube.somoim
5e0f537d-409b-4263-b04e-70c79c35e574,2,2022-03-27T14:49:20+00:00,플립3 에서는 이 앱에서는 알림을 보내지 않습니다라고 하는데 문제가 뭠가요,0,4.1.5,2026-08-05,https://play.google.com/store/apps/details?hl=ko&id=com.friendscube.somoim
403cf1df-254f-43b3-9abf-a57ff5ee185b,1,2022-03-27T06:18:27+00:00,스토킹 신고하는데 3개월째 답변이 없음,0,4.0.7,2026-08-05,https://play.google.com/store/apps/details?hl=ko&id=com.friendscube.somoim
bf0c0576-4039-45a2-b4e0-7443b3c3c379,5,2022-03-27T02:38:42+00:00,굿,1,4.1.5,2026-08-05,https://play.google.com/store/apps/details?hl=ko&id=com.friendscube.somoim
0c6b86f4-d37f-47b5-bcdc-33e7ee40bd9f,5,2022-03-25T10:07:57+00:00,건전한 모임입니다,0,4.1.5,2026-08-05,https://play.google.com/store/apps/details?hl=ko&id=com.friendscube.somoim
88a88689-2728-488b-a848-c6ea24ad9e0d,5,2022-03-25T10:03:14+00:00,동네 친구들 잘 만나고 있습니다 누가 게시글을 쓰면 게시글 알림+알림의 알림이 두 번 뜨네요. 이런 기능 조정 해주세요.,2,4.1.5,2026-08-05,https://play.google.com/store/apps/details?hl=ko&id=com.friendscube.somoim
29bb1cc8-1d5d-4103-8af6-1462c3123903,5,2022-03-23T11:34:01+00:00,좋아요,0,4.1.5,2026-08-05,https://play.google.com/store/apps/details?hl=ko&id=com.friendscube.somoim
ba19422f-8a83-4965-b13c-4e818a82f7cf,2,2022-03-23T01:53:09+00:00,활성화된 모임이 없음,0,4.1.5,2026-08-05,https://play.google.com/store/apps/details?hl=ko&id=com.friendscube.somoim
9f67d695-21a5-40bf-b823-d344b9e22e2d,4,2022-03-22T10:47:39+00:00,채팅에서 삭제 기능좀 있었으면 좋겠어요! 모르고 썻다가 삭제가 안되니 당황스럽네요,3,4.1.5,2026-08-05,https://play.google.com/store/apps/details?hl=ko&id=com.friendscube.somoim
5f1cb6e7-5247-46ae-973c-3f2b98ad662b,5,2022-03-22T04:11:25+00:00,정말 좋은것같아요,0,4.1.5,2026-08-05,https://play.google.com/store/apps/details?hl=ko&id=com.friendscube.somoim
1077d332-6a06-4401-ac6d-546b5f1ab4f7,5,2022-03-21T12:32:56+00:00,좋음,1,4.1.5,2026-08-05,https://play.google.com/store/apps/details?hl=ko&id=com.friendscube.somoim
35e5c1a5-7857-4ac7-8b11-8e15990e7942,1,2022-03-20T23:17:14+00:00,거지,1,4.1.5,2026-08-05,https://play.google.com/store/apps/details?hl=ko&id=com.friendscube.somoim
486e9d10-ca33-4bbb-a78f-96d53e22f56a,5,2022-03-20T06:08:27+00:00,굿,0,4.1.5,2026-08-05,https://play.google.com/store/apps/details?hl=ko&id=com.friendscube.somoim
a50658b0-523a-4fe8-8266-02321ac9faaa,5,2022-03-17T10:14:12+00:00,개설한 모임을 없애려고 하는데 어떻게 해야하나요? 프리미엄도 탈퇴해야하는데 어디에서 할 수 있나요?,0,4.1.5,2026-08-05,https://play.google.com/store/apps/details?hl=ko&id=com.friendscube.somoim
fd0a8358-3187-4a70-92bc-0961b45e8eac,5,2022-03-17T06:06:54+00:00,잼,0,4.1.5,2026-08-05,https://play.google.com/store/apps/details?hl=ko&id=com.friendscube.somoim
ce8328d8-ee0a-4e1a-9640-d61720552d76,5,2022-03-16T14:21:36+00:00,굿,0,4.1.5,2026-08-05,https://play.google.com/store/apps/details?hl=ko&id=com.friendscube.somoim
dfba4022-2e5b-4c2a-aafe-e3cecee5ef78,1,2022-03-16T07:42:03+00:00,22살이 없네요,0,4.1.5,2026-08-05,https://play.google.com/store/apps/details?hl=ko&id=com.friendscube.somoim
6f2bb6e3-6efb-46df-8559-e42123baf320,5,2022-03-15T16:10:50+00:00,좋네요,0,4.1.5,2026-08-05,https://play.google.com/store/apps/details?hl=ko&id=com.friendscube.somoim
28e5a1a7-7b14-469e-9570-0828605bd85d,4,2022-03-14T10:38:55+00:00,편해요,0,4.1.5,2026-08-05,https://play.google.com/store/apps/details?hl=ko&id=com.friendscube.somoim
f81fe0eb-fab7-42c7-acf9-27792bba0a93,4,2022-03-14T02:13:04+00:00,이거 모임 탈퇴했는데 왜 계속 내 모임에 가입한 모임목록에 뜨죠? 쫌 없에주세요,1,4.1.5,2026-08-05,https://play.google.com/store/apps/details?hl=ko&id=com.friendscube.somoim
1d985595-4c5b-443d-bcc5-b477b0ec33c7,1,2022-03-12T17:26:42+00:00,안돼겟네 신고할게 기다려,1,4.1.4,2026-08-05,https://play.google.com/store/apps/details?hl=ko&id=com.friendscube.somoim
9941a51b-6d58-42da-a968-2a778e020841,5,2022-03-11T09:10:23+00:00,"좋은경험을 하고있습니다,",0,4.1.5,2026-08-05,https://play.google.com/store/apps/details?hl=ko&id=com.friendscube.somoim
72a5eb47-4ad8-453c-b036-7abc54c727a6,4,2022-03-11T05:23:50+00:00,돈을내는사람은 운영진인데 너무배려가없네요 일 강퇴 명 주간10명은심하자나요 강퇴제한은 왜있나요,0,4.1.5,2026-08-05,https://play.google.com/store/apps/details?hl=ko&id=com.friendscube.somoim
506bfc4d-d798-44e1-8539-d873bd639404,3,2022-03-10T12:44:54+00:00,모임인원을 수정했는데도 계속 300명으로 뜨네요ㅠ,0,4.1.5,2026-08-05,https://play.google.com/store/apps/details?hl=ko&id=com.friendscube.somoim
55e22840-02f9-43da-8ff4-b371cc4d879b,5,2022-03-10T10:18:20+00:00,perfect~~^^,2,4.1.5,2026-08-05,https://play.google.com/store/apps/details?hl=ko&id=com.friendscube.somoim
5c01ee5a-ebe4-4cb1-9ce0-cc534ac14ff6,1,2022-03-07T07:15:08+00:00,기기변경 했는데 내 아이디로 접속 안되네요-_-,0,4.1.5,2026-08-05,https://play.google.com/store/apps/details?hl=ko&id=com.friendscube.somoim
c2853cb7-59be-45b2-b832-c691e2ffd83f,5,2022-03-06T11:06:31+00:00,굿굿 아주좋습니다,0,4.1.5,2026-08-05,https://play.google.com/store/apps/details?hl=ko&id=com.friendscube.somoim
fa5d20e6-5828-451d-88b0-4fd7853d6e45,3,2022-03-05T03:00:10+00:00,채팅창 오류가 심하고 매월 정기결제금액이 너무 큼,1,4.1.5,2026-08-05,https://play.google.com/store/apps/details?hl=ko&id=com.friendscube.somoim
1ad5dd11-36de-4bc9-896b-b019f2461fb6,5,2022-03-05T02:19:03+00:00,굿,0,4.1.5,2026-08-05,https://play.google.com/store/apps/details?hl=ko&id=com.friendscube.somoim
4d9b8bee-d506-40fd-87f8-6b5cbe7909ad,5,2022-03-05T00:56:21+00:00,좋아요,0,4.1.5,2026-08-05,https://play.google.com/store/apps/details?hl=ko&id=com.friendscube.somoim
ce2bbd83-d9e0-45c2-9283-30d85051acef,4,2022-03-03T06:31:28+00:00,준수한 앱입니다.,0,4.1.4,2026-08-05,https://play.google.com/store/apps/details?hl=ko&id=com.friendscube.somoim
bc4a050d-dc02-4e1b-a342-38eba42ff2d8,5,2022-03-02T03:11:08+00:00,유익한 모임 많이 있어요,0,4.1.4,2026-08-05,https://play.google.com/store/apps/details?hl=ko&id=com.friendscube.somoim
4c3f0b9c-13b6-4a10-af3c-32770ab5aa95,5,2022-03-01T23:50:24+00:00,굿,0,4.1.4,2026-08-05,https://play.google.com/store/apps/details?hl=ko&id=com.friendscube.somoim
6515c323-3d27-4ca8-99e8-086deeba8705,5,2022-03-01T22:14:33+00:00,굿이예요,0,4.1.4,2026-08-05,https://play.google.com/store/apps/details?hl=ko&id=com.friendscube.somoim
ecd20dc7-916d-462b-a145-238851f28920,1,2022-03-01T01:43:46+00:00,클래스 삭제 어떻게 하나요,0,4.1.4,2026-08-05,https://play.google.com/store/apps/details?hl=ko&id=com.friendscube.somoim
cce6bea0-31aa-4b0f-ba90-17dbf308e1ba,5,2022-02-27T23:05:47+00:00,굿,0,4.1.4,2026-08-05,https://play.google.com/store/apps/details?hl=ko&id=com.friendscube.somoim
3b4c2805-3c34-452d-bf3f-0c5efdb483ef,1,2022-02-26T16:33:30+00:00,전화는 항상 꺼져있고 메일 5통째 보내도 감감무소식...,5,4.1.4,2026-08-05,https://play.google.com/store/apps/details?hl=ko&id=com.friendscube.somoim
7e26f759-35d5-41f0-bef9-1765b09eafbb,1,2022-02-26T12:25:42+00:00,우리동네는 아예 뜨지도않네...,0,,2026-08-05,https://play.google.com/store/apps/details?hl=ko&id=com.friendscube.somoim
8de42420-b1ec-43b4-9958-700bd1a2d662,1,2022-02-25T12:33:27+00:00,"메일로 문의 드린지 벌써 몇주째입니다, 어플에 달린 댓글이나 메일로 보낸 문의글 읽으시기는 하나요? 좋은 어플이지만 피드백이 잘 되어있지 않아 불편합니다. 메일 답변 좀 해주세요.",4,4.1.4,2026-08-05,https://play.google.com/store/apps/details?hl=ko&id=com.friendscube.somoim
7a7e863a-e3e7-48ae-905c-485386ae527f,1,2022-02-21T13:23:26+00:00,자동결제 취소 방법 아시는분~ 좀 알려주세요 ㅜㅜ 코로나 때문에 벙도 못하고 있는데 계속 돈은 결제되고있어요~ 자동결제 취소하는 방법 좀 알려주세요 왜이렇게 어렵게 해놓은건지 정말 짜증납니다,7,4.1.4,2026-08-05,https://play.google.com/store/apps/details?hl=ko&id=com.friendscube.somoim
563cdf46-8359-4fd5-b5ae-ed1b9a24542f,4,2022-02-20T00:49:05+00:00,"운동, 취미 등 공유. 유익한 어플 같습니다!",0,4.1.4,2026-08-05,https://play.google.com/store/apps/details?hl=ko&id=com.friendscube.somoim
d92f8d17-3c53-431a-b63e-806ef5c97779,3,2022-02-19T23:35:40+00:00,취지는 좋긴한데... 남녀미새가 너무 많아...,0,4.1.4,2026-08-05,https://play.google.com/store/apps/details?hl=ko&id=com.friendscube.somoim
b4510d9f-b34b-4fa7-9ce6-ccdcc3c594c5,5,2022-02-19T22:59:24+00:00,조아요,0,4.1.4,2026-08-05,https://play.google.com/store/apps/details?hl=ko&id=com.friendscube.somoim
0888df91-f352-4e53-abb5-9d4a76ca0841,5,2022-02-19T04:03:35+00:00,건전해서 좋네요,0,4.1.4,2026-08-05,https://play.google.com/store/apps/details?hl=ko&id=com.friendscube.somoim
54cce89a-3e6e-482c-8853-98b014b5ab29,2,2022-02-17T22:59:34+00:00,초대 거절 기능이 있었음 좋겠어요. 아님 알림 끄기나요.... 제가 필요한 건 제 소모임의 알림인데 자꾸 원하지 않는 초대 알림이 와서 너무 불편해요. 다른 분들도 원하시는 것 같은데 왜 그 기능 개선이 안되는건가요? 그리고 추천기능이 있는거 보면 초대는 어디선가 절 보고 초대하는 것 같은데 그럼 모르는 타인이 초대를 못하게 초대를 안받는 기능도 있어야할 것 같습니다. 더불어 소모임 첫화면 기능이 개선되었으면 좋겠어요. 제가 가입한 소모임이 보이도록 첫 화면으로 두고싶은데 그렇지 않아서 접근이 다소 불편해요. 가입 소모임목록을 보는 창도 제 소모임과 다른 소모임들이 보여지는게 차이가 없어서 너무 헷갈리고요. 강조가 되어있으면 보기가 훨씬 편할 것 같습니다.,160,4.1.4,2026-08-05,https://play.google.com/store/apps/details?hl=ko&id=com.friendscube.somoim
43d0d8d9-0c2f-4583-a628-b129ad7c88a8,3,2022-02-17T13:47:45+00:00,"내지역모임만 보고싶은데 왤케 다른지역모임이 더 많이 뜨는지? 소도시도 아니고 대전인데 천안,세종,아산이굉장히 많이 뜨는데 타지역모임 안뜨게 어떻게하나요?",10,4.1.4,2026-08-05,https://play.google.com/store/apps/details?hl=ko&id=com.friendscube.somoim
3a90c376-36f6-474f-825b-f8ce505f7573,4,2022-02-17T06:17:02+00:00,다른 사람이 가입한 소모임 보기가 작동 안되는 오류가 있어요 아무것도 안보여요,1,4.1.4,2026-08-05,https://play.google.com/store/apps/details?hl=ko&id=com.friendscube.somoim
bd98ed55-339d-410d-b676-422cfa97f2f4,5,2022-02-17T05:49:18+00:00,불편한점도 잇지만 좋은 사람들과 좋은 만남 할수잇게 해줘서 감사합니다.,0,,2026-08-05,https://play.google.com/store/apps/details?hl=ko&id=com.friendscube.somoim
50efc522-9f26-449c-9f58-9de69004662b,5,2022-02-16T01:18:19+00:00,소모임 열심히 활동중인데 모두 친절하고 살만한세상 경험하고 있어요,0,4.1.4,2026-08-05,https://play.google.com/store/apps/details?hl=ko&id=com.friendscube.somoim
9e64e46c-6e1e-4813-a408-d465bbaff255,5,2022-02-14T13:17:10+00:00,좋습니다,0,4.1.4,2026-08-05,https://play.google.com/store/apps/details?hl=ko&id=com.friendscube.somoim
d5678700-9206-4a26-a158-51333cf195e7,3,2022-02-14T03:53:33+00:00,서비스 업데이트좀 해주세요 사진첩 기능도 개선..... ㅠㅠ,0,4.1.4,2026-08-05,https://play.google.com/store/apps/details?hl=ko&id=com.friendscube.somoim
6793e104-f907-4520-b533-46e9aae22687,1,2022-02-13T03:02:51+00:00,제발 전주사람한테 광주 소모임 추천 안뜨게좀 해주세요 ㅎㅎ 전주에서 광주까지 가는데 차량으로만 100킬로미터 가까운 거리인데 거기까지 가서 모임 가입할까요?ㅎㅎ 같은 호남권이라는 이유만으로 추천뜨는것같은데 정작 거주 당사자에게는 전혀 의미없는 추천입니다 ㅠ 차라리 반경 몇킬로 내 추천이면 몰라...,4,4.1.4,2026-08-05,https://play.google.com/store/apps/details?hl=ko&id=com.friendscube.somoim
07713337-5b5e-4edc-a009-d56e10e99254,5,2022-02-12T04:19:14+00:00,좋습니다,0,4.1.4,2026-08-05,https://play.google.com/store/apps/details?hl=ko&id=com.friendscube.somoim
5bcb2ea8-d616-4086-b70f-f35f60314d8d,1,2022-02-11T15:54:18+00:00,한개도아깝다,0,,2026-08-05,https://play.google.com/store/apps/details?hl=ko&id=com.friendscube.somoim
414e5201-003c-4d60-a74f-af3c5a768350,1,2022-02-11T08:30:54+00:00,아니 탈퇴했는데...돈은 계속 나가고 있었나요? 환불해주세요. 왜 메일로 답변도 없으신가요?,0,,2026-08-05,https://play.google.com/store/apps/details?hl=ko&id=com.friendscube.somoim
1a936d8b-59a2-4593-b28e-335107603cfa,1,2022-02-11T03:51:57+00:00,지역별로 잘 나오다 언제부터인지 수도권 지역 다 섞여서 나와요ㅡㅡ,0,4.1.4,2026-08-05,https://play.google.com/store/apps/details?hl=ko&id=com.friendscube.somoim
6f503ac1-359d-4169-869d-d2ad8a31b5a9,1,2022-02-09T02:10:29+00:00,프리미엄가입하는게 홍보등 전혀도움이안됌 제한만겁나많음 오픈카톡채팅방이훨나을듯이게뭔지 ㅋㅋㅋ,2,4.1.4,2026-08-05,https://play.google.com/store/apps/details?hl=ko&id=com.friendscube.somoim
71acdf6c-bc51-47f4-934c-68d4fb293c24,5,2022-02-08T16:01:49+00:00,좋아요,0,4.1.4,2026-08-05,https://play.google.com/store/apps/details?hl=ko&id=com.friendscube.somoim
18463127-a4ce-4c66-a61c-e678168701ef,1,2022-02-06T08:24:26+00:00,다른건 다 좋은데 초대 거절이나 가장 기본적인 것들은 없나요 원치 않는 모임에서 초대장 오면 그냥 그냥 있어야 하는 건가요!?? 초대 목록에 계속 떠 있는데 그런거 없애는 방법좀 만들어보세요...설마 못 하는건 아니죠!???,5,4.1.3,2026-08-05,https://play.google.com/store/apps/details?hl=ko&id=com.friendscube.somoim
08a84dd3-4866-4cbb-924a-20ef50d15c8e,1,2022-02-06T08:02:22+00:00,몇개 모임이 안뜨네요ㅡㅡ,1,,2026-08-05,https://play.google.com/store/apps/details?hl=ko&id=com.friendscube.somoim
d885a9f9-6dee-479c-aeca-ab269b9c675f,3,2022-02-06T05:46:02+00:00,소모임할땐,0,4.1.3,2026-08-05,https://play.google.com/store/apps/details?hl=ko&id=com.friendscube.somoim
a1f21538-0a07-4d3c-91a9-462079599ec4,5,2022-02-06T01:27:54+00:00,굿,0,4.1.3,2026-08-05,https://play.google.com/store/apps/details?hl=ko&id=com.friendscube.somoim
d9aed1d9-fec2-4e4a-96e9-486cd65772fa,5,2022-02-05T15:17:51+00:00,재밌어요~^^,0,4.1.3,2026-08-05,https://play.google.com/store/apps/details?hl=ko&id=com.friendscube.somoim
82bd903e-1b99-4d01-a3b6-2348e681b707,5,2022-02-04T04:43:32+00:00,너무 좋습니다 ㅎㅎ,0,4.1.3,2026-08-05,https://play.google.com/store/apps/details?hl=ko&id=com.friendscube.somoim
48fc761f-05b8-438d-af26-c79d154f05aa,4,2022-02-03T03:30:34+00:00,개인적으로 좋은거 같음,0,4.1.3,2026-08-05,https://play.google.com/store/apps/details?hl=ko&id=com.friendscube.somoim
2d869a1c-3a29-4c65-8d4a-146639f89fde,3,2022-02-02T23:47:02+00:00,프리미엄 모임 취소좀 해주세요 취소가안돼요,0,4.1.3,2026-08-05,https://play.google.com/store/apps/details?hl=ko&id=com.friendscube.somoim
54a1fa5b-a6a9-4544-af3b-329ad57c160e,1,2022-02-02T12:37:14+00:00,신천지 포교용 어플 ㅋㅋㅋㅋㅋ 모임 3개 가입했는데 3개 다 신천지냨ㅋㅋㅋㅋ,1,4.1.3,2026-08-05,https://play.google.com/store/apps/details?hl=ko&id=com.friendscube.somoim
448922b2-5afe-483b-b389-671343028287,5,2022-02-01T12:52:14+00:00,굿,0,4.1.3,2026-08-05,https://play.google.com/store/apps/details?hl=ko&id=com.friendscube.somoim
24396945-b253-4d77-bc43-b93ff0fe9922,5,2022-02-01T08:37:30+00:00,소쏘한 모임!,0,4.1.3,2026-08-05,https://play.google.com/store/apps/details?hl=ko&id=com.friendscube.somoim
bc085b18-d27a-4fb4-8573-d3c33ff8d412,3,2022-01-31T13:48:38+00:00,소모임 잘쓰고있습니다^^,0,3.5.9,2026-08-05,https://play.google.com/store/apps/details?hl=ko&id=com.friendscube.somoim
ed6c4381-30bf-4c65-9714-a025caab0ee3,5,2022-01-31T01:51:36+00:00,굳,0,4.1.3,2026-08-05,https://play.google.com/store/apps/details?hl=ko&id=com.friendscube.somoim
624df41c-63ad-45ac-872c-4117ded4534f,5,2022-01-30T23:52:11+00:00,짱,0,4.1.3,2026-08-05,https://play.google.com/store/apps/details?hl=ko&id=com.friendscube.somoim
0d99aeea-41c0-4e01-a784-afb9d9b2e3a8,4,2022-01-28T11:12:17+00:00,소소한 모임 굿,0,,2026-08-05,https://play.google.com/store/apps/details?hl=ko&id=com.friendscube.somoim
f676aa63-a338-4d1d-af63-5697696af767,1,2022-01-26T03:18:44+00:00,"틀에박힌 분류, 불친절한 UX, 대부분 남녀만남으로 변질된 모임그룹",1,,2026-08-05,https://play.google.com/store/apps/details?hl=ko&id=com.friendscube.somoim
559871eb-7cca-4c8c-90ee-5efb39395c24,1,2022-01-25T15:08:31+00:00,외모지상주의/남탕,0,4.1.3,2026-08-05,https://play.google.com/store/apps/details?hl=ko&id=com.friendscube.somoim
8861be1e-8488-467e-bffd-2d48586bc0b9,2,2022-01-25T14:50:04+00:00,업데이트 될수록 사용하기 불편해짐 검색해도 원하는 소모임 찾기가 힘들음 핸드폰 변경하면 가입한 소모임 자동 탈퇴 되어서 매우 불편함,6,4.1.3,2026-08-05,https://play.google.com/store/apps/details?hl=ko&id=com.friendscube.somoim
a36dfd37-8832-456a-8388-a37716eba8ef,1,2022-01-24T23:27:06+00:00,앱에 대해서는 별점 5점 하지만 인간적으로 알람 안뜨게 설정하면 안뜨게 해주시죠? 주변 이용자들 다 알람 안뜨게 해도 뜬다고 옛날부터 얘기하고 상황에 따라서 알람 안올라와야 할 때가 있는데 알람떠서 앱 자체를 삭제해야하나 고민하게되네요,0,4.1.3,2026-08-05,https://play.google.com/store/apps/details?hl=ko&id=com.friendscube.somoim
352fb468-5cc8-4592-9ff7-e02f2ecf860f,5,2022-01-24T15:01:08+00:00,좋네요 이렇게도 사람만날수있다니,0,4.1.3,2026-08-05,https://play.google.com/store/apps/details?hl=ko&id=com.friendscube.somoim
ca0e18ab-cd4e-406a-88a4-e21b1c56cff1,2,2022-01-23T14:50:30+00:00,안예뻐요 앱 디자인이ㅋㅋ,0,4.1.3,2026-08-05,https://play.google.com/store/apps/details?hl=ko&id=com.friendscube.somoim
1c39956a-864f-486c-be8b-63583f3cbe28,5,2022-01-23T09:14:53+00:00,굿,0,4.1.2,2026-08-05,https://play.google.com/store/apps/details?hl=ko&id=com.friendscube.somoim
c09507ab-d56a-4a65-ad84-4f4b11f81cf9,5,2022-01-22T15:17:59+00:00,굿,0,4.1.3,2026-08-05,https://play.google.com/store/apps/details?hl=ko&id=com.friendscube.somoim
d3920fc7-3acf-483f-a7b8-a3b5c5627815,5,2022-01-22T07:59:18+00:00,굿,0,4.1.3,2026-08-05,https://play.google.com/store/apps/details?hl=ko&id=com.friendscube.somoim
9ce022da-5523-493a-9966-619ebf651ae1,5,2022-01-21T17:21:51+00:00,Awesome...,0,4.1.3,2026-08-05,https://play.google.com/store/apps/details?hl=ko&id=com.friendscube.somoim
520112a3-8289-47d0-8a26-36110f7c08de,1,2022-01-20T07:27:37+00:00,....? 전라북도권에 딱 3개만 떠있네???,0,,2026-08-05,https://play.google.com/store/apps/details?hl=ko&id=com.friendscube.somoim
3e272953-b54b-481c-a703-b398f4da35e1,5,2022-01-19T13:47:39+00:00,사람들과 잘소통할수있는것같아요,0,4.1.3,2026-08-05,https://play.google.com/store/apps/details?hl=ko&id=com.friendscube.somoim
ed7e0ea2-e477-4166-8306-ba62a9621705,5,2022-01-17T03:55:48+00:00,굿굿,0,4.1.3,2026-08-05,https://play.google.com/store/apps/details?hl=ko&id=com.friendscube.somoim
82617d69-334e-4f26-8c39-e183e3157cc8,4,2022-01-16T15:05:24+00:00,프리미엄 취소 어떻게 하나요?,1,4.1.3,2026-08-05,https://play.google.com/store/apps/details?hl=ko&id=com.friendscube.somoim
db065b25-8483-44eb-82c7-09afde057ddc,5,2022-01-16T14:02:39+00:00,좋아요,0,4.0.7,2026-08-05,https://play.google.com/store/apps/details?hl=ko&id=com.friendscube.somoim
6724a20b-f52e-476a-a534-33e43f0ae578,5,2022-01-16T04:19:39+00:00,좋은 동호회앱인것같아요^^;;,0,4.1.3,2026-08-05,https://play.google.com/store/apps/details?hl=ko&id=com.friendscube.somoim
f77f9a3e-a044-419d-9f24-cef82a82c5d1,5,2022-01-15T23:57:48+00:00,이제 시작합니다,0,4.1.2,2026-08-05,https://play.google.com/store/apps/details?hl=ko&id=com.friendscube.somoim
38b211c7-8966-476a-9032-34d79e1e6be6,5,2022-01-15T17:21:19+00:00,조은어플,0,4.1.3,2026-08-05,https://play.google.com/store/apps/details?hl=ko&id=com.friendscube.somoim
98bf6800-f46e-4e31-82a4-3722d9b160ba,2,2022-01-15T14:00:38+00:00,요새 넘 버벅거리네요 앱을 몇번째 지웠다 깔았다하는지,0,4.0.7,2026-08-05,https://play.google.com/store/apps/details?hl=ko&id=com.friendscube.somoim
fa4eca70-4177-4976-84a8-ace575d3b166,1,2022-01-13T07:14:09+00:00,모임장 하다 모임을 탈퇴하면 자동으로 결제를 취소해 줘야지 취소 방법도 참 어렵게 해놓고 3개월 45000원 환불 해주세요,18,4.1.2,2026-08-05,https://play.google.com/store/apps/details?hl=ko&id=com.friendscube.somoim
e27d1546-cc48-4c3b-9d35-7f3229400517,5,2022-01-09T12:47:49+00:00,건전한 모임 좋아요,0,4.0.7,2026-08-05,https://play.google.com/store/apps/details?hl=ko&id=com.friendscube.somoim
1300c8ef-666e-404f-ab0b-e3cbc329ad81,5,2022-01-09T03:36:34+00:00,굿,0,,2026-08-05,https://play.google.com/store/apps/details?hl=ko&id=com.friendscube.somoim
93d7a967-2c4c-4e1f-ac96-4b436d9eb973,5,2022-01-09T03:33:54+00:00,좋아요,0,4.1.2,2026-08-05,https://play.google.com/store/apps/details?hl=ko&id=com.friendscube.somoim
d3c3b22a-8aaf-4577-a790-090aa6afb3bb,1,2022-01-08T10:49:49+00:00,한번 신고당한뒤로 본사에서는 풀어주지도않고 몇년째 어플 사용을 못하고 있습니다 본사연락처도 없고 메일로만 주고 받아 답답한 어플이네요 본사에서 보고 계신다면 답장 주시고 신고당한거 풀어주시죠,1,3.9.1,2026-08-05,https://play.google.com/store/apps/details?hl=ko&id=com.friendscube.somoim
008bac71-ad1b-4ad5-9976-553db4a0d975,5,2022-01-08T06:23:35+00:00,좋은인연을 만나는것 같아요~^^,0,4.0.7,2026-08-05,https://play.google.com/store/apps/details?hl=ko&id=com.friendscube.somoim
422b6e65-bf54-475f-b1ca-10692b8cb120,1,2022-01-07T03:00:34+00:00,프리미엄 결제 했는데 목록에 뜨지도않고 검색해도 검색안돼요;;;;; 돈 다시 돌려주세요;; 최악의 모임입니다,6,4.0.7,2026-08-05,https://play.google.com/store/apps/details?hl=ko&id=com.friendscube.somoim
96117150-e364-461b-9a8e-5777aa57c838,4,2022-01-05T12:14:27+00:00,구독취소는 어떻케하나요 전이랑틀려서 됀지안됀지 모르겠음요..,0,4.0.7,2026-08-05,https://play.google.com/store/apps/details?hl=ko&id=com.friendscube.somoim
cc388d0d-57a6-4037-b929-dd815c3d0b95,5,2022-01-05T11:18:10+00:00,잘만들어져있어 좋네요,0,4.0.7,2026-08-05,https://play.google.com/store/apps/details?hl=ko&id=com.friendscube.somoim
587464e8-d87f-4360-86de-e712f221f4a6,5,2022-01-04T22:15:24+00:00,"일본어모임을 찾아서 오랜기간 일본어를 배우기도 했고, 또래모임을 찾아서 퇴근후 시간을 함께 보내기도했고, 너무 좋은 모임을 많이 만났어요. 3년전부터 사용했는데 1년만에 다시 일본어배우려고 들어가보니 여전히 모임들이 활성화되있네요 잘이용하겠습니다.^^",18,4.0.7,2026-08-05,https://play.google.com/store/apps/details?hl=ko&id=com.friendscube.somoim
a3b31ea0-09f3-4abf-bab1-5ed5cbf7d4fd,4,2022-01-03T07:53:10+00:00,클래스 부문에 대놓고 결혼정보/소개팅 클래스가 올라옵니다. 신고나 검사 기능이 필요하지 싶습니다,1,4.0.7,2026-08-05,https://play.google.com/store/apps/details?hl=ko&id=com.friendscube.somoim
6474b3f5-4048-46bd-af80-f4a1541f217a,5,2022-01-02T17:19:34+00:00,다 좋은데 특정 지역 모임만 보는 기능이 있으면 좋겠어요,1,4.0.7,2026-08-05,https://play.google.com/store/apps/details?hl=ko&id=com.friendscube.somoim
f40ab5a0-6a03-449a-bcc0-b718b7c81f47,5,2022-01-02T01:58:55+00:00,유익합니다,0,4.0.7,2026-08-05,https://play.google.com/store/apps/details?hl=ko&id=com.friendscube.somoim
9429b442-7054-495c-9bf0-63968304d6b6,1,2022-01-01T14:30:50+00:00,정기결제 취소하는법 너무 힘드네요,1,4.0.7,2026-08-05,https://play.google.com/store/apps/details?hl=ko&id=com.friendscube.somoim
5f05b7f8-cb8a-4f81-8633-81ddc32f15fd,3,2022-01-01T02:48:25+00:00,"월에 15000원 받는것 치고는 기능들이 너무 아쉽긴합니다 문의 할 수 있는 기능, 게시글 미흡 등 1년째 사용중인데 생각보다 변하는건 없더군요 여러 댓글들 보면 나름 좋은 개선점들이 눈에 띄는데 참고해보시면 좋을 것 같습니자",13,4.0.7,2026-08-05,https://play.google.com/store/apps/details?hl=ko&id=com.friendscube.somoim
da62d222-75c7-4da5-bb06-4f88ef7a2f4c,1,2021-12-30T13:08:35+00:00,초대거부 만들어주세요 최대거부 생기면 별다섯개 입니다,0,4.0.7,2026-08-05,https://play.google.com/store/apps/details?hl=ko&id=com.friendscube.somoim
c247485e-980e-4d71-8307-9cba11f96480,5,2021-12-30T00:01:56+00:00,조ㅎ으네요,0,4.0.7,2026-08-05,https://play.google.com/store/apps/details?hl=ko&id=com.friendscube.somoim
b22b09dd-e5ff-409d-abf1-fa871bf94b0b,5,2021-12-29T23:26:10+00:00,동호회 접근할 기회를 어플로 쉽게 가능하게 해주어서 감사합니다,0,4.0.7,2026-08-05,https://play.google.com/store/apps/details?hl=ko&id=com.friendscube.somoim
3a8b3b61-dfe0-457e-bfa0-e006b4ee7d86,5,2021-12-26T14:57:50+00:00,굿,0,4.0.7,2026-08-05,https://play.google.com/store/apps/details?hl=ko&id=com.friendscube.somoim
5f23cf0e-bbfe-4a97-9cd0-a3f8023fcfd6,1,2021-12-25T12:08:19+00:00,오류마너,0,3.9.3,2026-08-05,https://play.google.com/store/apps/details?hl=ko&id=com.friendscube.somoim
cfdd4f47-bdbb-48a2-86d4-b304133395ea,5,2021-12-23T08:44:45+00:00,굿,0,4.0.7,2026-08-05,https://play.google.com/store/apps/details?hl=ko&id=com.friendscube.somoim
a1f979f0-d6ea-4b3d-83fb-f8336bf0257a,5,2021-12-23T00:45:16+00:00,완전주아아,0,4.0.7,2026-08-05,https://play.google.com/store/apps/details?hl=ko&id=com.friendscube.somoim
2ee42fc5-0d19-4399-912c-39c5083b28cb,5,2021-12-21T05:00:12+00:00,새로운 만남을 위한 좋은 어플,0,3.9.6,2026-08-05,https://play.google.com/store/apps/details?hl=ko&id=com.friendscube.somoim
056c73ee-7842-4713-8489-f766ebae1618,5,2021-12-20T06:21:27+00:00,근ㄷ,0,4.0.7,2026-08-05,https://play.google.com/store/apps/details?hl=ko&id=com.friendscube.somoim
fdcc268b-0df7-4f7c-a200-3d87ecedc35a,2,2021-12-18T03:15:03+00:00,구독취소가 어디있나요?찾기힘들기만드셨네요,0,4.0.7,2026-08-05,https://play.google.com/store/apps/details?hl=ko&id=com.friendscube.somoim
d6765b56-a890-4837-81dd-2aede29cd061,5,2021-12-17T17:08:01+00:00,좋아용,0,4.0.3,2026-08-05,https://play.google.com/store/apps/details?hl=ko&id=com.friendscube.somoim
e6800f67-0bfb-4c0e-aec1-f86d36d07633,2,2021-12-17T03:47:41+00:00,게시판에 사진이 3장밖에 안올라가서 늘려달라 요청했는데 들어주지 않네요. 이제는 돈 안내면 채팅도 못하고 게시판 글도 못씁니다. 그럼 뭐하러 프리미엄이라고 합니까. 그냥 모든 모임을 유료로 하던지 하지.,13,4.0.7,2026-08-05,https://play.google.com/store/apps/details?hl=ko&id=com.friendscube.somoim
2d4c139f-7a5c-45ed-a5b6-fafae8d8975c,3,2021-12-14T17:01:31+00:00,다른거 다좋은데 자진탈퇴후 재가입 못하게 하는기능좀 추가부탁드립니다,1,4.0.7,2026-08-05,https://play.google.com/store/apps/details?hl=ko&id=com.friendscube.somoim
0543b003-d133-4761-bdff-aab9babaf387,5,2021-12-13T08:57:09+00:00,좋아요,0,4.0.7,2026-08-05,https://play.google.com/store/apps/details?hl=ko&id=com.friendscube.somoim
bae595dd-c77e-43b6-b1f6-cf06fd16c898,4,2021-12-13T03:36:34+00:00,잘못해서 어플을 삭제했다가 다시 깔았는데 기존의 회원정보는 읽히지 않고 회원가입하라고 해서 어쩔 수 없이 가입했어요. 같은 전화번호인데 왜 재가입을 해야 하는지 의문인데 기존 가입된 소모임도 검색이 안되네요. 로그아웃 메뉴가 아예 없는 것 같은데 시스템이 특이하네요. 기존 소모임들이 없어진 걸 수도 있겠지만 어학 모임 검색해보면 결과값이 너무 적어서 검색이 안 되는 게 아닐까 싶어요.,18,4.0.7,2026-08-05,https://play.google.com/store/apps/details?hl=ko&id=com.friendscube.somoim
a1e637df-faf1-4fb2-ad6f-6cc9e480d1cd,2,2021-12-11T03:29:02+00:00,나이 따라~ 모임들이 안떠요.. 다른 지역에 모임은 뜨면서... 나이에 따라 같은 지역에 모임도 안뜬다니... 나이가 아닌 지역으로 모임을 해야 하는거 아닌가요~???,3,4.0.7,2026-08-05,https://play.google.com/store/apps/details?hl=ko&id=com.friendscube.somoim
77f0cbb0-416d-42c2-9585-bd5081d432a0,5,2021-12-10T08:37:16+00:00,감사합니다,0,4.0.3,2026-08-05,https://play.google.com/store/apps/details?hl=ko&id=com.friendscube.somoim
6c9e2d11-03be-40e0-8904-38eb03143a1c,5,2021-12-09T22:48:01+00:00,굿,0,4.0.3,2026-08-05,https://play.google.com/store/apps/details?hl=ko&id=com.friendscube.somoim
eeed7967-d520-49d7-a589-16103b4db769,5,2021-12-07T12:36:27+00:00,좋아요~~^^,0,4.0.3,2026-08-05,https://play.google.com/store/apps/details?hl=ko&id=com.friendscube.somoim
19246afc-3870-4078-951d-6f15d8ffc381,1,2021-12-06T15:34:29+00:00,소모임 어플 자체를 회원탈퇴 하고 어플을 지웠다가 다시 깔면 탈퇴하기 전 상태로 로그인 되있음.,2,4.0.3,2026-08-05,https://play.google.com/store/apps/details?hl=ko&id=com.friendscube.somoim
926f3c21-92bc-4771-88f4-238bf9a221ff,5,2021-12-05T06:30:09+00:00,굿,0,3.9.7,2026-08-05,https://play.google.com/store/apps/details?hl=ko&id=com.friendscube.somoim
447283a7-0260-40e7-946f-181409b88a28,4,2021-12-04T12:54:50+00:00,정기모임 시간이나 요일별로 필터링할 수 있는 기능이 있었으면 좋겠습니다.일일히 들어가서 확인해야해서 불편합니다.,0,4.0.3,2026-08-05,https://play.google.com/store/apps/details?hl=ko&id=com.friendscube.somoim
074cd3a2-59f0-48bf-b45d-c51d87266764,3,2021-12-04T02:58:35+00:00,사진파일도 더 올릴수있게 ㆍ이모티콘도 다양하게 해주실의향은? 매번 결제만 해가지 마시고ᆢ,0,4.0.0,2026-08-05,https://play.google.com/store/apps/details?hl=ko&id=com.friendscube.somoim
2ec01650-a80c-4e03-9006-ab68de1cb139,1,2021-12-03T18:39:38+00:00,uxui를 우습게 아는 기획자가 만든 앱,0,4.0.1,2026-08-05,https://play.google.com/store/apps/details?hl=ko&id=com.friendscube.somoim
418f7990-5f1d-4e10-8529-d45d6035ed5a,1,2021-12-03T05:21:15+00:00,모임 탈퇴하는법을 조금 숩게만들었음좋겠어요,0,4.0.1,2026-08-05,https://play.google.com/store/apps/details?hl=ko&id=com.friendscube.somoim
019e5179-53e2-49a1-b66a-7205049eb47f,5,2021-12-02T01:09:35+00:00,친목도모에 찬사요.,0,3.9.7,2026-08-05,https://play.google.com/store/apps/details?hl=ko&id=com.friendscube.somoim
dbf3a4cd-d632-47d2-b461-1e456614f42c,5,2021-12-02T00:13:48+00:00,간만에 사람냄새 나는 어플이네요^^,0,4.0.0,2026-08-05,https://play.google.com/store/apps/details?hl=ko&id=com.friendscube.somoim
5332e435-6b46-43f1-8d6b-98b76f2b8678,5,2021-11-30T08:28:42+00:00,별이 다스깨!!,0,4.0.0,2026-08-05,https://play.google.com/store/apps/details?hl=ko&id=com.friendscube.somoim
7745f22a-82c9-42f9-962e-dd1be247dbdb,4,2021-11-30T06:39:51+00:00,좋은 사람들 많네요,1,4.0.0,2026-08-05,https://play.google.com/store/apps/details?hl=ko&id=com.friendscube.somoim
626c0898-588b-4382-9956-56a7687dfcfa,3,2021-11-29T07:07:54+00:00,모임 탈퇴 버튼은 어디있나요..?,0,4.0.0,2026-08-05,https://play.google.com/store/apps/details?hl=ko&id=com.friendscube.somoim
7751c532-cf41-4e36-ba57-a9636d145b89,1,2021-11-29T03:13:10+00:00,채팅방에서 운영진의 채팅삭제 기능 추가해주세요,1,4.0.0,2026-08-05,https://play.google.com/store/apps/details?hl=ko&id=com.friendscube.somoim
756066d6-cf7a-4919-9251-dc54f7550a99,3,2021-11-27T16:52:15+00:00,어떤모임인지 사진이나 게시판보고싶은데 그러려면 무조건가입을 해야함.. 유령회원인지 단지 관심있는사람인지 모르는경우가많음. 고쳐주셨으면함,0,4.0.0,2026-08-05,https://play.google.com/store/apps/details?hl=ko&id=com.friendscube.somoim
205fca71-70bc-42b2-8ee7-1862db9e61d2,3,2021-11-27T04:41:33+00:00,오징어게임인가.....,0,4.0.0,2026-08-05,https://play.google.com/store/apps/details?hl=ko&id=com.friendscube.somoim
3f0f9870-8ff4-4cab-b9b0-7d102c491e92,5,2021-11-27T04:27:08+00:00,굿,0,4.0.0,2026-08-05,https://play.google.com/store/apps/details?hl=ko&id=com.friendscube.somoim
3f9e622d-fc4a-481c-8995-ff35d42adf77,4,2021-11-25T18:12:36+00:00,장점. 그냥 사용자가 많다. 단점. 운영자가 개발해놓고 리뷰조차 안읽어보고 버그관련 개선의지가 없다. 클래스에 참석신청할때 참석자들한테 전화번호 입력하게 해놓고는 그 연락처를 개설자가 못받으면 그건 도대체 어디에 써먹으려고 만들었답니까?,22,4.0.0,2026-08-05,https://play.google.com/store/apps/details?hl=ko&id=com.friendscube.somoim
7c98d3fb-73f6-4db1-8f46-fccb4f2b53b6,5,2021-11-25T15:30:36+00:00,좋은 사람들과 좋은 시간을 보낼 수 있는 기회가 되었어요.,0,4.0.0,2026-08-05,https://play.google.com/store/apps/details?hl=ko&id=com.friendscube.somoim
76877423-0803-4163-862b-40d3e467661a,3,2021-11-25T05:43:52+00:00,결제방법 바꾸고싶은데 어떻게해요,0,4.0.0,2026-08-05,https://play.google.com/store/apps/details?hl=ko&id=com.friendscube.somoim
72524695-4b69-40ab-9690-d8efbfdd1094,1,2021-11-23T12:06:18+00:00,오징어게임 아이콘 실화야??? 돈받고 하는게 뭐있니? 1년을 지켜봤는데 1년동안 바뀐게 오늘 아이콘 바뀌었네 ㅋㅋㅋㅋㅋㅋ 터무니없는 버그들도 엄청 많고 어떻게 1년전 버그가 아직도 있는건지... 이쯤되면 알면서도 귀찮아서 일안하는거로 밖에 안보인다. 언젠가 신흥세력에 밀리기전에 일 좀 잘해라. 소잃고 외양간고치기 전에.,47,4.0.0,2026-08-05,https://play.google.com/store/apps/details?hl=ko&id=com.friendscube.somoim
b029efa1-3f25-444c-8934-9384541b6700,4,2021-11-23T12:03:33+00:00,좋아요,0,3.9.7,2026-08-05,https://play.google.com/store/apps/details?hl=ko&id=com.friendscube.somoim
2e655b3d-95c2-42ae-add3-2c0bcb882fb5,5,2021-11-23T02:07:10+00:00,재미있네요...,0,3.9.7,2026-08-05,https://play.google.com/store/apps/details?hl=ko&id=com.friendscube.somoim
67a4b00c-44a4-4154-b51c-0677d11ff94d,5,2021-11-22T09:04:58+00:00,쓰기 좋음 다만 이상한 사람들 밴을 먹은 사람 사유와 횟수에 따라 활동에 제재가 있으면 좋겠네요,1,3.9.8,2026-08-05,https://play.google.com/store/apps/details?hl=ko&id=com.friendscube.somoim
c85c8b5e-06ee-4283-97c5-2d6006e3c7e2,4,2021-11-21T15:23:21+00:00,좋음,0,3.9.7,2026-08-05,https://play.google.com/store/apps/details?hl=ko&id=com.friendscube.somoim
b7a93b1e-b29e-4360-a063-1f5e9ec6cc01,1,2021-11-20T21:57:09+00:00,서버용량 좀 늘리세요. 버벅거려서 엄청 불편합니다. 채팅창에 이모티 개발 좀 하시고 사진첨부 기능 좀 추가하시죠~ 유료앱인데 개선되는게 없다능~+++++!!!!!????,3,3.9.7,2026-08-05,https://play.google.com/store/apps/details?hl=ko&id=com.friendscube.somoim
d49dfda7-1abd-4714-aeca-b0e9afae8ce4,1,2021-11-20T17:38:34+00:00,진짜별로에야...,0,3.9.7,2026-08-05,https://play.google.com/store/apps/details?hl=ko&id=com.friendscube.somoim
d002d307-5a4f-4a10-8e63-a78a5bd4275d,5,2021-11-20T15:38:37+00:00,구웃,0,3.9.7,2026-08-05,https://play.google.com/store/apps/details?hl=ko&id=com.friendscube.somoim
4ffa1fbb-4ff6-48c8-8d47-adff91d20af7,1,2021-11-19T10:23:15+00:00,구독 취소 어디서 하나요,0,3.9.7,2026-08-05,https://play.google.com/store/apps/details?hl=ko&id=com.friendscube.somoim
5bf253ae-e536-4ebe-81d8-681780ce682a,1,2021-11-18T05:33:03+00:00,앱이 너무 불안정함. 유지 보수는 하는건지.,0,3.9.7,2026-08-05,https://play.google.com/store/apps/details?hl=ko&id=com.friendscube.somoim
b2e22c4f-1e5a-49f9-a6ee-a372bb9cb8fc,4,2021-11-17T23:15:59+00:00,좄아요!,0,3.9.7,2026-08-05,https://play.google.com/store/apps/details?hl=ko&id=com.friendscube.somoim
c13b45ca-d4a8-4f32-89bc-793e1f59fcc4,3,2021-11-17T10:50:42+00:00,쏘쏘,0,3.9.7,2026-08-05,https://play.google.com/store/apps/details?hl=ko&id=com.friendscube.somoim
014bd706-15f7-4cb4-b064-83d98f51d51e,1,2021-11-17T03:23:43+00:00,"왜이리 로딩이 안되요???어플을 쓸 수가 없을 정도입니다. 거의 한달동안 지웠다 깔았다도 해보고 업데이트도 꼬박했는데 안되고 있고, 리뷰보니깐 다른 사람도 무한로딩 이런 문제 있는 것 같은데 언제쯤 개선될까요?",0,,2026-08-05,https://play.google.com/store/apps/details?hl=ko&id=com.friendscube.somoim
23f596c0-c025-416f-aff5-53b15eba9800,4,2021-11-17T00:59:22+00:00,좋습니다,0,3.9.6,2026-08-05,https://play.google.com/store/apps/details?hl=ko&id=com.friendscube.somoim
a430311a-9ee6-4478-af9a-09ae00bb720b,5,2021-11-14T21:41:39+00:00,친구덕분에 잘 찾았어요.,0,3.9.7,2026-08-05,https://play.google.com/store/apps/details?hl=ko&id=com.friendscube.somoim
9a1ab50a-3e25-4d1f-ada4-616d34ba0d51,5,2021-11-14T03:19:38+00:00,좋아요,0,3.9.7,2026-08-05,https://play.google.com/store/apps/details?hl=ko&id=com.friendscube.somoim
d6ad3ffc-1fbd-492a-8596-a5e1646f1dac,2,2021-11-13T09:47:45+00:00,보안 업데이트 때문인것 같은데 언제부턴가 프로필 사진 변경이 안됨. 모임의 사진첩에 사진은 올려지는데 프로필 사진은 변경이 안된다니... 허.. 답도 없고 화가 남...,3,3.9.7,2026-08-05,https://play.google.com/store/apps/details?hl=ko&id=com.friendscube.somoim
f7961421-744c-4331-a932-d661ee5fb8b7,1,2021-11-12T07:22:00+00:00,아니 고객센터 왜 전화가 안되여??,0,3.9.7,2026-08-05,https://play.google.com/store/apps/details?hl=ko&id=com.friendscube.somoim
73065c21-d2b4-4363-a6b7-5df4dd53896e,5,2021-11-10T11:58:27+00:00,소소한 모임하기 좋은 정모 어플!,0,3.9.7,2026-08-05,https://play.google.com/store/apps/details?hl=ko&id=com.friendscube.somoim
99fd3ede-6112-437c-b096-e453ec12082f,5,2021-11-09T06:44:58+00:00,모임찾기 좋아요,0,3.9.7,2026-08-05,https://play.google.com/store/apps/details?hl=ko&id=com.friendscube.somoim
2da7e832-5f77-403f-8b51-28e634e0909d,5,2021-11-08T16:29:45+00:00,아직까지는좋아욤,0,3.9.7,2026-08-05,https://play.google.com/store/apps/details?hl=ko&id=com.friendscube.somoim
25ae1f6b-fbc6-4b85-8a49-454764fb43c1,4,2021-11-08T10:50:21+00:00,모임 어플중에는 제일 좋다,0,3.9.7,2026-08-05,https://play.google.com/store/apps/details?hl=ko&id=com.friendscube.somoim
f27c82fd-8768-4042-8453-9a27c7dff30e,4,2021-11-08T07:35:41+00:00,모임인원 모집하고 간단하다는 점에서 확실히 이점이 많은 편이지만 너무나도 간단한 탓에 하나둘 기능이 아쉬운점이 많은것 같아요. 무엇보다 게시글에 대한 카테고리를 새로만들거나 편집할수 없다는 점이 아쉬운데 카테고리 수정할수있게 업데이트되면 좋을것 같아요,30,3.9.7,2026-08-05,https://play.google.com/store/apps/details?hl=ko&id=com.friendscube.somoim
71af2038-7d07-4b04-adc9-fc779e60a172,1,2021-11-08T03:12:51+00:00,"알람 설정 꺼놔도 계속 알람 울리고, 모임마다 따로 설정하기도 어렵고, 내가 속한 모임 바로 찾아가기도 복잡함. 모임에서 가입하라해서 설치는 했지만 쓰기 불편함",1,3.9.7,2026-08-05,https://play.google.com/store/apps/details?hl=ko&id=com.friendscube.somoim
e7b8eb55-cd83-44ab-911f-3cee39efe05b,1,2021-11-07T22:56:02+00:00,1년짜리 구독권 결제 후 9개월가량 남아있는 상태입니다 다른모임에 적용 못 시키나요?,66,3.9.7,2026-08-05,https://play.google.com/store/apps/details?hl=ko&id=com.friendscube.somoim
09b81a35-4046-4385-a664-29c77062421d,5,2021-11-07T15:42:28+00:00,좋아요,0,3.9.7,2026-08-05,https://play.google.com/store/apps/details?hl=ko&id=com.friendscube.somoim
b1de0a2e-fd6f-41f6-987a-194c52ff5498,5,2021-11-07T11:43:58+00:00,너무 좋은앱,0,,2026-08-05,https://play.google.com/store/apps/details?hl=ko&id=com.friendscube.somoim
43b8ff12-03d6-43a4-87fa-b6c4d60f11cc,5,2021-11-07T09:14:57+00:00,정말 소중하고 고마운 어플. 덕분에 다양한 모임에 참여할 수 있어서 삶이 훨씬 행복하네요.,0,3.9.7,2026-08-05,https://play.google.com/store/apps/details?hl=ko&id=com.friendscube.somoim
9d382471-a224-4848-8d2f-daf032c06276,5,2021-11-07T04:34:47+00:00,관심사 공유할께 많네요 진짜,0,3.9.7,2026-08-05,https://play.google.com/store/apps/details?hl=ko&id=com.friendscube.somoim
988d0c86-2f68-4952-83ba-89518f809aba,5,2021-11-06T17:16:26+00:00,🥇🥈🥉,0,3.9.7,2026-08-05,https://play.google.com/store/apps/details?hl=ko&id=com.friendscube.somoim
cab983cf-8141-4cfe-a3ce-6170b919f35a,5,2021-11-06T11:03:43+00:00,모임 어플 중에서 이용자가 많고 사용이 편리함^^,0,3.9.7,2026-08-05,https://play.google.com/store/apps/details?hl=ko&id=com.friendscube.somoim
a816a075-41b2-49e6-9048-15f5b645bd69,4,2021-11-05T03:22:40+00:00,지역을 선택할 수 있는 기능이 있었음 좋겠습니다,1,3.9.7,2026-08-05,https://play.google.com/store/apps/details?hl=ko&id=com.friendscube.somoim
25619930-a37e-4c44-b75d-b0d0f69232be,3,2021-11-04T06:08:11+00:00,벙 개설이 한개 밖에 되지 않는데다 멤버표시에도 오류가 있음. 의외로 고칠점이 꽤 보이는데 개선 의지가 미약해보임,2,3.9.7,2026-08-05,https://play.google.com/store/apps/details?hl=ko&id=com.friendscube.somoim
7014844d-f8ec-4684-8e7d-c75758361c23,4,2021-11-03T15:50:16+00:00,모임장이 아닌 운영진도 인원 탈퇴를 할 수 있게 해주세요!,0,,2026-08-05,https://play.google.com/store/apps/details?hl=ko&id=com.friendscube.somoim
0965ca7d-3898-4fcb-b5b1-7d6538d8a1fa,5,2021-10-31T23:20:45+00:00,외로우니까 도움주는 어플,1,3.9.7,2026-08-05,https://play.google.com/store/apps/details?hl=ko&id=com.friendscube.somoim
f6fb29ef-bbd1-4a87-b3e3-099b551ef67f,1,2021-10-31T14:04:52+00:00,"하.내가진짜세상이랑 담쌓고살면서. 모임을 우연히 찾아봤다. 밴드를 첨해보고 지역밴드찾기힘드길래 소모임을 깔았는데 지역은 잘되있더라 . 용캐내나이또래잇길래 오~~하고 신기해서 가입해봤다 그 밴드 장이 채팅걸어와서 첨이냐그러고 가입인사하라그러더라. 얼굴사진그냥 증명사진올리고 전신올리라돼있길래 살쪄서 안찍었다하니옛날것도상관없다고올리래더라 . 죄송합니다글쓰고 옛날사진올렷다ㅋㅋ5분뒤 강퇴 ㅋㅋㅅ.,ㅂ저기요 이게뭡니까? 그사람한테쪽지를주는 그런시스템도없고 첨접해본사람 강퇴질받고 다음 모임 겁나서 들어나가보겠어요? 이유라도알면좋지. 죄송해요한마디에 강퇴당했더라. 니들모임에 친목도모인데 다른옵션이있니 ? 내가어이없어서 신고를3번했다 . 근데 접합하지않으면 신고한사람이 제한당한다고 안내문 있더라. 내가제한당하면 말다했지 . 이앱이 쓰레기고 얼굴개밝히는거ㅡㅡ내가살다살다ㅋㄲㄱ저기요 물갈이좀 하죠?",4,,2026-08-05,https://play.google.com/store/apps/details?hl=ko&id=com.friendscube.somoim
a1e096c9-c61f-43a2-a24d-f8cead6867d7,4,2021-10-31T03:36:46+00:00,좋습니다,0,3.9.7,2026-08-05,https://play.google.com/store/apps/details?hl=ko&id=com.friendscube.somoim
4123695b-093c-417b-b491-6fcd12332e8a,5,2021-10-30T17:00:33+00:00,구우우웃,0,3.9.7,2026-08-05,https://play.google.com/store/apps/details?hl=ko&id=com.friendscube.somoim
fed08dc3-0667-4642-ad90-f41fd379be05,5,2021-10-30T15:37:03+00:00,굿,0,,2026-08-05,https://play.google.com/store/apps/details?hl=ko&id=com.friendscube.somoim
17b21bcb-0f42-44d0-8815-23232e16d706,2,2021-10-29T13:12:39+00:00,가끔씩 오류,0,3.9.7,2026-08-05,https://play.google.com/store/apps/details?hl=ko&id=com.friendscube.somoim
c871c4f3-10cc-4bb6-a6ab-9f4a3ecf1afb,1,2021-10-29T04:26:30+00:00,"핸드폰 번호가 바뀌어서, 그동안가입되어 있던 모임이 모두 날아갔습니다. 일일히 다시 가입해야 하는건지, 그 계정은 어찌되는건지 솔직히 짜증나네요",6,3.9.7,2026-08-05,https://play.google.com/store/apps/details?hl=ko&id=com.friendscube.somoim
3ee3b61a-48b2-4cb8-9241-b6f8ace36fd0,1,2021-10-29T00:47:41+00:00,"업데이트하고 부터 지웠다가 깔아도 버퍼가 걸리고 불러오는 중입니다만 계속 뜹니다. 평가 잘 안쓰는데, 너무 불편해요. 버그수정 부탁드려요..",24,3.9.7,2026-08-05,https://play.google.com/store/apps/details?hl=ko&id=com.friendscube.somoim
fa186ece-2d5e-43ef-8cc0-7a43b14ce1f9,3,2021-10-28T22:01:14+00:00,"이거 보니까, 안한지가언젠데, 왜자꾸 정기결제로 나가나여? 이거뭐져? 헐~이메일이랑 사진이랑보내겠습니다",0,,2026-08-05,https://play.google.com/store/apps/details?hl=ko&id=com.friendscube.somoim
2544757b-f924-4ff2-88f1-448c715a6ca0,5,2021-10-28T00:10:36+00:00,넘즐거운 모임이될수있는게 행복합니다 ㅎ,0,3.9.7,2026-08-05,https://play.google.com/store/apps/details?hl=ko&id=com.friendscube.somoim
6d8990e8-94fc-448d-8481-42f7a30f057c,5,2021-10-27T17:58:15+00:00,완소앱,0,3.9.7,2026-08-05,https://play.google.com/store/apps/details?hl=ko&id=com.friendscube.somoim
fdd27d85-2959-4af7-a094-65991d96d7a1,4,2021-10-27T11:07:34+00:00,가입한모임 탈퇴는 대체어떻게 하는건가요? 가입만있지 탈퇴가 전혀안되네요 알람꺼도 계속오고;;;어플을 삭제해야하는건지,2,3.9.7,2026-08-05,https://play.google.com/store/apps/details?hl=ko&id=com.friendscube.somoim
d842f76a-9b45-473e-90c9-fa31e0d54074,3,2021-10-26T22:55:34+00:00,음처음시작이라 잘모름,0,3.9.7,2026-08-05,https://play.google.com/store/apps/details?hl=ko&id=com.friendscube.somoim
a0c9b9ea-bed1-441c-b856-3f1e4607a085,4,2021-10-26T08:32:55+00:00,어플은 참 괜찮은데 제가 핸드폰을 바꾸면서 소모임 어플에 로그인 하려는데 다시 회원가입을 해야 로그인이 되더라구요~ 전에 나가던 모임들도 몇개 있어서 그런데 재가입 없이는 기존에 쓰던걸로 로그인은 못하나요??,0,3.9.2,2026-08-05,https://play.google.com/store/apps/details?hl=ko&id=com.friendscube.somoim
7caa05cc-3a8c-4493-bf7d-d21d913ed320,5,2021-10-25T22:59:24+00:00,굿,0,3.9.7,2026-08-05,https://play.google.com/store/apps/details?hl=ko&id=com.friendscube.somoim
dfae5e0b-fc2d-4e9c-acfe-8ef950030b2b,4,2021-10-23T05:53:46+00:00,알람을 끌 수가 없어서 앱을 지웠습니다.,0,3.9.7,2026-08-05,https://play.google.com/store/apps/details?hl=ko&id=com.friendscube.somoim
b5e717b8-a0cd-4445-8740-f66e0bb7d7b6,3,2021-10-23T04:01:30+00:00,다른앱은 잘 들어가지는데 소모임 어플만 들어가면 부팅이잘안되고 이상합니다.,0,3.9.7,2026-08-05,https://play.google.com/store/apps/details?hl=ko&id=com.friendscube.somoim
e73b7ccf-8748-4e4a-b5e7-4c0a22f8b5cd,5,2021-10-21T06:21:14+00:00,깔큼 하고 모임이 많고 정기적이어서 좋았습니다.,0,,2026-08-05,https://play.google.com/store/apps/details?hl=ko&id=com.friendscube.somoim
84670421-092c-4f77-a581-de498a5dc408,5,2021-10-20T13:54:18+00:00,좋아요,0,3.9.7,2026-08-05,https://play.google.com/store/apps/details?hl=ko&id=com.friendscube.somoim
2a186114-9878-4f5b-acf6-9984b24dad8f,5,2021-10-19T15:56:27+00:00,굿,0,3.9.7,2026-08-05,https://play.google.com/store/apps/details?hl=ko&id=com.friendscube.somoim
6737f167-2fd8-419a-868d-a8545afa5134,3,2021-10-19T09:17:16+00:00,모임초대가 의미가별로없는듯해요. 무분별하게 초대하는 지금의 방식보단 차라리 처음에 소모임에서 했던 초대인원이 하루 50명 안쪽으로 줄더라도 간단한 메세지 첨부와함께 보냈으면 좋겠습니다. 지금의 방식은 별 초대효과가 전혀없는듯합니다. 꼭 꼭 시정해주시면 좋겠어요,8,3.9.6,2026-08-05,https://play.google.com/store/apps/details?hl=ko&id=com.friendscube.somoim
013f7ee9-82f8-4491-bf08-2d14e84733d0,1,2021-10-18T13:55:07+00:00,아니왜 결재햇는데 내모임에 적용이안되요 ㅡㅡ 당장 환불해주세요 결재한거 모임선택하지도않았어요,2,3.9.7,2026-08-05,https://play.google.com/store/apps/details?hl=ko&id=com.friendscube.somoim
f17dfbea-70c0-4270-8747-6a16e88c589e,2,2021-10-17T10:43:31+00:00,UX 너무 불편함,0,3.9.7,2026-08-05,https://play.google.com/store/apps/details?hl=ko&id=com.friendscube.somoim
770859b5-0e49-43c8-bc10-4e32b512d6fc,5,2021-10-13T17:37:35+00:00,사용하기 편하고 ui도 깔끔해서 좋아요,0,3.9.7,2026-08-05,https://play.google.com/store/apps/details?hl=ko&id=com.friendscube.somoim
2b139de6-3024-429b-8067-18e1a3627192,1,2021-10-13T11:55:18+00:00,마포구 창전동 사는데 지역에 없어요,0,3.9.7,2026-08-05,https://play.google.com/store/apps/details?hl=ko&id=com.friendscube.somoim
c5774b59-861e-46b8-9cbf-7b926eff9fc2,1,2021-10-12T07:05:34+00:00,최악 진심 최악의 앱,0,3.9.2,2026-08-05,https://play.google.com/store/apps/details?hl=ko&id=com.friendscube.somoim
d40dfa87-2695-4557-8aeb-21a1ec22dcc9,5,2021-10-12T00:05:21+00:00,모임을 찾는 세밀한 어플리케이션,0,3.9.7,2026-08-05,https://play.google.com/store/apps/details?hl=ko&id=com.friendscube.somoim
eab0666d-3967-413c-bb6b-d833ba984e9a,5,2021-10-09T14:31:15+00:00,좋아요,0,3.9.7,2026-08-05,https://play.google.com/store/apps/details?hl=ko&id=com.friendscube.somoim
902b07c9-d373-40f8-95c6-651a2f0c7bf1,1,2021-10-07T01:32:19+00:00,누가 모임 마구잡이로 신고해도 진위여부와 관계없이 무조건 정지시켜버리는 쓰래기어플. 사람이랑 갈등 생겨서 신고당하면 아무 잘 못 안 했어도 억울한 사람 생겨도 신경 안 쓰는 쓰래기 운영방식 어플이니 이용하지 마세요,14,3.9.7,2026-08-05,https://play.google.com/store/apps/details?hl=ko&id=com.friendscube.somoim
63d29a05-3e4c-45cf-a249-89264a6153b8,1,2021-10-06T05:02:22+00:00,별로임,1,3.9.7,2026-08-05,https://play.google.com/store/apps/details?hl=ko&id=com.friendscube.somoim
93d506e5-8f4d-4c58-b508-e4c78f21c500,5,2021-10-04T23:36:44+00:00,다양한 모임을 가입할수 있어 좋은것같아요^^,0,3.9.6,2026-08-05,https://play.google.com/store/apps/details?hl=ko&id=com.friendscube.somoim
8ecc1ca9-203f-4c4f-9f73-b39956f7dcb0,4,2021-10-04T05:13:28+00:00,좋아요,0,3.9.6,2026-08-05,https://play.google.com/store/apps/details?hl=ko&id=com.friendscube.somoim
2dd17e87-4e21-4657-895f-cf004ea2398b,4,2021-10-04T01:50:38+00:00,짱좋습니다.,0,3.9.6,2026-08-05,https://play.google.com/store/apps/details?hl=ko&id=com.friendscube.somoim
d844a8f6-74ae-4a2f-a553-068ac8e0564d,5,2021-10-03T03:10:35+00:00,편리해요,0,3.9.6,2026-08-05,https://play.google.com/store/apps/details?hl=ko&id=com.friendscube.somoim
ce55f172-89df-4883-bad8-2614bc725e7e,3,2021-10-03T02:45:16+00:00,몇몇 기능설명도 적고 가입된 모임부터 표시되지 않는 것도 같아 아쉽군요. 기술적인 문제는 아닐 것 같은데...,2,3.9.6,2026-08-05,https://play.google.com/store/apps/details?hl=ko&id=com.friendscube.somoim
4f435852-04ba-4cb7-84cf-e559d6ec450f,5,2021-10-02T00:40:34+00:00,굿,0,3.9.6,2026-08-05,https://play.google.com/store/apps/details?hl=ko&id=com.friendscube.somoim
6e4ce9ca-4e22-44fa-831a-72877efafe57,2,2021-10-01T02:58:05+00:00,초대 차단 기능 만들어주세요,1,3.9.6,2026-08-05,https://play.google.com/store/apps/details?hl=ko&id=com.friendscube.somoim
21ee72f6-a8f0-45ba-af06-4ab728aaf31a,3,2021-09-30T09:57:53+00:00,구글데이터 백업하라고 하고 계정인식이 안됀다는데 어떻게 하나요 탈퇴했다 다시 만들기도 안돼고 방법좀 알려주세요,0,3.7.9,2026-08-05,https://play.google.com/store/apps/details?hl=ko&id=com.friendscube.somoim
0aec9b55-45c0-4dbf-8556-e3e9bc82c730,1,2021-09-30T09:44:34+00:00,쉽게 구하는건좋은데 유료라서 별로고 뭐 이딴 개같은 쓰레기 앱입니다. 차라리 전부 무료로 해주세요.,3,3.9.6,2026-08-05,https://play.google.com/store/apps/details?hl=ko&id=com.friendscube.somoim
e278c13b-246a-46da-a9f3-8b9171211847,1,2021-09-29T11:42:48+00:00,진짜 불편하게 만들어놔서 소통 개어렵. 일정 수정은 왜안되나모르겟음,0,,2026-08-05,https://play.google.com/store/apps/details?hl=ko&id=com.friendscube.somoim
8e1e2585-d8e7-42d9-abfd-77f3cea4ea79,5,2021-09-27T08:18:27+00:00,좋아요~,0,3.9.6,2026-08-05,https://play.google.com/store/apps/details?hl=ko&id=com.friendscube.somoim
ac87b895-a956-4639-85a2-e93e138b81cb,1,2021-09-27T06:49:44+00:00,주소등록하는과정에서 내가사는 주소는 입력할수도 없고 뜨지도않아서 이용조차 할수없음;;;;;;,1,,2026-08-05,https://play.google.com/store/apps/details?hl=ko&id=com.friendscube.somoim
8113284c-1a94-4fd0-8749-d2fef6785801,4,2021-09-26T04:40:19+00:00,좋아요,0,3.9.6,2026-08-05,https://play.google.com/store/apps/details?hl=ko&id=com.friendscube.somoim
be255f91-b997-4f86-ba20-5f4ce0093dbe,5,2021-09-25T23:16:40+00:00,좋은 어플입니다,0,3.9.6,2026-08-05,https://play.google.com/store/apps/details?hl=ko&id=com.friendscube.somoim
8fb14d0b-b446-4454-ae0c-44a5ba72501d,5,2021-09-25T15:11:51+00:00,어플을 잘 활용한다면 자기개발에 유용합니다:),1,3.9.6,2026-08-05,https://play.google.com/store/apps/details?hl=ko&id=com.friendscube.somoim
235e5c00-892d-4409-a678-115327f70a42,5,2021-09-25T04:01:10+00:00,좋아요,0,3.9.6,2026-08-05,https://play.google.com/store/apps/details?hl=ko&id=com.friendscube.somoim
9575d9a9-4ee8-4b63-8acc-07615ca3674c,3,2021-09-24T05:44:00+00:00,좋아요,0,3.9.6,2026-08-05,https://play.google.com/store/apps/details?hl=ko&id=com.friendscube.somoim
6849e249-c173-4e2f-adc9-0d8932daf097,5,2021-09-23T06:08:00+00:00,정기구독 타인이전 문의드립니다.,0,3.9.6,2026-08-05,https://play.google.com/store/apps/details?hl=ko&id=com.friendscube.somoim
8e6a9bad-27da-4e5e-a0a2-ebaeafc0df8b,5,2021-09-22T03:43:25+00:00,굳,0,3.9.6,2026-08-05,https://play.google.com/store/apps/details?hl=ko&id=com.friendscube.somoim
9f525daa-6b0f-4cb9-9be4-ded17004853b,1,2021-09-21T09:42:43+00:00,프사가 죽어도 안박힘. 어느모임도 가입신청 할 수 없음. 버그미쳤다..,2,3.9.6,2026-08-05,https://play.google.com/store/apps/details?hl=ko&id=com.friendscube.somoim
441454e9-16bf-4819-b201-d91b03569fc8,1,2021-09-20T16:18:02+00:00,현 소모임 어플 상황이 아주 좋네요. 악 3년만에 복귀 했는데 아주 기가 찹니다. 다운 받아서 한번 써보세요. 아주 강추요. 가입자들은 필시 어디에 문제가 ...ㅋ,1,3.9.6,2026-08-05,https://play.google.com/store/apps/details?hl=ko&id=com.friendscube.somoim
17ff0f8f-ade2-4dc9-889e-5e43cb939801,3,2021-09-20T04:10:54+00:00,"회사사람들과 분리하고자 투폰모드를 사용하는데 소모임 앱을 깔면 회사용 번호로 자동셋팅되네요 번호를 수정할 수 있는 방법이나, 현재 접속하는 번호로 셋팅되게 할 수 없나요?",1,3.9.6,2026-08-05,https://play.google.com/store/apps/details?hl=ko&id=com.friendscube.somoim
6b4d8c41-a195-4b6b-b0b6-ed0a2088048d,5,2021-09-18T06:01:29+00:00,ㅎㅎ좋은모임가질수있을거같아요,1,3.9.6,2026-08-05,https://play.google.com/store/apps/details?hl=ko&id=com.friendscube.somoim
d947e32a-cebe-42de-a2a0-7444ceacdd23,2,2021-09-17T10:48:04+00:00,핸드폰 용량 때문에 잠깐 삭제하고 다시 깔았더니 제가 가입했던 소모임들이 모두 사라지는 마법......,0,,2026-08-05,https://play.google.com/store/apps/details?hl=ko&id=com.friendscube.somoim
807a2b69-981b-402e-ab50-faa2e85ab5fc,1,2021-09-16T23:26:01+00:00,뭔 죄다 남자마감이래;; 순수하게 취미로 들어가려는것도 툭하면 다 남자마감이라그러고 지들이 초대해놓고 들어가도 남자마감이라그러고 죄다 여자 어찌해볼려고들 들어가는 더러운 놈들만 모인 쓰레기 어플. 다시는 안한다.,68,3.9.6,2026-08-05,https://play.google.com/store/apps/details?hl=ko&id=com.friendscube.somoim
0871f6a2-3708-45e7-9a3c-0d0d04554021,5,2021-09-16T00:56:53+00:00,동네 친구 사귀기 힘들었는데 좋으네용,0,3.9.6,2026-08-05,https://play.google.com/store/apps/details?hl=ko&id=com.friendscube.somoim
4763ce54-f588-4410-9bdc-a0385fd1ae25,5,2021-09-16T00:56:12+00:00,좋은사람들과 즐거운 라운딩,0,3.9.6,2026-08-05,https://play.google.com/store/apps/details?hl=ko&id=com.friendscube.somoim
69ad3933-fd9e-474a-83b9-14e850a41053,5,2021-09-15T22:39:23+00:00,굿,0,3.9.6,2026-08-05,https://play.google.com/store/apps/details?hl=ko&id=com.friendscube.somoim
70006e8c-e6fd-4cd1-bf29-5cf90baf92ea,5,2021-09-15T02:40:39+00:00,굿,0,3.9.2,2026-08-05,https://play.google.com/store/apps/details?hl=ko&id=com.friendscube.somoim
12672b96-90e2-41ff-9ff2-75916c250b42,5,2021-09-14T15:32:42+00:00,좋은 어플,0,3.9.6,2026-08-05,https://play.google.com/store/apps/details?hl=ko&id=com.friendscube.somoim
34dc44f6-5cc8-456c-92e2-dcff21404af8,5,2021-09-14T15:29:03+00:00,소모임에 좋은 어플인 듯...,0,3.9.6,2026-08-05,https://play.google.com/store/apps/details?hl=ko&id=com.friendscube.somoim
856cd244-5a0e-4a20-b56a-e0bb664f2070,1,2021-09-14T08:11:48+00:00,휴대폰 바꾸고 다시 번호인증하니까 이전에 가입했던 모임들 연동안되고 그냥 새로 시작해버리네요 싹 다 날라갔습니다 뭐하는거죠?,1,3.9.6,2026-08-05,https://play.google.com/store/apps/details?hl=ko&id=com.friendscube.somoim
a89278c5-057b-4a4f-98ef-1674eafb2981,5,2021-09-14T00:53:06+00:00,좋아요,0,3.9.6,2026-08-05,https://play.google.com/store/apps/details?hl=ko&id=com.friendscube.somoim
fe82a0c4-43b0-4e53-af15-da09150ce2d8,5,2021-09-13T21:58:12+00:00,소모임하기 아주 좋네요,0,3.9.6,2026-08-05,https://play.google.com/store/apps/details?hl=ko&id=com.friendscube.somoim
8ad850e3-f25e-4bb3-b524-44450f147776,4,2021-09-13T14:29:39+00:00,모임 7개보다 더 가입할수 있게 해주세요.,0,,2026-08-05,https://play.google.com/store/apps/details?hl=ko&id=com.friendscube.somoim
a17c1d3f-3cf5-4c61-809b-17dee39e2957,5,2021-09-13T10:44:16+00:00,좋아요~~,0,3.9.6,2026-08-05,https://play.google.com/store/apps/details?hl=ko&id=com.friendscube.somoim
a8544c39-5a26-4460-b634-a1a8e1a70be2,1,2021-09-11T16:38:35+00:00,"그냥 마케팅 글 밖에 안보이네요 레슨, 만남 성사 업체 이딴 것 밖에 없네요",0,3.5.9,2026-08-05,https://play.google.com/store/apps/details?hl=ko&id=com.friendscube.somoim
f0fb5876-3d17-4629-b42d-25ce8d51cd62,5,2021-09-11T12:40:58+00:00,좋습니다,0,3.9.6,2026-08-05,https://play.google.com/store/apps/details?hl=ko&id=com.friendscube.somoim
85f6f1dd-51b8-43cb-a99e-c6d9f59c2769,5,2021-09-10T01:44:04+00:00,좋네요,0,3.9.6,2026-08-05,https://play.google.com/store/apps/details?hl=ko&id=com.friendscube.somoim
fc982945-683c-495c-b9cb-7be4cca48584,5,2021-09-08T14:35:49+00:00,여쭙고 싶은게 있는데 아이디 신고 당하면 어플 다운도 불가능한가요? 친구가 아이디가 신고당한것 같다며 어플이 안들어가진다고 하네요,0,3.9.3,2026-08-05,https://play.google.com/store/apps/details?hl=ko&id=com.friendscube.somoim
10050ae8-d939-4bf7-8821-8ae52284cf61,5,2021-09-08T02:39:30+00:00,좋아요,0,3.9.6,2026-08-05,https://play.google.com/store/apps/details?hl=ko&id=com.friendscube.somoim
eb556244-97a9-4a5b-b3d5-71713d04d073,5,2021-09-08T00:54:17+00:00,궁금한게있어 여쭤봅니다~ 소모임어플에서 초대가 와서 모임에 가입하면 들어가보면 초대한 사람은 없다고하시는데 AI가 초대 자동으로 하는건가요?? 어떤건지 궁금해서 여쭤봐요,2,3.9.6,2026-08-05,https://play.google.com/store/apps/details?hl=ko&id=com.friendscube.somoim
a479196a-2068-45a8-b4f7-66b6f1a951d1,2,2021-09-07T08:07:55+00:00,"동네 친구 느낌으로 이용하고 싶은데, 저는 경기도 사는데 검색 결과는 서울/경기도로 나와서 검색범위가 엄청 넓다보니 원하는 모임 찾기가 너무 힘들어요. 해당 소모임의 최근 모임 장소, 모임 회원들의 주 거주지역에 따라 해당 소모임이 노출되는 지역 범위를 제한해서 검색할 수 있으면 좋겠습니다.",51,3.9.6,2026-08-05,https://play.google.com/store/apps/details?hl=ko&id=com.friendscube.somoim
18dd8783-9ddd-4ff0-b8bd-fecdd3541f03,5,2021-09-03T15:04:20+00:00,좋은추억 많이 만듬,0,3.9.6,2026-08-05,https://play.google.com/store/apps/details?hl=ko&id=com.friendscube.somoim
6dc47cd9-4466-497d-a25f-2da907731266,5,2021-08-30T10:58:55+00:00,좋아요,0,3.9.6,2026-08-05,https://play.google.com/store/apps/details?hl=ko&id=com.friendscube.somoim
cb3c4f81-bcd4-44c1-8930-77c881a2175e,4,2021-08-30T08:47:46+00:00,"다양한 모임을 경험할 수 있어서 좋지만, 결제비용이나 이용자수에 비해 업데이트가 너무 더딘 것 같아요. 게시판 이용도 불편하고요(텍스트 가운데 사진이 들어갔으면) 특히 운영자 입장에서 손이 많이 가는 앱인 듯.",18,3.9.6,2026-08-05,https://play.google.com/store/apps/details?hl=ko&id=com.friendscube.somoim
4cc90e67-3edc-4e4a-9052-b3bcb08b02a2,4,2021-08-29T07:52:51+00:00,굿,0,3.9.6,2026-08-05,https://play.google.com/store/apps/details?hl=ko&id=com.friendscube.somoim
9f326ba3-5ca7-48b4-9770-af2a15ca1295,1,2021-08-28T10:26:32+00:00,모임장이 되어서 클럽을 검색해도 안나옴 매월15000원읗 내는 프리미엄을 사야지 검색창에 띄어주는건가,2,3.9.6,2026-08-05,https://play.google.com/store/apps/details?hl=ko&id=com.friendscube.somoim
afa6a58f-ffd4-4822-8b94-bc3757238ddf,1,2021-08-27T13:57:28+00:00,진짜 초대거부 블랙리스트 안만들어주실껀가요??? 아니 초대 안받기 하나만 추가해주면 될것을 그거 하나 안해줘서 스팹에 시달리게 합니까,8,3.9.6,2026-08-05,https://play.google.com/store/apps/details?hl=ko&id=com.friendscube.somoim
021e0264-8502-4ae9-8889-944b107688dc,5,2021-08-26T03:29:16+00:00,조흠,0,3.9.6,2026-08-05,https://play.google.com/store/apps/details?hl=ko&id=com.friendscube.somoim
986d45be-aabd-417e-87d9-494a2398b1ec,5,2021-08-25T23:50:30+00:00,좋아요,0,3.9.6,2026-08-05,https://play.google.com/store/apps/details?hl=ko&id=com.friendscube.somoim
52340396-377b-48c6-8321-824dc6608268,5,2021-08-25T15:55:09+00:00,같은 취미& 친구만들기 좋은 곳 (0) 연인만드는곳 (x) 개념이면 정말좋은 어플,0,3.9.6,2026-08-05,https://play.google.com/store/apps/details?hl=ko&id=com.friendscube.somoim
d4686e0a-7505-4fd2-b35d-147656d54f94,5,2021-08-25T11:22:00+00:00,좋아요,0,3.9.6,2026-08-05,https://play.google.com/store/apps/details?hl=ko&id=com.friendscube.somoim
c101d59e-a86e-46bf-b5ef-f62f9cd6b8fc,5,2021-08-23T03:59:47+00:00,좋은거같네요 굿굿,0,3.9.6,2026-08-05,https://play.google.com/store/apps/details?hl=ko&id=com.friendscube.somoim
8783f119-bbc8-4836-8ba2-f7aab53465c1,4,2021-08-21T23:54:24+00:00,만족합니다,0,3.9.6,2026-08-05,https://play.google.com/store/apps/details?hl=ko&id=com.friendscube.somoim
962e51a3-b66a-47a9-9e26-ba7eadab2204,1,2021-08-21T13:03:57+00:00,모임초대거절 만들어달라고 건의한지 오랜데 아직도 변하는게 없음 앱만들고 걍 오류만 고치고 하는게 다는 아닐텐데.....,5,3.9.6,2026-08-05,https://play.google.com/store/apps/details?hl=ko&id=com.friendscube.somoim
43c4ada2-04bb-43a6-92ca-2db438cec396,2,2021-08-21T06:19:39+00:00,김태우사랑해요동생,0,3.9.6,2026-08-05,https://play.google.com/store/apps/details?hl=ko&id=com.friendscube.somoim
94ddfd58-bcdb-43c0-a70c-b0ec725629fa,5,2021-08-21T04:23:34+00:00,구독취소 어떻게 하나요,0,3.9.6,2026-08-05,https://play.google.com/store/apps/details?hl=ko&id=com.friendscube.somoim
696bafcb-20e7-4ac3-9dbe-a718d27a181b,4,2021-08-20T08:28:00+00:00,불건전한 모임없고 깔끔하고 사람들도 꽤 있고 좋은 소모임 어플 같아요~ㅎㅎ,0,3.9.6,2026-08-05,https://play.google.com/store/apps/details?hl=ko&id=com.friendscube.somoim
0c08b745-3a1a-4559-bfbd-ad1edea2a145,2,2021-08-20T05:52:23+00:00,잘 쓰고 있다가 어느날부턴가 갑자기 다른 소모임에 가입하려면 서비스 이용이 제한된 사용자래요. 그래서 탈퇴하고 다시 가입했더니 이번엔 서비스 이용이 제한된 번호라네요.. 왜 이러는 거죠??,4,3.9.5,2026-08-05,https://play.google.com/store/apps/details?hl=ko&id=com.friendscube.somoim
d70d7546-ace8-4f3a-a3ec-d336bbf6f1fe,4,2021-08-18T08:09:11+00:00,괜찮은 애플,0,3.9.6,2026-08-05,https://play.google.com/store/apps/details?hl=ko&id=com.friendscube.somoim
75ba474e-b5e2-4374-b2d1-0f356c427d4b,5,2021-08-17T07:37:30+00:00,잘 이용하고 있습니다. 먼저 질문! 아이패드에서 가로로 보려면 어떻게 해야 하나요?,1,3.9.6,2026-08-05,https://play.google.com/store/apps/details?hl=ko&id=com.friendscube.somoim
1df6a209-721e-41df-a06f-f0d32c2be99d,5,2021-08-16T23:10:23+00:00,아주좋아요,0,,2026-08-05,https://play.google.com/store/apps/details?hl=ko&id=com.friendscube.somoim
9fbf4e57-6fd8-46a9-bd0c-c9dd27351b39,5,2021-08-15T12:24:11+00:00,좋은 어플입니다!,0,3.9.6,2026-08-05,https://play.google.com/store/apps/details?hl=ko&id=com.friendscube.somoim
a345f1a1-db6e-4ec6-a4bd-e88e2716f489,5,2021-08-12T03:17:01+00:00,UI가 편하게 되있네요.,0,3.9.6,2026-08-05,https://play.google.com/store/apps/details?hl=ko&id=com.friendscube.somoim
e8f12232-7477-4472-980c-235d88e85dd9,5,2021-08-11T09:30:01+00:00,좋은 어플~^^,0,3.9.6,2026-08-05,https://play.google.com/store/apps/details?hl=ko&id=com.friendscube.somoim
7e423203-600a-4fff-b948-122f55bda4f2,1,2021-08-10T15:14:42+00:00,초대 차단하는 방법이 없을까요? 알려주셔요~~!,1,3.9.6,2026-08-05,https://play.google.com/store/apps/details?hl=ko&id=com.friendscube.somoim
c649afd1-7f60-4dc8-882c-d3ad5860d5c8,5,2021-08-07T08:37:34+00:00,좋은거같아요,0,3.9.6,2026-08-05,https://play.google.com/store/apps/details?hl=ko&id=com.friendscube.somoim
a9ab9222-3f96-41ea-9133-73d3bc109c90,1,2021-08-07T01:29:33+00:00,단점 1.채팅방에 개인사진짤을 못올리게 막아놓음 2.사진첩에 여러장의 사진을 올릴 수 없음 3.짧은 동영상이나 gif움짤을 못올림 올리려면 이상한거 가입하거나 연동해서 올리기 가능한데 유료 소모임 있으면서 이런 제한까지 BM모델이 너무 악랄함.,28,3.9.6,2026-08-05,https://play.google.com/store/apps/details?hl=ko&id=com.friendscube.somoim
c4ce4924-2fa8-43a3-8929-f2be6ad03864,4,2021-08-06T23:52:00+00:00,좋아요,0,3.9.6,2026-08-05,https://play.google.com/store/apps/details?hl=ko&id=com.friendscube.somoim
bd7da1a9-c059-4eb4-ad6c-9c726faa78ed,5,2021-08-06T11:53:05+00:00,다좋은데 최근 사용자가 가입한모임 목록이안보여요,0,3.9.6,2026-08-05,https://play.google.com/store/apps/details?hl=ko&id=com.friendscube.somoim
60f7c078-c45c-4ddd-847d-b4ee74417809,1,2021-08-05T16:42:55+00:00,환불해주세여 하지도 않았던 소모임에 갑자기 정기결재로 돈이빠져나가네요,1,3.9.6,2026-08-05,https://play.google.com/store/apps/details?hl=ko&id=com.friendscube.somoim
8b41b27b-9a08-4eab-be86-23024418741f,3,2021-08-04T12:55:52+00:00,모임 이용중인데 전체태그는 어떻게하나요...,0,3.9.6,2026-08-05,https://play.google.com/store/apps/details?hl=ko&id=com.friendscube.somoim
c0ec7796-cd80-4b7f-be8d-43640833cef2,5,2021-08-04T08:59:16+00:00,@태그할때 전체모임원한번에 태그하는기능 넣어주세요 너무편리할거같습니다 !!감사합니다,1,3.9.2,2026-08-05,https://play.google.com/store/apps/details?hl=ko&id=com.friendscube.somoim
62369e3d-3a40-498d-a2e2-665d38b7ea09,1,2021-07-31T08:51:15+00:00,"모임 찾기는 좋은데 알람이 계속 떠서 불편해요. 채팅알람은 끌 수 있지만, 누군가의 게시글 작성되거나 모임초대 등의 알람을 끌 수 없더라구요. 어떻게 할 수 있나요?",14,3.9.5,2026-08-05,https://play.google.com/store/apps/details?hl=ko&id=com.friendscube.somoim
5199d409-aa09-4866-af39-180247f764c1,5,2021-07-31T01:56:46+00:00,구뜨,0,3.9.5,2026-08-05,https://play.google.com/store/apps/details?hl=ko&id=com.friendscube.somoim
a5b896da-7993-4c60-96bb-049ce4b373da,3,2021-07-27T06:05:15+00:00,밴드 보다 사용이 조금 불편해요,1,3.9.5,2026-08-05,https://play.google.com/store/apps/details?hl=ko&id=com.friendscube.somoim
bc716b22-15df-4a87-b637-e5f7931d2494,5,2021-07-25T03:01:28+00:00,친구 찾는 사람 강추~,0,3.9.5,2026-08-05,https://play.google.com/store/apps/details?hl=ko&id=com.friendscube.somoim
d25ad6ad-75f1-42ca-a683-d9966172ebb4,5,2021-07-25T01:04:53+00:00,좋아요~,0,3.9.5,2026-08-05,https://play.google.com/store/apps/details?hl=ko&id=com.friendscube.somoim
f0c486e7-e78e-4036-a383-5bc416183828,5,2021-07-21T22:03:41+00:00,밴드보다낫네요,0,3.9.5,2026-08-05,https://play.google.com/store/apps/details?hl=ko&id=com.friendscube.somoim
3a662e00-fbf6-488f-9775-188ee1ad54a3,5,2021-07-19T00:27:13+00:00,굿,0,3.9.5,2026-08-05,https://play.google.com/store/apps/details?hl=ko&id=com.friendscube.somoim
2f0fdc58-9b2f-45c2-87c7-492fff1c7d80,5,2021-07-18T01:27:44+00:00,정말 유용한 어플.,0,3.9.5,2026-08-05,https://play.google.com/store/apps/details?hl=ko&id=com.friendscube.somoim
47fbe0dc-5756-4edc-b8b6-c92a41179dea,5,2021-07-17T23:33:32+00:00,편해요,1,3.9.5,2026-08-05,https://play.google.com/store/apps/details?hl=ko&id=com.friendscube.somoim
a201fc15-c684-45bd-9021-a5b2950d096c,1,2021-07-17T18:06:22+00:00,핸드폰바꿨더니 회원가입밖에안뜨는데.... 다시가입해야하는건가요? 지긋ㅇ 활동하고있던 모임들도 다시가입하고해야하는건지.... 당황스럽네요...,1,3.9.5,2026-08-05,https://play.google.com/store/apps/details?hl=ko&id=com.friendscube.somoim
baf6fd6a-4c57-4fe3-aeb9-5d186a5c7c5d,4,2021-07-17T14:57:27+00:00,좋긴한데 모임검색할때 지역설정하는기능좀 만들어주세요,1,3.9.5,2026-08-05,https://play.google.com/store/apps/details?hl=ko&id=com.friendscube.somoim
2d83e51b-5088-4898-a27e-33582a029bda,2,2021-07-17T13:39:46+00:00,소모임 프리미어 이용자입니다!!! 다름이 아니오라 차단기능 좀 강화시켜주세요 초대했다고 쌍욕하고 나가버리는 사람들이 있습니다 닉네임을 기억해도 강퇴하기 전에 먼저 나가버리니 차단도 안됩니다 이것만 완벽하게 되면 진짜 관심있는 사람들만 모이니 훨씬 더 활성화 될 겁니다 욕먹으니 기분이 나빠서 탈퇴해야하나 고민하다가 여기에 글 올립니다,1,3.9.5,2026-08-05,https://play.google.com/store/apps/details?hl=ko&id=com.friendscube.somoim
36a7674f-b4bd-47f9-85d4-3893068fd356,5,2021-07-17T01:40:16+00:00,아주 괜찮네요,0,3.9.5,2026-08-05,https://play.google.com/store/apps/details?hl=ko&id=com.friendscube.somoim
8650e77d-4a31-4cca-b876-20501eeb199a,4,2021-07-16T11:27:33+00:00,농구 하는 사람들이 너무 없어서 슬프네요,1,3.9.5,2026-08-05,https://play.google.com/store/apps/details?hl=ko&id=com.friendscube.somoim
c787e273-e807-4a7f-a2ed-b46cb1a28e14,1,2021-07-16T04:04:44+00:00,남자 마감!!!!,0,3.9.5,2026-08-05,https://play.google.com/store/apps/details?hl=ko&id=com.friendscube.somoim
7875dcfe-a465-484a-b54d-571c8d6ab752,4,2021-07-14T06:03:22+00:00,회원 정리할때 하루 5명 일주일간 10 명을 걸어놔서 모임운영하기 매우힘듭니다! 수정부탁드려요,0,3.9.5,2026-08-05,https://play.google.com/store/apps/details?hl=ko&id=com.friendscube.somoim
c6cfef51-6945-4510-8469-55e25ce7379e,5,2021-07-13T03:26:04+00:00,좋아요 굿굿굿,0,3.9.5,2026-08-05,https://play.google.com/store/apps/details?hl=ko&id=com.friendscube.somoim
df177f13-b249-4af0-a6dd-7d94c240615a,2,2021-07-12T14:05:45+00:00,"1년 넘게 사용하던 중에 폰교체한다고 복원 했더니, 제대로 구동이 안됨. 안내 있는대로 설정 및 삭제 후 재설치도 수회 진행하였으나, 채팅방에 게시글 작성도 안되고 오죽하면 탈퇴도 안됨. 계정 관리 부분에 대한 개정 필요",25,3.9.5,2026-08-05,https://play.google.com/store/apps/details?hl=ko&id=com.friendscube.somoim
a06ede77-e362-4fa3-8988-beb27053b839,5,2021-07-12T12:06:14+00:00,좋은 어플이에요,0,3.9.5,2026-08-05,https://play.google.com/store/apps/details?hl=ko&id=com.friendscube.somoim
c607d94a-7575-427b-9f67-26bfcec2cc54,5,2021-07-11T23:40:04+00:00,"모임어플, 괜찮네용....!",0,3.9.5,2026-08-05,https://play.google.com/store/apps/details?hl=ko&id=com.friendscube.somoim
86bbb9c8-8277-454d-86f0-c35f9d55d980,1,2021-07-11T14:11:43+00:00,남자 키 하고 외모 너무 심하게 따지네요..,0,,2026-08-05,https://play.google.com/store/apps/details?hl=ko&id=com.friendscube.somoim
dc5f7149-b960-4f02-b75c-e173a773f844,2,2021-07-09T03:57:28+00:00,거지같아요 안좋은 기억만 남기고 갑니다 남자 마감 걸어놓고 여기가 친목이 목적인지 발정난 남녀들 놀이터를 하는곳인지 알수가 없음 돈 많이 버세요 아주 배터지게,29,3.9.5,2026-08-05,https://play.google.com/store/apps/details?hl=ko&id=com.friendscube.somoim
185db664-b2df-4e08-a196-7c5342af4522,4,2021-07-09T00:18:04+00:00,추천 1눌러봅니다 어디서 결제 취소해야하는지 경로좀 자세히 알려주세요,2,3.9.5,2026-08-05,https://play.google.com/store/apps/details?hl=ko&id=com.friendscube.somoim
152c4ff1-9f8e-4c31-aaf4-6c083082a1c4,3,2021-07-08T14:40:54+00:00,아직 그렇다할 평이없음,0,3.9.5,2026-08-05,https://play.google.com/store/apps/details?hl=ko&id=com.friendscube.somoim
64929e40-5b22-4fa1-add4-69134fac50ad,5,2021-07-07T12:49:51+00:00,좋아요~,0,3.9.5,2026-08-05,https://play.google.com/store/apps/details?hl=ko&id=com.friendscube.somoim
1a074381-158f-4f7f-9b11-37ac5474fa10,4,2021-07-07T12:46:46+00:00,초대가 너무 와요 초대거부 설정 만들어주세요,1,3.9.5,2026-08-05,https://play.google.com/store/apps/details?hl=ko&id=com.friendscube.somoim
7620be2c-c7ef-4200-9488-b8e1542c7628,5,2021-07-07T04:38:38+00:00,쵝오~!,0,3.9.5,2026-08-05,https://play.google.com/store/apps/details?hl=ko&id=com.friendscube.somoim
b48aadd5-7df5-4246-8ce5-9d614b7dbf0c,4,2021-07-07T00:52:19+00:00,써보려 하려함,0,3.9.5,2026-08-05,https://play.google.com/store/apps/details?hl=ko&id=com.friendscube.somoim
e8c948e5-2333-4ed1-80ce-1e5c1b3ed080,5,2021-07-06T01:54:46+00:00,연습실이 너무 멋지네요,0,3.9.5,2026-08-05,https://play.google.com/store/apps/details?hl=ko&id=com.friendscube.somoim
0b403f1b-e327-49c4-8f91-b962ab5cdfc5,5,2021-07-05T20:52:24+00:00,좋아요,0,3.9.5,2026-08-05,https://play.google.com/store/apps/details?hl=ko&id=com.friendscube.somoim
316ace5f-2ef3-4678-88b4-825454660e07,5,2021-07-05T00:42:21+00:00,좋음,0,3.9.5,2026-08-05,https://play.google.com/store/apps/details?hl=ko&id=com.friendscube.somoim
62f395c4-c011-4a4d-bd50-4dc1d69fe79c,1,2021-07-02T13:09:26+00:00,다른 모임에 대해서 초대 거부 할 권리가 없는 아주 KㅓK같은 앱 지역등록 안하고싶은데 그럴 권리도 없음 지속적으로 초대 오는 모임이 있는데 이 모임 초대 받지 않기 이딴것도 없음,7,3.9.5,2026-08-05,https://play.google.com/store/apps/details?hl=ko&id=com.friendscube.somoim
4601645f-a555-46af-aeed-97b33fd8474e,5,2021-07-02T09:00:19+00:00,모임어플 이에요ᆢ,0,3.9.5,2026-08-05,https://play.google.com/store/apps/details?hl=ko&id=com.friendscube.somoim
0dd233c1-4f5c-4314-99d0-805673ad96a0,5,2021-07-01T12:44:34+00:00,굿,0,3.9.3,2026-08-05,https://play.google.com/store/apps/details?hl=ko&id=com.friendscube.somoim
6d3e7d80-b022-4874-88ab-03135e541e3b,1,2021-06-30T12:42:16+00:00,구독취소 되지도않고 최근6개월동안 계속돈이빠저나가요ㅡㅡ,1,,2026-08-05,https://play.google.com/store/apps/details?hl=ko&id=com.friendscube.somoim
3f96ed69-8748-45e3-ac6a-e7c3014bd499,1,2021-06-30T02:42:57+00:00,전혀 리뷰를 안하시네요.,2,3.9.5,2026-08-05,https://play.google.com/store/apps/details?hl=ko&id=com.friendscube.somoim
fc34b6aa-a2ec-4a29-88f8-277a32e4f586,5,2021-06-28T06:17:29+00:00,좋은모임 너무 좋습니다,0,3.9.4,2026-08-05,https://play.google.com/store/apps/details?hl=ko&id=com.friendscube.somoim
eb35da96-0b4d-4205-99a8-55f886f19b41,5,2021-06-28T02:22:01+00:00,👍,0,3.9.4,2026-08-05,https://play.google.com/store/apps/details?hl=ko&id=com.friendscube.somoim
26d03288-640f-404f-a876-7c245dbb75f4,3,2021-06-26T14:14:45+00:00,채팅기능이 넘 구림 채팅방에 똥싸고 나가면 모임장입장에선 너무 억울함,1,3.9.4,2026-08-05,https://play.google.com/store/apps/details?hl=ko&id=com.friendscube.somoim
8a453997-8417-4c67-acf9-7ac788d648e1,5,2021-06-26T13:28:18+00:00,채팅 삭제! 도배채팅 관리자 삭제 등 업데이트 되었으면 좋겠습니다~!! 나머진 조아요~~!,0,3.9.4,2026-08-05,https://play.google.com/store/apps/details?hl=ko&id=com.friendscube.somoim
3fad5764-5769-48e6-8dd4-de25c6dc5505,1,2021-06-26T13:06:49+00:00,채팅에서 모임원들 중 한사람이 악의적으로 도배메세지를 해도 모임장 권한으로 가리거나 삭제할 수 있는 기능이 없어서 답답합니다. 이런 부분 고려해서 업데이트 부탁드려요...ㅜㅜ,11,3.9.4,2026-08-05,https://play.google.com/store/apps/details?hl=ko&id=com.friendscube.somoim
6f84eb3e-8d95-4dfa-96cf-598588bea613,5,2021-06-26T12:46:20+00:00,소모임 정말 애용하고있습니다♡ 다만 모임에 채팅실수를 했을 때 지울 수 있는 기능과 모임장 운영진이 채팅 가리기 기능이 추가되면 좋을 거 같아요 ㅎㅎ !!,3,3.9.4,2026-08-05,https://play.google.com/store/apps/details?hl=ko&id=com.friendscube.somoim
be29bb6a-d356-41ae-a036-1d9e180a1b19,5,2021-06-26T10:56:42+00:00,아직까진 좋음,0,3.9.4,2026-08-05,https://play.google.com/store/apps/details?hl=ko&id=com.friendscube.somoim
7089e00c-dc93-47d5-8aa9-98e34995c903,5,2021-06-26T06:35:00+00:00,좋아요,0,3.9.4,2026-08-05,https://play.google.com/store/apps/details?hl=ko&id=com.friendscube.somoim
4e856b76-6d68-4628-8d3c-22b28c9ed77c,4,2021-06-25T10:45:21+00:00,좋네요~~^^,0,3.9.4,2026-08-05,https://play.google.com/store/apps/details?hl=ko&id=com.friendscube.somoim
fbff6e85-0174-43ae-8b60-2c4be6f66c4b,1,2021-06-25T09:01:42+00:00,안드로이드에서는 프리미엄 구독 취소에 대한 설명이 없고 창도 보이지않습니다. 프리미엄구독을 해지하기위해 모임을 탈퇴했고 구글플레이앱상에도 정기결제건이 없길래 취소가 된줄알았는데 오늘또 15500원이 결제되었네요 환불해주시고 구독취소 신속히 부탁드립니다 빠른답변기다립니다.,38,3.9.4,2026-08-05,https://play.google.com/store/apps/details?hl=ko&id=com.friendscube.somoim
8d6bd599-7baf-453b-8020-2b1067b96926,4,2021-06-25T03:52:18+00:00,좋은데요. 소모임별로 이름 바꿀수있었음 한데요.안되나요,0,3.9.2,2026-08-05,https://play.google.com/store/apps/details?hl=ko&id=com.friendscube.somoim
ad6c5aca-c71a-46ef-b43d-984aecee9812,5,2021-06-24T07:06:31+00:00,지역기반이라 카테고리도 좋고 괜찮은 거 같아요,1,3.9.4,2026-08-05,https://play.google.com/store/apps/details?hl=ko&id=com.friendscube.somoim
7d34ba60-a560-46d2-bb20-862774edaf24,4,2021-06-24T05:13:52+00:00,정모 올리고 시간을 조금씩 변경할 때가 비일비재한데 정모시간 수정이 안되는 것이 아쉽습니다.,0,3.9.4,2026-08-05,https://play.google.com/store/apps/details?hl=ko&id=com.friendscube.somoim
8c96931d-20c1-4f48-ad83-5afb58441f09,5,2021-06-23T09:17:21+00:00,Yee~,0,3.9.4,2026-08-05,https://play.google.com/store/apps/details?hl=ko&id=com.friendscube.somoim
feaa1f27-d201-4935-89d9-7cd864c8c059,5,2021-06-23T06:03:47+00:00,근데 가입한 모임이 3개있는데 한군데서 저를 선택하면 가입한 모임이 있는데 거기에는 그 모임 하나밖에 안나오는데 왜 그런거죠?? 다른 두 모임이 안떠요...그런데 그 모임에 들어가면 모임인원에는 체크되어있는거 같고...탈퇴는 따로 안했습니다. 그리고 강퇴당했다는 메세지도 받은적이 없구요..,2,3.9.4,2026-08-05,https://play.google.com/store/apps/details?hl=ko&id=com.friendscube.somoim
3f52db93-ebb8-413e-8e49-7ada7ffd7faa,4,2021-06-23T00:22:03+00:00,이제 시작해 보는데 다양한 모임이 있어서 기대해 봅니다,0,3.9.4,2026-08-05,https://play.google.com/store/apps/details?hl=ko&id=com.friendscube.somoim
60427698-3586-4851-a905-e01bb59982b7,5,2021-06-22T10:05:03+00:00,"이런 앱이 있어서 넘 다행이에요! 희망사항은,, 앱 사용자가 더 많아졌으면 좋겠어요~~~ 저도 최대한 알리고있습니다ㅋㅋㅋ",0,3.9.4,2026-08-05,https://play.google.com/store/apps/details?hl=ko&id=com.friendscube.somoim
e2e6c241-d63f-442d-91dd-b3dd4de18276,1,2021-06-22T04:07:01+00:00,계속하여 관심지역 설정창이 팝업되어 거슬림,0,3.9.4,2026-08-05,https://play.google.com/store/apps/details?hl=ko&id=com.friendscube.somoim
caa6e483-23f5-41c5-b911-c5b8463440c3,3,2021-06-21T23:33:21+00:00,UX가 아직은 많이 미흡하네요,1,3.9.4,2026-08-05,https://play.google.com/store/apps/details?hl=ko&id=com.friendscube.somoim
16142237-923a-4aa6-a782-7ff5d0b4a929,1,2021-06-21T07:22:00+00:00,초대 거부 기능 좀 만들어라,1,3.9.4,2026-08-05,https://play.google.com/store/apps/details?hl=ko&id=com.friendscube.somoim
3ca971b2-5b06-49e2-8e5f-946013248f23,3,2021-06-20T07:11:43+00:00,"안녕하세요~오래전부터 독서모임으로 이용하고 있는 유저입니다 .최근 전주의 한 독서모임에서 강퇴당한 경험이 있어서요 제 입장에서는 2번 참여했고 딱히 모임규칙에 위배한 내용은 없었다고 판단되는데 굉장히 당혹스러운 불쾌한 경험이었습니다 ""강퇴된 모임입니다 블라블라~"" 라는 메세지가 하나 뜨고 제가 할수 있는 건 고작 어떻게 반영되는지도 확인이 안되는 모임신고밖에 없었습니다 유저로써 개발사에게 요청하는 바는 강퇴에 강력한 권한이 있는 운영진에게 책임도 부여되는 강퇴당한 회원본인이나 기존 타회원도 사유를 공정하고 투명하게 알수 있는 (고지 시스템) 같은 것이 있었으면 좋겠습니다 좋은하루되시고 귀사의 발전을 기원하겠습니다.",34,3.9.4,2026-08-05,https://play.google.com/store/apps/details?hl=ko&id=com.friendscube.somoim
eb655b22-db1e-4231-a68f-bb496d386589,4,2021-06-19T02:27:04+00:00,So so,0,3.9.4,2026-08-05,https://play.google.com/store/apps/details?hl=ko&id=com.friendscube.somoim
1dcc89e2-2c62-4aed-8530-bd6a19ead949,4,2021-06-19T01:07:28+00:00,게시글 작성 후 사진 변경 기능이 추가되면 좋겠어요!^^,0,3.9.2,2026-08-05,https://play.google.com/store/apps/details?hl=ko&id=com.friendscube.somoim
56bbf54e-c9dc-4b42-a8ef-9d152a857c6d,5,2021-06-19T00:28:23+00:00,굿,0,3.9.4,2026-08-05,https://play.google.com/store/apps/details?hl=ko&id=com.friendscube.somoim
dd32ddba-21fa-49b0-b27d-3200794fd1d2,5,2021-06-18T06:24:23+00:00,굿,0,3.9.4,2026-08-05,https://play.google.com/store/apps/details?hl=ko&id=com.friendscube.somoim
8c3de920-d0f7-47ae-879a-ae17721ae891,5,2021-06-17T21:43:46+00:00,굿,0,,2026-08-05,https://play.google.com/store/apps/details?hl=ko&id=com.friendscube.somoim
685cf9a4-1735-4518-8576-964516ed2913,5,2021-06-17T11:08:10+00:00,취미 갖기,0,3.9.4,2026-08-05,https://play.google.com/store/apps/details?hl=ko&id=com.friendscube.somoim
5fdf51f1-fc3e-4160-ac26-1ec03b545391,5,2021-06-17T06:21:03+00:00,굿,0,3.9.2,2026-08-05,https://play.google.com/store/apps/details?hl=ko&id=com.friendscube.somoim
d8c48db9-6624-43e9-b6fd-c8f1662c6ff9,5,2021-06-15T03:44:55+00:00,굿,0,,2026-08-05,https://play.google.com/store/apps/details?hl=ko&id=com.friendscube.somoim
0cdaba08-019f-424b-b9b2-aa65ea0ca119,5,2021-06-13T02:27:29+00:00,모임을 운영하는 입장에서 노골적으로 이성 참여 현황을 보고 참석하는 경우가 많습니다 정모 참석인원현황 수는 보여줘도 누구누구 참석했는지 가릴 수 있는 기능이 나왔으면 좋겠습니다.,8,3.9.4,2026-08-05,https://play.google.com/store/apps/details?hl=ko&id=com.friendscube.somoim
f68c0dcb-ef67-484a-afa0-f49b93142648,5,2021-06-12T16:47:02+00:00,좋은어플,0,3.9.4,2026-08-05,https://play.google.com/store/apps/details?hl=ko&id=com.friendscube.somoim
a64041d4-d656-4025-8b79-2db911a1910f,5,2021-06-12T15:17:10+00:00,ㅗㅎ아요,0,3.9.4,2026-08-05,https://play.google.com/store/apps/details?hl=ko&id=com.friendscube.somoim
78710f01-6a96-4eac-8bba-5be973956479,3,2021-06-11T21:58:54+00:00,설정에서 소리설정도 가능하면 좋겠네요!!,0,3.9.4,2026-08-05,https://play.google.com/store/apps/details?hl=ko&id=com.friendscube.somoim
d454d230-1785-4b34-ae9b-7a8140cc1628,1,2021-06-11T08:08:09+00:00,돈만 받고 개선은 없음ㅡㅡ,8,3.9.4,2026-08-05,https://play.google.com/store/apps/details?hl=ko&id=com.friendscube.somoim
7a8ccbf1-8251-460f-a005-05dd1c927b7e,5,2021-06-09T20:57:45+00:00,잘쓰고있네요,0,3.9.4,2026-08-05,https://play.google.com/store/apps/details?hl=ko&id=com.friendscube.somoim
ddf4b432-14a6-4064-b6dc-15b5797d7db5,5,2021-06-08T23:48:46+00:00,굳굳 좋습니다,0,3.9.4,2026-08-05,https://play.google.com/store/apps/details?hl=ko&id=com.friendscube.somoim
69b88cb8-224a-419a-b738-8a227d9e408c,4,2021-06-08T23:31:33+00:00,좋아요,0,3.9.4,2026-08-05,https://play.google.com/store/apps/details?hl=ko&id=com.friendscube.somoim
b911170c-a7f0-4482-b13f-cd09099f1235,2,2021-06-08T14:46:33+00:00,서버연결에 오류가뜨는데 어떻게 해결하나요? 어떻게해도 오류해결이 안돼네요...;;,2,3.9.4,2026-08-05,https://play.google.com/store/apps/details?hl=ko&id=com.friendscube.somoim
7f70d2c0-17ac-4782-a8ea-917b56bd65c7,2,2021-06-08T12:26:18+00:00,시간때우가용ㅎ,0,3.9.4,2026-08-05,https://play.google.com/store/apps/details?hl=ko&id=com.friendscube.somoim
99aed097-2998-41e0-89bf-6714376df5c6,5,2021-06-07T10:29:27+00:00,굿,0,3.9.4,2026-08-05,https://play.google.com/store/apps/details?hl=ko&id=com.friendscube.somoim
9c318a6d-2d1b-4e2f-9863-14a4eb4e545f,1,2021-06-06T17:49:22+00:00,탈퇴하고 앱삭제 후 다시 설치 그럼 탈퇴된 계정으로 자동 복구됨.,3,3.9.4,2026-08-05,https://play.google.com/store/apps/details?hl=ko&id=com.friendscube.somoim
d5ea8507-b78c-4c79-b660-6582fbf78d1b,5,2021-06-06T03:41:31+00:00,재밌어요!,0,3.9.4,2026-08-05,https://play.google.com/store/apps/details?hl=ko&id=com.friendscube.somoim
51c81238-9eea-43ae-a3fd-1e69d8cb60df,5,2021-06-05T16:37:22+00:00,좋은 어플인정,0,3.9.3,2026-08-05,https://play.google.com/store/apps/details?hl=ko&id=com.friendscube.somoim
dd75983e-012a-475e-8ca2-243a103ce0fd,4,2021-06-05T07:12:34+00:00,처음이지만 좋을듯 합니다,0,3.9.4,2026-08-05,https://play.google.com/store/apps/details?hl=ko&id=com.friendscube.somoim
a87b81fa-3f47-4e38-a18d-61dbca557778,5,2021-06-05T06:31:47+00:00,좋응,0,3.9.4,2026-08-05,https://play.google.com/store/apps/details?hl=ko&id=com.friendscube.somoim
5d55bf51-fbd1-4d01-9855-664b97aac6b8,3,2021-06-04T08:45:55+00:00,PC에선 안될가요?,0,,2026-08-05,https://play.google.com/store/apps/details?hl=ko&id=com.friendscube.somoim
f84578ef-b5b7-45d0-9672-896c09da65bf,5,2021-06-04T07:27:00+00:00,좋네요,0,3.9.4,2026-08-05,https://play.google.com/store/apps/details?hl=ko&id=com.friendscube.somoim
14bae4c1-7e04-4d05-9c1e-19a0c8a6d9d0,2,2021-06-04T06:16:37+00:00,알림이 떠도 막상 앱 들어가보면 채팅내용이나 벙이 안올라와 있는 경우가 대다수. 혹은 알람도 안울림;;,2,3.9.3,2026-08-05,https://play.google.com/store/apps/details?hl=ko&id=com.friendscube.somoim
91b92e92-9552-43b6-bc19-2d94b6b8361a,2,2021-06-04T04:28:51+00:00,잘 되다가 오늘부터 자동으로 튕기는 현상발생합니다 재설치해도 그러네요,0,3.9.1,2026-08-05,https://play.google.com/store/apps/details?hl=ko&id=com.friendscube.somoim
978a7d12-2422-4139-8fe4-180d3838a1b5,4,2021-06-02T22:40:12+00:00,소통이 잘되어 좋아욤 ㅎ,0,3.9.4,2026-08-05,https://play.google.com/store/apps/details?hl=ko&id=com.friendscube.somoim
d92e01b7-1d69-4f39-89e2-06b130626ca0,5,2021-06-02T04:28:00+00:00,좋아요,0,3.9.4,2026-08-05,https://play.google.com/store/apps/details?hl=ko&id=com.friendscube.somoim
6c972553-9fd3-4cb0-8c2a-5594d40f4717,5,2021-06-01T00:05:40+00:00,좋습니다,0,3.9.3,2026-08-05,https://play.google.com/store/apps/details?hl=ko&id=com.friendscube.somoim
d1311571-9e85-45d1-95eb-8a743a0a3be0,1,2021-05-31T23:50:25+00:00,장사속이 심함,0,3.9.3,2026-08-05,https://play.google.com/store/apps/details?hl=ko&id=com.friendscube.somoim
0bebbeaf-5e46-4205-802c-a1a7eccaf180,5,2021-05-31T07:54:36+00:00,정말 좋은 앱입니다.,0,3.9.3,2026-08-05,https://play.google.com/store/apps/details?hl=ko&id=com.friendscube.somoim
f81abacf-036e-4996-b942-132f18931227,5,2021-05-31T07:01:55+00:00,굿뜨베르,0,3.9.3,2026-08-05,https://play.google.com/store/apps/details?hl=ko&id=com.friendscube.somoim
28271871-cbc8-45f9-9490-0993ee33995b,3,2021-05-31T01:34:54+00:00,고객센터 전화연결 어떻게 하나요 문의하려고 하는데 방법이 없네요,2,3.9.3,2026-08-05,https://play.google.com/store/apps/details?hl=ko&id=com.friendscube.somoim
87d2dd11-69bb-4b49-992f-f0c3ebcaae65,5,2021-05-29T20:31:46+00:00,좋아요,0,3.9.3,2026-08-05,https://play.google.com/store/apps/details?hl=ko&id=com.friendscube.somoim
73d94859-ed00-4051-9cc3-d0fcfa40d7d8,5,2021-05-29T14:46:38+00:00,좋습니다..,0,3.9.3,2026-08-05,https://play.google.com/store/apps/details?hl=ko&id=com.friendscube.somoim
6d2272c7-ae3d-4940-8d01-2b0f20c87a8c,5,2021-05-29T03:53:07+00:00,좋네요,0,3.9.3,2026-08-05,https://play.google.com/store/apps/details?hl=ko&id=com.friendscube.somoim
58eca2f5-7c82-4f17-b49a-c0d20088589b,1,2021-05-28T11:01:12+00:00,유료-연애 부분에 가면 소개팅 해주는 카카오톡 채널들이 많은데요. 그 중 사기 카카오톡 채널이 있다는거 알고계신가요? 거기에 걸러서 소액사기 당했네요. 한번당한뒤 신뢰가 안갑니다. 다신 안 이용할 예정인데요. 소모임앱에서 그런 관리는 해야되는거 아닌가요?,5,3.9.3,2026-08-05,https://play.google.com/store/apps/details?hl=ko&id=com.friendscube.somoim
16fd5088-65a0-4510-85f4-071d1e490cd0,3,2021-05-28T08:15:28+00:00,정모가 날짜지나면 그냥 사라져서 조금 속상해요 누가 참여했었는지 기록으로 남았으면 좋겠는데 이게 정모 날짜 지나면 사라지니 따로 체크를 해야하네요 ㅠ,2,3.9.3,2026-08-05,https://play.google.com/store/apps/details?hl=ko&id=com.friendscube.somoim
a62e588a-47be-4946-b486-dd1a6e78ea55,5,2021-05-27T10:26:23+00:00,좋아요.*^^*.,0,,2026-08-05,https://play.google.com/store/apps/details?hl=ko&id=com.friendscube.somoim
ea4b2114-4a43-40fc-b31f-25371ec4f657,1,2021-05-27T09:16:05+00:00,사기꾼 메일로 신고했는데 언제 답변 주나요? 돈 날리는 것보다 그런 사람이 계속 활동하는 게 짜증나네요,3,3.9.3,2026-08-05,https://play.google.com/store/apps/details?hl=ko&id=com.friendscube.somoim
f8f6d2a6-bb62-403b-9e00-2934d3f9566c,1,2021-05-25T14:47:57+00:00,같은 모임사람들이 모임만들고 들어오고 이런식으로 자기들만의 성 만들어서 자기 마음대로하네요 ;; 고인물,2,3.9.3,2026-08-05,https://play.google.com/store/apps/details?hl=ko&id=com.friendscube.somoim
bb1d0b9e-4b23-44b2-931d-40279a0e774b,5,2021-05-25T01:18:48+00:00,괜찮은 앱이네요,0,3.9.3,2026-08-05,https://play.google.com/store/apps/details?hl=ko&id=com.friendscube.somoim
f86fee25-8285-4de9-ae78-4a4ddb08fa03,5,2021-05-25T00:10:12+00:00,좋아요!,0,3.9.3,2026-08-05,https://play.google.com/store/apps/details?hl=ko&id=com.friendscube.somoim
30c68d80-aa87-4532-9d11-f9c7a9022431,3,2021-05-24T03:38:27+00:00,"유저 차단하기 기능이 있었으면 좋겠어요. 모임내 강퇴 시켜서 차단 되는 거 말고 그 유저 프로필 눌러서 차단하는 기능이요. 타모임에서 문제 일으켰던 유저가 버젓이 내 모임에 가입하고, 사유 설명하고 강퇴하고, 보복성 신고하고.... 좀 머리아프네요ㅜ 그냥 유저 차단 기능이 잇으면 좋을텐데요",40,3.9.3,2026-08-05,https://play.google.com/store/apps/details?hl=ko&id=com.friendscube.somoim
03699ab0-4270-45d1-a5e8-7a332dc817f4,5,2021-05-24T01:54:17+00:00,좋음요,0,3.9.3,2026-08-05,https://play.google.com/store/apps/details?hl=ko&id=com.friendscube.somoim
8bb2cfc3-a287-47fb-9018-ac913d8b28be,5,2021-05-23T21:23:01+00:00,재밌당,0,3.9.3,2026-08-05,https://play.google.com/store/apps/details?hl=ko&id=com.friendscube.somoim
83a00f75-53e5-49c1-afb2-64b60e257ed8,5,2021-05-23T13:54:30+00:00,굿,0,3.9.3,2026-08-05,https://play.google.com/store/apps/details?hl=ko&id=com.friendscube.somoim
f1e82c6a-12a3-4b4d-a64a-cf1f318bd93d,5,2021-05-21T07:52:32+00:00,굳,0,3.9.3,2026-08-05,https://play.google.com/store/apps/details?hl=ko&id=com.friendscube.somoim
a96da621-e012-4fa3-8a7d-5ac4010f3ef2,5,2021-05-20T19:02:49+00:00,좋아요,0,3.9.3,2026-08-05,https://play.google.com/store/apps/details?hl=ko&id=com.friendscube.somoim
3ed233e6-4ffc-4494-86b1-46b2b4586b40,5,2021-05-20T07:48:57+00:00,굿굿굿ㅎㅎ,0,,2026-08-05,https://play.google.com/store/apps/details?hl=ko&id=com.friendscube.somoim
377f3e42-5b1a-46de-bbd2-12d3ec5ed4f3,2,2021-05-19T02:38:36+00:00,다 좋은데 참석 누른거 오류좀안나게해주세요 맨날 0먕으로 나오고 껐다켜야 다시 인원나오네요,1,3.9.3,2026-08-05,https://play.google.com/store/apps/details?hl=ko&id=com.friendscube.somoim
755c7f60-b271-487b-9771-105712ddd129,5,2021-05-18T17:33:14+00:00,조음 ㅎㅎㅎㅎㅎㅎㅎㅎㅎㅎㅎㅎㅎ,0,3.9.3,2026-08-05,https://play.google.com/store/apps/details?hl=ko&id=com.friendscube.somoim
8900122c-8a0b-4a42-884e-43a227f0a6ff,1,2021-05-18T05:45:00+00:00,남자만 득실득실해요,2,3.9.3,2026-08-05,https://play.google.com/store/apps/details?hl=ko&id=com.friendscube.somoim
77195724-9bb1-456a-81ff-17b0894b9576,1,2021-05-17T14:34:10+00:00,"검색기능, 채팅기능등이 너무너무 불편함.. 직접 사용해보면 제작진들도 느낄텐데..;;;별 하나도 아까움ㅡㅜ",18,3.9.3,2026-08-05,https://play.google.com/store/apps/details?hl=ko&id=com.friendscube.somoim
3b786855-5d1a-4a7c-a39a-7cd968c26c83,1,2021-05-15T00:18:12+00:00,저는 소모임가입 밖에 안했는데 정지먹었습니다...왜 갑자기 정지먹은건가요... 억울하네요,3,3.9.3,2026-08-05,https://play.google.com/store/apps/details?hl=ko&id=com.friendscube.somoim
23483ba0-ab7a-4bc9-913a-63438b34eb28,1,2021-05-14T08:19:30+00:00,검색 오류 고양시로 다 설정했는데 서울만 뜸 뭐지 딴사람은 다 뜨는데,1,,2026-08-05,https://play.google.com/store/apps/details?hl=ko&id=com.friendscube.somoim
54b688af-ad03-418e-93fa-60a81c961962,5,2021-05-13T07:27:19+00:00,편해요,0,3.9.3,2026-08-05,https://play.google.com/store/apps/details?hl=ko&id=com.friendscube.somoim
400347ba-6e8f-4c7d-b6e6-3bdc9084b583,1,2021-05-12T05:43:59+00:00,이거 주소 선택하는거 오바임 우리집 주소가 아예 안나와서 시작도 못함ㅋㅋ,0,,2026-08-05,https://play.google.com/store/apps/details?hl=ko&id=com.friendscube.somoim
3f687a93-fb1a-449a-a9d6-8661045c145c,4,2021-05-11T09:44:48+00:00,좋습니다,0,3.9.3,2026-08-05,https://play.google.com/store/apps/details?hl=ko&id=com.friendscube.somoim
247cb793-9654-4b5e-ad64-fcf9f688d44b,5,2021-05-11T08:02:15+00:00,나이샤,0,3.9.3,2026-08-05,https://play.google.com/store/apps/details?hl=ko&id=com.friendscube.somoim
ac54a1f7-7a42-4c11-a636-318ebbed7fa9,4,2021-05-10T13:26:38+00:00,첨인데 괜차나여,0,3.9.3,2026-08-05,https://play.google.com/store/apps/details?hl=ko&id=com.friendscube.somoim
9db1fa83-1f85-4c04-a763-1f073036367d,5,2021-05-10T02:00:13+00:00,굿,0,3.9.3,2026-08-05,https://play.google.com/store/apps/details?hl=ko&id=com.friendscube.somoim
5f0253f2-b844-44e2-970c-daad271a1a20,5,2021-05-09T11:24:38+00:00,"다좋은데, 사진첩에 동영상 업로드 기능 추가해주셨으면 합니다.",0,3.9.3,2026-08-05,https://play.google.com/store/apps/details?hl=ko&id=com.friendscube.somoim
bbbaeb6f-1599-457e-a296-c8749c247a8f,5,2021-05-09T03:07:35+00:00,좋아요,0,3.9.3,2026-08-05,https://play.google.com/store/apps/details?hl=ko&id=com.friendscube.somoim
cffa780e-f1e4-4a8f-818b-187f4d6dc467,5,2021-05-08T15:59:20+00:00,너무 좋은 앱 입니다.,0,3.9.3,2026-08-05,https://play.google.com/store/apps/details?hl=ko&id=com.friendscube.somoim
b04ccb0e-5ece-493b-adb2-9ecd035f5ffe,1,2021-05-08T05:44:37+00:00,소모임 게시팜에 글을 올릴 때 사진이랑 같이 올리면 글 수정 시엔 글만 수정되고 같이 올린 사진은 지울 수가 없네요. 글 수정 시에 사진도 삭제 할 수 있도록 변경 부탁드려요.,19,3.9.3,2026-08-05,https://play.google.com/store/apps/details?hl=ko&id=com.friendscube.somoim
d62e1764-09e3-4dd8-ac2e-023687c84b19,5,2021-05-08T00:57:03+00:00,굳굳,0,3.9.3,2026-08-05,https://play.google.com/store/apps/details?hl=ko&id=com.friendscube.somoim
b38915fa-f87e-49a5-84d7-58d762f6b7b2,5,2021-05-06T15:26:04+00:00,굿,0,3.9.3,2026-08-05,https://play.google.com/store/apps/details?hl=ko&id=com.friendscube.somoim
08fb3a28-1610-49ed-8de5-1700192c7086,4,2021-05-06T13:02:39+00:00,조습니다,0,3.9.3,2026-08-05,https://play.google.com/store/apps/details?hl=ko&id=com.friendscube.somoim
9345d104-4fd0-4df5-9365-f2eb6c927eea,5,2021-05-05T23:07:23+00:00,좋아요 좋습니당,0,3.9.3,2026-08-05,https://play.google.com/store/apps/details?hl=ko&id=com.friendscube.somoim
4b89d003-fd14-42eb-aea1-262d349efbbc,4,2021-05-05T11:11:15+00:00,좋은것같습니다,0,3.9.2,2026-08-05,https://play.google.com/store/apps/details?hl=ko&id=com.friendscube.somoim
9547d12a-c8d6-4b15-8e77-390b86d622cd,5,2021-05-04T23:38:10+00:00,Such a great and reliable app to use for your development and relationship formation,0,3.9.3,2026-08-05,https://play.google.com/store/apps/details?hl=ko&id=com.friendscube.somoim
b259c2c2-dbe2-47a5-8dd4-4baa397c67eb,1,2021-05-04T11:29:58+00:00,다시 깔았더니 탈퇴가 됐어요,1,3.9.3,2026-08-05,https://play.google.com/store/apps/details?hl=ko&id=com.friendscube.somoim
4a9aa8bd-aee1-493b-9bce-e92875a1b2e8,5,2021-05-01T03:44:43+00:00,재밌네요 ㅎㅎ,0,3.9.3,2026-08-05,https://play.google.com/store/apps/details?hl=ko&id=com.friendscube.somoim
681b660b-9740-4bf3-844f-f90dd84c2c4d,4,2021-04-29T23:10:31+00:00,마음에 드네요,0,3.9.2,2026-08-05,https://play.google.com/store/apps/details?hl=ko&id=com.friendscube.somoim
fa359962-754f-4114-bd86-e78dd3d3b2ed,5,2021-04-28T12:10:54+00:00,조아요,0,3.9.2,2026-08-05,https://play.google.com/store/apps/details?hl=ko&id=com.friendscube.somoim
263c2e3c-2e83-4770-932a-00a25f334609,1,2021-04-28T09:59:52+00:00,고객센터 전화도 없고 돈 먹고나면 끝 환불이나 모임변경도 안됨. 개.쓰.레.기. 이딴 돈만 먹는 쓰렉이 어플이 21세기에 있다는게 놀라울뿐,9,3.9.2,2026-08-05,https://play.google.com/store/apps/details?hl=ko&id=com.friendscube.somoim
8c3b24b2-25a5-4aef-a431-603ebad2dec3,1,2021-04-27T16:34:14+00:00,"마땅한 대체제가없어서 쓰는 어플 돈은 돈대로받고 패치, 기능 등등의 설명이 일체없이 사용자가 알아가는 어플 진짜 개선좀합시다... 2년을 썼는데 아직도모르는기능이나옵니다",3,3.9.2,2026-08-05,https://play.google.com/store/apps/details?hl=ko&id=com.friendscube.somoim
c80fab35-611a-411e-9396-9ad450d1d8e9,1,2021-04-26T07:24:59+00:00,"오랜만에 다시 설치하고 들어가려고 하니, 전화번호 인증단계에서 '서비스 이용이 제한된 번호입니다' 라고 나오고 다른 팝업은 아무것도 뜨질 않네요. 아니 어떤 설명도 없고, 뭘 어떻게 하겠다는거죠?? 빠른 조치바랍니다.",12,3.9.2,2026-08-05,https://play.google.com/store/apps/details?hl=ko&id=com.friendscube.somoim
71f5fa50-0490-488d-888f-62138eefb466,5,2021-04-26T05:58:12+00:00,우잉,0,3.9.2,2026-08-05,https://play.google.com/store/apps/details?hl=ko&id=com.friendscube.somoim
29bca563-374e-4965-88d2-5ac70f378498,1,2021-04-25T23:55:18+00:00,광주광역시는 왜 지역 설정에 안 들어가져있음?,1,3.9.2,2026-08-05,https://play.google.com/store/apps/details?hl=ko&id=com.friendscube.somoim
1840b3a8-f859-4194-a142-dd7912e985f9,5,2021-04-25T15:15:57+00:00,좋은 어플입니다.,0,3.9.2,2026-08-05,https://play.google.com/store/apps/details?hl=ko&id=com.friendscube.somoim
e572d899-54f2-40fe-ba22-38ff35f2c128,5,2021-04-25T00:19:07+00:00,모임도 다양하고 좋습니다,0,3.9.2,2026-08-05,https://play.google.com/store/apps/details?hl=ko&id=com.friendscube.somoim
4049befe-78f6-441b-872c-5f35b24e66d9,5,2021-04-23T00:50:12+00:00,목적애 따라 모임을 참여할 수 있게 사람과 사람을 잇는 도움이 되는 어플입니다.,0,3.9.2,2026-08-05,https://play.google.com/store/apps/details?hl=ko&id=com.friendscube.somoim
01f5309b-01a7-47c9-8e72-e8561fd6a45c,5,2021-04-22T10:39:20+00:00,별이 5개라 사람들이 읽을 거 같아 여러분 남자면 이딴 거 하지 마세요 들어가려고 하면 전부 남자 마감이라면서 강퇴하네요 소모임이 다 같이 재밌게 놀고 하는 거지 머 거기서 여자 꼬시려고 하는 건가,3,3.9.2,2026-08-05,https://play.google.com/store/apps/details?hl=ko&id=com.friendscube.somoim
bf4bfeda-5df9-439a-b2d5-93f600e089e9,4,2021-04-22T01:32:23+00:00,여러 디바이스에서 동시 사용이 된다면 좋겠는데 그점이 아쉬워요,0,3.9.2,2026-08-05,https://play.google.com/store/apps/details?hl=ko&id=com.friendscube.somoim
f06fc281-31d0-43eb-a62a-0533ef312873,4,2021-04-21T13:54:56+00:00,시나 군별로 못보나요? 중구 북구 달서구 남구 동구가 대체 어디 도신지.. ㅜ 촌사람은 못 쓸 듯,0,3.9.2,2026-08-05,https://play.google.com/store/apps/details?hl=ko&id=com.friendscube.somoim
1e378b19-7bc3-4b18-89e2-600d943ab629,5,2021-04-20T20:21:10+00:00,조아,0,3.9.2,2026-08-05,https://play.google.com/store/apps/details?hl=ko&id=com.friendscube.somoim
971ac6ab-abc8-4036-9012-e20433a99880,5,2021-04-20T04:42:30+00:00,여보세요 채팅창에 하이퍼링크 주소창 활성화해주요 그래야 링크타고 보쥬 많이가입하고 싶은데 일곱개제한 너무 싫어여,0,3.9.2,2026-08-05,https://play.google.com/store/apps/details?hl=ko&id=com.friendscube.somoim
90bc60c6-4ec1-4afb-ac35-25b8364cde1c,5,2021-04-20T00:33:57+00:00,굿,0,3.9.2,2026-08-05,https://play.google.com/store/apps/details?hl=ko&id=com.friendscube.somoim
9b205983-0f3d-4ead-8b62-fd8c33080ed9,2,2021-04-19T03:14:44+00:00,어플 개잣같네 지역을 입력하래서 했는데 검색이 안되면 어쩌자는거임??,0,3.9.2,2026-08-05,https://play.google.com/store/apps/details?hl=ko&id=com.friendscube.somoim
28b10dce-94da-415e-8f12-d5e5c23d6f39,2,2021-04-17T10:33:29+00:00,자꾸 알림 오는데 어떻게 꺼요? 알림 설정 다 껐는데도 주기적으로 오네요.,0,3.9.2,2026-08-05,https://play.google.com/store/apps/details?hl=ko&id=com.friendscube.somoim
3e8ceda0-570e-4fa3-aae2-59d3a886fb03,5,2021-04-16T10:29:01+00:00,앱깔고 사용중인데 좋네요,0,3.9.2,2026-08-05,https://play.google.com/store/apps/details?hl=ko&id=com.friendscube.somoim
e3a38bdc-2abe-47bb-a116-fb0a2aae5b62,5,2021-04-16T09:11:43+00:00,좋겠죠모 아직까진,0,3.9.2,2026-08-05,https://play.google.com/store/apps/details?hl=ko&id=com.friendscube.somoim
62861827-6ac1-4c0e-8e24-266878f06acf,5,2021-04-15T12:14:10+00:00,모임 탈퇴하기전 내가 쓴 게시물 검색및 삭제 어떻게 하나요? 사진도 올린것들 검색이 안되어서 어떻게 하는지 모르겠네요 방법 안내해주세요 어플 내 도움말에도 없네요.,1,3.9.2,2026-08-05,https://play.google.com/store/apps/details?hl=ko&id=com.friendscube.somoim
cafb1316-705b-422e-b546-104eb6b5ac07,1,2021-04-14T10:44:06+00:00,아무리 땅파서 돈버냐? 지만 뭐 암것도못하네,0,3.9.2,2026-08-05,https://play.google.com/store/apps/details?hl=ko&id=com.friendscube.somoim
fd11145c-f34e-4987-a332-1d523dd0ac53,3,2021-04-13T12:36:08+00:00,생년월일을 비공개를 해주웠으면하네여,0,3.9.2,2026-08-05,https://play.google.com/store/apps/details?hl=ko&id=com.friendscube.somoim
96b4531d-3d15-4935-9a78-69ed16cb0a8c,4,2021-04-13T10:38:02+00:00,좋아요,0,3.9.2,2026-08-05,https://play.google.com/store/apps/details?hl=ko&id=com.friendscube.somoim
0b049839-f0a9-4dde-ab2d-f8bcd7ec1bf9,4,2021-04-12T03:56:04+00:00,좋아요,0,3.9.2,2026-08-05,https://play.google.com/store/apps/details?hl=ko&id=com.friendscube.somoim
bc941640-1dd4-44ba-aa9d-2667a4d95644,5,2021-04-11T22:42:56+00:00,편해용 좋은어플입니다,0,3.9.2,2026-08-05,https://play.google.com/store/apps/details?hl=ko&id=com.friendscube.somoim
d45c5a92-c87d-4715-8f93-0dc715828738,3,2021-04-11T11:03:02+00:00,😀,0,3.9.2,2026-08-05,https://play.google.com/store/apps/details?hl=ko&id=com.friendscube.somoim
d925aa39-2aeb-4d92-bc48-0889277c4845,5,2021-04-11T01:50:56+00:00,여기서 같은 관심사의 사람들을 만날수 있었습니다!! 다만 모임가입전에 모임 공지사항은 접근할수 있었으면 좋겠습니다,2,3.9.2,2026-08-05,https://play.google.com/store/apps/details?hl=ko&id=com.friendscube.somoim
891d7262-0ef6-46a0-b016-da1d1244e234,3,2021-04-10T04:16:35+00:00,나이 잘못적었는데 뒤로 가기도 안먹히는 클래스. 초장부터 거슬리게 하면 우짜냐,1,3.9.2,2026-08-05,https://play.google.com/store/apps/details?hl=ko&id=com.friendscube.somoim
e2112a4c-2278-4565-bb43-7e7f68b14c20,5,2021-04-09T22:48:42+00:00,ㅇ느케,0,3.9.2,2026-08-05,https://play.google.com/store/apps/details?hl=ko&id=com.friendscube.somoim
867ffef9-46ad-4cac-9ace-b3554c134984,5,2021-04-09T15:56:34+00:00,지역별 다양한모임 소개가 많습니다,1,3.9.2,2026-08-05,https://play.google.com/store/apps/details?hl=ko&id=com.friendscube.somoim
5dea3add-3c57-43e5-97af-d687131fc406,5,2021-04-09T07:13:15+00:00,좋은 어플입니다,0,3.9.2,2026-08-05,https://play.google.com/store/apps/details?hl=ko&id=com.friendscube.somoim
e7ee3d56-6615-4e0d-8c47-f439a4410d86,1,2021-04-08T12:06:12+00:00,모임장 독재가 심함. 강퇴당하더라도 게시글 작성 및 삭제가 가능하게 하는것이 필요,4,3.9.2,2026-08-05,https://play.google.com/store/apps/details?hl=ko&id=com.friendscube.somoim
cf1230d0-5b43-41e6-89d7-f04676a27f1c,5,2021-04-07T11:52:29+00:00,좋은 모임이 많이 있어서 좋습니다.,0,3.9.2,2026-08-05,https://play.google.com/store/apps/details?hl=ko&id=com.friendscube.somoim
9a5ec693-694e-4958-b42d-e1478c1f64ad,1,2021-04-07T10:12:36+00:00,초대 거부하게도 좀 해놔요 4일에 한번씩 초대하는 미친모임이 있네요 그지 동냥도 아니고 또라이인가 개짜증,3,3.9.2,2026-08-05,https://play.google.com/store/apps/details?hl=ko&id=com.friendscube.somoim
7ca66e96-7e5d-46cd-bfda-9623c10015d8,5,2021-04-07T07:19:58+00:00,좋네요,0,3.9.2,2026-08-05,https://play.google.com/store/apps/details?hl=ko&id=com.friendscube.somoim
4707ac33-4c56-4b49-94ad-f0fe3f50d4d5,5,2021-04-06T15:01:54+00:00,좋아요 재미있고,0,3.9.2,2026-08-05,https://play.google.com/store/apps/details?hl=ko&id=com.friendscube.somoim
6f536a85-11a2-40a5-8af6-cdefe015ba9a,5,2021-04-06T10:54:51+00:00,Good,0,3.9.2,2026-08-05,https://play.google.com/store/apps/details?hl=ko&id=com.friendscube.somoim
b86890e5-a661-4f21-8b01-5fcb004a879e,5,2021-04-05T12:56:15+00:00,첫 가입 느낌있다,0,3.9.2,2026-08-05,https://play.google.com/store/apps/details?hl=ko&id=com.friendscube.somoim
253bc1f1-90b3-4587-9d65-42cee20f00ce,4,2021-04-05T01:22:16+00:00,좋은데 조금더 많이 만날수있게 하면 더 좋겠습니다 ㅎㅎ,0,3.9.2,2026-08-05,https://play.google.com/store/apps/details?hl=ko&id=com.friendscube.somoim
65d1eed2-ecbd-45ea-827d-c51b445856f3,3,2021-04-04T00:33:34+00:00,사용자가 편리하도록 여러가지 기본 기능을 추가해주세요!,0,3.9.2,2026-08-05,https://play.google.com/store/apps/details?hl=ko&id=com.friendscube.somoim
2105f987-a170-4e2b-aac0-c4ae6bfed80c,4,2021-04-02T15:36:20+00:00,괜춘,0,3.9.2,2026-08-05,https://play.google.com/store/apps/details?hl=ko&id=com.friendscube.somoim
899ecb36-e25c-4e3f-9cd9-94d9696110ce,1,2021-04-02T00:23:39+00:00,이런앱을 왜 만들었어요 완전 지들 맘대로 하네요 강퇴 당장 풀어주세요 당장 강퇴 풀어주세요84년생 미키 미니 모임이요 소개팅 어플도 강퇴 풀어주세여 아주 지들 맘대로야 맘에 맞는 사람들이 어디 있다고 드럽게 재수 없네 강퇴 당장 풀어주세요 아니 그사람이 잘못 한거 있으면 감싸 줄수도 알고 그래야 돼는데 여기는 있는 그대로 얘기 하네여 아주 불편 하네여 다른모임 다 없어져야 돼요 사람가지고 우롱 하시는건가요 자기 맘대로 강퇴시키고 아주불편 하네요,12,3.9.2,2026-08-05,https://play.google.com/store/apps/details?hl=ko&id=com.friendscube.somoim
3e942112-8ba7-429e-bf6a-73b16e26abf2,3,2021-04-01T15:54:34+00:00,사용을 많이 하게 만들려면 모임 생성을 무료로 돌리고 광고를 적절하게 올려야지 모임생성을 유료로 만들어버리니 서울을 제외한 나머지 도시들은 답이없네요ㅋㅋㅋ 마케팅 제대로 하시면 나을듯 지금은 영,18,3.9.2,2026-08-05,https://play.google.com/store/apps/details?hl=ko&id=com.friendscube.somoim
bb75d871-226d-46ec-acb7-90d83066484a,5,2021-04-01T15:00:31+00:00,ㅎ굿,0,3.9.2,2026-08-05,https://play.google.com/store/apps/details?hl=ko&id=com.friendscube.somoim
145c5e13-4222-4d49-b773-5d513e5ad348,5,2021-04-01T05:39:21+00:00,잼있는 어플이네요,0,3.9.2,2026-08-05,https://play.google.com/store/apps/details?hl=ko&id=com.friendscube.somoim
4a14e5e8-8ad9-4f26-bc38-72c74805732c,5,2021-04-01T00:14:47+00:00,굿,0,3.9.2,2026-08-05,https://play.google.com/store/apps/details?hl=ko&id=com.friendscube.somoim
4a088cc6-b96b-4b4e-9a06-e33a4d0aff39,4,2021-03-31T11:20:10+00:00,소모임 정기구독취소좀하여고하는데 정기구독관리 누르면 아무것도안뜨네요,0,,2026-08-05,https://play.google.com/store/apps/details?hl=ko&id=com.friendscube.somoim
47c0f47f-ea88-4c78-b8ba-d59289ef2544,5,2021-03-31T06:34:26+00:00,아직이르지만 좋은거같아요~^^,0,3.9.2,2026-08-05,https://play.google.com/store/apps/details?hl=ko&id=com.friendscube.somoim
643b1c43-1c7b-4a3f-a4ee-045784146b34,5,2021-03-29T10:13:27+00:00,조금 불편하긴 하지만 많은 사람들이 이를 통해 가까워질 수 있을거라는게 참 좋네요^^ 불건전한 모임은 정리하고 계신건지 보이지도 않아서 더 좋아요!!,5,3.9.2,2026-08-05,https://play.google.com/store/apps/details?hl=ko&id=com.friendscube.somoim
36ae88da-9118-4c55-89e0-cd342fbb0982,2,2021-03-27T15:39:16+00:00,검색기능이 이상함. 있어도 안나음 프리미엄권 선댁안되는거 해결좀...,3,3.9.2,2026-08-05,https://play.google.com/store/apps/details?hl=ko&id=com.friendscube.somoim
418aeb13-a3dc-410c-927b-2f62869199bd,5,2021-03-26T07:57:08+00:00,좋네요,0,3.9.2,2026-08-05,https://play.google.com/store/apps/details?hl=ko&id=com.friendscube.somoim
d23a441f-5a3b-4c72-96a1-8e3e472eeec5,5,2021-03-25T23:19:34+00:00,요즘 시국에 딱 맞음,0,3.9.2,2026-08-05,https://play.google.com/store/apps/details?hl=ko&id=com.friendscube.somoim
f0f86a8b-1800-4402-9eea-c9aae9aa16a7,5,2021-03-25T13:39:53+00:00,잘 어울리는 사람입니다,0,3.9.2,2026-08-05,https://play.google.com/store/apps/details?hl=ko&id=com.friendscube.somoim
132864a9-b736-472a-a3a1-77438add071d,5,2021-03-25T08:30:00+00:00,굳,0,3.9.2,2026-08-05,https://play.google.com/store/apps/details?hl=ko&id=com.friendscube.somoim
a94f2cfe-c2d6-487d-9d10-526526886133,3,2021-03-24T11:04:17+00:00,신기해요,0,3.9.2,2026-08-05,https://play.google.com/store/apps/details?hl=ko&id=com.friendscube.somoim
c61f9a0a-8873-4fe7-a00b-809e836bb81c,5,2021-03-24T02:29:51+00:00,취미가 현실로..,0,3.9.2,2026-08-05,https://play.google.com/store/apps/details?hl=ko&id=com.friendscube.somoim
aa504a8a-8c92-44d6-b939-2b5030e5beeb,5,2021-03-23T22:33:34+00:00,좋음,0,3.9.2,2026-08-05,https://play.google.com/store/apps/details?hl=ko&id=com.friendscube.somoim
67abb68b-96bf-4199-a7a7-e5c89d3015dc,4,2021-03-21T05:43:55+00:00,좋다. 좋아하는 취미 같은사람 만나기 좋다.,0,3.9.2,2026-08-05,https://play.google.com/store/apps/details?hl=ko&id=com.friendscube.somoim
5e602320-bf2b-448d-af9c-b09db9f56d86,5,2021-03-20T23:01:19+00:00,죠음,0,3.9.2,2026-08-05,https://play.google.com/store/apps/details?hl=ko&id=com.friendscube.somoim
77fb2322-d2d4-40d6-a248-cae6b8ff99e7,1,2021-03-19T10:00:56+00:00,생년월일 및 이름 본인정보 입력하지 마세요. 모임가입시 회원 모두에게 노출됩니다.,5,3.9.2,2026-08-05,https://play.google.com/store/apps/details?hl=ko&id=com.friendscube.somoim
dedc3258-7868-439b-a9f2-d53f27c1e6f4,5,2021-03-19T06:46:40+00:00,굿입니다요,0,3.9.2,2026-08-05,https://play.google.com/store/apps/details?hl=ko&id=com.friendscube.somoim
1550b891-cd30-4d91-aa63-ebe60fbe4f38,5,2021-03-19T00:27:42+00:00,좋아요,0,3.9.2,2026-08-05,https://play.google.com/store/apps/details?hl=ko&id=com.friendscube.somoim
b1f40693-6da4-4551-aec7-d3d27791d6c7,5,2021-03-16T20:43:14+00:00,좋은앱이다,0,3.9.2,2026-08-05,https://play.google.com/store/apps/details?hl=ko&id=com.friendscube.somoim
89f6b2f4-b6ec-4ce7-b4e1-850d42dfb6b3,1,2021-03-16T10:45:06+00:00,별루 좋은걸 모르겠어요,1,3.8.2,2026-08-05,https://play.google.com/store/apps/details?hl=ko&id=com.friendscube.somoim
5291e28f-8544-4760-85af-0e3331f5dce8,5,2021-03-16T08:44:03+00:00,굿입니다,0,3.9.2,2026-08-05,https://play.google.com/store/apps/details?hl=ko&id=com.friendscube.somoim
59a23684-54d2-4678-a33e-df3cf4248099,5,2021-03-15T22:21:17+00:00,한국최고의 동호회 모음,0,3.9.2,2026-08-05,https://play.google.com/store/apps/details?hl=ko&id=com.friendscube.somoim
d69c9b04-44f1-4e9e-9544-74b22974f16f,5,2021-03-15T11:58:11+00:00,좋아요그냥ㅎㅎ,0,3.9.2,2026-08-05,https://play.google.com/store/apps/details?hl=ko&id=com.friendscube.somoim
129d19d2-717d-4792-8f0c-8970056536d0,5,2021-03-15T05:24:00+00:00,좋은앱이다. 많은도움이 되었다,0,3.9.2,2026-08-05,https://play.google.com/store/apps/details?hl=ko&id=com.friendscube.somoim
b69fc2d7-991a-43ab-863f-8a87b3a4bcd6,5,2021-03-13T18:13:32+00:00,최고 모임 어플,0,3.9.2,2026-08-05,https://play.google.com/store/apps/details?hl=ko&id=com.friendscube.somoim
318a5fb3-0c32-4bf1-80cc-0cd4297f57e6,5,2021-03-13T08:09:19+00:00,굿,0,3.1.2,2026-08-05,https://play.google.com/store/apps/details?hl=ko&id=com.friendscube.somoim
50be4dd4-ffed-4f02-9695-40c43950b074,2,2021-03-11T14:58:13+00:00,서비스 이용 제한된 번호라고 뜨는데.. 아예 이번호로 못하나요????,2,3.9.2,2026-08-05,https://play.google.com/store/apps/details?hl=ko&id=com.friendscube.somoim
d535474d-cd42-4e4a-9116-26a4da469056,5,2021-03-10T01:20:55+00:00,좋습네다.,0,,2026-08-05,https://play.google.com/store/apps/details?hl=ko&id=com.friendscube.somoim
c798c29e-95f6-42f6-b774-f4826d610797,3,2021-03-09T14:46:03+00:00,재미있네요,0,3.9.2,2026-08-05,https://play.google.com/store/apps/details?hl=ko&id=com.friendscube.somoim
2b6fe108-f7a2-4fff-a499-80ec876e0626,4,2021-03-09T07:29:56+00:00,어플 자체는 좋은데 사람 조심해야 합니다.... 악의적으로 접근하는 사람 많아요 모임장이든 모임원이든,2,,2026-08-05,https://play.google.com/store/apps/details?hl=ko&id=com.friendscube.somoim
4e7890aa-920c-4ff9-81d2-20666a15cdf2,5,2021-03-08T01:20:08+00:00,아주 좋아요!,0,3.9.2,2026-08-05,https://play.google.com/store/apps/details?hl=ko&id=com.friendscube.somoim
37059c4b-924f-429e-a0a8-474429a3eba5,4,2021-03-07T15:29:32+00:00,좋은 모임들이 많네요!,0,3.9.2,2026-08-05,https://play.google.com/store/apps/details?hl=ko&id=com.friendscube.somoim
1bc0cc80-636c-4551-bf55-0964422d27f5,5,2021-03-07T11:45:05+00:00,굿,0,3.9.2,2026-08-05,https://play.google.com/store/apps/details?hl=ko&id=com.friendscube.somoim
3a0e9ec7-82aa-4991-ac2e-5a1576c04571,3,2021-03-07T10:51:03+00:00,"모임명으로 검색해도 결과가 제대로 검색 안 됨. 그리고 지역, 종목, 모임 목적 등에 따라 멀티 쏘팅이 되면 좋겠어요. 뭘 찾을래도 제대로 안 나옴",33,3.9.2,2026-08-05,https://play.google.com/store/apps/details?hl=ko&id=com.friendscube.somoim
ebbb7f83-7a15-49c1-a1cb-ce6d5caff894,5,2021-03-07T06:05:43+00:00,굿,0,3.9.2,2026-08-05,https://play.google.com/store/apps/details?hl=ko&id=com.friendscube.somoim
669f96ff-e1fa-4a4f-9fb5-c2b696b30774,5,2021-03-07T04:56:51+00:00,굿굿굿,0,3.9.2,2026-08-05,https://play.google.com/store/apps/details?hl=ko&id=com.friendscube.somoim
38cc6ea8-9bbe-43ef-aac5-251131f83588,5,2021-03-03T15:03:39+00:00,좋아요♡♡😍😍,0,3.9.2,2026-08-05,https://play.google.com/store/apps/details?hl=ko&id=com.friendscube.somoim
09a22140-d9b1-4e7b-9da2-376e2b0d1ad6,2,2021-03-03T14:23:56+00:00,운영진도 강퇴기능이있었음 좋겠네요.,1,3.9.2,2026-08-05,https://play.google.com/store/apps/details?hl=ko&id=com.friendscube.somoim
2d970d81-f1c4-402b-b5ab-18914a523556,3,2021-03-03T02:20:38+00:00,잘 이용하는데 협력모임 개선좀 부탁드립니다.,1,3.9.2,2026-08-05,https://play.google.com/store/apps/details?hl=ko&id=com.friendscube.somoim
370635bc-29de-4b02-9fe5-3d893d2016e8,5,2021-03-02T23:27:33+00:00,소모임이 다양하고 원하는 소모임 찾는게 어렵지않아 좋습니다.,0,3.9.2,2026-08-05,https://play.google.com/store/apps/details?hl=ko&id=com.friendscube.somoim
5e0b229c-1d03-4b80-9425-b66648b53263,5,2021-03-02T05:19:41+00:00,주변 같은 취향 검색,0,,2026-08-05,https://play.google.com/store/apps/details?hl=ko&id=com.friendscube.somoim
00c5b9ba-1526-4eef-980b-dd25a8da584b,5,2021-03-01T11:46:03+00:00,초대 거부 기능 추가해주세요 제발요,1,3.9.2,2026-08-05,https://play.google.com/store/apps/details?hl=ko&id=com.friendscube.somoim
35f6bb42-d38c-4043-86d6-b20fe1b88290,5,2021-02-28T01:02:01+00:00,좋아요,0,3.9.2,2026-08-05,https://play.google.com/store/apps/details?hl=ko&id=com.friendscube.somoim
0b614b0a-4b2d-4a48-a0fe-cf57ec31278c,5,2021-02-27T13:30:34+00:00,좋아요,0,3.9.2,2026-08-05,https://play.google.com/store/apps/details?hl=ko&id=com.friendscube.somoim
afbed0d4-ef14-48ee-886f-dbb7918907dd,5,2021-02-25T12:53:31+00:00,Bravo ❤,0,3.8.6,2026-08-05,https://play.google.com/store/apps/details?hl=ko&id=com.friendscube.somoim
eb7195b0-5eb3-4cc8-a566-e41511c4817a,3,2021-02-25T10:38:21+00:00,광주광역시 지역설정이안되요 경기도광주만뜨네요,0,3.9.2,2026-08-05,https://play.google.com/store/apps/details?hl=ko&id=com.friendscube.somoim
9ce0eba1-eb04-4e05-be99-f3076c946f80,5,2021-02-25T06:53:29+00:00,굿,0,3.9.2,2026-08-05,https://play.google.com/store/apps/details?hl=ko&id=com.friendscube.somoim
c3d0dda7-1208-449b-a7a5-6ba2c6abd92a,5,2021-02-24T23:45:19+00:00,너무좋네요,0,3.9.2,2026-08-05,https://play.google.com/store/apps/details?hl=ko&id=com.friendscube.somoim
4c56cbac-0771-4c52-a83b-f9b2c28a9c03,5,2021-02-24T00:56:06+00:00,좋은 앱인것 같습니다. 광고도 없고 혜자,1,3.9.2,2026-08-05,https://play.google.com/store/apps/details?hl=ko&id=com.friendscube.somoim
19462dce-f877-4f05-a973-f9fea0636885,2,2021-02-21T22:19:04+00:00,초대차단이랑 모임차단기능좀 만들어 주십셔~,2,3.9.2,2026-08-05,https://play.google.com/store/apps/details?hl=ko&id=com.friendscube.somoim
5eb585e3-a953-4ec8-93be-e8dc04f857aa,1,2021-02-21T13:44:11+00:00,사는곳에서 가입이 안돼 벼엉신같이 만들었다,1,3.9.2,2026-08-05,https://play.google.com/store/apps/details?hl=ko&id=com.friendscube.somoim
f9152e19-8aef-4b89-9579-bc8f3cf42aa2,4,2021-02-20T23:53:30+00:00,좋아요!,0,3.9.2,2026-08-05,https://play.google.com/store/apps/details?hl=ko&id=com.friendscube.somoim
60f03bf1-f71e-4c19-ae21-55c088de6181,5,2021-02-18T12:34:15+00:00,처음써좌영,0,3.9.2,2026-08-05,https://play.google.com/store/apps/details?hl=ko&id=com.friendscube.somoim
de4524f2-e6b7-4642-a0d8-3c7cf9866556,1,2021-02-18T10:41:45+00:00,알람 설정기능도 찾기 어렵고 진동알람도 시끄러워서 삭제했습니다.,1,,2026-08-05,https://play.google.com/store/apps/details?hl=ko&id=com.friendscube.somoim
f0c19691-21ea-44d5-a4c3-0248c8cb5a61,1,2021-02-18T08:00:46+00:00,최악의 어플운영. 연 14만원정도의 비용만 받을뿐 앱 업데이트나 개선에 대한 노력을 하지않음. 인천 남구에서 미추홀구로 변경된지 6년이나 지났는데 수정하지않음. 운영자가 없는거나 마찬가지인 상황.,16,3.9.2,2026-08-05,https://play.google.com/store/apps/details?hl=ko&id=com.friendscube.somoim
7d66fc72-342f-492f-8389-0661f5d7d797,4,2021-02-17T15:51:40+00:00,알아가고 있는중,0,3.9.2,2026-08-05,https://play.google.com/store/apps/details?hl=ko&id=com.friendscube.somoim
0ec03c71-a7f1-4b9b-a53a-e5bbbd3c6738,5,2021-02-16T23:43:43+00:00,좋은사람들 많습니다,0,3.9.2,2026-08-05,https://play.google.com/store/apps/details?hl=ko&id=com.friendscube.somoim
94841702-e329-4d99-86bf-ff793acf540c,1,2021-02-16T08:02:52+00:00,알림 죄다 꺼놔도 팝업뜨고 진동오고 뭐 이따구로 만들었는지. 삭제합니다.,1,,2026-08-05,https://play.google.com/store/apps/details?hl=ko&id=com.friendscube.somoim
84b6cb1d-a912-40bb-9fe8-0b7bd8f01834,5,2021-02-16T07:21:25+00:00,굿,0,3.9.2,2026-08-05,https://play.google.com/store/apps/details?hl=ko&id=com.friendscube.somoim
300228f8-d467-4306-9b81-938126eaa5f1,5,2021-02-16T05:40:32+00:00,쵝오!,0,3.9.2,2026-08-05,https://play.google.com/store/apps/details?hl=ko&id=com.friendscube.somoim
16f35174-6349-48d3-aa5f-2aa24999ba56,5,2021-02-16T02:20:30+00:00,😀,0,3.9.2,2026-08-05,https://play.google.com/store/apps/details?hl=ko&id=com.friendscube.somoim
f26af4a9-9bba-4c9c-b2ee-0fc74ed3bd8b,5,2021-02-15T13:28:42+00:00,좋아요~,0,3.9.2,2026-08-05,https://play.google.com/store/apps/details?hl=ko&id=com.friendscube.somoim
156eb45d-6212-434e-b195-bf553d468840,5,2021-02-15T00:14:05+00:00,너므 저앙~~~~~,0,3.9.2,2026-08-05,https://play.google.com/store/apps/details?hl=ko&id=com.friendscube.somoim
4525d96c-4205-4fee-9f4b-193cbb8a7abe,5,2021-02-14T23:58:02+00:00,앱에서 동영상은 사진첩 등에 공유가 안 되나요? 방법을 잘 모르겠네요,4,3.9.2,2026-08-05,https://play.google.com/store/apps/details?hl=ko&id=com.friendscube.somoim
9d0a933b-e5d3-4be9-8abe-27318ed9063f,5,2021-02-14T15:17:56+00:00,좋은모임이 많아요,0,3.9.2,2026-08-05,https://play.google.com/store/apps/details?hl=ko&id=com.friendscube.somoim
b6041ae6-5a84-4d83-acfb-b6830bea10c2,3,2021-02-14T07:20:04+00:00,소모임 검색이 잘 안 돼요ㅠㅠ 특수문자까지 풀네임으로 적어야 검색이 되는데 개선부탁드립니다ㅠ,3,3.9.2,2026-08-05,https://play.google.com/store/apps/details?hl=ko&id=com.friendscube.somoim
933fcbb2-ae35-4645-b27b-0eee2d7d0271,1,2021-02-10T13:11:34+00:00,12세 이상이라면서 왜 회원가입할때 04까지만 있죠?어이 무,0,,2026-08-05,https://play.google.com/store/apps/details?hl=ko&id=com.friendscube.somoim
541e0daa-b1f4-4e52-a1f0-8892531e36cf,1,2021-02-07T19:41:36+00:00,내가 가입한모임은 탈퇴가 안되는건가요??,0,3.9.2,2026-08-05,https://play.google.com/store/apps/details?hl=ko&id=com.friendscube.somoim
19829ef9-4006-4f49-a1a0-6b53646aca07,5,2021-02-07T11:16:32+00:00,좋아여,0,,2026-08-05,https://play.google.com/store/apps/details?hl=ko&id=com.friendscube.somoim
3b1275f3-049d-4adc-b83c-fd53f076162d,5,2021-02-07T01:51:49+00:00,좋아요!!,0,3.9.2,2026-08-05,https://play.google.com/store/apps/details?hl=ko&id=com.friendscube.somoim
7987c4e9-745e-4dcc-a515-b86904632cb0,5,2021-02-05T04:33:26+00:00,좋은모임이네요^^,0,3.9.2,2026-08-05,https://play.google.com/store/apps/details?hl=ko&id=com.friendscube.somoim
3b584a8b-29ab-434a-9bb5-ae3b6366b4db,5,2021-02-01T09:29:28+00:00,취미생활공유에좋아요,0,3.9.2,2026-08-05,https://play.google.com/store/apps/details?hl=ko&id=com.friendscube.somoim
0e00ce06-78ff-4cc7-a695-91874dc2aa1c,5,2021-02-01T01:51:16+00:00,좋은 것같아요,0,3.9.2,2026-08-05,https://play.google.com/store/apps/details?hl=ko&id=com.friendscube.somoim
9675b944-dc04-4dcb-ae46-b1c67967f09c,1,2021-01-31T01:12:45+00:00,모임 프리미엄 결재가 자동으로 되네요.. 환불부탁드려요 모임 나간지 거의 6개월인데..,2,3.4.1,2026-08-05,https://play.google.com/store/apps/details?hl=ko&id=com.friendscube.somoim
c1e26760-5d7d-4f76-ac83-73413444d74d,3,2021-01-30T16:58:12+00:00,이거 잘 쓰고 있었는데 1월1일 부터 푸시 메시지가 오지 않더니 작동을 멈추더군요. 그래서 삭제했다가 재설치 했어요. 하지만 기존 가입정보가 사라져있어 새로 가입을 해야 했고 가입되어 있던모임들도 모두 사라졌습니다. 제 계정 정보를 다시 살려주세요,61,3.9.2,2026-08-05,https://play.google.com/store/apps/details?hl=ko&id=com.friendscube.somoim
1a9b984d-0b27-4194-b260-2b4f35d9f04d,4,2021-01-30T04:29:26+00:00,채팅방에서도 사진을 올릴수있고 일반 회원들도 귓속말기능이 되도록 선택 가능하면좋겠어요,0,3.9.1,2026-08-05,https://play.google.com/store/apps/details?hl=ko&id=com.friendscube.somoim
4bf2981c-ae46-4436-94e3-7dbc4c32c0f8,5,2021-01-30T03:08:43+00:00,오픈톡은 무셥고 밴드는 아재같고 소모임이 딱 중간같아서 조아요,0,3.9.2,2026-08-05,https://play.google.com/store/apps/details?hl=ko&id=com.friendscube.somoim
8c12e9ef-5062-4563-a17f-2d45921bdbd7,5,2021-01-29T23:03:12+00:00,굿,0,3.9.2,2026-08-05,https://play.google.com/store/apps/details?hl=ko&id=com.friendscube.somoim
d919d473-7060-44ab-a94e-edd2fa646124,5,2021-01-29T11:37:00+00:00,괜찮네요,0,,2026-08-05,https://play.google.com/store/apps/details?hl=ko&id=com.friendscube.somoim
9b489996-77ff-4ab1-98b9-5d973b8ae845,1,2021-01-28T01:02:27+00:00,강퇴시 영구적인 가입제한은 너무한것 아닌가요?,0,3.9.1,2026-08-05,https://play.google.com/store/apps/details?hl=ko&id=com.friendscube.somoim
ae6ef33e-e3a2-4333-a819-f3a3caf8a9ed,1,2021-01-27T10:51:13+00:00,알림이 시도때도없이 오네...끄는 설정은 없고,3,3.9.2,2026-08-05,https://play.google.com/store/apps/details?hl=ko&id=com.friendscube.somoim
84079b7e-8023-49f1-8f11-13c6b9a0a4f5,5,2021-01-27T00:50:26+00:00,이 어플이 제일 건전한 사교모임임,0,3.9.1,2026-08-05,https://play.google.com/store/apps/details?hl=ko&id=com.friendscube.somoim
0753bd44-079c-4c77-8864-f91aab6aa1da,4,2021-01-25T10:43:42+00:00,좋은거같음,0,3.9.2,2026-08-05,https://play.google.com/store/apps/details?hl=ko&id=com.friendscube.somoim
cc033a2a-95b8-456a-975d-29a7d68112c1,3,2021-01-25T01:41:43+00:00,채팅창에 글이 복붙이 안 돼서 너무 불편합니다.,2,3.9.2,2026-08-05,https://play.google.com/store/apps/details?hl=ko&id=com.friendscube.somoim
299496f2-1b46-42a0-a539-6fe9acc28c1a,3,2021-01-24T14:18:08+00:00,좋은 앱인 거 같은데 지역 필터로 검색할 수 없는 게 큰 단점이에요,0,,2026-08-05,https://play.google.com/store/apps/details?hl=ko&id=com.friendscube.somoim
198da7bd-c13f-40f3-bb49-9a2ff5bacb0c,5,2021-01-23T09:02:00+00:00,좋네요,0,3.9.1,2026-08-05,https://play.google.com/store/apps/details?hl=ko&id=com.friendscube.somoim
fa111a2b-a778-493b-aace-ee089f300c5d,1,2021-01-21T09:10:34+00:00,왜 결제 취소를 했는데 계속 자동이체 되나요? 환불해주세요,13,3.9.2,2026-08-05,https://play.google.com/store/apps/details?hl=ko&id=com.friendscube.somoim
13f981ee-34fa-4615-a2a8-a9e0105c1fab,4,2021-01-19T04:58:22+00:00,재미있어보이네요.,0,3.9.1,2026-08-05,https://play.google.com/store/apps/details?hl=ko&id=com.friendscube.somoim
2f6314c4-17c0-4e2f-9819-96c2dcfa0232,1,2021-01-16T14:03:53+00:00,왜 자꾸 쓸데없는 모임 가입 제안하는 알람이 오나요 처음에는 모임어플 좋다고 리뷰 썼다가 열받아서 리뷰 수정하네요 개선해주세요 메일도 보내놨으니,3,3.9.1,2026-08-05,https://play.google.com/store/apps/details?hl=ko&id=com.friendscube.somoim
da01f151-b801-43c8-a839-3191cb213778,5,2021-01-16T04:26:26+00:00,굿,0,3.9.1,2026-08-05,https://play.google.com/store/apps/details?hl=ko&id=com.friendscube.somoim
b1565485-418d-4fef-8ca1-00458f73bfa0,4,2021-01-14T16:24:20+00:00,나와 코드가 맞는 대화 상대들을 찾기 좋음 취미활동도 함께 할수있음,0,3.9.1,2026-08-05,https://play.google.com/store/apps/details?hl=ko&id=com.friendscube.somoim
7f3df148-b461-4528-bd8b-578aaf669d32,2,2021-01-14T15:51:11+00:00,갑자기 어플사라지고는 가입해놨던 모임들 다 나가졌어요,0,3.9.1,2026-08-05,https://play.google.com/store/apps/details?hl=ko&id=com.friendscube.somoim
2d401cf6-3ac5-4a50-86f3-668b2dd0b5f5,5,2021-01-14T08:18:33+00:00,좋습니다,0,3.9.1,2026-08-05,https://play.google.com/store/apps/details?hl=ko&id=com.friendscube.somoim
252c99bb-9695-4c0d-927e-77ee7238045a,4,2021-01-13T15:14:28+00:00,좋아요,0,3.9.1,2026-08-05,https://play.google.com/store/apps/details?hl=ko&id=com.friendscube.somoim
85dbb0b5-5a54-43ae-a3b6-cf836f054acd,1,2021-01-13T06:08:11+00:00,새 기기로 바꾸면 연동이 하나도 안됩니다 한참 안들어오면 탈퇴된다던데 몇달 안들어간걸로 탈퇴되면 이건 참... 기기 바꾸면 신규로 가입해야 합니다,9,3.9.1,2026-08-05,https://play.google.com/store/apps/details?hl=ko&id=com.friendscube.somoim
00c00ce6-bc8b-4e05-a53a-18b1e3c3de25,5,2021-01-12T21:19:12+00:00,초대 차단 좀 만들어줘요,0,3.9.1,2026-08-05,https://play.google.com/store/apps/details?hl=ko&id=com.friendscube.somoim
ee1bc6e0-ec38-438e-a3fb-c29777624c3a,1,2021-01-12T13:00:50+00:00,아니 지역구 선택이 안되는데 어떻게 사용사능하죠?,1,3.9.1,2026-08-05,https://play.google.com/store/apps/details?hl=ko&id=com.friendscube.somoim
044ee4c5-7234-4a8e-834f-e4467d8b6f5b,4,2021-01-11T17:07:25+00:00,좋음,0,3.9.1,2026-08-05,https://play.google.com/store/apps/details?hl=ko&id=com.friendscube.somoim
68f12055-1fa0-438f-896f-43ad799d6c43,5,2021-01-08T15:35:17+00:00,너무좋음,0,3.9.1,2026-08-05,https://play.google.com/store/apps/details?hl=ko&id=com.friendscube.somoim
8d4f23ad-cbde-4f4c-8d6a-71ad4aef3347,5,2021-01-07T21:03:11+00:00,한동안 잊혀지다가 생각날때 다시하기좋음,0,3.9.1,2026-08-05,https://play.google.com/store/apps/details?hl=ko&id=com.friendscube.somoim
29a98c9f-044a-4374-9f83-335fcc3541d3,1,2021-01-05T09:26:55+00:00,취미 공유가 목적인 모임에 남마란다ㅋㅋㅋㅋ 뭔 뜻인지 알고보니 남자마감이래 취미에 남녀가 뭔 상관이냐 발정난 개들 집합소야 이거 여자 한 번 어째 만나볼라고 가관이다 진짜ㅋㅋㅋ 아마 내 평가가 의심된다면 어플 깔고 10분만 모임 훑어봐 뭔 말인지 알거다 질 높은 진짜 의미의 모임을 원한다면 다른데 어느정도 돈 주고 활동하길...,6,3.9.1,2026-08-05,https://play.google.com/store/apps/details?hl=ko&id=com.friendscube.somoim
b985b20f-6913-47fa-87d2-b12ea9b04058,1,2021-01-05T09:20:23+00:00,"지역설정에서 전체 지역도 없는데, 어쩌라는겁니까 진짜 짜증나네요 지역 소모임 하고 싶어서 하는데, 없으면 어떻게 만들라고요? 제발 업데이트 좀 하세요. 의왕시 포일동 ㅡㅡ",12,3.9.1,2026-08-05,https://play.google.com/store/apps/details?hl=ko&id=com.friendscube.somoim
7e01bfa5-d497-487d-98b8-bd2bfb9490c4,5,2021-01-03T23:29:28+00:00,동네 친구만들기 제일 좋은 어플ㅋㅋㅋㅋ,1,3.9.1,2026-08-05,https://play.google.com/store/apps/details?hl=ko&id=com.friendscube.somoim
df3b9ea2-1a96-4f29-b644-42ab2198fbc5,5,2021-01-03T20:25:32+00:00,좋은어풀입니다,0,3.9.1,2026-08-05,https://play.google.com/store/apps/details?hl=ko&id=com.friendscube.somoim
55d40436-ae0b-4330-a477-644ba01173a5,3,2021-01-03T01:18:40+00:00,핸드폰 바꿨더니 처음부터 재가입해야 함,0,3.9.1,2026-08-05,https://play.google.com/store/apps/details?hl=ko&id=com.friendscube.somoim
4a732b3b-8e69-4830-a944-a83e04b28721,2,2021-01-02T03:21:16+00:00,한달 15000원짜리 치고는 너무 컨텐츠가 없음 사진첩에 글쓰는거 하나 몇년째 만들지도 않음,0,3.9.1,2026-08-05,https://play.google.com/store/apps/details?hl=ko&id=com.friendscube.somoim
5fa0a9ee-79b9-45dc-9fcf-384b50d1cee7,5,2020-12-31T00:42:42+00:00,좋아요,0,3.9.1,2026-08-05,https://play.google.com/store/apps/details?hl=ko&id=com.friendscube.somoim
30628d12-8668-47a3-9133-43e04914ec40,1,2020-12-30T12:30:20+00:00,가입시 생년월일 입력하고 해서 손가락으로 넘기다가 1990년 1월부터 한달 단위로 이동되서 이러다 어느 세월에 내 태어난 해까지 넘겨야 하지 ? 하는 귀차니즘으로 바로 삭제,0,,2026-08-05,https://play.google.com/store/apps/details?hl=ko&id=com.friendscube.somoim
dad6be83-0f01-4890-81f9-898944add6f5,3,2020-12-30T01:28:13+00:00,알림안오게 했는데 계속 채팅알람이떠 삭제고려 중입니다,0,3.9.1,2026-08-05,https://play.google.com/store/apps/details?hl=ko&id=com.friendscube.somoim
b93c5c28-b2f2-4525-bde5-32314f86dd95,1,2020-12-29T16:27:16+00:00,모임 수가 너무 적어요 물꼬를 틀어야 사람들이 올텐데,2,3.9.1,2026-08-05,https://play.google.com/store/apps/details?hl=ko&id=com.friendscube.somoim
d1146cc2-ebab-4126-b580-9c8262fd40e7,5,2020-12-29T09:27:01+00:00,소모임 평소에 들어가고싶었는데 이 어플덕분에 쉽게 구할수있고 좋네요.,2,3.9.1,2026-08-05,https://play.google.com/store/apps/details?hl=ko&id=com.friendscube.somoim
a85c4913-8732-4775-8c56-6e890488b4c0,5,2020-12-28T01:28:25+00:00,감사,0,3.9.1,2026-08-05,https://play.google.com/store/apps/details?hl=ko&id=com.friendscube.somoim
907cb142-a62c-456c-aeb2-7113b933102d,4,2020-12-26T06:59:39+00:00,좋아오,0,,2026-08-05,https://play.google.com/store/apps/details?hl=ko&id=com.friendscube.somoim
d1683632-e24b-4dae-9019-d22c827c60fe,1,2020-12-24T09:13:43+00:00,구독취소했는데 결제됐네요 환불해주세요,0,,2026-08-05,https://play.google.com/store/apps/details?hl=ko&id=com.friendscube.somoim
9d6edce0-bac4-4bb5-8eb4-00e8cfbfb954,1,2020-12-24T04:42:18+00:00,찐따들이하는 어플 ㅋㅋ,0,,2026-08-05,https://play.google.com/store/apps/details?hl=ko&id=com.friendscube.somoim
10ad4159-afef-4469-809e-52286354a525,4,2020-12-23T22:52:51+00:00,아직,0,3.9.1,2026-08-05,https://play.google.com/store/apps/details?hl=ko&id=com.friendscube.somoim
87c0d3f0-2d21-4bb1-bc30-cf8b42003861,3,2020-12-23T11:40:31+00:00,남양주 다산동이 없네요,0,3.9.1,2026-08-05,https://play.google.com/store/apps/details?hl=ko&id=com.friendscube.somoim
c2589c0d-7d11-4f1a-9484-a041a0a65597,5,2020-12-23T03:26:11+00:00,친목도모가 진솔해요,0,3.9.1,2026-08-05,https://play.google.com/store/apps/details?hl=ko&id=com.friendscube.somoim
7b51b824-c553-4ef5-9e79-dd5ed482c7e4,5,2020-12-21T10:50:23+00:00,좋습니다~ 단 출석부 좀 만들어주세요~,0,3.9.1,2026-08-05,https://play.google.com/store/apps/details?hl=ko&id=com.friendscube.somoim
a1736304-5e70-401c-81b1-8885519acd39,5,2020-12-20T02:17:13+00:00,Good,0,3.9.1,2026-08-05,https://play.google.com/store/apps/details?hl=ko&id=com.friendscube.somoim
92bd4aaa-63c6-4d41-91de-7efd309e55c0,5,2020-12-17T13:52:49+00:00,진짜좋은어플.ㅋ너무고마워요 좋은사람들 만나게해줘서 ㅋ,0,3.9.1,2026-08-05,https://play.google.com/store/apps/details?hl=ko&id=com.friendscube.somoim
e23c77b8-f62c-4731-aae1-fde5a0cce673,5,2020-12-17T05:43:21+00:00,굿,0,3.9.1,2026-08-05,https://play.google.com/store/apps/details?hl=ko&id=com.friendscube.somoim
ce2422f0-aed6-4dea-9f10-acebef4be199,1,2020-12-14T01:45:12+00:00,게시물 알림 체크 풀어놨는데도 왜 자꾸 알람이 오죠? 진짜 개판이네,0,3.9.1,2026-08-05,https://play.google.com/store/apps/details?hl=ko&id=com.friendscube.somoim
ca2839b0-6fe7-46ff-ad62-0ec6da7596a5,1,2020-12-12T00:55:04+00:00,발전이 없음...,0,3.9.1,2026-08-05,https://play.google.com/store/apps/details?hl=ko&id=com.friendscube.somoim
