id,수집일시_UTC,플랫폼,목록유형,목록순번,상세URL,카테고리ID,카테고리,세부카테고리,제목,설명,태그,참가비,정원,현재참가자수,지역,시작일시_UTC,모집방식,소셜링종류,클럽ID,반복모임키,남성정원,여성정원,성비명시,성비판정근거,최소연령,최대연령,연령제한,연령판정근거,활동구체성,규칙기반_예비분류,예비판정근거,예비확신도,최종분류,최종판정근거,코더,검토상태
664555,2026-07-30T05:37:13+00:00,문토,default,1,https://www.munto.kr/detail-socialing?id=664555,9,파티,컨셉파티,[건대/토요일]💜핫파티✨️🫶🅻🅸🅽🅺 🆄🆂,"❤️‍🔥급이 다른 핫파티❤️‍🔥


2026 솔로인 사람 다모여요
행복하게 해줄게요🖤



🍤🍢🍠🍡🥫🍱
⭕️음식제공해용~~⭕️
🥑🥝🍣🍕🍟🥩




💜Link-Us 우리를 연결하는💜



솔로인 사람 손!



우리는 진심입니다
우리는 남다릅니다

솔로로 오셨다가 
둘이 되어가실거예요 




문토가 처음이신분들께 강추드립니다

퀼리티가 남다른 모임에 참석하세요







.
.
.
.







￼











_____________________________








​링커스는 단순한 이성 만남을 넘어

의미 있는 
🔗
연결고리를 
🔗
만드는데 집중합니다

(좋은 사람들끼리는 연결됩니다)












ꗃ


의문점 하나.


ꗃ






취향이 맞는 사람들만나면
뭐가 좋은지 아시나요?


.
.
.



불편함이 없어요

편안하게 행복해져요






여러분들이
링커스에서 찐친과 찐연인을 만나


행.복.해.질.수.있.도.록.


우리는, 철저히 준비합니다
(비장)











_______________________













￼








​처음은 이렇게 시작해요

​나이, 직업, 편견은 잠시 내려두자구요
​모두가 편하게 친해질 수 있도록
간단한 게임이 있을 수 있어요


⛓︎


​커플 & 단체 도파민 게임

​술만 마시는 지루한 모임은 돈 아까워요
(진중한 컨셉이라고 포장된 파티는 사절이니까요)

호스트가 준비한 커플/단체 맞춤형 꿀잼 뚝뚝
순식간에 내적 친밀감 최고치를 달성합니다

​승부욕과 웃음이 폭발하는 게임을 통해
자연스럽게 서로가 연결됩니다
(링커스 찡긋)



⛓︎



​📻 마음을 전달해요

​마음에 드는 상대에게 직접 말하기 어렵다면?
익명으로 해보는건 어때요

​호스트가 DJ가 되어 당신의 진심이 담긴 메시지를
대신 전달해 드립니다

(이 컨텐츠는 요즘 문토 파티에서 다~ 하죠!
그런데 진행자의 센스가 절반을 차지합니다. 인정?)

하이퀄리티 / 하이엔드급 진행으로 
물 흐르듯 자연스럽게 저 바다(태평양)까지 
스무스하게 이어지는 
꿀잼+편안한 진행 실력 맛보기
(맛도리 냠냠)











___________________________












￼









💌링커스에 초대합니다

​""사랑""과 ""우정""
두 마리 토끼 중 

하나라도 잡고 싶은 
당신을 기다립니다

(하나라도 꽉 잡아가세여)🐇





𝄞






​ 🟣 짜릿한 도파민이 필요한 E 또는 I 
       (다 오시라는 얘기)
​ 🟣 매력 어필에 능한 사람
       (능력없어도 오시는 재밌어요)
​🟣 진솔한 마음을 전하고 싶은 낭만주의자
      (낭만없어도 컨텐츠로 만들어드림)
​🟣 새로운 관계를 적극적으로 개척하는 자
      (눈빛으로 쏴줘요 가만히 안놔둘게요)










___________________________













￼







ꗃ


우리는 행복해야합니다


ꗃ







정성으로 준비한 모임에 감동하고
좋은 사람들과 유쾌한 시간을 보내신다면
저희는 행복합니다










____________________________












❝ 연결되는 우리 ❞


▫️ 언제언제 : 상단에 명시된 날짜 
▫️ 어디어디 : 2호선 초역세권
▫️ 누가누가 : 훈남훈녀
▫️ 제공사항 : 다과제공, 주류포틀럭
▫️ 복장코드 : 깔끔한 복장 
▫️ 환불규정 : 문토 규정 준수 









🔮

특별한 당신을 기다립니다
대부분의 게스트분들이 혼자 오십니다
망설이지마세요 

오시면 웃게 될거예요
오시면 알게 될거예요
오시면 둘이가게 될거예요








￼














저희는 혼신의 힘을 다해 
정성껏 준비하고 있을게요


바랄게요
좋은 분들만 오시기를...!











  곧 봬요
💜",링커스,38800,59,35,광진구,2026-08-01T11:30:00.000Z,CHOICE,NORMAL,,title:핫파티,0,0,N,,,35,Y,API minAge/maxAge,,미판정,A/B 판정은 활동구체성 수기 검토 필요,하,,,,미검토
661779,2026-07-30T05:37:13+00:00,문토,default,2,https://www.munto.kr/detail-socialing?id=661779,4,취미,글쓰기,🦩너와나<이어지는 글 파티>🎉🖍️선착순 5명 글쓰기! 이외 토론참여!,"❗️🚨드디어 겨울이가 새로운 장소로 돌아왔다🚨❗️ 

              훨씬 넓고 더 쾌적한 공간입니다.
          ❣️남녀화장실 별도 내부 구비 주의😉❣️


- 수많은 후기 참고해주세요. 
- 저를 팔로우한 순서로 수락해드릴게요.
- 프로필 성별확인 가능하게 해주세요.
- 당일 신청은 과제 진행이 불가능 합니다. 미리미리 신청주세요! (중요🔥)
- 모임의 퀄리티를 위해 글쓰기 과제는 선착순 5명만 진행합니다. 나머지는 토론 함께 참여해요😊🙋🏻‍♂️

안녕하세요 :)
네이버 웹소설 작가로 활동하는 겨울이입니다.❄️
(최근에 신작 발표 후 연재 중입니다! 필명은 모임 3번 오신 분에 한해 공개! 🤣)

그동안 <이어지는 글쓰기>에 많은 분이 찾아와주셨습니다.
무한한 사랑에 보답하기 위해, 안주하지 않고 새로운 컨텐츠에 또! 도전합니다. 
기존 <이글>을 업그레이드하여 <이어지는 글 파티!>를 진행합니다.

<이어지는 글쓰기>가 강의와 피드백, 정보 전달에 집중했다면. 
<이어지는 글 파티>는 다양한 사람의 ‘글 구경’과 자유로운 토론 형식으로 진행됩니다!

독서량이 많지 않거나, 글짓기에 자신이 없어도 괜찮습니다. 
누구나 걸음마부터 시작하니까요.

￼



[ 소개 ]

왜 글을 잘 써야 할까요?
자소서를 잘 쓰는 것부터 연인의 마음을 사로잡는 연애편지까지.
누구나 살면서 글을 쓰기 마련입니다. 
짧은 문장은 때론 누군가를 위로하고, 자기 자신을 이해하는 마음의 창이 되곤 하죠.

글을 잘 쓴다는 건 그 자체로 정말 매력적인 일입니다. 
인생에 반드시 도움도 되고요!

10년 넘게 현업에서 활동해온 작가로서 글쓰기 소셜링을 진행합니다.

글이란 정말 신비롭고 재밌는 녀석이에요.
100명이 쓰면 100가지의 형태가 나오거든요.
매주 서로 다른 사람의 우주를 경험하게 될 겁니다.



 
￼




[ 진행 순서 ] 

1. 신청하신 분들께 미리 한 가지 주제를 알려드려요. (ex. 여름, 휴식, 외로움, 인생에서 진정 원하는 3가지, 인간관계 등)
2. 모임 전에 약 A4 한 장 분량의 글을 제게 제출합니다. (일기, 수필, 소설, 시, 블로그 홍보글, 유튜브 대본 등. 방식은 자유입니다. 한글 파일 기준 500자 이상 2천 자 미만입니다!)
3. 당일에 제가 이름표를 달아드리고, 간단한 아이스 브레이킹으로 서로 친해져요.
4. 여러분이 쓴 글을 앞에서 낭독하고 감상합니다. 
5. 타인의 글 주제로 토론하는 시간을 가집니다. 각자 느낌과 의견을 자유롭게 나눠보아요.
7. 모임이 끝난 후, 마음이 맞는 분들과 따로 2차 자리를 가질게요:) (추가 비용 발생합니다.) 




￼




[ 장소 ]

- 합정역 지하철역 8번출구에서 8분 거리입니다.
- 주차 가능합니다🚗!(최대 4대까지) 만차 시, 피치 못 할 경우는 인근 공영주차장 부탁드려요.



[ 서비스 ]

- 다과 세트 제공해드려요.🍹🍫🍭




[ ※필독 ]

- <두근두근 마피아>와 달리 <이어지는 글 파티>는 이성 간 노골적인 만남을 지양합니다
- 하지만 우린 청춘 남녀잖아요? 적절한 남녀 성비는 맞춰볼게요.
- 책을 좋아하고, 취미가 비슷한 사람끼리 만날 수 있도록 자연스러운 자리를 마련해드려요. 
- 종교, 영업 목적, 비매너 강퇴 대상입니다. (36.5도 이상만 받을게요.) 
- 경고가 누적되면 블랙리스트에 올려 다시는 받지 않습니다.🙅🏻‍♂️
- 타인에 대한 평가와 비판이 아닌, 있는 그대로 받아들이는 배려와 열린 마음 부탁드려요🥺❤️‍🩹

 


￼



[ 끝으로 ]

작가란 무엇일까요?
저는 글을 쓰는 순간 당신은 이미 작가라고 생각합니다. 
오늘 밤, 작가가 되고 싶다면 얼른 신청해주세요. 
라잇나우! 😁



￼",글쓰기 | 토론 | 독서 | 대화 | 웹소설,50000,34,14,마포구,2026-08-29T08:00:00.000Z,CHOICE,NORMAL,,title:너와나 이어지는 글 파티 선착순 명 글쓰기 이외 토론참여,0,0,N,,,40,Y,API minAge/maxAge,,B,사교표현: 친해져,중,,,,미검토
664554,2026-07-30T05:37:13+00:00,문토,default,3,https://www.munto.kr/detail-socialing?id=664554,9,파티,컨셉파티,[건대/금요일]💜핫파티✨️🫶🅻🅸🅽🅺 🆄🆂,"❤️‍🔥급이 다른 핫파티❤️‍🔥


2026 솔로인 사람 다모여요
행복하게 해줄게요🖤



🥑🥝🥩🍟🍕🍣
⭕️음식제공해용~~⭕️
🍱🥫🍡🍠🍢🍤



💜Link-Us 우리를 연결하는💜



솔로인 사람 손!



우리는 진심입니다
우리는 남다릅니다

솔로로 오셨다가 
둘이 되어가실거예요 




문토가 처음이신분들께 강추드립니다

퀼리티가 남다른 모임에 참석하세요







.
.
.
.







￼











_____________________________








​링커스는 단순한 이성 만남을 넘어

의미 있는 
🔗
연결고리를 
🔗
만드는데 집중합니다

(좋은 사람들끼리는 연결됩니다)












ꗃ


의문점 하나.


ꗃ






취향이 맞는 사람들만나면
뭐가 좋은지 아시나요?


.
.
.



불편함이 없어요

편안하게 행복해져요






여러분들이
링커스에서 찐친과 찐연인을 만나


행.복.해.질.수.있.도.록.


우리는, 철저히 준비합니다
(비장)











_______________________













￼








​처음은 이렇게 시작해요

​나이, 직업, 편견은 잠시 내려두자구요
​모두가 편하게 친해질 수 있도록
간단한 게임이 있을 수 있어요


⛓︎


​커플 & 단체 도파민 게임

​술만 마시는 지루한 모임은 돈 아까워요
(진중한 컨셉이라고 포장된 파티는 사절이니까요)

호스트가 준비한 커플/단체 맞춤형 꿀잼 뚝뚝
순식간에 내적 친밀감 최고치를 달성합니다

​승부욕과 웃음이 폭발하는 게임을 통해
자연스럽게 서로가 연결됩니다
(링커스 찡긋)



⛓︎



​📻 마음을 전달해요

​마음에 드는 상대에게 직접 말하기 어렵다면?
익명으로 해보는건 어때요

​호스트가 DJ가 되어 당신의 진심이 담긴 메시지를
대신 전달해 드립니다

(이 컨텐츠는 요즘 문토 파티에서 다~ 하죠!
그런데 진행자의 센스가 절반을 차지합니다. 인정?)

하이퀄리티 / 하이엔드급 진행으로 
물 흐르듯 자연스럽게 저 바다(태평양)까지 
스무스하게 이어지는 
꿀잼+편안한 진행 실력 맛보기
(맛도리 냠냠)











___________________________












￼









💌링커스에 초대합니다

​""사랑""과 ""우정""
두 마리 토끼 중 

하나라도 잡고 싶은 
당신을 기다립니다

(하나라도 꽉 잡아가세여)🐇





𝄞






​ 🟣 짜릿한 도파민이 필요한 E 또는 I 
       (다 오시라는 얘기)
​ 🟣 매력 어필에 능한 사람
       (능력없어도 오시는 재밌어요)
​🟣 진솔한 마음을 전하고 싶은 낭만주의자
      (낭만없어도 컨텐츠로 만들어드림)
​🟣 새로운 관계를 적극적으로 개척하는 자
      (눈빛으로 쏴줘요 가만히 안놔둘게요)










___________________________













￼







ꗃ


우리는 행복해야합니다


ꗃ







정성으로 준비한 모임에 감동하고
좋은 사람들과 유쾌한 시간을 보내신다면
저희는 행복합니다










____________________________












❝ 연결되는 우리 ❞


▫️ 언제언제 : 상단에 명시된 날짜 
▫️ 어디어디 : 2호선 초역세권
▫️ 누가누가 : 훈남훈녀
▫️ 제공사항 : 다과 제공, 주류포틀럭
▫️ 복장코드 : 깔끔한 복장 
▫️ 환불규정 : 문토 규정 준수 









🔮

특별한 당신을 기다립니다
대부분의 게스트분들이 혼자 오십니다
망설이지마세요 

오시면 웃게 될거예요
오시면 알게 될거예요
오시면 둘이가게 될거예요








￼














저희는 혼신의 힘을 다해 
정성껏 준비하고 있을게요


바랄게요
좋은 분들만 오시기를...!











  곧 봬요
💜",링커스,38800,59,33,광진구,2026-07-31T11:30:00.000Z,CHOICE,NORMAL,,title:핫파티,0,0,N,,,35,Y,API minAge/maxAge,,미판정,A/B 판정은 활동구체성 수기 검토 필요,하,,,,미검토
660518,2026-07-30T05:37:13+00:00,문토,default,4,https://www.munto.kr/detail-socialing?id=660518,4,취미,봉사활동,🌰달고달고달디단 공주 알밤 농촌봉사👩‍🦯,"안녕하세요!
희망꼬리 입니다🐳

🌰달고달고달디단~
 공주 알밤 농촌 봉사활동 입니다.

멀지도 그렇다고 가깝지도 않은 충남 공주🌰밤마을에 가서 밤을 수확하러 가는 농촌 봉사활동 입니다.(2시간거리) 일손이 많이 부족하여 아직 젊은!? 저희들이가서 도우려고 합니다.

물가가 오르면서 인건비도 함께오르다보니 외국인 노동자 고용비용이 점차 힘든 농가가 많이 생기고 있습니다.🥹

“전국적으로 함께 선한 영향력을 펼치실 천사를 찾습니다” 


1만 5천평 전체를 하는게 아닙니다😂
최대한 할 수 있는 4시간 동안
밤나무와 함께 힐링도 하며, 밤을 주워봐요😄

힘들게 땀흘리고 도와주신 봉사자분들을 위해 밤을 넉넉히 가져가실수 있게 이장님께서 준비해 주신다고 합니다.(눈치보지말고)


힘드실까봐 희망꼬리에서
 🌰밤 막걸리도 준비를 했습니다🍶




[픽업위치🗺️]
📌꼭!!! 확인해 주세요!!!📌
📍집결시간 : 7시 40분
🚩픽업위치 : 사당역 1번출구 앞

* 함께 이동할 예정 입니다. 🚗 (절대 늦으면 안됩니다)


[🎁제공사항]
> 1kg + @ 공주 알밤
> 점심제공(한솥도시락)
> 알밤 막걸리
> 봉사시간 4시간

⭐️담아 가실께 많으니 꼭 가방 필수!!!!


[🎒준비물]
> 등산화 또는 밑창이 두꺼운 신발
> 모자
> 개인간식
> 밤송이 안찔리게 긴팔 긴바지


[행사시간🕐]
📌픽업 오전 7시 40분(사당역 1번출구)
📌오전 10시 공주 밤마을 도착
📌오전 10시 10분 현장 오티
📌오후12시 점심 및 자유시간
📌오후 14시 단체사진 촬영 후 종료
📌오후 16시30분 서울 도착


✔️행사 시 촬영된 유튜브 및 사진은 희망꼬리 홍보 채널을 통해 사용될 수 있습니다. (동의하지 않을시 사전에 알려주세요.",,35000,20,14,서초구,2026-09-11T22:40:00.000Z,COMMON,NORMAL,3161,club:3161,0,0,N,,,,N,없음,,미판정,A/B 판정은 활동구체성 수기 검토 필요,하,,,,미검토
664953,2026-07-30T05:37:13+00:00,문토,default,5,https://www.munto.kr/detail-socialing?id=664953,9,파티,컨셉파티,단밤 Dan-bom🌙🤍,"💁🏻‍♀️늦참가능
문의주세요📩

(좋아요❤️ 눌러야 DM 가능합니다!!!)



""지루한 목요일밤, 당신의 하루에 달콤함을 더하다""
[Dan-bam🤍🌙]






매주 반복되는 일상,
설렘이 필요하지 않나요?




￼





""일주일의 절반이 지나고, 주말까진 아직 먼 목요일.""







""퇴근 후 집에 가기엔 아쉽고, 거창한 약속은 부담스러울 때.""





￼







뻔한 일상을 깨고 도파민이 터지는 
새로운 자극이 필요한 당신을 위해 준비했습니다.






⠀ ⠀
￼

🔻진행 안내🔻

▪️소셜링 진행시간동안 
어색함을 풀기위해 우리는 다 친구에요!
반말모드입니다🤍 
(그 대신 예의는 지켜야 되는 거 아시죠오?)
▪️이름, 나이, 직업, MBTI는 비밀
▪️테이블 로테이션




🧚🏻‍♀️제공 사항🧚🏻‍♀️

▪️메인 안주 | 간단한 디저트
▪️소주&맥주&생수 무제한 제공
▪️술 못 드시는 분들도 환영입니다🙌🏻
(음료도 무제한🤍)



🎒준비물🎒

▪️1인분의 음식 (포틀럭 파티 입니다!)
-포장,배민가능

🎀저녁대용이 될 수 있는 1인분이상의 음식🎀
ex) 피자, 떡볶이, 치킨, 족발, 육회, 초밥 등등🤍
(과자, 소량의 빵, 젤리,, 속상해요😭😭)







🔻공간소개🔻

💗양재역 근처 대형 파티룸💗

트렌디한 인테리어와 감성 충만한 분위기🎀

입장과 동시에 설렘을 선물해 드려요😍


▪️인원 : 30명 이상 시 진행 (최대 80명)
▪️날짜 : 7/30 (목) 
▪️시간 :  저녁 8시20분
▪️위치 : 서초구 대형 파티룸 (추후 공지)




❣️여성은 나이제한 없습니다❣️
(최소 진행 가능 인원 30명이 모집되지 않는 경우
100% 환불해 드립니다🙏🏻)






🙋🏻‍♀️모집마감 전까지 인원증원으로
[수정 알림]이 수시로 갈 수 있습니다!
진행 내용에는 변화 없으니
신경 쓰지 않으셔도 됩니다🙋🏻‍♀️",포틀럭파티 | 목요일 | 파티,33000,79,43,서초구,2026-07-30T11:20:00.000Z,CHOICE,NORMAL,,title:단밤 dan bom,0,0,N,,,35,Y,API minAge/maxAge,,C,이성조건: 여성은 나이,상,,,,미검토
662721,2026-07-30T05:37:13+00:00,문토,default,6,https://www.munto.kr/detail-socialing?id=662721,7,자기계발,대화,[성장 대화 모임] 한낮의 성장 한 스푼,"￼





좋은 사람을 만나는 것,
성장의 작은 시작이라고 생각해요 ☺️

- 문토 호스트 “온이”






┏━━━━━━━━━━━━━━━━━━━━┓



✨ 성장에 관심 있는 여러분 함께 해요 🙏



✨ 문토 첫 소셜링으로 꼭꼭 추천해요 😙



✨ 소셜링이 다가올수록 신청자가 몰려요!
미리 신청하고 호스트와 먼저 이야기 나눠요😙



✨ 좋은 사람들과 알찬 주말 보내요 🥰



┗━━━━━━━━━━━━━━━━━━━━┛




한가로운 주말 낮,
여러분들은 어떤 일을 계획하고 있나요?




나만의 여러 일들을
이루어가는 사람도 있지만




머릿속으로 생각만 하다가
주말을 흘려보내는 분들도 많을 것 같아요.




저는 요즘 마음 속에서
새로운 환기를 주고 싶다는 생각을 해요.




좋은 사람들을 만나
이야기를 나누다 보면



나의 마음을 환기시키고
다시 힘을 낼 용기가 생기더라고요.




새로운 환기를 주고 싶은 사람들이 모여
성장이라는 주제로 함께 이야기를 나누며
함께 즐겁고 알찬 주말 만들고 싶어요.




한가로운 주말에
건강한 사람들과 성장 한 스푼 어떠세요? 🙂




거창하지 않아도 작게 무언가를
시작해보고 싶은 여러분이라면,




편하게 함께 만났으면 좋겠어요 🙂




✨더 나은 나를 만나기위해 함께 좋은 시간 보내요 ✨



ㅡㅡㅡㅡㅡㅡㅡㅡㅡㅡ ✨ ㅡㅡㅡㅡㅡㅡㅡㅡㅡㅡ




┏━━━ 모임은 이렇게 진행합니다🏃🏼‍♀️ ━━━┓


￼




1. 아이스브레이킹 🧊

- 각자 간단히 자기소개 및 모임 참가 이유에
대해 이야기를 나눌 거예요!

- 처음 만나면 어색할 수 있으니
입이 잘 풀릴 수 있도록 도와드릴게요 👍





2. 한낮의 성장 한 스푼

- 성장과 관련된 주제로 소셜링이 진행됩니다!
(주제는 모임에 오셔서 확인해 주세요😍)

✨ 모임이 끝나면 성장 한 스푼
맛있게 먹은 기분일거에요!





3. 저녁 식사 (선택)

- 성장에 진심인 사람들과 맛있는 저녁 식사까지!

✨저녁식사는 선택입니다!





✅ 문토에서 2년동안 호스트를 한
동네언니와 온이가 함께합니다.

✨ 내향적인 분들도 
편히 이야기 나눌 수 있게 도와드릴게요!





✅ 성장에 관심 있는 사람들이
모여 좋은 에너지를 얻고 가요.

✨ 서로 긍정적인 힘을 
줄 수 있는 여러분 환영해요!





┏━━ 이런 분들과 함께하고 싶어요🙆‍♂️ ━━┓


- 성장하기를 꿈꾸는 사람!
- 서로에게 좋은 기운을 가져다 줄 수 있는 사람!
- 하루 건강한 시간을 보내고 싶은 사람!





┏━━━━ 모임 일시 및 장소 🏠 ━━━━┓



- 8월 22일 토요일 오후 3시 - 오후 5시 30분

- 뚝섬역 도보 3분 거리, 성수지앵

- 최대 15명까지 모객되는 소셜링입니다.




￼




✨온도 클럽을 가입하시면 
다양한 사색거리와 소셜링 소식을 알림 받을 수 있어요!



✨클럽원이 아니어도 괜찮으니
관심 있으시면 편히 신청해주세요 ✨",동네언니 | 대화 | 성장 | 온이,25000,15,11,성동구,2026-08-22T06:00:00.000Z,CHOICE,NORMAL,26794,club:26794,0,0,N,,,40,Y,API minAge/maxAge,,미판정,A/B 판정은 활동구체성 수기 검토 필요,하,,,,미검토
663427,2026-07-30T05:37:13+00:00,문토,default,7,https://www.munto.kr/detail-socialing?id=663427,9,파티,컨셉파티,🖤훈남환영🖤⛱️도파민 팩토리⛱️🖤당산역25초🖤도파민파티🖤,"⛱️휴가철에도 여러분의⛱️

”도파민을 채워 드리겠습니다“



🏭 Dopamine Factory!! 🏭




￼




🖤깔끔하고 무드있는 공간에서 진행합니다🖤


또한, 당산역 2호선에서 도보 25초 거리인


🤩초초초초초역세권 파티룸입니다🤩


당일은 승인 대기 및 인원 마감이 생길수 있으니,


🙇🏻미리미리 신청 부탁드려요!!🙇🏻




-----------------------------------------------------




▶️▶️▶️  20:30 시작⏰ ◀️◀️◀️


⌚️러닝타임 180분!!⌚️


🥨🍗안주 6종류🍕🍟 제공에 💲39990원!


🚊2호선, 9호선 당산역🚊 초초초초초역세권!!


소주, 맥주

무.제.한.무.상.제.공!


재미😆, 흥미🤩, 산해진미😋

3미를 만족시켜줄 파티🥳




🟰




🏭 𝑫.𝑶.𝑷.𝑨.𝑴.𝑰.𝑵 _𝑭.𝑨.𝑪.𝑻.𝑶.𝑹.𝒀  🏭





￼




🔫맡겨둔 도파민 찾으러 오세요🔫




“뚝-딱-뚝-딱 🛠️ 위-잉-위-잉🦾”


안녕하세요👋🏻👋🏻 신입(?) 호스트

도파민 공장장 입니다👨🏻‍🏭




-----------------------------------------------------




요즘 같은 불경기🚨, 노잼시기😑에

함께 도파민을 생산할 직원🧑🏻‍🏭👩🏻‍🏭을 모집합니다




▶️▶️▶️ 준비물 ◀️◀️◀️



오늘 하루 즐겁게 놀고자 하는 ⭐️열린 마음⭐️



-----------------------------------------------------




🔥🔥🔥프로그램 소개🔥🔥🔥








￼










❗️ 이. 게.   끝. 이.   아. 닙. 니. 다. ❗️










￼




▶️▶️▶️ 도파민 팩토리의 채용 조건은 다음과 같습니다 ◀️◀️◀️


🔽


❶ ​무료하고 반복되는 일상에 
지치신 분


❷ 퇴근 후 or 쉬는 날 저녁을 
그냥 보내긴 아쉬운 분


❸ 다양하고 새로운 인연을
만나고 싶으신 분


❹ 함께 맛있는 음식을 먹으며
파티를 즐기고 싶으신 분


❺ 도파민을 사랑하는 사람이라면
누. 구. 나!





단, 이런 분들은 곤란해요😢


🔽


💔 과도한 스킨쉽, 만취 후 난동 등...
다른 게스트 분들에게 피해를 주시는 분


💔 지나치게 닫힌 마음으로 주변의
지속적인 케어가 필요한 분


💔 지나치게 타인에게 무례하신 분


💔 파티룸의 책상, 의자, 전자기기 등...
 물품을 파손하시는 분


💔 매너 온도 36도 이하의 
저체온증이신 분




￼




▶️▶️▶️ ‘잘 중독되는 사람이 더 성공한다!?’ ◀️◀️◀️




여러분, 저 공장장👨🏻‍🏭 함께

도파민 팩토리🏭에서

미치광이이자 천재로

중독자이자 창조자로

거듭나는 즐거운 시간을 가지며

잊지 못할 추억을 만들러 오세요🤗",도파민 | 찐친 | 썸연애 | 바다 | 휴가,39900,59,37,영등포구,2026-07-30T11:30:00.000Z,CHOICE,NORMAL,,title:훈남환영 도파민 팩토리 당산역 초 도파민파티,0,0,N,,,35,Y,API minAge/maxAge,,미판정,A/B 판정은 활동구체성 수기 검토 필요,하,,,,미검토
662145,2026-07-30T05:37:13+00:00,문토,default,8,https://www.munto.kr/detail-socialing?id=662145,9,파티,컨셉파티,"연결의 순간,컨택🌹설렘이 움직이는 밤🌹","🔥하단에 좋아요🔥
눌러주셔야
DM및 파티안내가 가능합니다

🚨술 사오지마세요🚨

음식 주류 전부 무제한 제공입니다
몸만 오세요❤️



억지로 이어지는 관계 말고,
자연스럽게 끌리는 순간.
컨택은 그 장면을 만듭니다.


좋은 인연은
정해진 소개보다,
분위기 속에서 더 자연스럽게 시작됩니다.


누군가를 다시 보고 싶어지는 밤,
컨택은
그 시작을 만드는 파티입니다.




￼


조건보다 중요한 건
결국 사람과 사람


긴밀한 연결고리를
만드는 진행과 콘텐츠


사람과 관계에 집중하는
그 밤이 바로 컨택





￼



❤️ 파티 구성 안내❤️


⭐️드레스코드 : 자유롭게, 나답게 빛나는 스타일


🌹입장 시 본인 확인 진행🌹


🌹초반 블라인드 콘셉트 운영🌹


🌹편안한 소통 중심의 진행🌹


🌹테이블 로테이션 포함🌹


🌹현장 이벤트 및 소소한 리워드 준비🌹


￼



FOOD & DRINK


🍷 무제한 주류 및 기본 음료 제공


🍽 다양한 핑거푸드와 식사형 메뉴 제공



🎁 참여자 대상 현장 이벤트 및 경품 준비



술을 잘 못 마시는 분들도
부담 없이 즐길 수 있도록
논알콜 음료도 함께 준비되어 있습니다.



퇴근 후 와도,
주말 저녁에 찾아와도
충분히 만족할 수 있도록 준비했습니다.


￼






🌸 소중한 하루를 그냥 흘려보내고 싶지 않은 사람

🌸 새로운 사람과 새로운 이야기를 만나고 싶은 사람

🌸 단순한 모임 이상의 연결을 원하는 사람



📍 행사 정보
날짜: 7/31(금)

시간: 오후 8시10분

양재역 부근 대형파티룸


🙆‍♂️남성 25세-만35세
🙆‍♀️여성 나이제한 없음

(최소진행 가능 인원인 40명이
 모집되지 않는 경우
100% 환불해 드립니다.)


💡참가 확정 인원에 따라 💡
수시로 수정 공지가 전달될 수 있습니다.



※ 프로그램 구성에는 변동이 없으니
 안심하고 참여해주세요





관계와 사람을 잇는다, 컨택.

오늘의 만남이
생각보다 오래 기억될 수 있도록.",강남 | 파티 | 솔로파티,45000,59,49,서초구,2026-07-31T11:10:00.000Z,CHOICE,NORMAL,,title:연결의 순간 컨택 설렘이 움직이는 밤,0,0,N,,,35,Y,API minAge/maxAge,,C,직접표현: 솔로파티,상,,,,미검토
662150,2026-07-30T05:37:13+00:00,문토,default,9,https://www.munto.kr/detail-socialing?id=662150,9,파티,컨셉파티,"남성분🚨🚨연결의 순간,컨택🌹설렘이 움직이는 밤🌹","🔥하단에 좋아요🔥
눌러주셔야
DM및 파티안내가 가능합니다

🚨술 사오지마세요🚨

음식 주류 전부 무제한 제공입니다
몸만 오세요❤️




억지로 이어지는 관계 말고,
자연스럽게 끌리는 순간.
컨택은 그 장면을 만듭니다.


좋은 인연은
정해진 소개보다,
분위기 속에서 더 자연스럽게 시작됩니다.


누군가를 다시 보고 싶어지는 밤,
컨택은
그 시작을 만드는 파티입니다.




￼


조건보다 중요한 건
결국 사람과 사람


긴밀한 연결고리를
만드는 진행과 콘텐츠


사람과 관계에 집중하는
그 밤이 바로 컨택





￼



❤️ 파티 구성 안내❤️


⭐️드레스코드 : 자유롭게, 나답게 빛나는 스타일


🌹입장 시 본인 확인 진행🌹


🌹초반 블라인드 콘셉트 운영🌹


🌹편안한 소통 중심의 진행🌹


🌹테이블 로테이션 포함🌹


🌹현장 이벤트 및 소소한 리워드 준비🌹


￼



FOOD & DRINK


🍷 무제한 주류 및 기본 음료 제공


🍽 다양한 핑거푸드와 식사형 메뉴 제공



🎁 참여자 대상 현장 이벤트 및 경품 준비



술을 잘 못 마시는 분들도
부담 없이 즐길 수 있도록
논알콜 음료도 함께 준비되어 있습니다.



퇴근 후 와도,
주말 저녁에 찾아와도
충분히 만족할 수 있도록 준비했습니다.


￼






🌸 소중한 하루를 그냥 흘려보내고 싶지 않은 사람

🌸 새로운 사람과 새로운 이야기를 만나고 싶은 사람

🌸 단순한 모임 이상의 연결을 원하는 사람



📍 행사 정보
날짜: 8/1(토)

시간: 오후 8시10분

양재역 부근 대형파티룸


🙆‍♂️남성 25세-만35세
🙆‍♀️여성 나이제한 없음

(최소진행 가능 인원인 40명이
 모집되지 않는 경우
100% 환불해 드립니다.)


💡참가 확정 인원에 따라 💡
수시로 수정 공지가 전달될 수 있습니다.



※ 프로그램 구성에는 변동이 없으니
 안심하고 참여해주세요





관계와 사람을 잇는다, 컨택.

오늘의 만남이
생각보다 오래 기억될 수 있도록.",강남 | 파티 | 솔로파티,45000,59,45,서초구,2026-08-01T11:10:00.000Z,CHOICE,NORMAL,,title:남성분 연결의 순간 컨택 설렘이 움직이는 밤,0,0,N,,,35,Y,API minAge/maxAge,,C,직접표현: 솔로파티,상,,,,미검토
651576,2026-07-30T05:37:13+00:00,문토,default,10,https://www.munto.kr/detail-socialing?id=651576,4,취미,글쓰기,🦩너와나<이어지는 글 파티>🎉🖍️🔥❗️마지막 딱 한자리 남음❗️마감 임박🔥,"❗️🚨드디어 겨울이가 새로운 장소로 돌아왔다🚨❗️ 

              훨씬 넓고 더 쾌적한 공간입니다.
          ❣️남녀화장실 별도 내부 구비 주의😉❣️


- 수많은 후기 참고해주세요. 
- 저를 팔로우한 순서로 수락해드릴게요.
- 프로필 성별확인 가능하게 해주세요.
- 당일 신청은 과제 진행이 불가능 합니다. 미리미리 신청주세요! (중요🔥)
- 모임의 퀄리티를 위해 글쓰기 과제는 선착순 5명만 진행합니다. 나머지는 토론 함께 참여해요😊🙋🏻‍♂️

안녕하세요 :)
네이버 웹소설 작가로 활동하는 겨울이입니다.❄️
(최근에 신작 발표 후 연재 중입니다! 필명은 모임 3번 오신 분에 한해 공개! 🤣)

그동안 <이어지는 글쓰기>에 많은 분이 찾아와주셨습니다.
무한한 사랑에 보답하기 위해, 안주하지 않고 새로운 컨텐츠에 또! 도전합니다. 
기존 <이글>을 업그레이드하여 <이어지는 글 파티!>를 진행합니다.

<이어지는 글쓰기>가 강의와 피드백, 정보 전달에 집중했다면. 
<이어지는 글 파티>는 다양한 사람의 ‘글 구경’과 자유로운 토론 형식으로 진행됩니다!

독서량이 많지 않거나, 글짓기에 자신이 없어도 괜찮습니다. 
누구나 걸음마부터 시작하니까요.

￼



[ 소개 ]

왜 글을 잘 써야 할까요?
자소서를 잘 쓰는 것부터 연인의 마음을 사로잡는 연애편지까지.
누구나 살면서 글을 쓰기 마련입니다. 
짧은 문장은 때론 누군가를 위로하고, 자기 자신을 이해하는 마음의 창이 되곤 하죠.

글을 잘 쓴다는 건 그 자체로 정말 매력적인 일입니다. 
인생에 반드시 도움도 되고요!

10년 넘게 현업에서 활동해온 작가로서 글쓰기 소셜링을 진행합니다.

글이란 정말 신비롭고 재밌는 녀석이에요.
100명이 쓰면 100가지의 형태가 나오거든요.
매주 서로 다른 사람의 우주를 경험하게 될 겁니다.



 
￼




[ 진행 순서 ] 

1. 신청하신 분들께 미리 한 가지 주제를 알려드려요. (ex. 여름, 휴식, 외로움, 인생에서 진정 원하는 3가지, 인간관계 등)
2. 모임 전에 약 A4 한 장 분량의 글을 제게 제출합니다. (일기, 수필, 소설, 시, 블로그 홍보글, 유튜브 대본 등. 방식은 자유입니다. 한글 파일 기준 500자 이상 2천 자 미만입니다!)
3. 당일에 제가 이름표를 달아드리고, 간단한 아이스 브레이킹으로 서로 친해져요.
4. 여러분이 쓴 글을 앞에서 낭독하고 감상합니다. 
5. 타인의 글 주제로 토론하는 시간을 가집니다. 각자 느낌과 의견을 자유롭게 나눠보아요.
7. 모임이 끝난 후, 마음이 맞는 분들과 따로 2차 자리를 가질게요:) (추가 비용 발생합니다.) 




￼




[ 장소 ]

- 합정역 지하철역 8번출구에서 8분 거리입니다.
- 주차 가능합니다!🚗🚗🚗 만차 일 경우는 인근 공영주차장 부탁드려요.



[ 서비스 ]

- 다과 세트 제공해드려요.🍹🍫🍭




[ ※필독 ]

- <두근두근 마피아>와 달리 <이어지는 글 파티>는 이성 간 노골적인 만남을 지양합니다
- 하지만 우린 청춘 남녀잖아요? 적절한 남녀 성비는 맞춰볼게요.
- 책을 좋아하고, 취미가 비슷한 사람끼리 만날 수 있도록 자연스러운 자리를 마련해드려요. 
- 종교, 영업 목적, 비매너 강퇴 대상입니다. (36.5도 이상만 받을게요.) 
- 경고가 누적되면 블랙리스트에 올려 다시는 받지 않습니다.🙅🏻‍♂️
- 타인에 대한 평가와 비판이 아닌, 있는 그대로 받아들이는 배려와 열린 마음 부탁드려요🥺❤️‍🩹

 


￼



[ 끝으로 ]

작가란 무엇일까요?
저는 글을 쓰는 순간 당신은 이미 작가라고 생각합니다. 
오늘 밤, 작가가 되고 싶다면 얼른 신청해주세요. 
라잇나우! 😁



￼",글쓰기 | 토론 | 독서 | 파티 | 대화,50000,34,26,마포구,2026-08-01T08:00:00.000Z,CHOICE,NORMAL,,title:너와나 이어지는 글 파티 마지막 딱 한자리 남음 마감 임박,0,0,N,,,40,Y,API minAge/maxAge,,B,사교표현: 친해져,중,,,,미검토
664686,2026-07-30T05:37:13+00:00,문토,default,11,https://www.munto.kr/detail-socialing?id=664686,9,파티,컨셉파티,[잠실] 도파민 터지는 팬시 파티🎉,"📢 문토 업데이트 이후 
먼저 DM을 드리기 어려워졌습니다.
관심 있으신 분들은
좋아요 또는 댓글 남겨주시면
순차적으로 연락드릴게요 :)
.
.
.
.

￼

🔥
🔥
🔥

매번 똑같은 파티, 이제는 지겹지 않으신가요?

🚫억지 텐션,
🚫반말 강요,
🚫어색한 분위기는 이제 그만‼️

처음 만난 사람도
자연스럽게 대화하고, 편하게 웃으며,
다양한 사람들과 연결될 수 있는 
콘텐츠를 준비했습니다.

🎤재밌는 모임은, 진행이 다릅니다.🎤

🎉놀아 본 사람이 잘 노는거 아시죠?
누구보다 많이 놀아본 

🐧프로 뽀로로 호스트와 함께

좋은 사람들, 좋은 분위기,
그리고 기억에 남는 밤을 만들어보세요. ✨



￼



소셜링 진행 안내


⏰ 진행 시간

1부 : 20:30 ~ 
2부 : 희망자에 한해 진행
After party : 희망자에 한해 진행

최대 300분 이상 함께 즐기실 수 있습니다.

👔 복장

상대에게 좋은 첫인상을 줄 수 있는 
깔끔한 복장으로 참석해 주세요.
드레스 코드: 데이트💕

🍻 준비물

본 모임은 주류 포틀럭으로 진행됩니다.
개인 주류는 자유롭게 지참 가능합니다.
주류 외 음료는 무제한 제공됩니다.

✅ 참가 승인

프로필 정보가 부족하거나 신원 확인이 어려운 경우에는 
원활한 운영을 위해 개별 확인 절차가 진행될 수 있습니다.

⸻

자주 묻는 질문

Q. 혼자 가도 괜찮나요?
-물론입니다. 참가자의 대부분이 혼자 오세요.

Q. 술은 꼭 마셔야 하나요?
-아닙니다. 호스트도 술을 잘 마시지 않습니다. 안 드셔도 되고, 가볍게 즐기셔도 충분합니다.

Q. 꼭 이성을 만나러 가는 모임인가요?
-아닙니다. 좋은 인연은 연인뿐 아니라 좋은 친구로도 이어질 수 있다고 생각합니다.

⸻

이용 안내

과도한 음주, 욕설 및 타인에게 불쾌감을 주는 언행은 경고 대상이며, 반복될 경우 퇴장 조치될 수 있습니다.
특정 참가자에게 과도한 플러팅, 집착, 지속적인 접근은 금지됩니다.
원활한 콘텐츠 운영과 참가자 보호를 위해 타 모임 운영진 및 스태프의 참여는 제한될 수 있습니다.
모두가 편안하게 즐길 수 있도록 서로를 존중하는 매너를 부탁드립니다.",도파민 | 소규모 | 잠실 | 솔로파티 | 소개팅,38900,24,12,송파구,2026-08-01T11:30:00.000Z,CHOICE,NORMAL,,title:도파민 터지는 팬시 파티,0,0,N,,,35,Y,API minAge/maxAge,,C,직접표현: 소개팅,상,,,,미검토
664623,2026-07-30T05:37:13+00:00,문토,default,12,https://www.munto.kr/detail-socialing?id=664623,9,파티,컨셉파티,"⭕️토욜최강파티,평균80-100명진행⭕️새로운인연시작,연가","본 파티는 그어떤 알바와 브로커를 통한
게스트가 존재하지 않는 파티입니다.
조기마감되오니 빠른 신청 부탁드립니다:) 
성비 무조건 맞춥니다
5:5~6:4

문토 업데이트 이후 좋아요 or 호스트 팔로우하셔야
문의 및 디엠 가능합니다

⭕️주작없이 솔직한 평가 및 인원수가 증명⭕️
(3-7월 평균 70-100명)
이쁘고 잘생긴 게스트들이 자주오는 곳

🚨매주 최소 80~100명의 게스트들 총출동🚨

누적 게스트 10,000명+

￼










⭕️연가의 주틀럭파티

⭕️소주&맥주&위스키등 간단주류 사와서 다 같이 즐깁니다‘

⭕️걸어서 30초 거리 편의점  많습니다.

⭕️친구들과의 행사기에 웰컴드링크등이 제공될 수 있어요

⭕️안주와 기타 식음료 전부 준비해놓습니다



새로운 사람을 만나기 위한 완벽한 준비 “연가”




당신의 운명의 상대
저희가 찾아드립니다

🔥매 회차 미친 비주얼 파티[연가]🔥

🔥완벽한 성비🔥

🚨호스트 프로필 피드 사진,모임과 리뷰를 참고하세요🚨

늦참 가능합니다 DM주세요💌

매주 조기 만석으로 신청이 어려우니 
미리 신청하고 할인 받아가세요🤍

어마어마한 파티 러닝타임

💥1부 20:30~23:30end💥

💥2부 23:30~03:00end💥













이용료는 공간대여비 및 호스트 수고비와 컨텐츠 제작에
  관한 비용입니다.
 그 어떤 주류도 유료로 판매하지 않습니다.  > 고객편의를 위해 서비스 차원으로 주류가 무상 제공 될 수 있으며 , 개인주류 지참 및 반입은 언제든 가능합니다---------------------------------------------------

￼

￼",강남 | 연가 | 컨셉파티 | 에이비 | 주틀럭파티,39800,59,43,강남구,2026-08-01T11:30:00.000Z,CHOICE,NORMAL,,title:토욜최강파티 평균 명진행 새로운인연시작 연가,0,0,N,,,35,Y,API minAge/maxAge,,미판정,A/B 판정은 활동구체성 수기 검토 필요,하,,,,미검토
663818,2026-07-30T05:37:13+00:00,문토,default,13,https://www.munto.kr/detail-socialing?id=663818,13,소셜게임,추리게임,👩🏻‍🚀[토🔅] 크라임씬 머더미스터리 🕵️‍♀️오마카세🍝,"💚 본 모임은 누구나 참여할 수 있는 오픈모임 입니다 💚


특집 크라임씬(머더미스터리)


각자 캐릭터를 맞아 스토리에 몰입하는 
단 한번의 경험!!

지금까지 가장 높은 평점을 받았던
엄선된 크라임씬을 경험해보세요~!

참여인원에 따라
안해보신 크라임씬으로 
진행될 예정입니다!

크라임씬은 각자의 역할이 있습니다.
역할연기 또는 범인이
부담스러우신 분들을 위해
부담없이 편하게 추리를 할 수 있는
협력추리게임도
준비되어 있습니다!  






🔎🔎🔎

크라임씬 몰입을 위한
우주모임의 치트키

￼    +",크라임씬 | 보드게임 | 추리,26000,8,6,강남구,2026-08-01T06:00:00.000Z,COMMON,NORMAL,12098,club:12098,4,5,Y,API 성별정원 남4/여5,,,N,없음,,C,성비 정원/조절 명시,상,,,,미검토
664598,2026-07-30T05:37:13+00:00,문토,default,14,https://www.munto.kr/detail-socialing?id=664598,9,파티,컨셉파티,훈남급구❗️토요일은 여기❗️픽 & 매치❤️,"저녁 8시 10분 시작입니다

팔로우를 해주셔야 DM발송이 가능합니다!

미리 신청주시면 더 많은 인원들이 모일 수 있어요🥰

인원 이미 많습니다!
걱정하지마세요! 믿고 신청 주세요!

해당 모임은 주류를 자율 지참하는 
주류 포틀럭으로 진행됩니다!

가격은 Down 재미는 Up❗️


프로필, 현재 위치, 하트 보내기, 최종 커플
자리쟁탈전, 익명라디오, 메이트, 이미지 픽

이 모든게 자체개발 어플로 구현이 되어 있습니다!
❗️핸드폰 배터리를 풀충전 해주세요❗️


🖤현 시점  최다 호감 득표자🖤

남 27표 여 22표


-문토가 처음이신 분들에게 추천드립니다
-좋은 분들만 모시기 위해 신청서를 신중히 검토할게요
-제가 뭐라고 까다롭지 않아요, 조금의 성의만 보여주세요
-프로필 본인사진,온도,호스트 팔로워 우선승인
-프로그램, 대화시간 공평하게 시간 분배했습니다
-타 파티 호스트,스탭분들은 참여 엄격히 금지합니다❗️


PICK & MATCH에 여러분을 초대합니다


￼

연애프로그램을 보는 순간

나도 저런 곳에 출현해보고 싶다
혹은 나는 몇표를 받을까? 라는 생각을 해보신 적 없나요?

당신의 픽을 선택하고 그 픽이 곧 매칭이 됩니다!
이제 연프의 주인공이 되어보세요



프로그램 안내


￼￼


우리는 지향합니다

- 일회성 만남이 아닌 지속적인 만남을
- 서로 도와줄 수 있는 다양한 분야의 친구로
- 때론 누군가에게 새로운 인연의 발판이 되는 곳으로
- 일주일의 마무리를 즐겁게 보낼 수 있는 인연으로

우리는 지양합니다

- 자기관리 및 타인을 폄하하시는 분
- 타인을 불편하게 및 존중하기 못하시는 분
- 인사불성 및 지나친 이성적 목적으로만 오시는 분
- 프로필 사진이 없거나 문토 온도가 낮으신 분
(별도 메세지 드려 추가 확인이 있을 수 있습니다)



￼


별도 블랙리스트 관리합니다!


🚧신청안내🚧


❗️장소 : 강남역과 양재 사이 라운지 (단톡방 안내)
❗️가격 : 37,000원
❗️드레스코드 : 블랙(포인트도 OK)❗️츄리닝,슬리퍼❌
❗️소요시간 : 1부 8시 10분 ~ 11시 2부 11시 20분 ~
❗️참가연령 : 남 22~37,여 20~37
❗️제공 사항 : 다양한 음식,주류,음료,물
❗️준비물품 : 매너,열린 마음,신분증(촬영한 사진x)
❗️환불규정 : 문토정책


여러분의 픽이 향하는 곳은 어디인가요❗️",대규모모임 | 컨셉파티 | 텐션업파티 | 양재역 | 설렘,37000,59,39,강남구,2026-08-01T11:10:00.000Z,CHOICE,NORMAL,,title:훈남급구 토요일은 여기 픽 매치,0,0,N,,,40,Y,API minAge/maxAge,,미판정,A/B 판정은 활동구체성 수기 검토 필요,하,,,,미검토
664767,2026-07-30T05:37:13+00:00,문토,default,15,https://www.munto.kr/detail-socialing?id=664767,3,푸드·드링크,파인다이닝,(남성 급구)🥢여름 중식 테이블로 시작하는 주말 저녁,"<<This weekend’s Table>>

• 새콤한 소스와 바삭한 식감으로 입맛을 열어주는
유린육
• 차갑고 깊은 육수에 해산물과 채소를 곁들인
중화냉면
• 오랜 시간 부드럽게 익혀 깊은 감칠맛을 담은
동파육
• 버섯 향과 무의 은은한 단맛을 담은
버섯 무 솥밥
• 음식과 잘 어울리는 음료와 과자 등


주말 저녁 6시.

하루를 끝내기엔 조금 이르고,
어딘가 멀리 나가기엔 살짝 애매한 시간.

토요일처럼 크게 놀고 싶은 날도 있고,
일요일처럼 가볍게 마무리하고 싶은 날도 있잖아요.

그럴 때,
좋은 음식 앞에 앉아
처음 보는 사람들과 천천히 말을 섞어보는 저녁.

C’est parti.
이번 주말 저녁은
여기서 시작해볼까요.


￼


음식은 그날의 컨셉에 맞춰 직접 준비합니다.

매번 같은 메뉴를 반복하기보다,
그날 테이블에 어울리는 접시들을 올립니다.

파스타가 나올 수도 있고,
고기 요리가 나올 수도 있고,
작은 접시들이 함께 놓일 수도 있습니다.

중요한 건
혼자 먹기엔 조금 아쉽고,
같이 나누면 더 맛있는 음식이라는 것.

￼

음료는 음식과 대화 사이에
가볍게 곁들이는 정도로 준비됩니다.

많이 마셔야 하는 자리는 아닙니다.
한 잔이 있으면
처음 보는 사람과의 첫마디가
조금은 쉬워지는 정도면 충분해요.

처음 만난 사람들끼리
처음부터 자연스러울 수는 없습니다.

그래서 대화가 너무 끊기지 않도록
간단한 질문과 흐름을 준비해둡니다.


나이, 직업, 사는 곳만 묻다 끝나는 자리가 아니라

요즘 무슨 생각을 하는지,
어떤 순간에 기분이 좋아지는지,
최근에 기억에 남은 말은 무엇이었는지.

가볍게 시작한 말이
생각보다 긴 대화가 되기도 하니까요.


￼


👥이런 밤을 찾고 있었다면 잘 맞을 수 있습니다.

- 주말 저녁을 그냥 보내기엔 아쉬웠던 분

- 술게임보다 음식과 대화가 편한 분

- 소개팅은 부담스럽지만 새로운 사람은 만나보고 싶은 분

- 혼자 신청해도 어색하지 않은 약속이 필요했던 분


토요일, 일요일 저녁 6시.
정해진 시간에 함께 모여
한 테이블에서 식사와 대화를 나눕니다.

음식은 회차별 컨셉에 따라 달라질 수 있고,
처음 오신 분들도 자연스럽게 참여하실 수 있도록
자리 분위기와 대화 흐름을 함께 봅니다.


￼


너무 시끄러운 파티도,
너무 조용한 식사 자리도 아닌.

맛있는 음식 앞에서
조금씩 말이 트이는 주말 저녁.

Bon appétit.



🔴안내사항
1. 본 모임은 예약제로 진행됩니다.
2. 일정 변경 및 환불은 플랫폼 규정을 따릅니다.
3. 과도한 음주, 무례한 언행은 퇴실 요청드릴 수 있습니다.
4. 사진 및 영상은 홍보 목적으로 촬영될 수 있으며, 참가자 얼굴은 블러 처리됩니다.
5. 중간에 먼저 이동하셔야 하는 경우 운영진에게 말씀해주세요.",소셜다이닝 | 상수 | 홍대 | 마포 | 쎄빠띠,39000,35,12,마포구,2026-08-01T09:10:00.000Z,CHOICE,NORMAL,,title:여름 중식 테이블로 시작하는 주말 저녁,0,0,N,,,35,Y,API minAge/maxAge,,C,직접표현: 소개팅,상,,,,미검토
663477,2026-07-30T05:37:13+00:00,문토,default,16,https://www.munto.kr/detail-socialing?id=663477,9,파티,컨셉파티,𝐀𝐟𝐭𝐞𝐫 𝐒𝐮𝐧𝐬𝐞𝐭 🌅인연을 만드는 시간💫,"7:10 신청 마감입니다!
결제창이 닫히신분들은 DM 주세요


—————————————

파티 관련 궁금하신 점이 있으신 분,
(시간, 장소, 러닝타임, 인원 등…)

💓하단 좋아요( ❤️)를 눌러주세요! 💓

문토 업데이트 후, 
‘좋아요( ❤️)‘를 해주신 분들에게만 메세지가 가능합니다!

뭐든 편하게 물어보시면
빠르고 친절하게 답변드릴게요!

—————————————





✔️ 포틀럭 NO! 안주 푸짐하게 드려요!

✔️ 술 안드시는 분들을 위해 참가비 Down ⬇️

⭕️술 드시는 분들은 자율 지참
술 안드시는 분들을 위한 음료 준비되어 있습니다!





—————————————





당일에는 인원이 몰리는 경우가 많아요!
프로필 사진, 참여자 나이대 등...
고려하여 승인드리겠습니다!

호스트 계정을 팔로우 해주시면
승인 확률이 올라갑니다!







    ✅혹시 소셜링이 처음이신가요?
    ✅퇴근 후 집에 가기 아쉽나요?
    ✅자연스럽게 친해질 수 있는 파티를 찾으시나요?


     그럼 저희  🌅𝐀𝐟𝐭𝐞𝐫 𝐒𝐮𝐧𝐬𝐞𝐭 과 함께해요 ❥･•









￼





┏━━━━━━━━━━━━━━━━━━━┓


🌟  AFTER SUNSET 신청 안내 🌟

 ✨ 선착순 20명까지 얼리버드 혜택을 받을 수 있어요.

 ✨ 대부분 혼자 또는 처음 오시는 분들이에요!
    금방 어울릴 수 있도록 호스트, 스탭들이 함께해요😍 

 ✨ 파티 4일 전까지는 전액 환불이 가능해요!
      미리 신청해도 부담 없어요 🙆‍♂️

 ✨ 당일에는 자리가 없을 수도 있으니,
       참여하고 싶다면 조금 서둘러 주세요 😉


┗━━━━━━━━━━━━━━━━━━━┛






🔔 프로그램 안내
✔️ 1부  8:10~11:10 (180분)
✔️ 2부  11:30~ 2:30 (180분)

￼







❝ 저희 파티는 적당한 온도 속에서 서로를 알아가보는 
잔잔한 설렘을 추구합니다. ❞






저희 소셜링은요…


1.  따뜻한 분위기의 소셜링🔆

재방문률이 높은 편인데 재방문 해주신 분들께 여쭤보면
분위기가 따뜻해서 좋다고 하시더라구요
내향적인 분들도 소외되지 않게 잘 이끌어 드릴게요☺️



2. 인위적인 만남을 강조하는 소셜링 NO❌

게스트들이 자유롭게 쓸 수 있는 시간과, 
말문을 틀 수 있게 만들어주는 컨텐츠 진행 시간을
적절하게 구성하였습니다.



3.도파민은 덤!💗

편안한 분위기의 파티지만 설렘이 빠지면 아쉽잖아요~
도파민도 한스푼 추가 하였으니 부담없이 즐겨주세요!
(억지로 시키지 않아요)



4. 최고의 진행력🎤

많은 참여자분들이 말씀주시는게 진행을 잘해주셔서 
빠르게 친해질 수가 있다고 하시더라구요
약 3년간의 진행 경력으로 편안하게 즐길 수 있는
자리 만들어 드릴게요☺️









❗️많은 분들이 추천 받고 오시는 이유,
매주 정원 마감 되는 이유,
아래 리뷰를 통해서 확인해주세요❗️

￼


호스트 프로필의 오른쪽 상단 별을★ 누르면 
다른 리뷰도 확인하실 수 있어요!








￼






📌 장소 및 일시 안내

⏰ 진행 시간: 매주 금요일 저녁 08:10 ~ 11:10
🎬 러닝 타임: 180분
👥 참여 인원: 최소 30명 ~ 최대 100명
📍 장소: 신림역 도보 5분 이내
(신청이 확정된 분들에게 개별 안내드립니다.)






—————————————

❗️신청이유를 정성스럽게 써주세요‼️

저희 파티는 선착순제가 아닌 승인제입니다. 
외모 뿐만 아니라 오시는 분들의 
매너있는 태도가 중요해요 :)

정성스럽게 써주시면 승인확률이 올라갑니다.☺️

—————————————",에프터선셋 | 신림 | 애프터선셋 | 솔로파티 | 비트윈,34900,59,40,관악구,2026-07-31T11:10:00.000Z,CHOICE,NORMAL,,title:𝐀𝐟𝐭𝐞𝐫 𝐒𝐮𝐧𝐬𝐞𝐭 인연을 만드는 시간,0,0,N,,,35,Y,API minAge/maxAge,,C,직접표현: 솔로파티,상,,,,미검토
664042,2026-07-30T05:37:13+00:00,문토,default,17,https://www.munto.kr/detail-socialing?id=664042,7,자기계발,스피치,"스피치 : 목소리, 화술, 발표, PT, 면접 (4분 확정)","￼￼


￼

￼


￼



1회 수업 후 결정해주셔도 괜찮습니다. 
1회만 하셔도 좋아진다고 확신합니다. 
실력 향상 안되시면 환불 가능합니다.



간단 이력

서울, 경기점 박태진
세종대학교 영화예술학 학사


수강생

CEO : (주)홈**, (주)*믹스, ㈜플러스**, (주)**하이텍, (주)*하이브, (주)*****코리아, (주)***비즈(사투리교정), (사)미라클, ****스트리, 피앤피스***, ****SPACE 등

기업 출강 : (주)**코리아, ****컨설팅, *바구니, *올림, ***라이프, 헬스***(강남1위), 필라*(강남1위), 경기청년공간 내일스퀘어 양평, 포천시 청년센터 등 '22~

학교 출강 : 경상대, 인제대, 경기상고 ‘22~

학원 출강 : *******논술, 송송******, 왕박사*****, 컬* 등 '21~



합격, 당선

NH투자증권 PB 합격 (200:1)(면접,발표) '26
롯데하이마트 합격 (면접,PT,토론)
삼성 합격 (6:1)(면접)
청년전용창업지원금 2억 최종선정 (면접,PT) '25
예비창업패키지 6천만원 최종선정 (면접,PT)
국방과학연구소 합격 (면접,PT)
서울교통공사 합격 (면접)
카카오클라우드 합격 (면접,PT)
**미디어 합격 (면접,PT)
**해운항공 합격 (면접)
기아 합격 (면접) '24
***증권 합격 (면접)
공공기관 승진 합격 (5:1)(면접)
코오롱*** 승진 확정 (면접,PT)
경찰 합격 (면접)
공무원 합격 (12:1)(면접)
6조원 조달청 입찰 선정 (****증권)(면접,PT) '23
70억 제안서 1위 (**,**엔지니어링)(면접,PT)
청년전용창업지원금 1억 최종선정 (면접,PT)
공무원 합격 (면접,5분발표) 
COS 합격 (면접,PT)
*****리서치 합격 (면접)
미** 합격 (면접) 
병원 합격 (40:4)(면접)
초기창업패키지지원금 1억 최종선정 (****SPACE)(면접,PT) '22 
****대학교 총장 당선 (연설,PT) 
부노회장 당선 (700명 앞 연설) 
공무원 합격 (16:1)(면접,5분발표) 
미쓰비시 합격 (면접)
디올 합격 (10:1)(면접)
청원경찰 합격 (100:4)(면접)
너디** 합격 (면접)
덴티* 합격 (면접)
병원 합격 (면접)
병원 합격 (면접)
SK하이닉스 합격 (면접,PT) '21
한국타이어 합격 (면접)
금호석유화학 합격 (면접,토론)
TP에너지센터장 합격 (10:1)(면접,PT) ‘20
공공기관 합격 (면접)
병원 합격 (면접) ’20

부산대학교 간호학과 합격 (면접) '24
칸세이가쿠인대학교 합격 (50:5 면접) ’23
나사렛대학교 임상병리학과 합격 (면접)
서울예술대학교 합격 (면접) ‘21



안녕하세요. 스피치액트 박태진입니다.

저는 연극영화과 졸업생이자 배우입니다. 

배우라는 직업은 특성상 자기 자신의 말조차 잘 할 수 없다면 내가 맡는 배역의 말은 잘 할 수 없습니다. 그래서 자기 자신부터 누구보다 말을 잘하게, 최대한 좋은 목소리로 만드려고 노력중이며 지금도 보이스트레이닝, 스피치트레이닝 등 끊임 없이 훈련중입니다.


처음에는 목소리가 안 좋고 더듬고 횡설수설하고 얼굴도 빨개지고 그랬는데 예술고등학교, 예술대학교, 입시학원, 방송학원 등에서 스피치, 연기를 배우고, 트레이닝을 꾸준히 한 결과 많이 발전 할 수 있었습니다.

학교에 입학 할 때는 200:1 경쟁률, 그리고 영화, 드라마도 실기부터 면접까지 100:1은 넘는 경쟁률이었습니다. 

연기+면접으로 입학했고, 입시 진행 요원으로 4년 동안 시험장 안에 있었는데 붙는 학생과 떨어지는 학생의 스피치 차이를 누구보다 명확히 알 수 있었습니다. 그리고 학생회에서 300명 앞에서 수시로 많은 발표를 하였고 말을 잘한다는 평가를 들었습니다. 

졸업 후에도 오디션, 연기 스터디등을 통해 어떻게 입장하고 어떤 화술을 쓰고 어떻게 퇴장해야 뽑히거나 매력적인 사람인가를 항상 공부하고 있습니다.


1. 목이 자주 쉬거나 아픕니다.

2. 목소리가 작습니다.

3. 발음이 좋지 않습니다.

4. 말이 빠릅니다.

5. 말할 때 버벅입니다.

6. 목소리가 마음에 안 듭니다 (비음을 없애고 싶어요, 목소리를 좋게 하고 싶어요 등)


7. 발표할 때 긴장되거나 불안합니다.

8. 발표에 자신이 없습니다.

9. 면접에 자신이 없습니다.


10. 논리적으로 조리 있게 얘기하고 싶습니다.


등 이런 문제점이 생기는 이유는 단순하게 훈련 방법을 모르시고 연습을 하지 않으셔서 그렇습니다. 운전을 잘하고 싶다면 운전을 배우고 운전을 하셔야 하십니다. 요청자 분들께서는 단순히 스피치를 배우지 않으셔서 생기는 문제들입니다.

호흡, 발성, 발음 등 배운 것을 토대로 일상생활에 접목 시키는 방법, 대본을 만드는 방법, 발표하는 방법 등을 통해 요청자분의 단점을 충분히 없애고 장점을 극대화 시키실 수 있습니다.

실제로 수강생들은 처음에 말을 무척 못하고, 불안해하고, 목소리도 명확하지 않았는데 수업 
후 스피치가 놀랍도록 향상 돼 기업을 합격하거나, 회사 대표, 반 대표로 발표(회의)를 나간 경력, 발표 수상 경력 등이 많습니다.


사람간의 의사소통에서 언어적 요소의 중요성은 7%에 불과하고, 청각적 요소는 38%, 시각적 요소는 55%를 차지하는 것으로 나옵니다. 이렇게 나온 7:38:55 비율을 메러비안의 법칙이라고 합니다. 누군가와 일하고 누군가와 만났을 때 목소리가 38%(발성,발음,톤,템포 등)로 많은 비중을 차지합니다. 목소리 외에도 자세, 표정 등 남들이 봤을 때 매력적인 사람으로 보일 수 있도록 교정해드리겠습니다.



(커리큘럼)

총1달 주1회 1시간반


1회차 : 발성, 발음 + 긴장 완화, 논리적 말하기
2회차 : 생활 습관 (말투), 화술 + 발표 (토론,면접)
3회차 : 호흡 + 발표 (토론,면접)
4회차 : 저음 + 토론 (발표,면접)


*급한 발표나, 면접 혹은 금방 개선되고 싶으신 분은 주2회 or 속성 원데이 레슨도 가능합니다 :)

수업 중간 중간 영상을 통해 화술 전후 차이를 확인하실 수 있습니다.




✅ ​서울점 박태진 --------------------------------------------------------------------------------


경력 (스피치)

세종대학교 영화예술학과 연기예술전공 합격 (실기,면접) (200:1) ‘11

국립전통예술고등학교 뮤지컬과 합격 (실기,면접) (10:1) ‘06

세종대학교 영화제 MC '11

세종대학교 영화예술학과 총무부장 : 300명 앞 계획, 결산 보고 및 질의응답 (PT) ‘14~’16

세종대학교 영화예술학과 연기예술전공 입시 진행 : 2000명 앞 입시 설명  질의응답 ‘11~’16

세종대학교 영화예술학과 과대표, 무대감독 (어느 계단 이야기) : 공지, 공연 셋업부터 철거까지 총 감독, 진행 (PT) ‘14~’17

세종대학교 영화예술학과 11학번 졸업식 답사 ‘18

공연 연출 경험 다수 ‘12~

단편 영화 조연출 다수 ‘17~

blackgroup 연기스터디장 '17~


기업 헬스***(강남 1위) 계약 체결 (PT) '22

기업 필라*(강남 1위) 계약 체결 (PT) '22

영화 늦더위 GV (압구정CGV, 홍대입구롯데시네마) '22~'24

결혼식 축사 다수 '22~

상업 영화 킹메이커 2인 대사 연기 오디션 진행 '18




경력 (연기)

Movie

2024 장편 '늦더위' <조연>
(필름다빈 배급)
(제48회 서울독립영화제 경쟁)
(제48회 서울독립영화제 후반제작지원작)
(제28회 부산국제영화제 경쟁)
2022 장편 '피는 물보다 진하다' <주연>
(호우주의보 배급)
(인천영상위원회 지원작)
2022 단편 '먹이' <주연>
(대한민국패럴스마트폰영화제 상영)
(퍼니콘 배급)
2022 단편 '히든' <주연>
(영화진흥위원회 지원작)
2021 단편 '그렇기에 나는 배우입니다' <주연>
(영화진흥위원회 지원작)
2020 상업 '초미의 관심사' <단역>
2020 단편 '자기결정권' <주연>
(제10회 충무로 단편 영화제 경쟁)
2019 단편 'The Faker' <주연>
(제9회 충무로 단편 영화제 수상)
2018 상업 '안시성' <단역> / 상업 '여름방학' <단역>
2018 단편 '굴레' <주연>
(제1회 근로자 영화제 금상)
2017 단편 '달팽이' <조연>
(북유럽 국제 영화제 수상)
2017 단편 네이버TV 'Eternal Love' <주연>
외 다수


Drama
2020 웹드라마 '성유동' <조연>
2019 JTBC '리갈하이' <단역>
2018 채널A '열두밤' <조단역> <준수>
2018 OCN '손 the guest' <단역> / 넷플릭스 '마음의소리 리부트' <단역>
2018 웹드라마 대학내일 '오.무.알' <조연>
2017 웹드라마 네이버TV '러브스틱' <주연>
2017 웹드라마 '수스' <주연>
외 다수


CF
2019 딴짓클럽 바이럴 <조연>
2018 우리은행 위비톡 바이럴 <주연>
2017 삼성전자 SNS 활용가이드 <주연>
외 다수


Play
2021 순례주택 <조연>
(중구문화재단 지원작)
2021 우리들의 이야기 <연출>
(경기도 교육청 주관)
2016 어느계단이야기 <주연> / 우리읍내 <조연>
2015 맥베스 <조연> / 한여름밤의 꿈 <조연> / 글렌게리 글렌로스 <주연>
2014 쉬어매드니스 <주연>
2011 6호실 <주연>
외 다수⁹",스피치 | 면접 | 목소리 | 화술 | 발표,30000,3,2,강남구,2026-08-01T04:00:00.000Z,COMMON,CLASS,,title:스피치 목소리 화술 발표 pt 면접,0,0,N,,,,N,없음,,미판정,A/B 판정은 활동구체성 수기 검토 필요,하,,,,미검토
664128,2026-07-30T05:37:13+00:00,문토,default,18,https://www.munto.kr/detail-socialing?id=664128,4,취미,공예,도자기로 힐링데이 🍶🎨,"￼


👟이런 활동을 할 거예요!
-  함께 도자기를 만들며 힐링하는 시간🌿
재미있게 준비 된 키워드 자기소개와 도자기퀴즈까지 준비 되어있답니다.  매번 바뀌는 즐거운 시간들


￼


활동이 끝난 후 맛집에가서 서로 도자기 만든 후기 못다한 이야기도 함께 나눠요🤗
—————————————————————
같은 질문. 서로 다른 생각
연인사이나 사회생활 할때 참 많이 느끼죠?!
그것이 어쩔땐 우리를 힘들게 하기도 하죠
서로의 생각을 알아가봐요😎🤩
-




￼

도자기도 마찬가지랍니다
만들다 보면 이게 무엇이 될까요? 
여러 모습을 찾다가 가장 어울리는 스토리를 담은 도자기로 완성이 된답니다. 
-


￼

🙆이런 멤버와 함께하고 싶어요!
- 서로를 배려하고 모임에 활발하게 참여하실 수 있는 멤버를 원해요!



￼

🎀수업 내용🎀
10분  티타임 및 ✍️스케치
60분 도자기만들기 와 아이스브레이킹
10분 마무리
 ~ 뒷풀이 (개별선택사항)


▪️물레체험 6명 핸드4명 페인팅4명 진행
▪️완성



🚩도자기 굽는 비용 포함",원데이클래스 | 도자기만들기 | 직장인스트레스해소 | 직장인취미 | 주말취미,65000,6,2,강남구,2026-08-01T07:30:00.000Z,COMMON,CLASS,21187,club:21187,0,0,N,,,,N,없음,,B,사교표현: 뒷풀이,중,,,,미검토
664200,2026-07-30T05:37:13+00:00,문토,default,19,https://www.munto.kr/detail-socialing?id=664200,9,파티,컨셉파티,토요일 파티는 검증된 솔로당,"저희 파티는 브로커를 통한 여성 알바 게스트를
앉혀두지 않습니다.
참여자는 리얼이여야 분위기가 좋습니다

본 파티는 알바 게스트 단 한명도 없습니다.
_________________________________________


* 파티 당일에는 신청자가 몰려서 
승인이 어려울 수 있고
DM이 몰려 답장이 어려울 수 있습니다
미리 신청 해주세요
__________________________________________

솔로당은 고민했습니다.
술을 드시지 않는데 술값 포함으로 큰 금액에
부담을 가지는 분이 많다는걸요.

그래서 우리는
고민하여 바꾸었습니다.

[금액은 ⬇️ |  재미는 UP❗️]

술을 드시는 분은 자율 지참⭕️
술을 안 드시는 분들을 위하여 음료 6종 드립니다❗️


- 솔로파티가 처음이신 분들에게 추천드립니다.
- 프로필 본인사진, 온도, 호스트 팔로워 우선승인 
- 내향인, 외향인 모두 참여 가능한 컨텐츠 완비
- 성비를 맞추기 위해 신청이 보류 될 수 있습니다
- 원활한 파티 진행을 위해 호스트는 참여 받지 
   않을게요! (발견시 즉시 환불 없이 퇴장조치)


￼



💗PROGRAM💗

1. 첫만남
- 오늘 파티를 제대로 즐기기 위한 대화 위주의 시간
그래도 첫 테이블 가장 재밌을지도..!

2. XX게임
- 지금 이 순간 어색함이란 없다!
어렵게 대화 주제 만들지 않아도 돼요!
다 준비 해두었습니다!

3. 팀게임
한 팀이 되어서 미션진행!!
상품까지 준비되어 있습니다!!


🔸FAQ🔸

1. 혼자 가도 되나요?
- 솔플러 대 환영 입니디.
대부분 혼자 오시니까
서로 더 금방 친해질 수 있는 기회 아닐까요?

2. 술을 잘 못마셔도 괜찮은가요?
- 술은 필수가 아닌 선택!

3. 부담스러운 사람이 있으면 어떡해요?
- 저한테 몰래 속삭여주세요.
1회차는 경고, 2회차는 퇴장조치 하겠습니다.
우리의 밤은 소중하니까요.

4. 내향인인데 잘 참여할 수 있을까요?
- 인스타 스토리 좋아요 누르기
약속잡고 나가기가 용기인‘I’인 분들도
참여하기 좋은 컨텐츠로 준비 해두었습니다.
걱정 마세요!!



❗️신청 안내❗️

📍위치 : 신대방삼거리역 도보 5분
📍러닝타임 : 1부 (3시간) | 2부 (자율 참여)
📍참가나이 : 남 20세 ~ 37세 | 여 제한 X
📍드레스코드 : 꾸밈정도 최소 8 이상 | 슬리퍼 츄리닝 X
📍준비물품 : 풀 충전 핸드폰, 열린 마음
📍환불규정 : 문토








*파티 이용료는 공간, 호스트 수고비 및 컨텐츠 제작비등의 대한 대가입니다. 본 파티는 주류를 판매 하지 않습니다.
개인 주류 지참하여 반입은 언제든 가능합니다.",솔로파티 | 파티 | 소개팅 | 게하파티,35000,99,46,동작구,2026-08-01T11:30:00.000Z,CHOICE,NORMAL,,title:토요일 파티는 검증된 솔로당,0,0,N,,,35,Y,API minAge/maxAge,,C,직접표현: 소개팅,상,,,,미검토
664553,2026-07-30T05:37:13+00:00,문토,default,20,https://www.munto.kr/detail-socialing?id=664553,9,파티,컨셉파티,[건대/목요일]💜핫파티✨️🫶🅻🅸🅽🅺 🆄🆂,"❤️‍🔥급이 다른 핫파티❤️‍🔥


2026 솔로인 사람 다모여요
행복하게 해줄게요🖤



🥑🥩🍟🍕🥗
⭕️음식제공해용~~⭕️
🍤🍣🍢🍠🍡




💜Link-Us 우리를 연결하는💜



솔로인 사람 손!



우리는 진심입니다
우리는 남다릅니다

솔로로 오셨다가 
둘이 되어가실거예요 




문토가 처음이신분들께 강추드립니다

퀼리티가 남다른 모임에 참석하세요







.
.
.
.







￼











_____________________________








​링커스는 단순한 이성 만남을 넘어

의미 있는 
🔗
연결고리를 
🔗
만드는데 집중합니다

(좋은 사람들끼리는 연결됩니다)












ꗃ


의문점 하나.


ꗃ






취향이 맞는 사람들만나면
뭐가 좋은지 아시나요?


.
.
.



불편함이 없어요

편안하게 행복해져요






여러분들이
링커스에서 찐친과 찐연인을 만나


행.복.해.질.수.있.도.록.


우리는, 철저히 준비합니다
(비장)











_______________________













￼








​처음은 이렇게 시작해요

​나이, 직업, 편견은 잠시 내려두자구요
​모두가 편하게 친해질 수 있도록
간단한 게임이 있을 수 있어요


⛓︎


​커플 & 단체 도파민 게임

​술만 마시는 지루한 모임은 돈 아까워요
(진중한 컨셉이라고 포장된 파티는 사절이니까요)

호스트가 준비한 커플/단체 맞춤형 꿀잼 뚝뚝
순식간에 내적 친밀감 최고치를 달성합니다

​승부욕과 웃음이 폭발하는 게임을 통해
자연스럽게 서로가 연결됩니다
(링커스 찡긋)



⛓︎



​📻 마음을 전달해요

​마음에 드는 상대에게 직접 말하기 어렵다면?
익명으로 해보는건 어때요

​호스트가 DJ가 되어 당신의 진심이 담긴 메시지를
대신 전달해 드립니다

(이 컨텐츠는 요즘 문토 파티에서 다~ 하죠!
그런데 진행자의 센스가 절반을 차지합니다. 인정?)

하이퀄리티 / 하이엔드급 진행으로 
물 흐르듯 자연스럽게 저 바다(태평양)까지 
스무스하게 이어지는 
꿀잼+편안한 진행 실력 맛보기
(맛도리 냠냠)











___________________________












￼









💌링커스에 초대합니다

​""사랑""과 ""우정""
두 마리 토끼 중 

하나라도 잡고 싶은 
당신을 기다립니다

(하나라도 꽉 잡아가세여)🐇





𝄞






​ 🟣 짜릿한 도파민이 필요한 E 또는 I 
       (다 오시라는 얘기)
​ 🟣 매력 어필에 능한 사람
       (능력없어도 오시는 재밌어요)
​🟣 진솔한 마음을 전하고 싶은 낭만주의자
      (낭만없어도 컨텐츠로 만들어드림)
​🟣 새로운 관계를 적극적으로 개척하는 자
      (눈빛으로 쏴줘요 가만히 안놔둘게요)










___________________________













￼







ꗃ


우리는 행복해야합니다


ꗃ







정성으로 준비한 모임에 감동하고
좋은 사람들과 유쾌한 시간을 보내신다면
저희는 행복합니다










____________________________












❝ 연결되는 우리 ❞


▫️ 언제언제 : 상단에 명시된 날짜 
▫️ 어디어디 : 2호선 초역세권
▫️ 누가누가 : 훈남훈녀
▫️ 제공사항 : 다과제공, 주류포틀럭
▫️ 복장코드 : 깔끔한 복장 
▫️ 환불규정 : 문토 규정 준수 









🔮

특별한 당신을 기다립니다
대부분의 게스트분들이 혼자 오십니다
망설이지마세요 

오시면 웃게 될거예요
오시면 알게 될거예요
오시면 둘이가게 될거예요








￼














저희는 혼신의 힘을 다해 
정성껏 준비하고 있을게요


바랄게요
좋은 분들만 오시기를...!











  곧 봬요
💜",링커스,38800,39,26,광진구,2026-07-30T11:30:00.000Z,CHOICE,NORMAL,,title:핫파티,0,0,N,,,35,Y,API minAge/maxAge,,미판정,A/B 판정은 활동구체성 수기 검토 필요,하,,,,미검토
664196,2026-07-30T05:37:13+00:00,문토,default,21,https://www.munto.kr/detail-socialing?id=664196,13,소셜게임,보드게임,🎲 <놀이터 보드게임> 쉬는 날에 프라이빗한 공간에서 (8/1 토),"* 모임 시작 1시간 전 신청이 자동으로 마감됩니다 *

🍁 클럽원이 아니더라도 누구나 참여 가능합니다 🍁

✅️ 보드게임 소셜링만 500회 이상 진행중
✅️ 문토에서 가장 많은 평점 보유 호스트 중 한 명
❗️호스트 평점 990개 돌파❗️
✅️ 처음 만난 사람과 자연스럽게 친해지기에 가장 좋은
✅️ 낮에 놀러와서 다들 밤새고 가는 소셜링

""쉬는 날 프라이빗한 아지트에서
다 같이 보드게임 한 번 어떠신가요""

￼



안녕하세요!
놀이터 클럽장 겸
호스트 코비입니다🏅


저는 이전에
대학연합문화기획동아리 회장으로서
다양한 활동을 해오다가
2년 전부터 '문토'에서 이렇게
보드게임 모임을 열게 되었어요!🏷

ㅡㅡㅡㅡㅡㅡㅡㅡㅡㅡㅡㅡㅡㅡㅡㅡㅡㅡㅡㅡㅡㅡㅡㅡㅡㅡ

여러분은
처음 본 사람과
친해지기에 가장 좋은 방법이
무엇이라고 생각하세요?😶
ㄴ 술? 운동? 밥?


아마 많은 분들이
'술' 이라고
답하실 거예요!


맞습니다.
술, 참 빠르게
친해질 수 있죠. 


하지만
아쉽게도 술은
친해지는 속도는 빠르지만
그만큼 쉽게 휘발돼서
기억 속에 오래 남지 못합니다.


그런데
술만큼 빠르게 친해지지만,
기억에도 오래 남고
자꾸 생각나는 취미 생활이 있다?


저는 그게 바로
보드게임이라고 생각해요✨️


여러분들은
아마 이 모임도
기억에 오래 남으실 겁니다💡

ㅡㅡㅡㅡㅡㅡㅡㅡㅡㅡㅡㅡㅡㅡㅡㅡㅡㅡㅡㅡㅡㅡㅡㅡㅡㅡ

💡 자! 그럼 무슨 게임을 하나요?


다 같이 협동하고🥌
대결하고💪
함께 즐길 수 있는🌈
정말 다양한 게임들이
준비되어 있습니다!


￼



🎉 파티게임

쉽고 가볍게 즐길 수 있는 게임
규칙이 간단해서 누구나 금방 참여할 수 있고,
대화와 웃음, 분위기를 만드는 데 최적화

(예시: 코드네임, 딕싯, 저스트 원, 블리츠)

ㅡㅡㅡㅡㅡㅡㅡㅡㅡㅡㅡㅡㅡㅡㅡㅡㅡㅡㅡㅡ

🧩 전략게임

생각과 계산이 필요한 게임
계획을 세우고 상대의 움직임을 예측하며
플레이하는 게 특징이며
보드게임의 꽃이라 불린다.
몰입도가 크고 머리를 쓰는 재미가 있음

(예시: 스플렌더, 카탄, 카르카손, 테라포밍 마스, 팬데믹)

ㅡㅡㅡㅡㅡㅡㅡㅡㅡㅡㅡㅡㅡㅡㅡㅡㅡㅡㅡㅡㅡ

👤 마피아게임

정체를 숨기고 추리하는 심리전 게임
서로의 말과 행동을 근거로
진실과 거짓을 가려내는 게 핵심.
긴장감과 토론의 재미가 있음

(예시: 레지스탕스 아발론, 뱅!, 시크릿 히틀러, 크라켄)

ㅡㅡㅡㅡㅡㅡㅡㅡㅡㅡㅡㅡㅡㅡㅡㅡㅡㅡㅡㅡㅡ

그래서
그 날, 그 때의
참가자 여러분의 분위기에 맞춰
누구나 즐길 수 있는 게임으로
준비될 겁니다😄

ㅡㅡㅡㅡㅡㅡㅡㅡㅡㅡㅡㅡㅡㅡㅡㅡㅡㅡㅡㅡㅡㅡㅡㅡㅡㅡ

💡 소셜링은 어떤 방식으로 진행되나요?

￼

ㅡㅡㅡㅡㅡㅡㅡㅡㅡㅡㅡㅡㅡㅡㅡㅡㅡㅡㅡㅡㅡㅡㅡㅡㅡㅡ

🟡 안내사항 🟡


⚡️장소 : 
신촌역 부근 아지트
(✔️ 모임 장소의 상세한위치는 채팅방에서 말씀드릴게요)


⚡️시간 : 
8/1 (토) 낮 2시 (늦참 가능)


⚡️러닝타임 : 
3시간 + a


⚡️물有 커피有 차有 다과有


⚡️진행 인원 :
(호스트, 스탭 포함) 최소 7명 ~ 최대 18명
 -> 최소 인원 미달 시 진행 취소 및 참가비 자동 환불
-> 8명 이상 참가 시 => 테이블 분리해서 진행 (스탭 有)


⚡️커플 & 솔로 & 내향인 & 외향인 모두 환영


⚡️프로필을 본인 사진으로 설정해 주신 분들만 승인합니다


⚡️우승자 상품 있음

ㅡㅡㅡㅡㅡㅡㅡㅡㅡㅡㅡㅡㅡㅡㅡㅡㅡㅡㅡㅡㅡㅡㅡㅡㅡㅡ

모임이 끝난 후,
2차가 늘 예정되어있지만,
참석은 참가자분들의 자유입니다🙂
(현재까지 2차 참석률 80% 이상)


***2차 일정***
 * 시간 : 17시 30분 ~ 집에 가고 싶을 때 까지
* 장소 : 1차 모임 장소에서 이어서 진행
 * 활동 : 식사 or 술 or 보드게임 중에 자유 선택
* 비용 : 현장 별도 안내


과연 여러분들의 귀가 시간은 몇시가 될까요⭐️

ㅡㅡㅡㅡㅡㅡㅡㅡㅡㅡㅡㅡㅡㅡㅡㅡㅡㅡㅡㅡㅡㅡㅡㅡㅡㅡ
￼

ㅡㅡㅡㅡㅡㅡㅡㅡㅡㅡㅡㅡㅡㅡㅡㅡㅡㅡㅡㅡㅡㅡㅡㅡㅡㅡ

🟡 간단 Q&A  🟡

Q.
그런데
보드게임이 처음이라서
걱정된다고요?🤔


A.
처음이셔도 괜찮습니다!
천천히 다 알려드립니다🙂
적당한 호기심과
즐기겠다는 마음가짐이면 충분해요😊



Q.
본인이 내향인이라서
     초반의 어색한 분위기가 걱정된다고요?


A.
보드게임 진행만 500번 이상입니다🌳
     그건 걱정하지 않으셔도 됩니다🤙

ㅡㅡㅡㅡㅡㅡㅡㅡㅡㅡㅡㅡㅡㅡㅡㅡㅡㅡㅡㅡㅡㅡㅡㅡㅡㅡ

준비물은 따로 없고요!
그냥 여러분들은 열심히 즐기겠다는
마음가짐만 들고 오시면 됩니다

￼


"" 쉬는 날에 편안하고 아늑한
놀이터에서
좋은 추억 하나 남겨보는 건 어떠실까요 """,보드게임 | 마포구 | 마피아 | 놀이터 | 친구,22000,17,12,마포구,2026-08-01T05:00:00.000Z,CHOICE,NORMAL,20864,club:20864,10,8,Y,API 성별정원 남10/여8,,35,Y,API minAge/maxAge,,C,성비 정원/조절 명시,상,,,,미검토
665439,2026-07-30T05:37:13+00:00,문토,default,22,https://www.munto.kr/detail-socialing?id=665439,13,소셜게임,보드게임,🔥 [텍사스 홀덤] 𝗫 뉴스톤 1회차 🔥,"안녕하세요!
마인드 스포츠 좋아하는 서른두살 현호입니다! 😎
 - - - - - - - - - - - - - - - - - - - - - - - - - - - - - - - -
*마인드 스포츠란?
지성을 겨루는 스포츠로 대표적으로 보드게임이 있고
블러프(구라) 혹은 상대방의 심리를 읽어내면서 싸우는 것

이라고 정의할 수 있을것 같습니다!

마인드 스포츠를 좋아해서 홀덤펍에서 홀덤을 접해보고
유튜브로 포커 신들의 전쟁을 보면서 홀덤에 빠졌다가
이제는 생방송 대회에도 출연하는 포커플레이어로
성장한 호스트 입니다!

￼
어렸을때부터 마인드스포츠를 좋아하다가 홀덤펍에서
홀덤을 접해보고 유튜브로 포커 신들의 전쟁을 
보면서 최근에 홀덤에 빠져있습니다!

그래서 이번에는 [현재 운영중인 홀덤펍 장소]
를 대여하여 소셜링을 열어보려고 합니다! (사진⬇)
(넓고 시원하고 공기청정기도 있어 쾌적해요 🌞)
￼

- 홀덤이 처음이라구요?
- 보드게임을 잘 못한다구요?
- 유튜브로 보기만 했는데 한번 해보고 싶다구요?

모두 다 괜찮습니다!
몸만 오시기만 하신다면제가 규칙부터 
플레이 진행방식까지 자세히 설명해드릴게요!

[직접 제작한 알아보기 쉬운 설명서] (사진⬇️)
￼

가장 빠르게 소셜링을 신청해주신 한분께는
제가 준비한 특별한 선물을 드릴게요! 💝

일시 : 2026년 8월 2일 일요일 오후 4시
장소 : 송파구 백제고분로7길 25, 지하 1층
          [ 뉴스톤아레나 잠실새내점 ]
          [ 2호선 잠실새내역 4번 출구 도보 4분 거리]

내용 : 홀덤에 대하여 배우고 실제 플레이 해보기! 😃

게임 진행후 1등과 2등에게는 (11명 플레이시 3등까지🏆)
상품이 준비되어 있습니다!

[ 1등 : 뉴스톤 잠실새내점 딥스택게임 이용권 ]
[ 2등 : 뉴스톤 잠실새내점 데일리게임 이용권 ]
[ 3등 : 스타벅스 자몽허니 블랙티 ]

추가적으로 3등까지는 왕중왕전 참가자격이 부여됩니다.

1. 소셜링 총 진행시간은 3시간 정도입니다. 🕚
2. 마지막에 깜짝 추첨 이벤트가 있습니다. 🎉

처음 하시는 분들이 우승하는 경우도 많답니다.
초심자의 행운이랄까...ㅋㅋㅋㅋ 😆

- - - - - - - - - - 🏆RANKING BOARD🏆 - - - - - - - - -
1회차 우승의 주인공은 바로 당신!
(우승자는 아래와같이 예쁜 사진도 찍어드려요! 🏆)
￼",텍사스홀덤 | 보드게임 | 잠실홀덤 | 뉴스톤잠실새내점 | 포커,18000,14,7,송파구,2026-08-02T07:00:00.000Z,CHOICE,NORMAL,7643,club:7643,0,0,N,,,,N,없음,,미판정,A/B 판정은 활동구체성 수기 검토 필요,하,,,,미검토
665781,2026-07-30T05:37:13+00:00,문토,default,23,https://www.munto.kr/detail-socialing?id=665781,9,파티,컨셉파티,[얼리파격할인][하이앤드]지상통창🏡SONNET,"안녕하세요, 🌈 SONNET입니다!!

❤️찜 좋아요 팔로워 눌러주셔야❤️
💌 DM 메시지가 됩니다 💌

⬇️⬇️ 상세페이지를 꼭 읽어주세요⬇️⬇️


￼

🏡 깔끔한 지상 공간 최대 70평 규모 최대 100명
🥵 더운 여름 시원하게 보낼 수 있는 에어컨 5대!!
🚻 내부 화장실 남녀 개별 총 4개 

￼

🖤 어두운 곳에서 만난 인연은 어둡게 끝나서,
❤️ 초록이 보이는 공간에서 파티를 진행합니다.

👩‍❤️‍👨 남녀 성비 6:4 보장

후회 없는 소셜링, 내향인파티 아님
기빨리지 않게 설계 ,깔끔한 도파민 추구


모두가 친해지는 소셜링으로 설계해 인위적인 만남이 아닌 자연스러운 만남으로 연애 성사율이 매우 높아요🥰🥰🥰🥰🥰🥰🥰🥰

필독❗️❗️

⭕️ 주류 콜키지
➡️ 인당 1병 or 1캔씩 들고와주세요!!
( 웰컴 드링크/ 칵테일, 하이볼, 음료 제공합니다 )

⭕️ 퀄리티 높은 안주 제공
➡️ 수제 뿌링클, 메론, 참외, 복숭아, 방울토마토
     치즈나쵸, 팝콘 등

⭕️ 신논현역 도보7분 / 강남역 도보 10분 
➡️ 지상 통창뷰 깔끔한 인테리어
     사람을 처음 만나는 공간도 중요합니다.

⭕️ SONNET MAGIC
➡️ 테이블내 분위기 흐름을 즐겨주세요!

⭕️ 테이블내 스텝 없음
➡️ 스텝 때문에 오리려 힘드셨죠🥲

⭕️적당한 대화형 컨텐츠 적당한 게임시간으로 구성!
 
￼￼￼


강남역 신논현역 인근

과일플래터, 간단한 안주
웰컴 드링크/ 칵테일, 하이볼, 음료 등 제공🥂",낭만 | 소네트 | sonnet | 강남 | 파티,37000,59,23,강남구,2026-08-01T11:20:00.000Z,CHOICE,NORMAL,,title:지상통창 sonnet,0,0,N,,,35,Y,API minAge/maxAge,,미판정,A/B 판정은 활동구체성 수기 검토 필요,하,,,,미검토
665762,2026-07-30T05:37:13+00:00,문토,default,24,https://www.munto.kr/detail-socialing?id=665762,13,소셜게임,추리게임,👩🏻‍🚀[금🌙고정] 깐부 크씬 🕵️‍♀️<소꿉친구> f.럼블,"💚 본 모임은 사전에 정해진 분들이
(럼블, 해린, 호호, 미지)
참여할 수 있는 고정모임 입니다 💚

고정모임 오픈은
우주모임을 통해 신청 가능합니다!



오늘 게임은

<소꿉친구>

입니다



🔎🔎🔎

크라임씬 몰입을 위한
우주모임의 치트키

￼    용",크라임씬 | 보드게임 | 추리,26000,4,2,강남구,2026-07-31T11:00:00.000Z,CHOICE,NORMAL,12098,club:12098,0,0,N,,,,N,없음,,미판정,A/B 판정은 활동구체성 수기 검토 필요,하,,,,미검토
665407,2026-07-30T05:37:13+00:00,문토,default,25,https://www.munto.kr/detail-socialing?id=665407,13,소셜게임,추리게임,👩🏻‍🚀[일🌙] 9인 크라임씬 대작 🕵️‍♀️<새장 속 제비는 꿈을 꾼다> f.하루,"💚 본 모임은 고정 7인과 누구나 2인 참석 가능한 모임입니다.💚


오늘 게임은

9인이 함께하는 크라임씬 대작

<새장 속 제비는 꿈을 꾼다>

입니다



🔎🔎🔎

크라임씬 몰입을 위한
우주모임의 치트키

￼    용",크라임씬 | 보드게임 | 추리,26000,9,4,강남구,2026-08-16T10:00:00.000Z,CHOICE,NORMAL,12098,club:12098,0,0,N,,,,N,없음,,미판정,A/B 판정은 활동구체성 수기 검토 필요,하,,,,미검토
664563,2026-07-30T05:37:13+00:00,문토,default,26,https://www.munto.kr/detail-socialing?id=664563,9,파티,컨셉파티,특가💕 주류제공 🩵•.¸¸.• 𝙊𝙁𝙁 𝙈𝙊𝙈𝙀𝙉𝙏 •.¸¸.🩵,"공간 이동하여 특가 이벤트 진행합니다!!😌

술 사오지 마세요

정식 주류면허를 갖춘 업장에서
주류가 무제한으로 제공되는 파티입니다!

신청 전 리뷰 및 제공사항을 꼭 비교해보세요.

매회 조기마감됩니다.
정원 이후 추가 입장은 받지 않습니다.
참여 원하시는 분들은 미리 신청주세요.

하단에 좋아요(하트)를 눌러주셔야
DM 및 파티 안내가 가능합니다 💌
(2부만 참여희망하시는 분들도 따로 말씀주세요!)

ㅡㅡㅡㅡㅡㅡㅡㅡㅡㅡㅡㅡㅡㅡㅡㅡㅡㅡㅡㅡㅡㅡㅡ

바쁘게 달려온 한 주 끝 ,

이대로 보내기엔 아쉬운 주말 🫢

낯설다가도 금방 편해지는 시간

우리 같이 보내볼까 ? 


￼


4월, 5월, 6월, 7월 모든 소셜링 마감 🎁
매주 토요일 연속 최다인원

빠르게 신청하셔야 참여가 가능해요!!
(당일에 참석 못하는 인원이 많아요🥺)


￼


리뉴얼해서 더욱 재밌어진 오프모먼트만의

매칭시스템 도입 ⭐️


￼



_҉҉_҉҉_҉҉_҉҉_҉҉_҉҉_҉҉_҉҉_҉҉_҉҉_҉҉_҉҉_҉҉_҉҉_҉҉_҉҉_҉҉_҉҉_҉҉_҉҉_҉҉_҉҉_҉҉_҉҉_҉҉_҉҉_҉҉_҉҉_҉҉_҉҉_҉҉_҉҉_҉҉_҉҉_҉҉_҉҉_҉҉_҉҉_҉҉_҉҉_҉҉_҉҉_҉҉_҉҉_҉҉_҉҉_҉҉_҉҉_҉҉_҉҉_҉҉_҉҉


✔️ 처음 문토를 가입하여 찾는 사람들이 많은 파티 

✔️ 혼자 와도 자연스럽게 친해질 수 있는 파티 

✔️ 사람이 몰려서 미리 신청이 필수인 파티 

✔️ 기 빨리지 않고, 설렘만 챙겨가는 파티 

✔️ 호스트가 직접 성비를 관리하며, 
 느좋남녀 위주로 승인받는 파티  




그런 파티, 찾고 있었지 ?

바로 오프모먼트 🍀


매주  마감됩니다 !!

전날과 당일에는 신청이 몰려 참여 못한 인원 다수.. 🥲

빠르게 미리미리 신청하기 !!

(남 여 스탭도 모두 환영!! 팔로우하고 DM주세요 💌)

파티 관련 궁금하신 점이 있으신 분

참여를 망설이고 있으신 분

좋아요❤️를 눌러주세요! 연락드리겠습니다 🫶🏻


_҉҉_҉҉_҉҉_҉҉_҉҉_҉҉_҉҉_҉҉_҉҉_҉҉_҉҉_҉҉_҉҉_҉҉_҉҉_҉҉_҉҉_҉҉_҉҉_҉҉_҉҉_҉҉_҉҉_҉҉_҉҉_҉҉_҉҉_҉҉_҉҉_҉҉_҉҉_҉҉_҉҉_҉҉_҉҉_҉҉_҉҉_҉҉_҉҉_҉҉_҉҉_҉҉_҉҉_҉҉_҉҉_҉҉_҉҉_҉҉__҉҉_҉҉_҉҉



￼




추가로 궁금한 점은 편하게 DM주세요 💌",신림 | 오프모먼트 | 민이 | 솔로파티 | 파티,35000,99,39,관악구,2026-08-01T11:00:00.000Z,CHOICE,NORMAL,,title:특가 주류제공 𝙊𝙁𝙁 𝙈𝙊𝙈𝙀𝙉𝙏,0,0,N,,,35,Y,API minAge/maxAge,,C,직접표현: 솔로파티,상,,,,미검토
664556,2026-07-30T05:37:13+00:00,문토,default,27,https://www.munto.kr/detail-socialing?id=664556,9,파티,컨셉파티,[건대/일요일]💜핫파티✨️🫶🅻🅸🅽🅺 🆄🆂,"❤️‍🔥급이 다른 핫파티❤️‍🔥


2026 솔로인 사람 다모여요
행복하게 해줄게요🖤



🥩🍟🍕🍣🥝🥑
⭕️음식제공해용~~⭕️
🥗🍤🍢🍠🍡🥫




💜Link-Us 우리를 연결하는💜



솔로인 사람 손!



우리는 진심입니다
우리는 남다릅니다

솔로로 오셨다가 
둘이 되어가실거예요 




문토가 처음이신분들께 강추드립니다

퀼리티가 남다른 모임에 참석하세요







.
.
.
.







￼











_____________________________








​링커스는 단순한 이성 만남을 넘어

의미 있는 
🔗
연결고리를 
🔗
만드는데 집중합니다

(좋은 사람들끼리는 연결됩니다)












ꗃ


의문점 하나.


ꗃ






취향이 맞는 사람들만나면
뭐가 좋은지 아시나요?


.
.
.



불편함이 없어요

편안하게 행복해져요






여러분들이
링커스에서 찐친과 찐연인을 만나


행.복.해.질.수.있.도.록.


우리는, 철저히 준비합니다
(비장)











_______________________













￼








​처음은 이렇게 시작해요

​나이, 직업, 편견은 잠시 내려두자구요
​모두가 편하게 친해질 수 있도록
간단한 게임이 있을 수 있어요


⛓︎


​커플 & 단체 도파민 게임

​술만 마시는 지루한 모임은 돈 아까워요
(진중한 컨셉이라고 포장된 파티는 사절이니까요)

호스트가 준비한 커플/단체 맞춤형 꿀잼 뚝뚝
순식간에 내적 친밀감 최고치를 달성합니다

​승부욕과 웃음이 폭발하는 게임을 통해
자연스럽게 서로가 연결됩니다
(링커스 찡긋)



⛓︎



​📻 마음을 전달해요

​마음에 드는 상대에게 직접 말하기 어렵다면?
익명으로 해보는건 어때요

​호스트가 DJ가 되어 당신의 진심이 담긴 메시지를
대신 전달해 드립니다

(이 컨텐츠는 요즘 문토 파티에서 다~ 하죠!
그런데 진행자의 센스가 절반을 차지합니다. 인정?)

하이퀄리티 / 하이엔드급 진행으로 
물 흐르듯 자연스럽게 저 바다(태평양)까지 
스무스하게 이어지는 
꿀잼+편안한 진행 실력 맛보기
(맛도리 냠냠)











___________________________












￼









💌링커스에 초대합니다

​""사랑""과 ""우정""
두 마리 토끼 중 

하나라도 잡고 싶은 
당신을 기다립니다

(하나라도 꽉 잡아가세여)🐇





𝄞






​ 🟣 짜릿한 도파민이 필요한 E 또는 I 
       (다 오시라는 얘기)
​ 🟣 매력 어필에 능한 사람
       (능력없어도 오시는 재밌어요)
​🟣 진솔한 마음을 전하고 싶은 낭만주의자
      (낭만없어도 컨텐츠로 만들어드림)
​🟣 새로운 관계를 적극적으로 개척하는 자
      (눈빛으로 쏴줘요 가만히 안놔둘게요)










___________________________













￼







ꗃ


우리는 행복해야합니다


ꗃ







정성으로 준비한 모임에 감동하고
좋은 사람들과 유쾌한 시간을 보내신다면
저희는 행복합니다










____________________________












❝ 연결되는 우리 ❞


▫️ 언제언제 : 상단에 명시된 날짜 
▫️ 어디어디 : 2호선 초역세권
▫️ 누가누가 : 훈남훈녀
▫️ 제공사항 : 다과제공, 주류포틀럭
▫️ 복장코드 : 깔끔한 복장 
▫️ 환불규정 : 문토 규정 준수 









🔮

특별한 당신을 기다립니다
대부분의 게스트분들이 혼자 오십니다
망설이지마세요 

오시면 웃게 될거예요
오시면 알게 될거예요
오시면 둘이가게 될거예요








￼














저희는 혼신의 힘을 다해 
정성껏 준비하고 있을게요


바랄게요
좋은 분들만 오시기를...!











  곧 봬요
💜",링커스,38800,59,21,광진구,2026-08-02T11:30:00.000Z,CHOICE,NORMAL,,title:핫파티,0,0,N,,,35,Y,API minAge/maxAge,,미판정,A/B 판정은 활동구체성 수기 검토 필요,하,,,,미검토
656480,2026-07-30T05:37:13+00:00,문토,default,28,https://www.munto.kr/detail-socialing?id=656480,4,취미,글쓰기,🦩너와나<이어지는 글 파티>🎉🖍️선착순 5명 글쓰기! 이외 토론 참여가능!,"❗️🚨드디어 겨울이가 새로운 장소로 돌아왔다🚨❗️ 

              훨씬 넓고 더 쾌적한 공간입니다.
          ❣️남녀화장실 별도 내부 구비 주의😉❣️


- 수많은 후기 참고해주세요. 
- 저를 팔로우한 순서로 수락해드릴게요.
- 프로필 성별확인 가능하게 해주세요.
- 당일 신청은 과제 진행이 불가능 합니다. 미리미리 신청주세요! (중요🔥)
- 모임의 퀄리티를 위해 글쓰기 과제는 선착순 5명만 진행합니다. 나머지는 토론 함께 참여해요😊🙋🏻‍♂️

안녕하세요 :)
네이버 웹소설 작가로 활동하는 겨울이입니다.❄️
(최근에 신작 발표 후 연재 중입니다! 필명은 모임 3번 오신 분에 한해 공개! 🤣)

그동안 <이어지는 글쓰기>에 많은 분이 찾아와주셨습니다.
무한한 사랑에 보답하기 위해, 안주하지 않고 새로운 컨텐츠에 또! 도전합니다. 
기존 <이글>을 업그레이드하여 <이어지는 글 파티!>를 진행합니다.

<이어지는 글쓰기>가 강의와 피드백, 정보 전달에 집중했다면. 
<이어지는 글 파티>는 다양한 사람의 ‘글 구경’과 자유로운 토론 형식으로 진행됩니다!

독서량이 많지 않거나, 글짓기에 자신이 없어도 괜찮습니다. 
누구나 걸음마부터 시작하니까요.

￼



[ 소개 ]

왜 글을 잘 써야 할까요?
자소서를 잘 쓰는 것부터 연인의 마음을 사로잡는 연애편지까지.
누구나 살면서 글을 쓰기 마련입니다. 
짧은 문장은 때론 누군가를 위로하고, 자기 자신을 이해하는 마음의 창이 되곤 하죠.

글을 잘 쓴다는 건 그 자체로 정말 매력적인 일입니다. 
인생에 반드시 도움도 되고요!

10년 넘게 현업에서 활동해온 작가로서 글쓰기 소셜링을 진행합니다.

글이란 정말 신비롭고 재밌는 녀석이에요.
100명이 쓰면 100가지의 형태가 나오거든요.
매주 서로 다른 사람의 우주를 경험하게 될 겁니다.



 
￼




[ 진행 순서 ] 

1. 신청하신 분들께 미리 한 가지 주제를 알려드려요. (ex. 여름, 휴식, 외로움, 인생에서 진정 원하는 3가지, 인간관계 등)
👉🏻글쓰기 과제는 선착순 5명 입니다!🔥이외 토론참여
2. 모임 전에 약 A4 한 장 분량의 글을 제게 제출합니다. (일기, 수필, 소설, 시, 블로그 홍보글, 유튜브 대본 등. 방식은 자유입니다. 한글 파일 기준 500자 이상 2천 자 미만입니다!)
3. 당일에 제가 이름표를 달아드리고, 간단한 아이스 브레이킹으로 서로 친해져요.
4. 여러분이 쓴 글을 앞에서 낭독하고 감상합니다. 
5. 타인의 글 주제로 토론하는 시간을 가집니다. 각자 느낌과 의견을 자유롭게 나눠보아요.
7. 모임이 끝난 후, 마음이 맞는 분들과 따로 2차 자리를 가질게요:) (추가 비용 발생합니다.) 




￼




[ 장소 ]

- 합정역 지하철역 8번출구에서 8분 거리입니다.
- 주차 가능합니다! (최대 4대까지 가능!)만차 일 경우는 인근 공영주차장 부탁드려요.



[ 서비스 ]

- 다과 세트 제공해드려요.🍹🍫🍭




[ ※필독 ]

- <두근두근 마피아>와 달리 <이어지는 글 파티>는 이성 간 노골적인 만남을 지양합니다
- 하지만 우린 청춘 남녀잖아요? 적절한 남녀 성비는 맞춰볼게요.
- 책을 좋아하고, 취미가 비슷한 사람끼리 만날 수 있도록 자연스러운 자리를 마련해드려요. 
- 종교, 영업 목적, 비매너 강퇴 대상입니다. (36.5도 이상만 받을게요.) 
- 경고가 누적되면 블랙리스트에 올려 다시는 받지 않습니다.🙅🏻‍♂️
- 타인에 대한 평가와 비판이 아닌, 있는 그대로 받아들이는 배려와 열린 마음 부탁드려요🥺❤️‍🩹

 


￼



[ 끝으로 ]

작가란 무엇일까요?
저는 글을 쓰는 순간 당신은 이미 작가라고 생각합니다. 
오늘 밤, 작가가 되고 싶다면 얼른 신청해주세요. 
라잇나우! 😁



￼",글쓰기 | 토론 | 파티 | 웹소설 | 대화,50000,34,13,마포구,2026-08-15T08:00:00.000Z,CHOICE,NORMAL,,title:너와나 이어지는 글 파티 선착순 명 글쓰기 이외 토론 참여가능,0,0,N,,,40,Y,API minAge/maxAge,,B,사교표현: 친해져,중,,,,미검토
664755,2026-07-30T05:37:13+00:00,문토,default,29,https://www.munto.kr/detail-socialing?id=664755,9,파티,컨셉파티,🧡문의 DM 🧡케미데이 | 비주얼파티❣️,"이.곳.은
특별한 감정이 쏟아질 🖤케미데이🖤입니다.

🩶케미데이로 좋은 분들을 초대합니다. 

(본업때문에 승인이 늦어질 수 있으나 기다려주시면
순차적으로 승인드리겠습니다)



❗️17시 40분 문토신청마감 ❗️
문의는 디엠주세요🩶
2부 신청 환영🩶


♣️—-♣️


📍 매회차 정원 마감하는 HOT한 파티 📍
당일에 신청자가 몰려서 승인 못 드리는 
경우가 많으니 미리 신청주세요♥️
(늦참가능, 2차만 참석가능)



—————-


✔️ 문토가 처음인 분들에게 추천하는 파티!

✔️소셜링이 1시간 전에 닫히니 미리 신청주세요
(파티 4일 전까지 100% 환불 가능합니다)

✔️성비는 최대한 맞추는 걸 지향하는 파티입니다:)

✔️ 85% 이상이 혼자오시니 혼자서도 걱정마세요!

✔️ 내향인분들도 금방 친해질만한 컨텐츠들이 준비되어 있어요


__________


- 일정 : 8월 1일 토요일

- 장소: 신림역 도보 5분 파티룸

- 드레스코드 : black & white
(포인트만 있어도 ok)

- 얼리버드 10% 할인중
(미리 신청주시면 할인가능🖤)

- 제공사항 : 안주, 무제한 주류, 
모두가 친해질 수 있는 🩶특별🩶컨텐츠




￼




특별한 감정이 쏟아지는 night🌙


혼자보다 함께일 때 더 빛나는 우리.

저희가 모두 준비해놓겠습니다.
일상의 걱정은 잠시 넣어두고
가벼운 마음으로 오세요🩶


￼





- 취소 및 환불은 문토 규정을 따르고 있습니다.

- 파티 이용료는 공간, 호스트 수고비 및 콘텐츠 제작비에 대한 대가입니다. 본 파티는 주류 판매 시설이 아닙니다.
(어떠한 주류도 유료로 판매하거나 이용료에 포함시키지 않습니다.
고객 편의를 위해 서비스 차원으로 주류가 무상 제공될 수 있으며, 개인 주류 지참 및 반입은 언제든 가능합니다.) 

- 타 모임 운영진, 호스트 및 스텝의 참가를 허용하지 않습니다. 
진실성 있는 모임을 위해 타 운영진의 참가를 엄격히 금지합니다 . (뒤로가기 눌러주세요)",파티추천 | 주말파티 | 신림파티,39900,79,27,관악구,2026-08-01T09:40:00.000Z,CHOICE,NORMAL,,title:문의 dm 케미데이 비주얼파티,0,0,N,,,,N,없음,,B,사교표현: 2차,중,,,,미검토
664385,2026-07-30T05:37:13+00:00,문토,default,30,https://www.munto.kr/detail-socialing?id=664385,3,푸드·드링크,파인다이닝,"(남성 급구) 🥩동파육, 중화냉면, 유린육, 버섯무 솥밥 7.31","Supper Club.


조금 낯선 말일 수 있습니다.


쉽게 말하면,
정해진 날 정해진 사람들끼리 모여
호스트가 준비한 음식과 술을 함께 나누는
작은 저녁 모임입니다.


일반 식당처럼
각자 메뉴를 고르고 조용히 식사만 하고 가는 자리가 아니라,


그날을 위해 준비된 음식이 있고,
그날 처음 만난 사람들이 있고,
그 사이에서 자연스럽게 대화가 이어지는 자리.


조금은 낯설게 시작하지만,
한 접시씩 음식이 나오고,
잔이 채워지고,
이야기가 오가다 보면
어느새 분위기가 조금씩 풀리는 저녁.


그날의 재료와 분위기에 맞춰
가볍게 시작하는 접시,
대화를 이어주는 따뜻한 접시,
함께 나누기 좋은 메인 요리와 사이드 플레이트로 준비됩니다.


Appetizer

<참외 카르파쵸>



￼








그동안 우리는
‘댠식당’이라는 이름으로
음식이 있는 소셜다이닝을 만들어왔습니다.

처음 만나는 사람들과
한 테이블에 앉아 음식을 나누고,
어색함을 조금씩 풀어가며,
그날만의 대화와 분위기를 만들어가는 자리.





Starch

<봉골레 파스타>


￼









누군가에게는
평범한 하루 끝의 저녁이었고,

누군가에게는
새로운 사람을 만나는 작은 용기였고,

누군가에게는
생각보다 오래 기억에 남는 밤이었습니다.

그리고 이제,
진짜로 우리가 운영하는 가게가 생겼습니다.




Main

<포르게타>



￼








문 밖에서는
평범한 하루가 지나가고,

문 안쪽에서는
조금 다른 밤이 시작됩니다.

조명이 낮게 켜지고,
테이블이 차려지고,
그날의 음식이 준비되고,
처음 보는 사람들이 하나둘 자리에 앉습니다.





Side Plate

<로메스코와 빵>


￼









처음에는
무슨 말을 해야 할지 조금 어색할 수 있습니다.

하지만 좋은 음식이 나오고,
잔이 채워지고,
가벼운 이야기가 오가다 보면
그 어색함은 생각보다 자연스럽게 풀립니다.

억지로 친해지라고 밀어붙이는 자리가 아니라,
같은 테이블에 앉아
같은 음식을 먹고,
같은 분위기를 나누다 보니
조금씩 가까워지는 자리.

우리가 만들고 싶은 저녁은
그런 쪽에 가깝습니다.





￼




Warning!

BACK ROOM SUPPER CLUB은
편안한 분위기와 빠른 친밀감을 위해
반말 모드로 진행됩니다.

처음에는 조금 낯설 수 있지만,
서로의 나이와 직업, 사회적 위치를 잠시 내려놓고
조금 더 가볍고 편하게 대화하기 위한 방식입니다.

혹시 반말이 불편하시거나,
격식 있는 식사 자리만을 기대하신다면
참여가 어려울 수 있으니 참고 부탁드립니다.🙏



즐기는 법

1. 가게 문을 들어서는 순간부터 반말 모드로 함께하기

2. 처음 보는 사람에게도 가볍게 말 걸어보기

3. 음식, 술, 대화, 공간의 분위기까지 전부 즐기기

4. 1차가 아쉬운 사람들이 많으면 2차까지 자연스럽게 이어가기

단, 2차 진행 시 추가 비용이 있을 수 있습니다.🙏

주의사항

1. 과음으로 인해 의사소통이 어렵거나 타인에게 불편함을 주는 경우 호스트 판단하에 환불 없이 퇴장될 수 있습니다.

2. 늦참은 가능하지만, 지나간 음식이 다시 제공되지는 않습니다. 코스를 온전히 즐기고 싶은 분은 정시에 와주세요. 

3. BACK ROOM SUPPER CLUB은 모두가 즐거운 시간을 보내기 위한 자리입니다. 과도한 스킨십, 부담스러운 플러팅,
불편한 게임 진행을 원하시는 분은 참여가 어렵습니다.

4. 모임 중 공간의 분위기와 음식 기록을 위해 사진 및 영상 촬영이 진행될 수 있습니다. 촬영된 사진과 영상은 개인 식별이 어렵도록 블러 처리 후 사용됩니다

5. 당일 재료 수급 상황에따라 메뉴가 변경될 수 있습니다.

우리의 약속

1. 음식은 우리가 운영하는 공간에서 직접 준비합니다.

2. 처음 온 사람도 어색하게 방치되지 않도록 호스트가 분위기와 흐름을 살피겠습니다.

3. 최대한 성비를 맞추기 위해 노력하겠습니다.

4. 참가자들의 즐거움을 위해 최선을 다해 노오오력하겠습니다.",소셜다이닝 | 상수 | 홍대 | 마포 | 퇴근 한 스푼,39000,35,9,마포구,2026-07-31T11:10:00.000Z,CHOICE,NORMAL,,title:동파육 중화냉면 유린육 버섯무 솥밥,0,0,N,,,35,Y,API minAge/maxAge,,B,사교표현: 2차,중,,,,미검토
664778,2026-07-30T05:37:13+00:00,문토,default,31,https://www.munto.kr/detail-socialing?id=664778,13,소셜게임,보드게임,👩‍🚀[금🌙] 전세계 No1. 마피아 <시계탑에 흐르는 피> 🧟‍♂️,"🕰

7월 31일 오후 7시,


전 세계 보드게이머들이 사랑하는

BoardGameGeek 마피아 계열 1위 게임


《시계탑에 흐르는 피》가


 오픈됩니다. 



시계탑의 피를 처음 해보는 분들,

마피아 게임은 좋아하지만 
아직 시계탑은 안 해본 분들,


초보자 중심으로 편하게 경험해보고 
싶은 분들을 위한 모임입니다.


룰을 몰라도 괜찮습니다.
말을 엄청 잘하지 않아도 괜찮습니다.
처음이라 어색해도 괜찮습니다.


스토리텔러가 처음부터 
차근차근 안내해드릴게요.







💉💉💉



안녕하세요!

우주모임입니다.




그동안 많은 분들이 극찬을 해주셨던
전세계 1위 마피아 게임



공간과 밀담, 대규모 인원이 다 함께 즐기는
현존하는 가장 완벽한 마피아 게임


""시계탑에 흐르는 피""가

새로운 시즌으로 우주모임에 상륙했습니다!




￼



그냥 마피아가 아닙니다



평화로운 마을 레이븐우드 블러프에
밤마다 끔찍한 살인 사건이 벌어집니다.



마을 사람들은 서로의 말을 듣고,
정보를 나누고,
누군가를 의심하고,
결국 한 사람을 처형대에 세워야 합니다.


하지만 조심하세요.


친절하게 다가온 사람이
정말 당신 편일까요?


방금 들은 정보가
진실일까요, 거짓일까요?


그리고 당신이 믿었던 사람이
사실은 마을을 파멸시키려는 
악마일지도 모릅니다.



🕰🕰🕰


《시계탑의 피》가 특별한 이유


일반적인 마피아 게임은
초반에 탈락하면 그대로 
구경만 하게 되는 경우가 많습니다.



하지만 《시계탑의 피》는 다릅니다.



죽어도 게임에서 빠지지 않습니다.



죽은 사람도 유령이 되어
계속 토론에 참여할 수 있고,
결정적인 순간에 단 한 번의 
투표권을 행사할 수 있습니다.



끝까지 듣고, 의심하고, 설득하고,
마지막 판결에 
캐스팅보트가 될 수 있는 게임



그래서 이 게임은
단순한 마피아가 아니라
모두가 끝까지 함께 만드는 
한 편의 추리극에 가깝습니다.




￼
￼

￼




🕰🕰🕰


이런 분께 추천합니다


🧛‍♀️ 시계탑의 피를 처음 경험해보고 싶은 분

🧛‍♀️ 마피아 게임, 피의 게임, 더 지니어스 같은 
심리전을 좋아하는 분

🧛‍♀️ 거짓말, 추리, 설득, 블러핑을 좋아하는 분

🧛‍♀️ 초반 탈락 없는 마피아 게임을 해보고 싶은 분

🧛‍♀️ 처음 보는 사람들과 자연스럽게 친해지고 싶은 분





초보자도,
처음 오시는 분도,
내향인도 모두 환영합니다.





🕰🕰🕰

 
금요일 밤, 레이븐우드 블러프의 종이 울립니다


누군가는 진실을 말하고 있습니다.
누군가는 거짓말을 하고 있습니다.
누군가는 이미 모든 걸 알고 있을지도 모릅니다.


당신은 마을을 구할 수 있을까요?
아니면 악마의 속삭임에 속아 넘어가게 될까요?



7월 31일 오후 7시,
우주모임에서 만나요.



죽어도 끝나지 않는 마피아,
《시계탑의 피》 뉴비 특집.










📢 📢 📢 📢








혹시 😮


우주모임 멤버쉽이 궁금하신가요??! 🙊🙊🙊




￼





멋지고 다정한 사람들 그득그득~ 🤩
그냥 함께 있는 것만으로 넘치는 재미!! 🥰🥰


오늘 참여했던 모임부터 바로 100% 환불!! 🤓




🍀🍀🍀🍀



우주모임 멤버쉽 분들은
이렇게 멤버쉽을 이용하고 있습니다~




👉🏻 월 100개가 넘는 우주모임 무료참여!!
👉🏻 멤버쉽 회원 전용 모임들
👉🏻 리그전과 대회, 배틀전까지
👉🏻 다양한 퀘스트를 통한 레벨업 시스템
👉🏻 잠시 휴식부터 넷플릭스, 디즈니플러스, 플레이스테이션, 
닌텐도스위치까지 모두 가능한 꼬질 공간이용이 무료!!
👉🏻 커피, 차, 콜라 등 우주모임의 모든 음료와 다과가 무료!!
👉🏻 멤버쉽 회원들을 위한 다양한 이벤트와 특별 모임까지




🥰🥰🥰
지금 우주모임 멤버쉽 클럽에 가입하시면
함께 할 수 있습니다~~!!",보드게임 | 마피아 | 시계탑,19000,15,11,강남구,2026-07-31T10:00:00.000Z,CHOICE,NORMAL,12098,club:12098,8,8,Y,API 성별정원 남8/여8,,,N,없음,,C,성비 정원/조절 명시,상,,,,미검토
665280,2026-07-30T05:37:13+00:00,문토,default,32,https://www.munto.kr/detail-socialing?id=665280,9,파티,내향인파티,해금으로 OST 한 곡 완성! 친구도 만들어요🎻,"🎻 새로운 사람들과 함께

아름다운 해금 선율을 연주하며
웃고 떠들며 친해져요.

해금은 사람 목소리와 가장 닮은 악기라고 불릴 만큼
감정을 담아 연주하는 매력이 있는 악기예요.

수업 전 준비된 차와 비스킷으로
당충전부터 하고 시작해요 ☕🍪

연주가 끝난 뒤에는
원하는 분들과 함께 맛집도 가요!

스튜디오 주변에 맛있는 곳이 정말 많답니다.

￼


—

안녕하세요 초이에요👏🏻☺️

가야금 모임에 이어
많은 분들이 요청해 주셔서
해금 모임을 열게 되었어요! 

음악을 어렵게 배우는 것이 아니라
누구나 즐길 수 있도록 알려드리는 것이 목표인데요! 

""한 음만 켰는데도 이런 소리가 난다고?""
""생각보다 훨씬 쉽네!""

이런 말을 가장 많이 듣는 모임이랍니다 

악기를 함께 배우다 보면
처음 만난 사람들과도 자연스럽게 대화가 생기고
같은 취미를 가진 사람들끼리 금방 가까워지더라고요.

해금으로 인연을 만들고
음악으로 연결되는 시간을 함께해요🤍


￼


[해금 잔행 호스트님]
서울대학교 음악대학 국악과 졸업
제38회 온나라국악경연대회 금상
제28회 KBS국악대경연 관악부문 차상
제28회 학생음협콩쿠르 대학(원)부 2등
취미, 입시, 앙상블 클래스 진행
공연 및 다양한 무대 활동
...


￼


[진행 과정]
STEP 1
오늘 연주할 곡을 함께 들어보고
해금 잡는 방법과 활 쓰는 법을
쉽게 배워봅니다.

STEP 2
각자 해금을 연주하면서
한 분 한 분 소리가 날 수 있도록
옆에서 계속 도와드려요.

*연주곡 예시*
이선희 - 인연
이누야샤 OST - 시대를 초월하는 마음
비익련리 -추노 OST 

STEP 3
둘씩 또는 모두 함께
앙상블을 맞춰보고
연주 영상과 사진도 남겨요.

STEP 4
원하는 분들과 함께
맛있는 저녁 먹으러 Go!
음악 이야기부터
일상 이야기까지
편하게 친해지는 시간입니다😎


￼


해금을 배우면

추후 진행되는 해금 & 가야금 듀엣 프로그램에도

더 재미있게 참여하실 수 있습니다.


혼자 연주하는 즐거움과

다른 악기와 함께 맞춰가는 앙상블의 매력을

천천히 경험해보세요.


￼


계이름을 몰라도

악보를 볼 줄 몰라도

해금을 한 번도 만져본 적 없어도

환영이에요! 


악기와 악보는 모두 준비되어 있고

90분 동안 한 곡을 완성할 수 있도록

쉽고 재미있게 알려드릴게요.

연주 영상과 사진도

예쁘게 남겨드립니다📷

—

[상세내용]
-2차 식사는 자유 참여이며 비용은 별도입니다.
-총 90분 진행됩니다.
-위치는 양재시민의숲역 근처이며 참여 확정 후 상세 주소를 보내드립니다.


한 사람의 연주가 또 다른 사람의 선율을 만나면, 
혼자일 때보다 훨씬 아름다운 음악이 됩니다.


해금으로 새로운 취미를 시작하고,
나중에는 가야금과 함께하는 듀엣 앙상블까지 이어지는 
특별한 경험을 함께해보세요. 🎻✨",내향인 | 취미 | 음악 | 취향 | 해금,29000,7,3,서초구,2026-08-01T03:00:00.000Z,COMMON,NORMAL,,title:해금으로 ost 한 곡 완성 친구도 만들어요,0,0,N,,,,N,없음,,B,사교표현: 친해져,중,,,,미검토
662876,2026-07-30T05:37:13+00:00,문토,default,33,https://www.munto.kr/detail-socialing?id=662876,9,파티,내향인파티,다름이 닿는 대화공간 - 퍼넥션 Ep.185,"잔여석: 여성 두 자리, 남성 두 자리


호기심에 한번이라도 클릭하셨다면
상단의 후기⭐️ 를 꼭 확인해주세요! 


그리고 제 프로필의 인스타그램에서
다양한 질문 및 모임후기를 구경하실 수 있어요~


ㅡㅡㅡㅡㅡ


[퍼넥션 질문 맛보기]

나는 언제 살아있다는 것을 느끼나요?

스스로도 ‘내가 멋지다’라고 느낄 때는 언제인가요?

전 애인에게 영향 받았던 부분이 있다면 무엇인가요?

내가 생각하는 연애할 때 나의 장점은?


ㅡㅡㅡㅡㅡ


￼



당신을
참여형 대화 소셜링
퍼넥션으로 초대합니다.

Funnection = Fun + Connection

안녕하세요!
사람과 질문, 그리고 재밌는 통계를 사랑히는
호스트 엘리오라고 입니다 😀

직장과 집을 반복하는 분들께
특별한 경험을 드리고 싶었고
자체제작한 프로그램을 이용하여

가치관 💡
연애스타일 💌
커리어 및 미래 고민 🤔

세 가지를 주제로 이야기 나눌 거예요.



[퍼넥션 미리보기]


￼



[프로그램 소개]


문답, OX
그리고
당일 공개되는 히든 컨텐츠 여러개!

총 250개 이상의
뻔하지 않은 질문들로 구성되어 있어요!

우리는 같은 질문에 답을하고
답변을 한번에 확인합니다

답변들을 토대로
이야기 하는 시간을 가질거예요!

1️⃣ 다채로운 대화를 위해
성비는 1:1로 구성합니다! 🙋🏻‍♂️🙋🏻‍♀️

2️⃣ 휴대폰📱을 사용할거예요!
넉넉한 충전을 권장드려요!



[퍼넥션 질문 맛보기]


아래 질문들은 실제 게스트분들의 답변입니다!

￼




[히든 컨텐츠 소개]


✔️히든 컨텐츠 1

1. 우리의 감정을 디테일하게 살펴보는 시간을 가질거예요!

2. 일상을 나타내는 이미지를 공유할거예요!

3. 관심사의 순위를 정하고 
나와 비슷한 관심사를 가진 사람을 알아볼까요?

4. 나를 표현하는 TMI 3개를 알려주세요~


네 개의 컨텐츠 중 하나를
게스트분들이 직접 고르실 수 있습니다 😄


✔️히든 컨텐츠 2

이전까지 나눴던 대화를 토대로 이미지게임을 합니다.
(가장 도파민 터지는 시간일거예요!)


✔️히든 컨텐츠 3

어디서도 받기 힘든 
특별한 롤링페이퍼를 드릴게요!



[ 공간소개 ]


￼


기존 공간보다 두 배 이상 넓어진
엘리오 스튜디오에서 진행합니다 😊

🧭 (봉천역 도보 4분거리) 🧭

  ⏰오후 2시 시작 ⏰



📣[ 모집 안내 ] 📣

신청 양식: 1. 성별 2. 나이 3. MBTI

호스트 팔로우, 소셜링 좋아요를
하신다면 좀 더 빠르게 승인될 수 있어요!



📣[ 추가 공지 ] 📣

다과가 준비되어 있지만
점심식사 후 오시는 걸 추천드려요!

시간은
오후 2시부터 5시까지
세시간으로 예정되어있어요!



📣[ 환불 공지 ]📣

소셜링을 진행하기 위한
최소인원은 호스트 제외 6명이며
5명이 안될 경우에 전액 환불해드릴거예요!

(매너 온도 36.5도 이상만 받겠습니다!)



이런 분들에게 추천드려요!

✅ 잔잔하게 대화나누며 재미까지 챙기고 싶은 분!
✅ 일과 집을 반복하며 권태를 느끼시는 분!
✅ 다른 환경의 사람들을 통해 시야를 넓히고 싶으신 분!

이런 분들은 퍼넥션에 맞지않아요!

❌ 종교, 정치, 다단계 홍보 하시는 분
❌ 상대의 말을 듣지않고 본인 의견만 계속 어필하시는 분
❌ 이성에게 과하게 어필하시는 분",대화형 | 퍼넥션 | 잔잔하게 | 봉천역,38000,8,4,관악구,2026-08-09T05:00:00.000Z,CHOICE,NORMAL,,title:다름이 닿는 대화공간 퍼넥션 ep,5,4,Y,API 성별정원 남5/여4,,40,Y,API minAge/maxAge,,C,성비 정원/조절 명시,상,,,,미검토
663929,2026-07-30T05:37:13+00:00,문토,default,34,https://www.munto.kr/detail-socialing?id=663929,9,파티,홈파티,성수동으로 초대하는 작은 집들이(일본소주 특집),"성수동으로 초대하는 작은 집들이입니다. 
맛있는 음식과 술은 모두 제공해드릴게요.
함께 대화하며 즐거운 시간 보냈으면 좋겠습니다.

*집들이니까 모든 술(소주맥주무제한, 필라이트아님)제공/식사 제공
(3시간이상 직접 준비한 맛있는 음식과 다양한술 제공해드립니다)
*반말모드
*인원 수/ 참가자들 분위기에 맞춰서 게임진행예정


￼

￼

￼

4/19 모임사진으로 봄맞이 제철회와 사케까지 함께했습니다 :) 

안주라인업 (수급상황 및 인원수에 맞춰 메뉴가 변동 될 수 있습니다)
- 일본소주 고구마소츄
- 육사시미(인원많으면 2차에)
- 동파육
- 함박스테이크
- 치킨
- 과일안주
- 고구마스틱
- 웨지감자
- 디저트 등등 
10-20가지안주가 다양한 술과 함께 배가 불러도 계속 나옵니다(2차준비시간에 요리를 더해드립니다)
안주나온다고해서 갔더니 양이 적어 아쉬웠던분들
포틀럭가격에 맛있는 안주와 술 계속 준비해드릴게요!


🙋‍♂️ ‘호스트 소개’

안녕하세요. 호스트 뚝서머입니다.

한옥 독채 숙소를 운영하는 호스트이자,
회사를 다니면서 술과 모임을 좋아하는 직장인이기도 해요.

맛있는 술을 찾기 위해 도전하는 것을 즐기며 맛있는 술은 함께 먹어야 더욱 맛있다고 생각합니다.

🎈 '이번 모임은'

1.새로운 집에서 새로운 친구 만나듯 둘러앉아 음식들 먹으며 이야기하며 즐기는날 입니다! 
(재밌게 놀면서 2차 3차 가다보면 모임마다 번호교환하는 친구들 탄생.. 1년만에 공식커플만 10커플이상 비공식매칭은 100매칭이상..)

2. 벽을 허물자는 의미로 제 파티에서는 모두 반말 사용

3. 나이는 비밀!! 끝나고 서로 동의하에 밝히는 건 가능.

4. 나이금지*닉네임과 함께 자신을 소개하기

5. 주제를 두지 않고 자유롭게 이야기하며 놀아요! 분위기를 살리기 위한 적절한 토크와 게임을 진행예정!

6. 진행은 2시간예정, 분위기보고 2차가기

7. 온도가 낮으신분은 승인이 어려울 수 있습니다
최대한 성비를 맞추기 위해 대기가 있을 수 있습니다.(무조건1:1이 아닙니다)

8. 환불은 문토 규정을 참고해 주세요.
늦참가능! 하지만 미리 연락을 부탁드려요!
맛도리 순삭 책임못집니다 🥹

함께 즐거운 추억 만들어봐요!",성수 | 홈파티 | 푸드파티,40000,12,5,성동구,2026-08-01T08:30:00.000Z,CHOICE,NORMAL,,title:성수동으로 초대하는 작은 집들이,0,0,N,,,35,Y,API minAge/maxAge,,B,사교표현: 2차,중,,,,미검토
664664,2026-07-30T05:37:13+00:00,문토,default,35,https://www.munto.kr/detail-socialing?id=664664,9,파티,내향인파티,[제로주점] 혼자 오는 혼술바🍶,"❗️5시 30분에 자동마감 되어요❗️


[제로주점] 혼자 오는 혼술바


🫧 최대 30명 내외로 진행 됩니다.
🫧 무료 초대는 진행하지 않습니다.



“처음 보는 사람들이 친구가 된다면 얼마나 좋을까?”

￼








🫧 또래 나이로 자리를 배치해요.
🫧 36.5도 이하의 게스트분들은 승인이 어려워요.
🫧 신청서 내용이 누락되었을 경우 승인이 어려워요.
🫧 프로필에 본인인증 뱃지가 없는분은 승인이 어려워요.
🫧 성비는 1:1을 지향해요.











￼




                                                                                                                                                                                                                                                                                                                                                                                                                                                                                                                                                                                                                                                                                                                                                                                                                                                                                                                                                                                                                                                                                                                                                                                                                                                                                                                                                                                                                                                                                                                                                                                                                                                                                                                                                                                                                                                                                                                                                                                                                                                                                                                                                                                                                                                                                                                                                         

어떤 종류의 소셜링인가요?
해당 소셜링은 편안한 분위기에서
끼니를 채우며 술을 곁들이는 
대화형 소셜링 이에요.                                                                                                                                                                                                                                                                                                                                                                                                                                                                                                                                                                                                                                                                                                                                                                                                                                                                                                                                                                                                                                                                                                                                                                                                                                                                                                                                                                                                                                                                                                                                                                                                                                                                                                                                                                                                                                                                                                                                                                                                                                                                                                                                                                                                                                                                                                                                                         


혼자 오시는 분들도 계시나요?
90% 이상의 게스트 분들이 혼자 방문해요.
(호스트도 혼자가요🙃)                                                                                                                                                                                                                                                                                                                                                                                                                                                                                                                                                                                                                                                                                                                                                                                                                                                                                                                                                                                                                                                                                                                                                                                                                                                                                                                                                                                                                                                                                                                                                                                                                                                                                                                                                                                                                                                                                                                                                                                                                                                                                                                                                                                                                                                                                                                                                         

                                                                                                                                                                                                                                                                                                                                                                                                                                                                                                                                                                                                                                                                                                                                                                                                                                                                                                                                                                                                                                                                                                                                                                                                                                                                                                                                                                                                                                                                                                                                                                                                                                                                                                                                                                                                                                                                                                                                                                                                                                                                                                                                                                                                                   꼭 술을 마셔야 하나요?
호스트도 술을 마시지 않을거에요.
과일음료,탄산도 준비해둘게요.
(같이 마시고 싶은 술이 있다면 가져와도 좋아요.)
                                                                                                                                                                                                                                                                                                                                                                                                                                                                                                                                                                                                                                                                                                                                                                                                                                                                                                                                                                                                                                                                                                                                                                                                                                                                                                                                                                                                                                                                                                                                                                                                                                                                                                                                                                                                                                                                                                                                                                                                                                                                                                                                                                                                                                                                                                                                                         
                                                                                                                                                                                                                                                                                                                                                                                                                                                                                                                                                                                                                                                                                                                                                                                                                                                                                                                                                                                                                                                                                                                                                                                                                                                                                                                                                                                                                                                                                                                                                                                                                                                                                                                                                                                                                                                                                                                                                                                                                                                                                                                                                                                                                   제가 진짜 대문자 I인데 괜찮을까요?
저희의 소셜링 특성상 I분들이 더 많아요.
그리고 호스트가 I를 더 좋아해요.








￼






이런 분들이 오시면 좋아요.

✅ 문토가 처음이신 분
✅ 대형파티는 너무 기빨리는 분
✅ 편하게 대화하며 즐거운 시간 보내고 싶으신 분
✅ 타지에서 와서 동네친구가 없으신 분
✅ 나와 같은 결의 친구를 사귀고 싶으신 분







그럼 우리 곧 봐요.",푸드파티 | 파티 | 내향인파티 | 문래 | 영등포구청,39000,38,12,영등포구,2026-08-01T09:30:00.000Z,CHOICE,NORMAL,,title:혼자 오는 혼술바,0,0,N,,,35,Y,API minAge/maxAge,,미판정,A/B 판정은 활동구체성 수기 검토 필요,하,,,,미검토
663474,2026-07-30T05:37:13+00:00,문토,default,36,https://www.munto.kr/detail-socialing?id=663474,3,푸드·드링크,푸드·드링크,스토리로 마시는 사케 🏮홈자카야🏮78회차,"【파티형 사케클래스 홈자카야】
안녕하세요! 
문토에서 3년간 사케모임을 하고 있는
사케마시는 에리카, 사케리카입니다.

요즘 무섭게 치고 올라오는 주종인 '사케',
여러분은 얼마나 아시나요??


￼


약 5시간동안 사케에 대한 견문을 넓히고
사람을 얻어가는 잔잔한 파티를 즐기면서
사케러버가 되어보아요 🧚‍♀️

술 좋아하는 사람은 친구든 연인이든
똑같이 술을 좋아하는 사람과 만나야
더 즐겁고 오래가는 거 아시죠?


취해도 됩니다. 단, 귀엽게(무해하게)!!

여러 후기들이 증명하는 소셜링
지적이게 홀짝이며 진솔하게 교류해요
Feel at Home 🏮홈자카야🏮



✨️✨️✨️✨️✨️✨️✨️✨️✨️✨️✨️✨️✨️✨️✨️

스토리로 마시는 사케

✨️✨️✨️✨️✨️✨️✨️✨️✨️✨️✨️✨️✨️✨️✨️


￼

아라마사 주조에서 6호효모를 발견한
토우지(양조책임자)가 만든 아키타양조  주식회사의
「유키노비진」

양조장 최초로 WEB3.0을 응용한 크라우드소싱형
'가상 양조장 경영 체험' 양조프로젝트를 만든
시와주조점의 「시소라」


【사케라인업】

1. [아키타양조 주식회사] 유키노비진 준마이다이긴죠

2. [아키타양조 주식회사] 유키노비진 
준마이긴죠 이치호즈미

3. [아키타양조 주식회사] 준마이긴죠
아키타사케코마치 스파클링

4. [시와주조점] 시소라 준마이긴죠
음표 라벨

5. [시와주조점] 시소라 준마이긴죠
파이어 라벨

6. [시와주조점] 시소라 토쿠베츠준마이
모미지 라벨

7. [시와주조점] 시소라 준마이긴죠
하츠시보리 스기다마 라벨

8. [시와주조점] 시소라 준마이긴죠
파인애플 라벨

9. [시와주조점] 시소라 준마이긴죠
스노우 라벨


마시면서 알아봅니다!
 🙌




╭─────────────╮

입으로 들어가는 건
참가비와 별도로 현장 와리캉(1/n)

> 풀방기준 3.3만원 <
인당 와리캉이 너무 높아지지 않도록
참가인원에 맞춰 병수 조절하고 있습니다🙌

❗️사케 특성상 오픈하면 다 비워야합니다❗️
따라서 현장에 모인 사람들끼리
합리적으로 나눠내고 있습니다.

노쇼로 인한 호스트의 부담을 줄이고
질병이나 경조사 등 부득이하게 취소할 경우
게스트가 감수해야하는 손해를 줄이기 위함입니다.

╰─────────────╯



【우리 먹을 거】
사케는 와인이나 위스키와 달리
일상의 식사와 함께하는 식중주로서의 역할이 큽니다.
따라서 핑거푸드가 아니라 참가비 내에서
가능한 제대로 준비합니다.

빨리 & 많이 드시는 분께서는
개인적으로 주전부리를 챙겨오시면 서로 좋겠어요 🙌


🐟 모듬회
🦀 게살장 카나페
🥩 냉제육
🍗 카라아게
🍢 오뎅탕
🥔 감자샐러드
🫛 에다마메
🥨 스낵


클래스 3시간은 술의 맛과 가치
그리고 서로에 대해 천천히 알아갑니다!
클래스 중간중간 서로 대화할 수 있는 시간을 드려요.
(3시간 중 기초지식 30분)

선택사항 뒷풀이 2시간은 각자 자유롭게 교류!
클래스 시간동안 천천히 예열이 되기 때문에
뒷풀이가 생각보다 더 즐거울 거에요🤗
밖에 나가서 사오거나 술이나 음식 지참 OK



☑️ 최소인원은 호스트 2명 포함 8명입니다.
✅️ 최대인원은 호스트 2명 포함 25명입니다.
인원미달로 취소될 경우 100% 환불해드립니다!

11시부터 호스트들은 치우기 시작합니다. 
(뒷정리 2시간 정도 걸립니다. 그동안은 계셔두 되여~)
뒷정리 끝나면 마음 맞는 분들끼리 3차 가십셔.
여기 주위에 아침까지 놀 수 있는 곳이 많답니다🔥

□사제 ~04:00(도보2분)
맛있고 가까워서 좋은 이자카야
□용과서울 ~02:00 (도보3분)
맛있고 분위기 좋은 중식 맛집.
메뉴가 현지느낌 나고 흑수저 요리사들도 자주 찾음.
□구주 ~02:30 (도보3분)
무난무난한 이자카야
□행복한 우동가게 ~04:00 (도보4분)
가성비 좋고 소주 마시기 좋은 무난한 안주 구성!
□역전할머니맥주 ~05:00 (도보3분)
말해뭐해, 다들 아는 만만한 맥주집
□탑클래스 PC방 24시 (도보2분)
막차는 놓쳤고 함께 놀 사람도 없다면?
넓고 성능 좋고 향기롭고 쾌적한 PC방에서 시간 때우기
□판타스틱 코인노래방 24시간 (도보2분) 
15~20명도 수용할 수 있는 단체룸이 있어요!
□육회꽃필무렵 ~12:00 (도보2분)
콜키지도 되고 맛있고 가성비가 좋아요!
□홍홍 ~02:00 (도보2분)
중국집에서 고량주
□함경도참쌀순대 24시간 (도보6분)
유명한 맛집이에요. 20여명 단체 수용 가능.
순대 또는 순대국에 쏘주로 마무리 하고 싶다면 추천.
□토리키치 가락점 ~01:00 (도보7분)
야끼토리에 하이볼3900원
□생마차 ~02:30 (도보5분)
닭날개튀김에 맥주1900원
□뉴코뮤직타운 24시간 (도보10분)
가락시장역 3번출구 근처에요.
술마시면서 아침까지 노래하고 놀고 싶다면 추천.
□어라운드더클락 24시간 (도보10분)
가락시장역 3번출구 근처 24시간 아늑한 카페에요.
1.5층에 빈백이 있어 편히 쉴 수 있어요
□가락몰 24시간
심야시장구경?
유명식당 등 24시간 음식점도 있음




【이런분들과 함께하고 싶어요】

👤술을 좋아하는 자기계발러
👤주위에 피해가지 않게 귀엽게 취하시는 분
👤일본어로 대화하고 싶은 분
👤일본어는 못하지만 배워보고 싶은 분
(질문하시면 알려드려요!)
👤교토여행 가고 싶은/가 본 분
👤일본으로 워홀 가고 싶은/갔다온 분
👤일본얘기 나누고 싶은 분
이중 하나라도 해당되는 분,
잇쇼니 노미마쇼! (함께 마셔요!)




✅️ 여러분 혹시 사케가 맛없다고 느낀 적 있나요?
이자카야나 마트에서 처음으로 사케를 접한 분들은
대부분 사케가 맛없는 술이라고 생각하더라구요.
하지만! 사케에는 정말 다양한 구분과 양조법이 있어요.
""당신, 사케를 싫어하는 것이 아니라 아직 입에 맞는 사케를 만나지 못한 것일 수 있다!""
양조장 사람들의 삶과 철학을 담아 발효시키고 관리되는
'가슴으로 빚는 술', 사케.
그만큼 다양한 스토리와 맛과 향이 있답니다.

✅️홈자카야는 그저 부어라마셔라취해라가 아닙니다.
'술' 그 자체에 호기심을 가진 지성인들이 만나
술에 대한 지식을 나누면서 교류하고
즐겁게 마시다보니 취기와 텐션도 서서히 올라
이내 마음도 열게 되는 모임입니다.

✅️ 이자카야, 오마카세, 사케Bar 등에서
잘 알지못해 주문하기 어렵던 비싼 술들을
당당하게 주문할 수 있게 됩니다!
와인이나 위스키는 비싸도 주문하면서
사케는 왜 못하시나요!

✅️ 호스트의 경험상, 
술자리에서는 남녀노소 친구가 될 수 있습니다.
따라서 연령제한을 두지 않습니다.
(30대가 가장 많고 그 다음으로 20대가 많습니다)
다양한 이야기를 가진 사람들과의 대화는 재미있고,
때로는 나를 성장시켜주기도 하거든요.

✅️ 조건이 있습니다. 취해도 귀여워야해요.
이 말이 무슨 뜻이냐면 ㅋㅋ
취했다고 주위 사람을 불편하게 하면
안된다는 뜻입니다. 🙅‍♀️
잘못된 언행은 취했다고 정당화될 수 없어요.
총 100회 이상 모임을 열면서
귀엽지 않았던 분은 열명이 될까말까지만
앞으로도 우리 모두 귀엽기 위해 적어봅니다!
✋️ 내 실수도 상대방의 실수도 귀엽게 봐줍시다.
✋️ 다름을 틀리다며 부정하는 건 귀엽지 않습니다.
✋️ 언행이 거칠어지면 귀엽지 않습니다.
✋️ 주량조절실패는 홈자카야에서는
빌런이 아니라 저런..입니다. 
우리 모두 성인이니까 저런이 되지 않도록
잘 조절해가며 즐깁니다.
✋️ 서로에게 개인정보를 공유한 뒤 개인간 벌어진
귀엽지 않은 갈등은 호스트 및 커뮤니티와 관련없는
일임을 인지합니다.

✅️ 참가자도 호스트 성향 따라간다더니
너무 높지도 너무 낮지도 않은 텐션인 분들이
많이 오십니다. (가끔 예외는 있음)
취향과 텐션이 맞는 사람들끼리 친구해요!

✅️ 혼자서는 마시기 힘든 술들을 다함께 마시면
부담없이 신나게 즐길 수있죠!
술에 대해 잘 모르지만 알고 싶은 분들 대환영!
잘 아는 분들은 알려주는 재미,
잘 모르는 분들은 알아가는 재미가 있어요.

✅️ '문토치고는 모임비가 높은 거 아닌가?'
라고 생각하신 분들 분명 계실 거에요.
비용이 납득되지 않았다면
자주 찾아주는 사람들이 없었겠죠?
높은 모임비만큼의 호스피탈리티와 퀄리티,
그리고 좋은 사람들과 좋은 시간들을 보장합니다.

따라서 홈자카야는 재방문율이 매우 높습니다. 





⚠️주의해주세요⚠️

너무 신나서 과음하게 될 수 있어요.
저도 술을 좋아하고 많이 마셔봐서 이해합니다!ㅎㅎ

놀다가 취기가 많이 올라온다 싶으면!!
1. 술 대신 물 마시며 술 깨기
2. 잠시 엎드려서 쉬기 (적당히 재우고 깨워줄게요)
3. 택시 타고 귀가하기

불필요한 터치 또는 선 넘는 말 등의
귀엽지 않은 주사로 함께 하는 멤버들을
힘들게 만드는 분이 있을 경우!!
🟡 1회 경고 ""어어~ 지금 귀엽지 않습니다~""
🟥 2회 강제귀가 및 모임신청불가

✅️
같은 공간에서의 2차는 호스트가 케어해드리지만
3차부터는 개인의 영역이므로
호스트 및 커뮤니티와 관련이 없음을 인지합니다.

🤗 행복하고 건강한 음주 문화를 지향합니다.
취하기 위해 술을 마시는 것이 아니라
어쩌면 취하기도 하는, 즐거운 시간을 마신다는 것!!
잊지 말아요~♪",사케 | 니혼슈 | 술모임 | 자만추 | 교류,30000,24,9,송파구,2026-08-01T09:00:00.000Z,CHOICE,CLASS,13018,club:13018,0,0,N,,,,N,없음,,B,사교표현: 뒷풀이,중,,,,미검토
663790,2026-07-30T05:37:13+00:00,문토,default,37,https://www.munto.kr/detail-socialing?id=663790,13,소셜게임,보드게임,👩‍🚀[금🌙🌙]🌃꾼들의 밤🌃우주모임 올나잇 보드게임,"💚 본 모임은 누구나 참여할 수 있습니다 💚


━━━━━━━━━━━━━━━━━━━


한주간의 스트레스를 뻥 날려버릴 특별한 밤


우주모임의 시그니처 올나잇 이벤트
🌃꾼들의 밤🌃에
당신을 초대합니다.


━━━━━━━━━━━━━━━━━━━






￼




안녕하세요!


문토에서 보드게임 모임만 3000번 이상 오픈한 
'진짜' 보드게임 러버 우주모임 입니다.








평소 3시간 모임에서는 
느껴볼 수 없는
다양한 게임의 세계
이제 밤새 맘~껏 즐길 수 있습니다!





특별한 보드게임 올나잇!




-게임 종류-


파티게임
마피아게임
카드게임
입문전략
하드전략
TRPG
마작
크라임씬
...


1000개 이상의 게임들이 
기다리고 있습니다!

특별히 하고 싶은 게임이 있으면
말씀만 해주세요! 
그날의 멤버들이 
가장 원하는 라인업으로 
진행됩니다!


그리고 


잠쉬 쉬어갈때는 

플스존과 스위치존

혼자 또는 같이 즐길 수 있는
콘솔게임존에서
100개 이상의 최고 인기타이틀이
준비되어 있습니다



￼






🎉 제공 사항


한 번 플레이하면 멈출 수 없는, 
세심하게 선정된 게임들!
/
짜릿한 승리를 향한 치열한 전략과 블러핑
/
우주모임의 다정한 멤버들의
완성도 높은 보드게임 진행!
/
🍹음료&과자🍪
/
졸리면 잠시 쉴수 있는 휴식 공간🛌까지







￼

￼",보드게임 | 파티 | 보드게임파티,32000,23,7,강남구,2026-07-31T14:00:00.000Z,CHOICE,NORMAL,12098,club:12098,12,12,Y,API 성별정원 남12/여12,,,N,없음,,C,성비 정원/조절 명시,상,,,,미검토
663725,2026-07-30T05:37:13+00:00,문토,default,38,https://www.munto.kr/detail-socialing?id=663725,3,푸드·드링크,요리,[성수카세]7월 마지막 전어세꼬시&한치국수 해물 좋아하는분들 불금보내요😄,"안녕하세요. 을지로에서 9년 카레집을 운영하고
신당동으로 옮기게 되었습니다.
점심은 카레 저녁에는 제 이름을 따서
성수카세를 운영하고 있어요😁

7월 전어가 뼈가 억세지 않아 회로 즐기기 좋은데
해물 특집으로 전어회&한치국수 등 여러가지 음식
해드릴게요😄 같이 맛있게 먹어요.
매번 소셜링 마다 새로운 요리 하고 있는데
맛있는 음식에 한잔 하시고 싶은 분들 오세요😁
너무 지나친 음주 지향 하시는 분들은 
술파티 가시면 좋을 것 같습니다

요리 전공은 아니지만 많이 먹고 만들다 보니
음식은 자신 있습니다 🙂
다들 배부르게 드실 생각하시고 오시길 추천드려요~
저는 음식만드는 걸 좋아하고
같이 맛있는것을 먹는것도 좋아해서
열게된 소셜링 이니 사회친구도 만들고 
동네친구 만들고 싶은 분들은 편안하게 오세요~

소주로 취하지 않게 레몬즙도 준비되어있습다.😄

술은 생맥주&소주 준비되어있고 못드시는 분들은
가볍게 하이볼 또는 음료수 준비 되어있어요.


처음에는 든든한 고기류로 세팅을 하고 점점 가볍게 술과 곁들일수 있는 음식들로 따듯하게 바로 만들어서 가져다드립니다😄

￼￼

이번에 차려질 음식은 소주와 어울리는 음식입니다~🍶
🐟 전어세꼬시&회
🦑 한치회국수
🍱 청어알두부쌈
🐚 골뱅이술찜
🦐 애호박새우조림
🥚 크리미스크램블
기타 등등

안주처럼 보이지만 식사로도 가능 하기 때문에
술을 많이 안드시는 분도 참여가능 하시고
카레 좋아하시면 카레도 해드려요.


술은 자기 주량에 맞게 적당하게 드시는 걸 권장하고 못드시는 분들은 음료수가 준비 되어 있습니다😄

☆ 안내 및 주의사항
- 최소 인원은 4인 이상시 진행됩니다.

★ 이런 분 환영해요
- 인근에 사는 동네친구가 필요한 분
- 사회 친구를 사귀고 싶으신 분
- 활동적이고 서로 이야기 나누면서 같이 공유하실 분

★ 이런 분 죄송해요
- 무리하게 과음하시는 분!! 술은 적당하게!!
- 취하게 드실분은 정중하게 거절드려요 ㅠ
- 대놓고 보이는 이성 목적!!
- 종교포교!!보험영업!!
- 매너점수36.5도 이하는 죄송합니다.",요리 | 소셜다이닝 | 성수카세 | 신당동 | 푸드파티,30000,10,4,중구,2026-07-31T10:10:00.000Z,CHOICE,NORMAL,14838,club:14838,0,0,N,,25,40,Y,API minAge/maxAge,,미판정,A/B 판정은 활동구체성 수기 검토 필요,하,,,,미검토
664383,2026-07-30T05:37:13+00:00,문토,default,39,https://www.munto.kr/detail-socialing?id=664383,3,푸드·드링크,파인다이닝,"🥩동파육, 중화냉면, 유린육, 버섯무 솥밥 7.30","Supper Club.


조금 낯선 말일 수 있습니다.


쉽게 말하면,
정해진 날 정해진 사람들끼리 모여
호스트가 준비한 음식과 술을 함께 나누는
작은 저녁 모임입니다.


일반 식당처럼
각자 메뉴를 고르고 조용히 식사만 하고 가는 자리가 아니라,


그날을 위해 준비된 음식이 있고,
그날 처음 만난 사람들이 있고,
그 사이에서 자연스럽게 대화가 이어지는 자리.


조금은 낯설게 시작하지만,
한 접시씩 음식이 나오고,
잔이 채워지고,
이야기가 오가다 보면
어느새 분위기가 조금씩 풀리는 저녁.


그날의 재료와 분위기에 맞춰
가볍게 시작하는 접시,
대화를 이어주는 따뜻한 접시,
함께 나누기 좋은 메인 요리와 사이드 플레이트로 준비됩니다.


Appetizer

<참외 카르파쵸>



￼








그동안 우리는
‘댠식당’이라는 이름으로
음식이 있는 소셜다이닝을 만들어왔습니다.

처음 만나는 사람들과
한 테이블에 앉아 음식을 나누고,
어색함을 조금씩 풀어가며,
그날만의 대화와 분위기를 만들어가는 자리.





Starch

<봉골레 파스타>


￼









누군가에게는
평범한 하루 끝의 저녁이었고,

누군가에게는
새로운 사람을 만나는 작은 용기였고,

누군가에게는
생각보다 오래 기억에 남는 밤이었습니다.

그리고 이제,
진짜로 우리가 운영하는 가게가 생겼습니다.




Main

<포르게타>



￼








문 밖에서는
평범한 하루가 지나가고,

문 안쪽에서는
조금 다른 밤이 시작됩니다.

조명이 낮게 켜지고,
테이블이 차려지고,
그날의 음식이 준비되고,
처음 보는 사람들이 하나둘 자리에 앉습니다.





Side Plate

<로메스코와 빵>


￼









처음에는
무슨 말을 해야 할지 조금 어색할 수 있습니다.

하지만 좋은 음식이 나오고,
잔이 채워지고,
가벼운 이야기가 오가다 보면
그 어색함은 생각보다 자연스럽게 풀립니다.

억지로 친해지라고 밀어붙이는 자리가 아니라,
같은 테이블에 앉아
같은 음식을 먹고,
같은 분위기를 나누다 보니
조금씩 가까워지는 자리.

우리가 만들고 싶은 저녁은
그런 쪽에 가깝습니다.





￼




Warning!

BACK ROOM SUPPER CLUB은
편안한 분위기와 빠른 친밀감을 위해
반말 모드로 진행됩니다.

처음에는 조금 낯설 수 있지만,
서로의 나이와 직업, 사회적 위치를 잠시 내려놓고
조금 더 가볍고 편하게 대화하기 위한 방식입니다.

혹시 반말이 불편하시거나,
격식 있는 식사 자리만을 기대하신다면
참여가 어려울 수 있으니 참고 부탁드립니다.🙏



즐기는 법

1. 가게 문을 들어서는 순간부터 반말 모드로 함께하기

2. 처음 보는 사람에게도 가볍게 말 걸어보기

3. 음식, 술, 대화, 공간의 분위기까지 전부 즐기기

4. 1차가 아쉬운 사람들이 많으면 2차까지 자연스럽게 이어가기

단, 2차 진행 시 추가 비용이 있을 수 있습니다.🙏

주의사항

1. 과음으로 인해 의사소통이 어렵거나 타인에게 불편함을 주는 경우 호스트 판단하에 환불 없이 퇴장될 수 있습니다.

2. 늦참은 가능하지만, 지나간 음식이 다시 제공되지는 않습니다. 코스를 온전히 즐기고 싶은 분은 정시에 와주세요. 

3. BACK ROOM SUPPER CLUB은 모두가 즐거운 시간을 보내기 위한 자리입니다. 과도한 스킨십, 부담스러운 플러팅,
불편한 게임 진행을 원하시는 분은 참여가 어렵습니다.

4. 모임 중 공간의 분위기와 음식 기록을 위해 사진 및 영상 촬영이 진행될 수 있습니다. 촬영된 사진과 영상은 개인 식별이 어렵도록 블러 처리 후 사용됩니다

5. 당일 재료 수급 상황에따라 메뉴가 변경될 수 있습니다.

우리의 약속

1. 음식은 우리가 운영하는 공간에서 직접 준비합니다.

2. 처음 온 사람도 어색하게 방치되지 않도록 호스트가 분위기와 흐름을 살피겠습니다.

3. 최대한 성비를 맞추기 위해 노력하겠습니다.

4. 참가자들의 즐거움을 위해 최선을 다해 노오오력하겠습니다.",소셜다이닝 | 상수 | 홍대 | 마포 | 퇴근 한 스푼,39000,35,8,마포구,2026-07-30T11:10:00.000Z,CHOICE,NORMAL,,title:동파육 중화냉면 유린육 버섯무 솥밥,0,0,N,,,35,Y,API minAge/maxAge,,B,사교표현: 2차,중,,,,미검토
664020,2026-07-30T05:37:13+00:00,문토,default,40,https://www.munto.kr/detail-socialing?id=664020,3,푸드·드링크,베이킹,🍑8월 할인! 제철 복숭아 타르트 만들기!,"🚨호스트를 팔로우 해 주시면 추후 소셜링 개설시 빠른 확인 가능하세요


📣모든 소셜링은 클럽 가입 필요없이 신청 가능합니다. 자유롭게 소셜링 참가 신청해 주시면 되어요!


🙌늦참이 가능합니다. 미리 말씀해 주시면 진행 과정 미리 준비해 두고 있을께요. 


📞소셜링 시작 1시간 전 신청이 마감됩니다. 직전 신청으로 빠른 승인 필요한 경우, 네이버 지도의 베이커즈로 연락 주시기 바랍니다!

🥧🥧


🤗안녕하세요, 을지로 3가 근처에서 베이킹 소셜링을 진행하는 호스트 입니다! 


🧈재료가 단순해도, 결과물이 투박해도, 처음부터 끝까지 직접, 모두가 함께하고 나중에 또 혼자 해 볼 수 있는 홈베이킹에 가깝도록 모든 일정 준비하고 있어요.


🍞나중에 혼자 만들 수 있는 레시피, 가져갈 수 있는 포장, 주위에 충분히 나누기 좋은 수량이 모두 포함입니다. 추가 요금 일체 없어요. 


🙌직접 만들고 완성한 것을 소중한 사람들과 나누며 느끼는 작은 성취감이, 일상의 만족이 되기를 바랄께요!


🙏베이킹 처음 해 보시는 분들도, 해 보신 분들도, 모두모두 환영합니다!





￼





🧈 이번 소셜링에서는 복숭아 타르트를 만들어 볼께요. 제철 복숭아를 한 명당 하나씩 써서, 원하는 형태로 손질해 올릴 거에요.


🍑직접 손질한 복숭아, 크림 필링, 과자 부분이 잘 어울릴 거에요!





￼





📆진행일 : 8/15, 토요일


⏰시간 : 오전 11시, 3시간


🍽️메뉴 : 복숭아 타르트
* 인당 큰 것 1개(지름 15cm) 완성 포장해요


📍장소 : 을지로 3가 근처 공유주방
* 을지로 3가 근처의, 독립된 넓은 공간이에요!
* 소셜링 그룹채팅방에서 상세 안내 드려요!


🙌참가비 : 31,500
* 공유주방, 재료비 일체, 문토 수수료 등 모든 비용 포함되어 있어요 
* 최근 준비된 일정 중 일부, 참가비 35,000 원 에서 31,500 원 으로 할인 진행합니다. 


🤝진행인원 : 호스트 포함 17인


🔔🔔


* 진행 메뉴의 경우, 갑작스럽게 재료 수급에 문제가 생기는 경우 부득이하게 다른 메뉴로 진행할 수 있어요. 참가자 분들께, 미리 알려 드릴께요!

* 홈베이킹 소셜링 방향성 준수를 위해, 승인제로 진행합니다. 간단한 문답을 작성해 주세요. 확인 후 승인 도와드리겠습니다. 문답 내용이 부족한 경우 별도 안내 없이 신청 거절될 수 있습니다. 

* 소셜링 전, 신청 인원에 따라 일정 변동이 있을 수 있어요. 추후 공지 드릴께요. 

* 호스트가 중요하게 생각하는 홈베이킹 방향성을 지키고자 합니다. 지나치게 낮은 매너점수나 전현직 베이킹 업계인 분들 등, 필요한 경우 추가 확인 후 신청 승인 도와드리겠습니다. 

* 늦참이 가능합니다. 부득이한 일정으로 늦으시는 분, 예상 도착시간 말씀해 주시고 참가하시면 되어요! 오셔서 함께할 수 있도록 작업 미리 준비하고 있을께요!

* 궁금하신 점이나 문의사항 있으신 경우, 언제라도 1:1 메세지나 댓글로 연락 주세요. 감사합니다!


🎈🎈


🥳베이커즈에서 만나요!",홈베이킹 | 베이킹 | 요리,31500,16,4,중구,2026-08-15T02:00:00.000Z,CHOICE,CLASS,3980,club:3980,0,0,N,,,45,Y,API minAge/maxAge,,미판정,A/B 판정은 활동구체성 수기 검토 필요,하,,,,미검토
664375,2026-07-30T05:37:13+00:00,문토,default,41,https://www.munto.kr/detail-socialing?id=664375,3,푸드·드링크,맥주,[힙지로 술뜰리에🍻] 한잔의 추억_퇴근 후 삼겹살&쭈꾸미&냉면에 쏘맥한잔,"[불금에 같이 삼겹살 먹고 싶고 그래서..🍶 ]



￼


치열하지만 멋진 갓생을 살고계시는 여러분을 모십니다_!
술 한잔 하면서 캐쥬얼하게 사는 이야기 해요:)


ヾ(๑╹◡╹)ﾉ” 💝ヾ(๑╹◡╹)ﾉ” 

장소- 을지로 공간
러닝 타임- 150분

￼



여기 분위기 너무 좋은데 뭐라 설명할 방법이 없네...🤫
이 곳은 밤에 두런두런 술 먹기 딱 좋은 공간!!
모닥불은 없지만 훈훈한 감성에 취하는 그런 공간!!
다양한 분야의 사람들을 만날 수 있는 기회까지!!

호스트가 직접 준비한 인생관, 가치관에 대한 질문지와
직업, 사랑, 연애, 고민, 예술, 철학 등등 함께 생각을 나눠요😊

소란스럽지 않게 진행할 예정이라 내향인들도 충분히 즐겁게 즐기실 수 있어요!

그 시절 대학교 엠티 느낌으로 간단한 게임도 할건데 좀 더 어른스럽고 건전하고 차분하게 놀거에요🤭

근심은 잠시 내려놓고, 씐나게 90년대 노래 들으면서 텐션 UP! 그러다 분위기에 취해 김광석 플리로 감성 충전🙌


￼


술을 못드시는 분들을 위해 논알콜 음료도 준비해 놓을게요:)

일단 용기내어 한번 와보세요,
만족도 100% 후회 없는 선택!

동성/이성 관계 없이 취향이 맞는 사람끼리 술 한잔 기울이며 찐친 되는 것이 이 모임의 주목적입니다✊


나이 때문에 고민이라구요? 상관 없어요!
우리 모두 마음 만은 젊다는 걸 잘 알아요👯‍♂️

나이는 숫자! 마음이 진짜!

모임 연령대를 폭넓게 설정해 두었어요! 나이에 구애 받지
않고 친구 만들 분들만 신청 부탁드립니다🤗


헬스나 클라이밍 혹은 독서, 영화 보기, 캠핑, 맛집 탐방 등 취미가 맞는 친구들과 후에 만나 함께 취향 공유하는 것도 너무 좋겠죠?!


￼


술은 잘 못하지만 술자리를 즐길 준비가 되어 있다면 누구든 참여 가능합니다. 논알콜 음료 항시 대기🧃


￼


기회가 된다면 소화시킬겸 같이 윷놀이나 보드게임해요:)


청량한 인센스 향과 힙한 플레이리스트, 
다양한 분야의 멋진 사람들😎
생각만해도 기분이 좋아져요💫


🌟제공 사항

-삼겹살, 쭈꾸미 볶음, 시원한 냉면, 야채 준비해 둘게요🥩
-맥주, 소주🍻
-후식으로 볶음밥🍛
-술을 많이 못 드시는 분들을 위한 논알콜 음료🧉

🎈함께 하고 싶은 게스트🎈

🔹️술자리 매너가 좋은 사람
🔹️삶의 환기가 필요한 사람
🔹️자기 계발에 관심이 있는 사람
🔹️다양한 분야의 사람들을 만나고픈 사람
🔹️나누고픈 생각과 사유가 있는 사람
🔹️술자리에서 활력을 얻는 사람
🔹️다방면에 호기심이 왕성한 사람
🔹️취미를 만들고 싶은 사람

✔공지사항✔

🔸️시작 10분 전부터 입장 가능합니다👐
🔸️참여 승인 후 모임 당일날 오전에 장소를 알려드릴게요😉
(을지로 4가 부근)
🔸️인원수에 따라 메뉴, 프로그램 내용 등은 변동될 수 있습니다🙃
🔸️무례한 언행이나 욕설, 반말 금지입니다🚫
🔸️과도한 이성 만남의 목적보다는 자연스런 만남 추구👍
🔸️본 소셜링은 문토 환불 규정을 준수합니다🙏
🔸️당일 취소, 날짜 변경 불가하오니, 신중하게 신청해주시길 바랍니다.
🔸️원활한 진행을 위해 매너온도에 따라 참여가 제한될 수 있습니다.
🔸️취향과 관심사 등의 조합을 고려하여 게스트를 모집하고 있습니다. 이번에 승인되지 않은 분들은 다음 기회에 또 함께해요🌟
🔸️이번 회차는 특가로 진행됩니다.
🔸️다음 회차부터 가격이 변동될 수 있습니다👐
🔸️정해진 시간 이후에 더 이야기 나누고픈 분들에 한해 2차 장소로 이동하거나, 소정의 공간 이용료가 부과될 수 있습니다. (선택 사항)


※ 지나친 음주로 분위기를 험악하게 만드시는 분은 호스트의 재량으로 퇴장 당할 수 있습니다! 적당하게, 매너있게 즐겨요😙

※유의미하고 무해한 모임 환경을 추구하고 연구합니다.

※모임 1시간 전까지 최소 인원이 모집되지 않으면 취소될 수 있다는 점 양해부탁드립니다. 
(취소시 전액 환불되오니 걱정 마세요☆)
따라서 미리 신청해 주시면 감사하겠습니다💙


잔잔하며 화끈한 도시의 밤 같이 보내요
⚡⚡⚡",가볍게한잔 | 퇴근후한잔 | 삼겹살 | 쏘맥 | 을지로,42000,14,4,중구,2026-07-31T10:30:00.000Z,CHOICE,NORMAL,,title:한잔의 추억 퇴근 후 삼겹살 쭈꾸미 냉면에 쏘맥한잔,0,0,N,,,45,Y,API minAge/maxAge,,B,사교표현: 2차,중,,,,미검토
662426,2026-07-30T05:37:13+00:00,문토,default,42,https://www.munto.kr/detail-socialing?id=662426,13,소셜게임,추리게임,👩🏻‍🚀[토🌙고정] 머미 미스터리파티 🕵️‍♀️<별빛하늘에 소망을> f.샤인,"💚 본 모임은 사전에 정해진 분들이
(샤인, 성완, 초코나무, 럼블, 해린, 민첩한하루, 죠니)
참여할 수 있는 고정모임 입니다 💚

고정모임 오픈은
우주모임을 통해 신청 가능합니다!



오늘 게임은

<별빛하늘에 소망을>

입니다



🔎🔎🔎

크라임씬 몰입을 위한
우주모임의 치트키

￼    용",크라임씬 | 보드게임 | 추리,26000,7,6,강남구,2026-08-15T10:00:00.000Z,CHOICE,NORMAL,12098,club:12098,0,0,N,,,,N,없음,,미판정,A/B 판정은 활동구체성 수기 검토 필요,하,,,,미검토
664291,2026-07-30T05:37:13+00:00,문토,default,43,https://www.munto.kr/detail-socialing?id=664291,9,파티,홈파티,여름밤한강뷰홈파티❤️광장시장족발떡볶이빈대떡🐷🐷,"소셜링일정은
⬆️ 동그라미 프로필클릭!


1.리뷰 410+ 5.0 검증된리뷰로 말씀드리겠습니다
2.허위인원,알바생무료초대없음
3.혼자와도 괜찮은 부담없는 소셜링
4.허위인원,무료초대가 없기에 초반에
인원이 적어보이지만 진행내역을 보시고
믿고 신청주시면 감사하겠습니다




“스무스한 진행과 맛있는 식사가 있는
혼자와도 괜찮은
부담없는 친구or연인 사귈수있는
대화형 소셜링”

특별한 메뉴는 하단홧인!⬇️



￼

￼

”서울3대시장“

광장시장떡볶이 어묵
광장시장 족발
광장시장 녹두전



“ 직접 오토바이타고
 줄서서 사옵니다.. 대략 한시간.. 
우린 배달의 민족입니다..



￼


￼


￼",한강 | 한강뷰 | 게하파티 | 지강타로,38000,20,5,용산구,2026-07-30T11:00:00.000Z,CHOICE,NORMAL,,title:여름밤한강뷰홈파티 광장시장족발떡볶이빈대떡,0,0,N,,,,N,없음,,미판정,A/B 판정은 활동구체성 수기 검토 필요,하,,,,미검토
665756,2026-07-30T05:37:13+00:00,문토,default,44,https://www.munto.kr/detail-socialing?id=665756,9,파티,컨셉파티,⛱️도파민 팩토리⛱️🖤홍대특집🖤도파민파티🖤,"⛱️도파민 팩토리 홍대특집!⛱️

홍대에서도 어김없이 여러분의

”도파민을 채워 드리겠습니다“



🏭 Dopamine Factory!! 🏭




￼




🖤홍대 특집 만의 깔끔하고 무드있는 공간에서 진행합니다🖤

🔥100명까지 수용 가능🔥



-----------------------------------------------------




▶️▶️▶️  20:30 시작⏰ ◀️◀️◀️


⌚️러닝타임 180분!!⌚️


🥨🍗안주 6종류🍕🍟 제공에 💲39990원!


소주, 맥주

무.제.한.무.상.제.공!


재미😆, 흥미🤩, 산해진미😋

3미를 만족시켜줄 파티🥳




🟰




🏭 𝑫.𝑶.𝑷.𝑨.𝑴.𝑰.𝑵 _𝑭.𝑨.𝑪.𝑻.𝑶.𝑹.𝒀  🏭





￼




🔫맡겨둔 도파민 찾으러 오세요🔫




“뚝-딱-뚝-딱 🛠️ 위-잉-위-잉🦾”


안녕하세요👋🏻👋🏻 신입(?) 호스트

도파민 공장장 입니다👨🏻‍🏭




-----------------------------------------------------




요즘 같은 불경기🚨, 노잼시기😑에

함께 도파민을 생산할 직원🧑🏻‍🏭👩🏻‍🏭을 모집합니다




▶️▶️▶️ 준비물 ◀️◀️◀️



오늘 하루 즐겁게 놀고자 하는 ⭐️열린 마음⭐️



-----------------------------------------------------




🔥🔥🔥프로그램 소개🔥🔥🔥








￼










❗️ 이. 게.   끝. 이.   아. 닙. 니. 다. ❗️










￼




▶️▶️▶️ 도파민 팩토리의 채용 조건은 다음과 같습니다 ◀️◀️◀️


🔽


❶ ​무료하고 반복되는 일상에 
지치신 분


❷ 퇴근 후 or 쉬는 날 저녁을 
그냥 보내긴 아쉬운 분


❸ 다양하고 새로운 인연을
만나고 싶으신 분


❹ 함께 맛있는 음식을 먹으며
파티를 즐기고 싶으신 분


❺ 도파민을 사랑하는 사람이라면
누. 구. 나!





단, 이런 분들은 곤란해요😢


🔽


💔 과도한 스킨쉽, 만취 후 난동 등...
다른 게스트 분들에게 피해를 주시는 분


💔 지나치게 닫힌 마음으로 주변의
지속적인 케어가 필요한 분


💔 지나치게 타인에게 무례하신 분


💔 파티룸의 책상, 의자, 전자기기 등...
 물품을 파손하시는 분


💔 매너 온도 36도 이하의 
저체온증이신 분




￼




▶️▶️▶️ ‘잘 중독되는 사람이 더 성공한다!?’ ◀️◀️◀️




여러분, 저 공장장👨🏻‍🏭 함께

도파민 팩토리🏭에서

미치광이이자 천재로

중독자이자 창조자로

거듭나는 즐거운 시간을 가지며

잊지 못할 추억을 만들러 오세요🤗",도파민 | 찐친 | 썸연애 | 바다 | 휴가,39900,59,15,마포구,2026-08-01T11:30:00.000Z,CHOICE,NORMAL,,title:도파민 팩토리 홍대특집 도파민파티,0,0,N,,,35,Y,API minAge/maxAge,,미판정,A/B 판정은 활동구체성 수기 검토 필요,하,,,,미검토
664290,2026-07-30T05:37:13+00:00,문토,default,45,https://www.munto.kr/detail-socialing?id=664290,9,파티,홈파티,여름밤한강뷰홈파티❤️광장시장족발떡볶이빈대떡🐷🐷,"목,금,토 오픈!

1.리뷰 410+ 5.0 검증된리뷰로 말씀드리겠습니다
2.허위인원,알바생무료초대없음
3.혼자와도 괜찮은 부담없는 소셜링





“스무스한 진행과 맛있는 식사가 있는
혼자와도 괜찮은
부담없는 친구or연인 사귈수있는
대화형 소셜링”

특별한 메뉴는 하단홧인!⬇️



￼

￼

”서울3대시장“

광장시장떡볶이 어묵
광장시장 족발
광장시장 녹두전



“ 직접 오토바이타고
 줄서서 사옵니다.. 대략 한시간.. 
우린 배달의 민족입니다..



￼


￼


￼


오늘주차마감",한강 | 한강뷰 | 게하파티 | 지강타로,38000,20,5,용산구,2026-07-31T11:30:00.000Z,CHOICE,NORMAL,,title:여름밤한강뷰홈파티 광장시장족발떡볶이빈대떡,0,0,N,,,,N,없음,,미판정,A/B 판정은 활동구체성 수기 검토 필요,하,,,,미검토
665603,2026-07-30T05:37:13+00:00,문토,default,46,https://www.munto.kr/detail-socialing?id=665603,7,자기계발,대화,내 연애만 어렵나요? - 퍼넥션 연애특집,"잔여석 : 여성 세 자리, 남성 세 자리


ㅡㅡㅡㅡㅡ


퍼넥션 연애특집은 남녀 매칭 소셜링이 아닙니다.


ㅡㅡㅡㅡㅡ


남녀 4명씩 연애와 결혼에 관련된 질문에
답변을 하고 고민도 꺼내며
더 깊게 이야기를 나눌거예요

'내가 생각하는 연애할 때 나의 장점은?'
'연애하면서 발견한 새로운 나의 모습은?'

등의 질문들에 답변하고 다른 성별의 시각도 알아보는 
건강한 대화모임을 지향합니다.

솔로든 커플이든 상관없습니다!

유쾌하면서도 진중하게 
대화 나누실 분들을 모시고있어요 😆


ㅡㅡㅡㅡㅡ


[퍼넥션 연애특집 미리보기]


￼



OX 질문 맛보기

1. 나는 이상형이 확고한 편이다.

2. 애인의 사소한 변화도 잘 알아채는 편이다.

3. 지금부터 시작하는 연애는 결혼을 전제로 하고 싶다.



문답 질문 맛보기

1. 내가 사랑에 빠졌다고 느끼는 순간은?

2. 소개팅 상대에게 딱 하나의 질문만 할 수 있다면?

3. 전 애인에게 영향 받았던 부분이 있다면?



ㅡㅡㅡㅡㅡ



당신을

참여형 대화 소셜링
퍼넥션 연애특집으로 초대합니다.


Funnection = Fun + Connection


안녕하세요!
사람과 질문, 그리고 재밌는 통계를 사랑히는
호스트 엘리오입니다 😀


￼



직장과 집을 반복하는 분들께
특별한 경험을 드리고 싶었고
자체제작한 프로그램을 이용하여

연애 스타일 
결혼에 대한 나의 생각

위 두 가지를 주제로 이야기 나눌 거예요.



[실제 게스트 답변]


￼



[프로그램 소개]


문답, OX
그리고
당일 공개되는 히든 컨텐츠 여러개!

총 100개 이상의
뻔하지 않은 질문들로 구성되어 있어요!

우리는 같은 질문에 답을하고
답변을 한번에 확인합니다.

답변들을 토대로
이야기 하는 시간을 가질거예요!

1️⃣ 다채로운 대화를 위해
성비는 1:1로 구성합니다! 🙋🏻‍♂️🙋🏻‍♀️

2️⃣ 휴대폰📱을 사용할거예요!
넉넉한 충전을 권장드려요!



[ 공간소개 ]


￼


많은 것이 구비되어 있는 근사한 공간을
소셜링에 사용할 예정이예요!


🧭 (봉천역 도보 5분거리) 🧭

 ⏰오후 1시 시작 (3시간소요) ⏰



📣[ 모집 안내 ] 📣

신청 양식: 1. 성별 2. 나이 3. MBTI

호스트 팔로우, 소셜링 좋아요를
하신다면 좀 더 빠르게 승인될 수 있어요!


이런 분들은 퍼넥션에 맞지않아요!

❌ 종교, 정치, 다단계 홍보 하시는 분
❌ 상대의 말을 듣지않고 본인 의견만 
계속 어필하시는 분
❌ 이성에게 과하게 어필하시는 분



📣[ 추가 공지 ] 📣

다과가 준비되어 있지만
점심식사 후 오시는 걸 추천드려요!

시간은
오후 1시부터 4시까지
세시간으로 예정되어있어요!



📣[ 환불 공지 ]📣

소셜링을 진행하기 위한
최소인원은 호스트 포함 6명이며
인원이 안될 경우에 전액 환불해드릴거예요!

문토 환불 규정을 엄격히 준수합니다!






기다리고 있겠습니다

즐겁게 만나요 👋",,40000,8,2,관악구,2026-08-16T04:00:00.000Z,CHOICE,NORMAL,,title:내 연애만 어렵나요 퍼넥션 연애특집,5,4,Y,API 성별정원 남5/여4,,40,Y,API minAge/maxAge,,C,직접표현: 소개팅,상,,,,미검토
665160,2026-07-30T05:37:13+00:00,문토,default,47,https://www.munto.kr/detail-socialing?id=665160,4,취미,사진,"실내 스튜디오, 유럽 가정집 무드 2층 단독 주택","더운 날씨엔 역시 시원하게 실내 촬영!
유럽 가정집 무드의 실내 스튜디오로 함께 촬영하러가요

📸 모델과 포토의 비율을 맞춰 모집할 계획이라
포토분들의 경우 빠른 신청이 유리해요 (최대 4인 모집 예정)

🫶 다양한 느낌으로 촬영할 수 있도록 
모든 촬영은 1:1 혹은 2:2 로테이션 형식으로 진행됩니다


￼



📸 어떤 소셜링인가요? 📸

사진을 좋아하는 사람들 누구나 모여
각자의 느낌으로 모델을 촬영하는
스튜디오 촬영을 함께 경험해봐요

촬영 후엔 사진에 관한 이야기를 나누며
다같이 자연스럽게 네트워킹까지(선택참여)

💓 촬영만 하고 헤어지는 모임이 아닌
사진으로 이어지는 자연스러운 소통까지 💓



￼


🏢 스튜디오 소개

유럽 가정집 무드의 단독 주택 스튜디오로 
다른 컨셉의 1층과 2층을 모두 사용해요

이번에 새로 리뉴얼한 스튜디오로 시설이 깔끔!

- 1층 따뜻한 유럽 가정집 무드
- 2층 블랙&화이트 미니멀 무드


📷 포토 지원 안내 

전문적인 경험이 없어도 누구나 참여 가능해요
상호간의 예의와 매너 지키며 촬영하시는 분
사진 촬영에 열정 및 애정 있으신 분
개인 카메라 갖고 계신 분
비매너 행위 적발 시 경고없이 퇴장조치


📸 모델 안내

전문적인 경험이 없어도 누구나 참여 가능해요
상호간의 예의와 매너 지키며 촬영하시는 분
다양한 컨셉과 함께 본인을 색다르게 기록하고 싶은 분
촬영 결과물 SNS 업로드 동의하시는 분
비매너 행위 적발 시 경고없이 퇴장조치


¸.•*´¨`* •.¸¸.•*´¨`*•.¸¸.•*´¨`*•.¸¸.•*´¨`* •.¸¸.•*´¨`*•.¸


📷 혼자 참여해도 괜찮나요?
대부분 혼자 오시고 잘 어울릴 수 있는 편안한 분위기에요

📷 소셜링은 얼마나 진행되나요? 
촬영(2시간) 카페(1시간) 뒷풀이(선택참여)

📷 촬영(또는 모델) 경험이 없는데 괜찮나요?
처음이여도 함께 하는 분위기에서 같이 할 수 있어요 

📷 불편한 사람은 없을까요?
신청멘트 및 매너온도를 기준으로 참여를 조율하며,
비매너 행동 시 이후의 소셜링 참여가 제한됩니다",사진 | 스튜디오 | 유럽감성,29000,8,4,강북구,2026-08-16T04:00:00.000Z,CHOICE,NORMAL,,title:실내 스튜디오 유럽 가정집 무드 층 단독 주택,0,0,N,,,,N,없음,,B,사교표현: 뒷풀이,중,,,,미검토
653983,2026-07-30T05:37:13+00:00,문토,default,48,https://www.munto.kr/detail-socialing?id=653983,4,취미,글쓰기,🦩너와나<이어지는 글 파티>🎉🖍️글쓰기 과제 선착순 5명! 이외 토론 참여,"❗️🚨드디어 겨울이가 새로운 장소로 돌아왔다🚨❗️ 

              훨씬 넓고 더 쾌적한 공간입니다.
          ❣️남녀화장실 별도 내부 구비 주의😉❣️


- 수많은 후기 참고해주세요. 
- 저를 팔로우한 순서로 수락해드릴게요.
- 프로필 성별확인 가능하게 해주세요.
- 당일 신청은 과제 진행이 불가능 합니다. 미리미리 신청주세요! (중요🔥)
- 모임의 퀄리티를 위해 글쓰기 과제는 선착순 5명만 진행합니다. 나머지는 토론 함께 참여해요😊🙋🏻‍♂️

안녕하세요 :)
네이버 웹소설 작가로 활동하는 겨울이입니다.❄️
(최근에 신작 발표 후 연재 중입니다! 필명은 모임 3번 오신 분에 한해 공개! 🤣)

그동안 <이어지는 글쓰기>에 많은 분이 찾아와주셨습니다.
무한한 사랑에 보답하기 위해, 안주하지 않고 새로운 컨텐츠에 또! 도전합니다. 
기존 <이글>을 업그레이드하여 <이어지는 글 파티!>를 진행합니다.

<이어지는 글쓰기>가 강의와 피드백, 정보 전달에 집중했다면. 
<이어지는 글 파티>는 다양한 사람의 ‘글 구경’과 자유로운 토론 형식으로 진행됩니다!

독서량이 많지 않거나, 글짓기에 자신이 없어도 괜찮습니다. 
누구나 걸음마부터 시작하니까요.

￼



[ 소개 ]

왜 글을 잘 써야 할까요?
자소서를 잘 쓰는 것부터 연인의 마음을 사로잡는 연애편지까지.
누구나 살면서 글을 쓰기 마련입니다. 
짧은 문장은 때론 누군가를 위로하고, 자기 자신을 이해하는 마음의 창이 되곤 하죠.

글을 잘 쓴다는 건 그 자체로 정말 매력적인 일입니다. 
인생에 반드시 도움도 되고요!

10년 넘게 현업에서 활동해온 작가로서 글쓰기 소셜링을 진행합니다.

글이란 정말 신비롭고 재밌는 녀석이에요.
100명이 쓰면 100가지의 형태가 나오거든요.
매주 서로 다른 사람의 우주를 경험하게 될 겁니다.



 
￼




[ 진행 순서 ] 

1. 신청하신 분들께 미리 한 가지 주제를 알려드려요. (ex. 여름, 휴식, 외로움, 인생에서 진정 원하는 3가지, 인간관계 등)
2. 모임 전에 약 A4 한 장 분량의 글을 제게 제출합니다. (일기, 수필, 소설, 시, 블로그 홍보글, 유튜브 대본 등. 방식은 자유입니다. 한글 파일 기준 500자 이상 2천 자 미만입니다!)
3. 당일에 제가 이름표를 달아드리고, 간단한 아이스 브레이킹으로 서로 친해져요.
4. 여러분이 쓴 글을 앞에서 낭독하고 감상합니다. 
5. 타인의 글 주제로 토론하는 시간을 가집니다. 각자 느낌과 의견을 자유롭게 나눠보아요.
7. 모임이 끝난 후, 마음이 맞는 분들과 따로 2차 자리를 가질게요:) (추가 비용 발생합니다.) 




￼




[ 장소 ]

- 합정역 지하철역 8번출구에서 8분 거리입니다.
- 주차 가능합니다! (최대 4대까지 가능!)만차 일 경우는 인근 공영주차장 부탁드려요.



[ 서비스 ]

- 다과 세트 제공해드려요.🍹🍫🍭




[ ※필독 ]

- <두근두근 마피아>와 달리 <이어지는 글 파티>는 이성 간 노골적인 만남을 지양합니다
- 하지만 우린 청춘 남녀잖아요? 적절한 남녀 성비는 맞춰볼게요.
- 책을 좋아하고, 취미가 비슷한 사람끼리 만날 수 있도록 자연스러운 자리를 마련해드려요. 
- 종교, 영업 목적, 비매너 강퇴 대상입니다. (36.5도 이상만 받을게요.) 
- 경고가 누적되면 블랙리스트에 올려 다시는 받지 않습니다.🙅🏻‍♂️
- 타인에 대한 평가와 비판이 아닌, 있는 그대로 받아들이는 배려와 열린 마음 부탁드려요🥺❤️‍🩹

 


￼



[ 끝으로 ]

작가란 무엇일까요?
저는 글을 쓰는 순간 당신은 이미 작가라고 생각합니다. 
오늘 밤, 작가가 되고 싶다면 얼른 신청해주세요. 
라잇나우! 😁



￼",글쓰기 | 토론 | 독서 | 파티 | 웹소설,50000,34,18,마포구,2026-08-08T08:00:00.000Z,CHOICE,NORMAL,,title:너와나 이어지는 글 파티 글쓰기 과제 선착순 명 이외 토론 참여,0,0,N,,,40,Y,API minAge/maxAge,,B,사교표현: 친해져,중,,,,미검토
662560,2026-07-30T05:37:13+00:00,문토,default,49,https://www.munto.kr/detail-socialing?id=662560,1,문화·예술,전시,광화문 전시 투어로 주말을 알차게 ✨,"평범했던 주말을 전시와 이야기로 채우는 
특별한 모임에 초대합니다.
ART × BASELITZ × CONVERSATION

세화미술관에서 개최되는 《게오르그 바젤리츠 회고전》을 함께 감상하며, 60여 년에 걸친 한 거장의 예술 세계를 깊이 들여다보는 시간을 갖습니다.

“나는 그림을 시작할 때 마치 땅을 일구고 구멍을 뚫듯, 혹은 남몰래 엿듣거나 되새김질하고 광물을 채굴하듯, 무엇이 그 이면에 숨겨져 있는지에 대해 고민한다. 그렇게 선과 형상으로 변모하는 과정을 통해, 나는 내가 속한 세계를 넘어 또 다른 세계로 스스로를 실어 날랐다.""

— 게오르그 바젤리츠

동시대 가장 중요한 예술가 중 한 명으로 평가받는 게오르그 바젤리츠(Georg Baselitz, 1938–2026)​는 1960년대 이후 국제 미술계에 깊은 영향을 미친 독일 현대미술의 거장입니다. 특히 1969년부터는 작품을 거꾸로 뒤집어 그리는 과감한 방식을 통해 우리가 당연하게 받아들이던 '보는 방식' 자체에 질문을 던졌습니다. 

이번 전시는 작가 타계 이후 국내에서 처음 열리는 회고전으로, 1960년대 초기작부터 말년의 대표작까지 60여 년의 작품 세계를 한자리에서 만나볼 수 있는 뜻깊은 전시입니다.


￼



✅이런 분들께 추천합니다

- 눈에 보이는 것에만 익숙해진 일상에서 벗어나, 
   ‘보이지 않지만 중요한 본질'을 찾길 원하시는 분

- 혼자서는 낯선 설치와 영상 작품 앞에서 막막했지만, 
   함께하는 대화 속에서 나만의 언어를 발견하고 싶은 분


✅ 일정

8/15(토)
오후 2시
세화미술관 


✅ 진행 일정

14:00 – 16:00
《게오르그 바젤리츠 회고전》 전시 관람

16:00 – 17:00
카페 ☕️
(마음을 나누는 시간) 


✅ 전시 소개

￼

세화미술관은 게오르그 바젤리츠(Georg Baselitz, 1938~2026)의 60여 년에 걸친 예술적 궤적을 아우르는 회고전을 개최한다. 이번 전시는 작가 타계 후 국내에서 열리는 첫 전시로, 바젤리츠의 고유한 조형 언어를 다각도로 재조명하고 그의 예술적 유산을 소개하기 위해 기획되었다.

본 전시는 1960년대부터 80년대까지 작가의 작품 세계에 반복적으로 등장하는 핵심 도상들을 다룬 초기작으로 시작해, 노년의 작가가 화폭에 담아낸 영원한 동반자 엘케(Elke)의 초상, 2000년대 이후 과거의 모티프를 자기 참조적으로 재해석한 ‘리믹스(Remix)’ 연작으로 이어진다. 더불어 그의 작업 전반을 관통하는 파편화된 신체와 독수리 도상을 살펴본다. 전시의 마지막 공간에는 작가가 말년에 몰두했던 ‘골드 페인팅(Gold Paintings)’ 연작을 선보인다.

세화미술관은 역사적 트라우마를 예술로 승화시키고, 평생에 걸쳐 회화의 본질을 치열하게 탐구한 게오르그 바젤리츠의 예술 여정을 조망한다. 전시를 통해 거장의 붓끝에서 탄생한 강렬한 에너지를 마주하고, 거꾸로 선 형상 너머에 담긴 삶과 예술에 대한 성찰을 함께 나누기를 기대한다.


✅진행자 소개

금융회사·대기업 기업 큐레이터 출신
현재 활동 중인 작가


✅ 모임 소개 

예술은 하나의 정답을 찾는 일이 아니라, 서로 다른 시선과 생각을 발견하는 과정입니다.

""나는 존재하기 때문에 의미를 찾는 것이 아니라, 내가 스스로 의미를 창조하기 때문에 존재한다.""

이번 모임에서는 바젤리츠의 작품을 함께 천천히 감상하며 왜 그가 그림을 뒤집었는지, 그의 작품 속에 담긴 역사와 인간에 대한 질문은 무엇인지 함께 이야기해 보려 합니다. 현대미술이 어렵게 느껴졌던 분들도 작품을 매개로 자연스럽게 생각을 나누며 예술을 보다 가까이 경험하는 시간이 될 것입니다.

정답을 배우는 시간이 아니라, 예술을 통해 각자의 삶을 다시 바라보는 시간이 되었으면 합니다. 천천히 걷고, 함께 감상하고, 자유롭게 대화를 나누는 토요일 오후. 세화미술관에서 동시대 가장 중요한 예술가 중 한 명인 게오르그 바젤리츠의 작품 세계를 함께 만나보세요.

* 관람료는 개별 부담입니다. 모임 참가비에 전시 티켓은 포함되어 있지 않습니다. 7월 31일까지  얼리버드 티켓 30% 할인된 가격으로 예매하실 수 있습니다.",전시관람 | 문화생활 | 전시모임,30000,6,2,종로구,2026-08-15T05:00:00.000Z,COMMON,NORMAL,16191,club:16191,0,0,N,,,,N,없음,,미판정,A/B 판정은 활동구체성 수기 검토 필요,하,,,,미검토
665645,2026-07-30T05:37:13+00:00,문토,default,50,https://www.munto.kr/detail-socialing?id=665645,7,자기계발,독서,한강뷰 📚 책으로 시작하는 대화 💬 용산 독서 모임,"￼


🌇 문토 인기 소셜링, 한강뷰 공간

🎉 파티는 문토검색창에 ""한강사이"" 검색 🎉

✨ 한강뷰 보면서 책 수다 떠는 오후
🙋‍♂️ 진행 — 엔디
(사람의 방향을 정리해주는 디렉터)


￼


📚 요즘 읽는 책, 예전에 좋아했던 책, 한 문장만 가져와도 OK
💬 깊은 준비 필요 없음! “이 책 이런 게 좋더라~” 정도면 충분해요
🌉 따뜻한 햇살·따뜻한 분위기 속에서 자연스럽게 공감과 영감 터지는 시간


￼


🌇 한강뷰 속 책 수다 모임

요즘 읽는 책, 예전에 즐겁게 읽었던 책,
혹은 마음에 남은 문장 하나만 있어도 충분해요.
책을 다 읽지 않아도 되고, 깊은 이야기를 준비하지 않아도 돼요.
그냥 “이 책은 이런 게 좋더라~” 하고 가볍게 나누다 보면
자연스럽게 공감이 생기고, 예상치 못한 영감이 스치기도 해요.


￼


이번 모임은 조금 색다르게,
포근한 햇살 아래 한강뷰를 바라보며
편안하게 이야기 나누는 시간으로 준비했어요.
가볍게 커피 한 잔 곁들이며,
서로의 헤드라인만 공유해도 충분한 오후입니다.


￼


가볍게 이야기 나누기 좋은 진행 순서로 구성했어요.

🥨 제공 메뉴

대화를 즐기며 먹을 기본 다과류😋

⏰ 운영 시간

총 2시간 30분

☕ 분위기

책 좋아하는 사람들이
가벼운 한 잔과 함께 편하게 머무는 시간.
부담 없이 와서 수다 떨고,
좋은 점심 한 번 만들어가세요!9ㅣ",자기계발 | 독서 | 독서모임 | 자기개발 | 지렛대,25000,10,3,용산구,2026-08-01T05:00:00.000Z,CHOICE,NORMAL,,title:한강뷰 책으로 시작하는 대화 용산 독서 모임,0,0,N,,,,N,없음,,미판정,A/B 판정은 활동구체성 수기 검토 필요,하,,,,미검토
664305,2026-07-30T05:37:13+00:00,문토,default,51,https://www.munto.kr/detail-socialing?id=664305,9,파티,뮤직파티,"음악으로 연결되는🎶취향의홍수🎧/소규모,플리추천","ㅡㅡㅡㅡㅡㅡㅡ🔥노매드 게시판🔥ㅡㅡㅡㅡㅡㅡㅡㅡ

🎊뉴비환영🎊
내 취향을 모르고 노매드가 낯선 뉴비들도 
편하게 오실 수 있는 ’입문용 취향의 홍수‘

🔥노매드가 당신의 음악 취향 같이 찾아드립니다🔥

대규모로 의미 없는 시간만 보내는 뻔한 곳이
아니라 취향으로 교류하는 소규모컨텐츠입니다!
여러분이 빠르게 신청해주셔야 모임이 진행될 수 있어요!

🖤음악을 잘 몰라도,클럽원이 아니어도🖤
누구나 함께 할 수 있는 소셜링입니다☺️
노매드는 무료참여권 드리지 않습니다.
진짜 취향을 즐기기 위해 용기내어 
빠른 신청해주시는 감사한 분들 덕에 
23년도부터  매주 진행되고 있습니다.
짧은고민/빠른 신청은 💸10%할인💸과
[소규모모임]의 유지 및 진행에 큰 도움이 됩니다!

ㅡㅡㅡㅡㅡㅡㅡㅡㅡㅡㅡㅡㅡㅡㅡㅡㅡㅡㅡㅡㅡㅡㅡ

￼


‘진짜’를 즐길 줄 아는 사람들끼리
 좋은 공간에서 음악으로 좋은 순간을 나누는 시간🔥


‘MUSIC in NOMAD’
🔥95. 바야흐로 ‘취향의 홍수’ 🔥
(a flood of tastes)

￼
￼
• 당일 취소 동의해드리지 않습니다☺️",취미 | 음악감상 | 플리 | 뮤직파티 | 내향인,35000,11,3,중구,2026-07-30T10:30:00.000Z,CHOICE,NORMAL,17015,club:17015,0,0,N,,,45,Y,API minAge/maxAge,,미판정,A/B 판정은 활동구체성 수기 검토 필요,하,,,,미검토
665066,2026-07-30T05:37:13+00:00,문토,default,52,https://www.munto.kr/detail-socialing?id=665066,5,여행·나들이,캠핑,도심속캠핑 고기부추전새우🍗,"￼




208회차 모임입니다

모기와 더위로 인하여
시원한 내부에서 진행합니다.
외부도 나오셔도 상관없습니다.


모임은 대체적으로 목금토일월 열립니다.
화요일 수요일 원하시면
개인DM 부탁드립니다.

저와 스탭이 고기를 맛있게 구워
드시기 편하게 날라드립니다.



안녕하세요! 
우연히 계획에도 없던 별장이 생긴 호스트입니다. 
처음엔 허허벌판이었지만, 
정원을 꾸미는 것을 좋아하시는 어머니 덕분에 
지금은 멋진 마당이 되어 
여러분을 초대할 수 있게 되었습니다.

이곳은 불암산역(구 당고개역)에서 
도보 5분 거리에 위치한 
60평 규모의 마당입니다. 
서울 한복판에서 멀리 떠나지 않아도 
캠핑의 감성을 느낄 수 있습니다.
 바쁘게 흘러가는 일상 속에서, 
좋은 사람들과 함께 
숯불에 고기를 굽고
 대화를 나누며 여유로운 시간을 보내고 싶다면
 이 곳 입니다.

📢이 모임이 특별한 이유

✅️ 소규모 모임 (최대 20명)
대규모 모임을 가게 되면 
자기소개만 반복하다가 끝나는 경우가 있잖아요?
여기서는 딱 한 번 자기소개를 하고 
편안한 분위기에서 깊이 있는 대화를 나누고, 
새로운 인연을 만들 수 있습니다.
※ 별도의 게임이나 프로그램은 없습니다.
이야기와 사람, 분위기 자체를 즐기러 오시는 분들께 잘 맞는 모임입니다.

✅️ 완벽한 캠핑 세팅
⛺️캠핑 장비가 없어도 걱정하지 마세요! 
테이블, 의자, 화로, 스피커 등 
모든 것이 준비되어 있습니다. 
따로 챙겨올 것은 없습니다.

✅️ 풍성한 바비큐 & 무제한 주류 제공
🍗숯불에 구운 고기, 버섯, 새우, 소시지, 
명이나물, 밥, 등
바비큐에 필요한 모든 재료가 준비됩니다. 
🍻맥주와 소주 또한 무제한으로 제공됩니다.
🍶 소주+토닉워터도 제공될 예정입니다.


✅️ 편리한 시설
캠핑의 감성은 살리되, 
깔끔한 부엌과 화장실을 이용할 수 있어 
불편함 없이 즐길 수 있습니다.


✅ 비 오는 날의 경우

몽골텐트를 장만하여
밖에서도 충분히 즐길 수 있습니다.
더 감성있고 좋아요 ! 
비오는 소리 듣기 좋습니다.


모임 안내

📍 위치:  불암산역( 구 당고개역 ) 도보 5분 
(정확한 위치는 참여 확정 후 전 날 안내)
👥 모집 인원: 최대 20명
✔️ 모임 후 원하시는 분들에 한해서
2차 진행 시, 2차 참여금 있습니다. 

환불 규정

모임 4일 전까지는 전액 환불이 가능합니다.
문토 규정에 따르고 있습니다.




이성 만남 목적의 모임은 아니지만,
 웬만하면 성비를 맞추려고 합니다.


🏕캠핑을 하러 멀리 떠나기는 귀찮고 
서울에서 캠핑의 느낌을 내고싶다 하시는 분


🍖밖에서 숯불로 고기를 구워먹고싶다 하시는 분들


🎉새로운 사람들과 편안하게 대화를 즐기고싶으신 분들 


모두 환영합니다 ! 


￼




￼



￼",푸드파티 | 도심속캠핑 | 파티 | 캠핑 | 8월웰컴연휴,39900,22,5,노원구,2026-07-30T11:10:00.000Z,CHOICE,NORMAL,,title:도심속캠핑 고기부추전새우,0,0,N,,,40,Y,API minAge/maxAge,,B,사교표현: 2차,중,,,,미검토
663847,2026-07-30T05:37:13+00:00,문토,default,53,https://www.munto.kr/detail-socialing?id=663847,4,취미,드로잉,[합정]꾸덕꾸덕 나이프페인팅🎨,"안녕하세요!
림아뜰리에 화실을 운영하고 있는 림쌤 입니다 ❤️

저희 림아뜰리에
화실은 합정역 8번출구 3분거리에 위치해 있어
접근성이 좋아요!

통유리 인테리어로 따뜻한 햇살을 느끼며
힐링하기 좋답니다 ✨





이번에 소개할 클래스는 어른들의
미술놀이!

꾸덕꾸덕 나이프페인팅 입니다



20*25cm 캔버스에  작업합니다
(더 큰 사이즈 원하시는 분들은 현장에서 말씀해주세요❤️)

저희 화실에 방문해 주시는 분들 95%이상은 그림을 한 번도 안그려본 초보자 분들이며
제가 스케치, 조색, 채색 모두 스텝별로 알려드리니
걱정하지 마시고 신청해주세요

물감 특성상 수정이 가능하며
이쁜 결과물이 나올 수 있도록 제가 티칭해드립니다!

작업 후 종이봉투에 담아드리며 당일 수령 가능합니다

그리고 싶은 그림을 찾아오시거나
화실에 준비된 샘플중 골라서 그리실 수 있습니다
(꽃, 바다, 풍경등등 다양하게 많아요!)

예쁜 공간에서 사진도 찍고 그림도 그리며
무료한 일상에 힐링하는 시간을 가져보세요 ❤️🎨🌴

🩷이런 분들께 추천드려요🩷

나만의 인테리어 소품을 만들고 싶으신 분
그림으로 힐링하고 싶으신 분
친구, 연인과 특별한 추억을 만들고 싶으신 분




* 기다리는 공간이 따로 없어 수업시간을 준수해주세요
*주차공간은 따로 없어 근처 공영주자창을 이용해주세요
*최대정원은 12명까지 가능하며 단체수업은 미리 문의 주세요
*30분 이상 늦으시는 경우 입장 제한됩니다(변경,환불불가,재료제공 불가)",미술 | 아크릴화 | 나이프화 | 뜻밖의휴일,35000,7,3,마포구,2026-07-30T10:30:00.000Z,COMMON,CLASS,,title:꾸덕꾸덕 나이프페인팅,0,0,N,,,,N,없음,,미판정,A/B 판정은 활동구체성 수기 검토 필요,하,,,,미검토
664892,2026-07-30T05:37:13+00:00,문토,default,54,https://www.munto.kr/detail-socialing?id=664892,1,문화·예술,영화,[죽기전에꼭봐야할공포영화1001] <에이리언2>&을지피맥파티🍕🍻,"*클럽원 무관 신청 가능👌
*당일신청(모임 1시간 전 신청 자동마감) 가능
*최소인원(3인) 이상 신청시 당일까지 자연스럽게 차는 편으로 일정에 맞춰 차분히 대기해주시면 감사하겠습니다
서울호러클럽 가입 후 본 소셜링에 참석하시면 
클럽 굿즈 증정 이벤트에 참여 가능하십니다
(자세한 이벤트 내용은 하단 참조👇)







￼
서울호러클럽은?   

Since 2023.11.17
모임진행 121회
클럽원 300여명, 문토 최대 서브컬쳐클럽입니다




￼
￼





NOTICE.


💁클럽원 무관 신청가능합니다 
공포영화 좋아하시나요?
👻공포영화+서브컬쳐매니아 으른이들 모여라~🤗


죽기 전에 꼭 봐야할 공포영화 1001
죽. 공. 천 18회차, 전설의 작품은 바로

제임스 카메론 감독의 
<에이리언2>

<에이리언1>과 더불어 시리즈 최고작으로 불리며
제임스 카메론이 메가폰을 잡아 최고수준의 액션 시퀀스를 
선보이는 작품입니다 👍

특별히 선정한 공포 영화 
감상하며 피맥🍕🍺+무서운 이야기 👻
나눠 보실게요~🙃

소셜링 비용은 온전히 공간이용비+피맥값으로 쓰입니다 🙆




￼


을지로에 위치한 시크릿한 공간 '뉴웨이브 클럽'에서 영화 관람 후 무서운 이야기 나누실분! 🥶
(상세 약도는 채팅방에서 별도 안내 예정입니다)


내친김에 공간 운영, 소셜링 호스트, 스탭 등 관심있으신 분들도 곁다리로 대환영! 🙆(+약간의 문토 뒷담화를 곁들인😎)


초저가 대혜자로 여는 공포영화+괴담썰+비지니스도 곁들인 보람찬 패키지 소셜링 📦 



￼



EVENT.


신년맞이 3+1 티셔츠 증정 이벤트 진행
서울호러클럽 가입후 유료 소셜링 3회 참석하시면, 4회차 소셜링 참석시 클럽 굿즈 티셔츠 증정!(제작가 2만원 상당, 2026년도 소셜링 참석 기준입니다)



Course. 


19:00 - 피맥파티 시작 자기소개 및 토크토크
19:30 - 영화 관람
21:30 - 심야 괴담 타임 및 뒷풀이 타임



영화관람 보다도 자유롭게 파티 즐기시고 싶은 분들도 모두 OK입니다!



Rule.


36.5도 이하는 피곤해요 🫠
짜치는 행동하시면 응징해요(형님, 누님들도 예외없어용) 🫠
양심상 호스트 제공 음식 드신후 각자 술을 사든 음식을 사든 할게요~(호의가 계속된다고 둘리는 아니죠!)😜
만취 예정자, 습성 만취자는 칼귀가 시켜드립니다 🫡



#호스트는 자선사업가? 😭
#공간이용비+피맥값 실화? 😱",괴담 | 영화 | 공포 | 을지로 | 피맥,26000,7,2,중구,2026-08-08T10:00:00.000Z,CHOICE,NORMAL,16129,club:16129,0,0,N,,,,N,없음,,B,사교표현: 뒷풀이,중,,,,미검토
659174,2026-07-30T05:37:13+00:00,문토,default,55,https://www.munto.kr/detail-socialing?id=659174,4,취미,글쓰기,🦩너와나<이어지는 글 파티>🎉🖍️선착순 5명 글쓰기 과제! 이외 토론참여!,"❗️🚨드디어 겨울이가 새로운 장소로 돌아왔다🚨❗️ 

              훨씬 넓고 더 쾌적한 공간입니다.
          ❣️남녀화장실 별도 내부 구비 주의😉❣️


- 수많은 후기 참고해주세요. 
- 저를 팔로우한 순서로 수락해드릴게요.
- 프로필 성별확인 가능하게 해주세요.
- 당일 신청은 과제 진행이 불가능 합니다. 미리미리 신청주세요! (중요🔥)
- 모임의 퀄리티를 위해 글쓰기 과제는 선착순 5명만 진행합니다. 나머지는 토론 함께 참여해요😊🙋🏻‍♂️

안녕하세요 :)
네이버 웹소설 작가로 활동하는 겨울이입니다.❄️
(최근에 신작 발표 후 연재 중입니다! 필명은 모임 3번 오신 분에 한해 공개! 🤣)

그동안 <이어지는 글쓰기>에 많은 분이 찾아와주셨습니다.
무한한 사랑에 보답하기 위해, 안주하지 않고 새로운 컨텐츠에 또! 도전합니다. 
기존 <이글>을 업그레이드하여 <이어지는 글 파티!>를 진행합니다.

<이어지는 글쓰기>가 강의와 피드백, 정보 전달에 집중했다면. 
<이어지는 글 파티>는 다양한 사람의 ‘글 구경’과 자유로운 토론 형식으로 진행됩니다!

독서량이 많지 않거나, 글짓기에 자신이 없어도 괜찮습니다. 
누구나 걸음마부터 시작하니까요.

￼



[ 소개 ]

왜 글을 잘 써야 할까요?
자소서를 잘 쓰는 것부터 연인의 마음을 사로잡는 연애편지까지.
누구나 살면서 글을 쓰기 마련입니다. 
짧은 문장은 때론 누군가를 위로하고, 자기 자신을 이해하는 마음의 창이 되곤 하죠.

글을 잘 쓴다는 건 그 자체로 정말 매력적인 일입니다. 
인생에 반드시 도움도 되고요!

10년 넘게 현업에서 활동해온 작가로서 글쓰기 소셜링을 진행합니다.

글이란 정말 신비롭고 재밌는 녀석이에요.
100명이 쓰면 100가지의 형태가 나오거든요.
매주 서로 다른 사람의 우주를 경험하게 될 겁니다.



 
￼




[ 진행 순서 ] 

1. 신청하신 분들께 미리 한 가지 주제를 알려드려요. (ex. 여름, 휴식, 외로움, 인생에서 진정 원하는 3가지, 인간관계 등)
2. 모임 전에 약 A4 한 장 분량의 글을 제게 제출합니다. (일기, 수필, 소설, 시, 블로그 홍보글, 유튜브 대본 등. 방식은 자유입니다. 한글 파일 기준 500자 이상 2천 자 미만입니다!)
3. 당일에 제가 이름표를 달아드리고, 간단한 아이스 브레이킹으로 서로 친해져요.
4. 여러분이 쓴 글을 앞에서 낭독하고 감상합니다. 
5. 타인의 글 주제로 토론하는 시간을 가집니다. 각자 느낌과 의견을 자유롭게 나눠보아요.
7. 모임이 끝난 후, 마음이 맞는 분들과 따로 2차 자리를 가질게요:) (추가 비용 발생합니다.) 




￼




[ 장소 ]

- 합정역 지하철역 8번출구에서 8분 거리입니다.
- 주차 가능합니다🚗!(최대 4대까지) 만차 시, 피치 못 할 경우는 인근 공영주차장 부탁드려요.



[ 서비스 ]

- 다과 세트 제공해드려요.🍹🍫🍭




[ ※필독 ]

- <두근두근 마피아>와 달리 <이어지는 글 파티>는 이성 간 노골적인 만남을 지양합니다
- 하지만 우린 청춘 남녀잖아요? 적절한 남녀 성비는 맞춰볼게요.
- 책을 좋아하고, 취미가 비슷한 사람끼리 만날 수 있도록 자연스러운 자리를 마련해드려요. 
- 종교, 영업 목적, 비매너 강퇴 대상입니다. (36.5도 이상만 받을게요.) 
- 경고가 누적되면 블랙리스트에 올려 다시는 받지 않습니다.🙅🏻‍♂️
- 타인에 대한 평가와 비판이 아닌, 있는 그대로 받아들이는 배려와 열린 마음 부탁드려요🥺❤️‍🩹

 


￼



[ 끝으로 ]

작가란 무엇일까요?
저는 글을 쓰는 순간 당신은 이미 작가라고 생각합니다. 
오늘 밤, 작가가 되고 싶다면 얼른 신청해주세요. 
라잇나우! 😁



￼",글쓰기 | 토론 | 독서 | 파티 | 대화,50000,34,10,마포구,2026-08-22T08:00:00.000Z,CHOICE,NORMAL,,title:너와나 이어지는 글 파티 선착순 명 글쓰기 과제 이외 토론참여,0,0,N,,,40,Y,API minAge/maxAge,,B,사교표현: 친해져,중,,,,미검토
663298,2026-07-30T05:37:13+00:00,문토,default,56,https://www.munto.kr/detail-socialing?id=663298,4,취미,사진,"🛤️서울 속 숨은 포토스팟, 용산기찻길(백빈건널목) 감성사진📸","🍀 감성 가득한 용산기찻길(백빈건널목) 을 함께 걸으며
여유롭게 산책하고 인생샷을 남겨요 ☺️

기찻길과 레트로한 분위기가 어우러진
서울 속 숨은 포토스팟에서
자연스러운 순간을 함께 기록해요 🚂📸


포즈가 어렵다면 걱정하지마세요😉
소품을 준비해갈게요!


￼


￼


￼



￼




⸻


📌 모임 안내
✅ 늦참 가능해요!
(단, 시간에 따라 사진촬영은 불가능할 수 있어요🙏)
✅ 나이는 서로 비밀🤫, 닉네임으로 불러주세요😉


⸻


📌  모임 내용
• 산책 & 감성 사진 촬영
• 서로 찍어주며 자연스러운 순간 기록
• 여유로운 대화
• 이후 카페 or 식사 타임 (선택사항)☕️🍰


⸻


📷 소개

안녕하세요! 쵸단입니다! ⸜(｡˃ ᵕ ˂ )⸝♡
누군가의 가장 예쁜 순간을 담는 걸 좋아해요🫶🏻

평소 인스타 감성 사진 촬영을 좋아해서
자연스럽게 디렉팅 해드려요 🩷

모두가 폰을 가지고 있지만 활용하는 것에
어려움이 있다고 느꼈어요! 

그래서 폰카로도 잘 나오는
각도 · 포즈 · 시선 차근차근 알려드릴게요 ☺️

“똥손이에요…”“사진 찍히는 게 너무 어색해요…”
👉 전혀 문제 없어요!

찍기도 하고, 찍히기도 하면서편안하게 즐기는 출사예요 🌸


⸻


❓ Q&A

• 사진 장비 없어도 괜찮나요?→
 네! 저도 폰으로 촬영해드리며,
폰카 촬영 각도와 예쁘게 나오는 방법도 직접 알려드릴게요!


• 사진 찍는 게 어색해요 👉🏻👈🏻
→ 걱정하지 마세요! 
자세, 시선, 포즈까지 어렵지 않게 디렉팅 해드려요☺️


• 사진은 어떻게 받아요?→ 
URL로 보내드리며, 원본, 보정본 모두 보내드려요🙏🏻


• 취소&환불은 어떻게 해요?
→ 취소&환불의 경우 모두 문토정책에 따르고 있어요!


⸻


🌸 분위기 있는 백반건널목에서
걷고, 웃고, 예쁜 순간을 사진으로 기록해요 📸

🎀 폰카로 인생샷 나오는 각도 알려드려요
🎀 잘 나온 사진은 보정해서 보내드려요

⭐️ 자리 한정이니 서둘러주세요
⭐️ 당일취소&환불 불가


⸻

❗️신청전 안내사항❗️

• 전날, 당일 신청이 가장 많이 몰려요 ☺️
• 마감 후에는 추가 신청이 어려워요 🥹
• 고민하다 놓치는 경우가 많아요🥲
• 참여 원하시면 미리 신청해주세요 📷✨",사진 | 인생샷 | 취미,23000,18,7,용산구,2026-07-31T08:50:00.000Z,CHOICE,NORMAL,,title:서울 속 숨은 포토스팟 용산기찻길 감성사진,0,0,N,,,40,Y,API minAge/maxAge,,미판정,A/B 판정은 활동구체성 수기 검토 필요,하,,,,미검토
664682,2026-07-30T05:37:13+00:00,문토,default,57,https://www.munto.kr/detail-socialing?id=664682,9,파티,컨셉파티,🚨판을 뒤흔드는 전학생들의 등장🚨,"🙆‍♂️2부 참가 소셜링🙆‍♂️


♥️ 딱 8명만 추가입장♥️


흔들리는 내마음?

새로운 바람이 분다🚨

새로운 인연&설렘을 느끼고 싶다면??


￼



🌺타임 테이블🌺


🌷블라인드 자기소개🌷


🌷설렘 유발 도파민 폭발 시그니처게임🌷


🌷DM 게임🌷


🌷컨택의 꽃 대리설렘🌷


🌷최종컨택🌷


￼￼



당신의 컨택
서포트 하겠습니다",강남 | 파티 | 솔로파티,29000,24,5,서초구,2026-08-08T14:30:00.000Z,CHOICE,NORMAL,,title:판을 뒤흔드는 전학생들의 등장,0,0,N,,,35,Y,API minAge/maxAge,,C,직접표현: 솔로파티,상,,,,미검토
664680,2026-07-30T05:37:13+00:00,문토,default,58,https://www.munto.kr/detail-socialing?id=664680,9,파티,컨셉파티,🚨판을 뒤흔드는 전학생들의 등장🚨,"🙆‍♂️2부 참가 소셜링🙆‍♂️


♥️ 딱 8명만 추가입장♥️


흔들리는 내마음?

새로운 바람이 분다🚨

새로운 인연&설렘을 느끼고 싶다면??


￼



🌺타임 테이블🌺


🌷블라인드 자기소개🌷


🌷설렘 유발 도파민 폭발 시그니처게임🌷


🌷DM 게임🌷


🌷컨택의 꽃 대리설렘🌷


🌷최종컨택🌷


￼￼



당신의 컨택
서포트 하겠습니다",강남 | 파티 | 솔로파티,29000,24,5,서초구,2026-08-07T14:30:00.000Z,CHOICE,NORMAL,,title:판을 뒤흔드는 전학생들의 등장,0,0,N,,,35,Y,API minAge/maxAge,,C,직접표현: 솔로파티,상,,,,미검토
664462,2026-07-30T05:37:13+00:00,문토,default,59,https://www.munto.kr/detail-socialing?id=664462,4,취미,취미,🐢너와나<이어지는 상담소>🌳🧩선착순 4명 고민상담! 이외 참관가능!,,상담 | 대화 | 내향인 | 고민 | 고민상담,60000,34,7,마포구,2026-08-21T10:00:00.000Z,CHOICE,NORMAL,,title:너와나 이어지는 상담소 선착순 명 고민상담 이외 참관가능,0,0,N,,,40,Y,API minAge/maxAge,,미판정,A/B 판정은 활동구체성 수기 검토 필요,하,,,,미검토
662623,2026-07-30T05:37:13+00:00,문토,default,60,https://www.munto.kr/detail-socialing?id=662623,10,N잡·재테크,투자/금융,2030 “직장인” 재테크 시작하기,"📍2026년도 절반이 지난 “지금” 체크해봐야 할 리스트

✔월급 중 소비/저축 비율이 변동적이다
✔매월 목표한 저축 금액이 지켜지지 않는다
✔""절세 전략"" 없이, 세금을 다 내면서 투자/저축하고 있다
✔""기간별 목표"" 없이 재테크를 하고 있다

이 중 2개 이상 해당한다면,

""체계적인 나만의 재테크 프로젝트""의 기본과정,

[2030 직장인 재테크 세미나]를 통해,

💡재테크에 대한 기본 지식과 틀을 잡아보아요.

——————————————

✅저축은 어떻게 해야 효율적인지!
✅투자는 어디서부터 시작해야하는 것인지!
✅잃지 않고 안정적이게 투자하기 위한 마인드!

——————————————

📌일시: 8월 2일 (일) 14:00 - 16:00
📌장소: 스파크플러스 홍대점 (서울 마포구 동교동 167-2)

——————————————


[강의 내용]
☑️ 1부. 재테크 핵심 기초
   - 2030세대 재테크 필수 지식
     ( 펀드, ETF, 주식, 복리의 힘 등 )
   - 재테크 필수 계좌들 정리 및 “효율적” 활용법
     ( 발행어음, 청도계/청미적, 주택청약 등 )
 
☑️ 2부 : 재테크 투자 초보반
 - 펀드/ETF/주식의 올바른 이해
 - 투자의 시작 : 미국 대표 지수 이해
 - 목표에 따른 투자/절세 계좌의 분산 및 활용법
    ( 종합위탁, ISA, 개인연금 등 )


[참가 혜택]
 - 재무 목표 점검
 - 소비 패턴 분석
 - 투자 성향 진단 및 시작 설계
 - 맞춤 재무포트폴리오 제공(PDF)
 - 지속적인 관리 및 피드백(옵션)",금융 | 직장인 | 투자 | 저축 | 재테크,10000,7,6,마포구,2026-08-02T05:00:00.000Z,CHOICE,CLASS,,title:직장인 재테크 시작하기,0,0,N,,,45,Y,API minAge/maxAge,,미판정,A/B 판정은 활동구체성 수기 검토 필요,하,,,,미검토
664377,2026-07-30T05:37:13+00:00,문토,default,61,https://www.munto.kr/detail-socialing?id=664377,7,자기계발,독서,[힙지로 북뜰리에📚] 위스키&책❣_사실 책은 핑계고🥂(앵콜⚡️),"위스키&책❣

2026 독서 모임📖
어서오세요🫡


올해에는 다독하고 싶으시다구요?
함께 책 읽는 습관 만들어봐요:)


어른스럽게 위스키🍸&하이볼🍹
마시면서 북토킹🗣 어떠세요!

책에 대해 무겁지 않게 이야기 나누고, 
자유로운 분위기 속에 위스키도 한잔 해요🥃

내향인들도 충분히 즐길 수 있는 모임:)


￼


북토킹+위스키=북스키🤗


장소- 을지로 공간
시간- 오후 7시 30분-10시 30분
준비물- 근래에 읽었던 책/혹은 예전에 읽었는데 머릿 속에 계속 멤도는 책 (장르는 상관 없습니다.) 

전자책도 ok!


마음이 불안하거나 신경쓰이는 일들이 가득할 때,
잠시 쉬어가는 템포로 함께 책 이야기 나누면서 삶의 지혜나 영감을 얻고, 조금이나마 인생의 환기가 되길 바랍니다📙

🌟제공 사항: 하우스 위스키/ 토닉워터, 콜라/ 크래커, 치즈, 과일 등 간단하지만 알찬 핑거푸드

※위스키 입문자도 부담 없이 즐길 수 있는 부드러운 종류의 하우스 위스키를 준비해 드려요🥃
※술을 잘 못 드시는 분들에겐 음료를 제공해 드립니다!


✔️각자 읽어온 책에 대해 전반적으로 간략히 설명하고, 
책의 내용을 바탕으로 함께 고민해볼만한 시사점을 던지는 형식으로 진행할거에요🙂


ex) 마이클 샌델/ 정의란 무엇인가 中
'트롤리 딜레마_과연 다수를 위한 소수의 희생은 정당한가?'

질문에 대해 충분히 생각해 보는 시간을 갖고, 의견을 나눕니다.

다른 사람들의 생각은 어떤지 천천히 경청해보고, 다양한 관점을 수용하는 태도를 향상시켜요🤓

걱정마세요, 책을 완독하지 않았어도 괜찮습니다!😉
책의 제목만으로 내용을 유추하고 나눌 수 있는 이야기가 많으니까요📚
문학, 비문학 상관 없습니다👐(자유 독서)



￼


어떤 분야에서 일을 하든, 우리는 창조적인 생각과 영감을 필요로하는 시대에 살고 있어요🤓🎇⚡🔔
개념과 사유, 사상, 가치 판단 등 소신 있게 발언하고, 다른 사람들은 또 어떻게 생각하는지 들어보며 시야를 넓혀요⏳


책 이야기가 끝나면 자유로운 주제로 이야기 나눕니다🌹
자기소개/직업/사랑/연애/고민/인생관/철학/관심사/
사는 이야기 등등


그리고 마음에 드는 책이 있다면, 서로 바꿔서 빌려 보는 건 어떨까요? (물론 선택사항 입니다🤭)


지식과 통찰의 스펙트럼을 넓히고자 기획한 북토킹!
📔📕📗📘
다양한 장르로 선택의 폭을 넓혀 진입 장벽을 낮췄으니
너무 어렵게 생각하지 않으셔도 됩니다!!


이 모임의 목적은 성별과 나이에 관계 없이 독서와 철학, 술과 사람을 사랑하는 이들간의 깊은 유대입니다! 

또한, 지식을 뽐내는 자리가 아니며, 나와 결이 맞지 않는 의견이 나오더라도 경청하며 넓게 수용할 수 있는 태도가 중요한 자리입니다🙌

평소 친구들과는 나누기 어려웠던, 책과 인생에 대한 깊은 이야기를 술 한잔 곁들이며 나눌 수 있습니다🙂

다양한 직업군의 사람들이 모여 서로의 생각과 가치관을 자유롭게 이야기하는 자리이니, 편안한 마음으로 참여해주세요💓

사심 가득하고 야심차게 준비해 볼게요:)


￼



🎈함께 하고 싶은 게스트🎈

🔹️삶의 환기가 필요한 사람
🔹️자기 계발에 관심이 있는 사람
🔹️다양한 분야의 사람들을 만나고픈 사람
🔹️나누고픈 생각과 사유가 있는 사람
🔹️다방면에 호기심이 왕성한 사람
🔹️취미를 만들고 싶은 사람
🔹️소신껏 발언하되, 다른이의 의견 또한 존중할
줄 아는 사람


✔공지사항✔

🔸️시작 10분전부터 입장 가능합니다👐
🔸️참여 승인 후 모임 당일 오전에 장소를 알려드릴게요😉
(을지로 4가 부근)
🔸️당일 취소, 날짜 변경 불가하오니, 신중하게 신청해주시길 바랍니다.
🔸️본 소셜링은 문토 환불 규정을 준수합니다🙏
🔸️인원수에 따라 프로그램 내용, 끝나는 시간, 메뉴 등이 변동될 수 있습니다🙃
🔸️무례한 언행이나 반말, 욕설 금지입니다🚫
🔸️원활한 진행을 위해 매너온도에 따라 참여가 제한될 수 있습니다.
🔸️취향과 관심사 등의 조합을 고려하여 게스트를 모집하고 있습니다. 이번에 승인되지 않은 분들은 다음 기회에 또 함께해요🌟
🔸️이번 회차는 깜짝 이벤트 할인가격으로 진행할게요!
🔸️이후 회차부터 가격이 변동될 수 있습니다😚
🔸️정해진 시간 이후에 더 이야기 나누고픈 분들은 2차 장소로 이동하거나, 소정의 공간 이용료가 부과될 수 있습니다. (자율 선택 사항)


※  본 소셜링은 현장에서 책을 읽는 모임이 아니며, 각자 가져온 책을 바탕으로 이야기를 나누는 대화형 소셜링입니다🤓

※ 모임 한시간 전에 신청이 마감됩니다.

※ 최소 인원이 모집되어야 소셜링이 개최되며, 
모임 한시간 전까지 모집이 되지 않으면 취소될 수 있다는 점 양해부탁드립니다. 
(취소시 전액 환불되오니 걱정 마세요☆)
따라서 미리 신청해 주시면 감사하겠습니다💙




사실 책은 핑계고🎶",독서모임 | 위스키 | 북토킹 | 북스키 | 을지로,38000,14,3,중구,2026-08-01T10:30:00.000Z,CHOICE,NORMAL,,title:위스키 책 사실 책은 핑계고,0,0,N,,,45,Y,API minAge/maxAge,,B,사교표현: 2차,중,,,,미검토
664054,2026-07-30T05:37:13+00:00,문토,default,62,https://www.munto.kr/detail-socialing?id=664054,3,푸드·드링크,베이킹,🧀8월 할인! 다양한 맛 바스크 치즈케이크 골라 만들기!,"🚨호스트를 팔로우 해 주시면 추후 소셜링 개설시 빠른 확인 가능하세요


📣모든 소셜링은 클럽 가입 필요없이 신청 가능합니다. 자유롭게 소셜링 참가 신청해 주시면 되어요!


🙌늦참이 가능합니다. 미리 말씀해 주시면 진행 과정 미리 준비해 두고 있을께요. 


📞소셜링 시작 1시간 전 신청이 마감됩니다. 직전 신청으로 빠른 승인 필요한 경우, 네이버 지도의 베이커즈로 연락 주시기 바랍니다!

🥧🥧


🤗안녕하세요, 을지로 3가 근처에서 베이킹 소셜링을 진행하는 호스트 입니다! 


🧈재료가 단순해도, 결과물이 투박해도, 처음부터 끝까지 직접, 모두가 함께하고 나중에 또 혼자 해 볼 수 있는 홈베이킹에 가깝도록 모든 일정 준비하고 있어요.


🍞나중에 혼자 만들 수 있는 레시피, 가져갈 수 있는 포장, 주위에 충분히 나누기 좋은 수량이 모두 포함입니다. 추가 요금 일체 없어요. 


🙌직접 만들고 완성한 것을 소중한 사람들과 나누며 느끼는 작은 성취감이, 일상의 만족이 되기를 바랄께요!


🙏베이킹 처음 해 보시는 분들도, 해 보신 분들도, 모두모두 환영합니다!


🍭🍭


🧈 이번 소셜링에서는 바스크 치즈케이크를 만들어 볼께요! 고온에서 짧게 구워 완성하는 바스크 치즈케이크는, 진한 크림치즈의 풍미가 매력적인 메뉴랍니다.


😌호스트는 산미가 적고 안쪽이 약간 흐르는 듯한 바스크 치즈케이크를 좋아하는데요, 호스트가 좋아하는 맛으로 만들 예정이에요! 누구라도 좋아할 그런 맛이랍니다!


😆다양한 맛의 바스크 치즈케이크를 골라서 만들 수 있도록 준비해 볼께요! 플레인, 바닐라, 녹차, 흑임자, 커피 등을 만들어 볼께요. 한 사람 당 3개씩 만들어서, 다른 맛과 교환해 가져가셔도 되어요.

* 준비 가능한 맛은 전날 확정 드립니다. 신청해 주시는 분들은 만들고 싶으신 맛을 그룹채팅방에 적어 주셔야 하며, 기록해 주시지 않을 경우 플레인 맛으로 준비됩니다. 플레인 맛도 아주 맛있어요 😇😇

* 바스크 치즈케이크는 완전히 식혀서 먹어야 하는 메뉴로, 식는 정도에 따라 질감과 맛이 다를 수 있어요



￼￼￼￼



🥯🥯


📆진행일 : 8/16, 일요일


⏰시간 : 오전 11시, 3시간


🍽️메뉴 : 바스크 치즈케이크
* 인당 작은 것 3개(지름 10cm) 완성 포장해요
* 다양한 맛 중 한 가지를 골라 만들어요
* 바스크 치즈케이크는 완전히 식혀서 먹기를 추천드려서, 만들고 바로 먹기 힘들 수 있어요!


📍장소 : 을지로 3가 근처 공유주방
* 을지로 3가 근처의, 독립된 넓은 공간이에요!
* 소셜링 그룹채팅방에서 상세 안내 드려요!


🙌참가비 : 31,500
* 공유주방, 재료비 일체, 문토 수수료 등 모든 비용 포함되어 있어요 
* 최근 준비된 일정 중 일부, 참가비 35,000 원 에서 31,500 원 으로 할인 진행합니다. 


🤝진행인원 : 호스트 포함 17인


🔔🔔


* 진행 메뉴의 경우, 갑작스럽게 재료 수급에 문제가 생기는 경우 부득이하게 다른 메뉴로 진행할 수 있어요. 참가자 분들께, 미리 알려 드릴께요!

* 홈베이킹 소셜링 방향성 준수를 위해, 승인제로 진행합니다. 간단한 문답을 작성해 주세요. 확인 후 승인 도와드리겠습니다. 문답 내용이 부족한 경우 별도 안내 없이 신청 거절될 수 있습니다. 

* 소셜링 전, 신청 인원에 따라 일정 변동이 있을 수 있어요. 추후 공지 드릴께요. 

* 호스트가 중요하게 생각하는 홈베이킹 방향성을 지키고자 합니다. 지나치게 낮은 매너점수나 전현직 베이킹 업계인 분들 등, 필요한 경우 추가 확인 후 신청 승인 도와드리겠습니다. 

* 늦참이 가능합니다. 부득이한 일정으로 늦으시는 분, 예상 도착시간 말씀해 주시고 참가하시면 되어요! 오셔서 함께할 수 있도록 작업 미리 준비하고 있을께요!

* 궁금하신 점이나 문의사항 있으신 경우, 언제라도 1:1 메세지나 댓글로 연락 주세요. 감사합니다!


🎈🎈


🥳베이커즈에서 만나요!",홈베이킹 | 베이킹 | 요리 | 바스크치즈케이크,31500,16,3,중구,2026-08-16T02:00:00.000Z,CHOICE,CLASS,3980,club:3980,0,0,N,,,45,Y,API minAge/maxAge,,미판정,A/B 판정은 활동구체성 수기 검토 필요,하,,,,미검토
662559,2026-07-30T05:37:13+00:00,문토,default,63,https://www.munto.kr/detail-socialing?id=662559,5,여행·나들이,국내여행,몸만오면 되는 빠지나들이 !,"￼



비와도 문제없습니다. 
오히려 시원하고 덥지않아서 좋아요


🏄 빠지+캠핑
여름 한 번 제대로 즐겨보려고 준비했습니다.
낮에는 빠지에서 신나게 놀고, 
저녁에는 도심속캠핑으로 이동해서
 바베큐에 술 한잔하면서 
하루 마무리하는 코스입니다.
*캠핑은 선택사항입니다.

 📅 일정
09:00 출발
도착 후 아침식사 & 환복
12:00 ~ 16:00 빠지 무제한 이용
16:00 ~ 17:00 샤워 및 정리
17:00 출발
18:30 도심속캠핑 도착
바베큐 먹으면서 
자유롭게 이야기하고 놀기 🍖🍻

복귀는 불암산역으로 해야합니다.
(바베큐 안하는 사람이 같이있다면
조율 가능합니다)
현재 카풀 가능한 지역(업데이트 예정)
불암산역
하남
군자역

💰 비용
빠지 무제한 이용권 45,000원
카풀 이용 시 차량 지원비 10,000원
도심속캠핑 + 바베큐 30,000원


🙋‍♂️ 호스트 소개
저는 문토에서 캠핑, 액티비티 모임을 
200회 넘게 진행했습니다.
 제 모임을 좋아해주시는 분들이 많아
단골들이 많은 모임입니다.
혼자 오시는 분들이 대부분이지만
끝날 때쯤 되면 다 같이 친해져서
 소중한 인연이 되는 경우가 많습니다.
여름에 하루 정도는 핸드폰만 보고 있지 말고, 물놀이 실컷 하고 고기 구워 먹으면서 
놀다 가요.
 그 정도는 제가 자신 있습니다. 😎",도심속캠핑 | 빠지 | 여름나들이 | 물놀이 | 가평,30000,29,11,노원구,2026-08-02T00:00:00.000Z,CHOICE,NORMAL,,title:몸만오면 되는 빠지나들이,0,0,N,,,,N,없음,,B,사교표현: 친해져,중,,,,미검토
664740,2026-07-30T05:37:13+00:00,문토,default,64,https://www.munto.kr/detail-socialing?id=664740,9,파티,푸드파티,[브라우니🥖☕️]우리들의 작은 베이킹 아지트,"함께 베이킹을 만들며 자연스럽게 대화를 나눕니다

직접 만든 디저트와 드립커피를 함께 즐기며 
여유로운 티타임을 보냅니다. 

최대 24명, 테이블당 6명으로 편안하게 진행됩니다🌿 




빵은 함께 만들고,
좋은 기억은 오래 남습니다 😊 



￼￼￼￼",,45000,28,5,마포구,2026-08-02T11:00:00.000Z,CHOICE,NORMAL,,title:우리들의 작은 베이킹 아지트,0,0,N,,,40,Y,API minAge/maxAge,,미판정,A/B 판정은 활동구체성 수기 검토 필요,하,,,,미검토
665596,2026-07-30T05:37:13+00:00,문토,default,65,https://www.munto.kr/detail-socialing?id=665596,9,파티,컨셉파티,[소규모 파티] 어른이들을 위한 꿀잼파티 ☺️🎆,"📢 문의사항은 상준 호스트에게 문의 부탁드립니다.

🍻 어른이파티

어른이 되면 새로운 사람을 만날 기회가 점점 줄어듭니다.

그래서 금요일 하루만큼은 직장, 학교, 일상의 고민은 잠시 내려두고 편하게 웃고 이야기할 수 있는 자리를 준비했습니다.


￼￼￼￼


술 한잔과 맛있는 안주, 자연스럽게 어울릴 수 있는 다양한 콘텐츠를 함께 즐기며 부담 없이 새로운 인연을 만들어보세요.

🎉 오픈기념 할인 특가!

40,000원 → 34,000원

오픈 기념으로 합리적인 가격으로 어른이파티를 즐겨보세요!

🙋 이런 분께 추천드려요.
새로운 친구를 만들고 싶은 분
금요일을 즐겁게 보내고 싶은 분
어색한 술자리가 아닌 함께 웃고 즐기는 모임을 찾는 분

👥 참가 대상
20세 ~ 31세
혼자 오셔도 자연스럽게 어울릴 수 있도록 진행됩니다.",,34000,20,6,영등포구,2026-07-31T10:30:00.000Z,CHOICE,NORMAL,,title:어른이들을 위한 꿀잼파티,0,0,N,,,35,Y,API minAge/maxAge,,미판정,A/B 판정은 활동구체성 수기 검토 필요,하,,,,미검토
664056,2026-07-30T05:37:13+00:00,문토,default,66,https://www.munto.kr/detail-socialing?id=664056,3,푸드·드링크,베이킹,🥧8월 할인! 을지로에서 만드는 바삭 에그타르트,"🚨호스트를 팔로우 해 주시면 추후 소셜링 개설시 빠른 확인 가능하세요


📣모든 소셜링은 클럽 가입 필요없이 신청 가능합니다. 자유롭게 소셜링 참가 신청해 주시면 되어요!


🙌늦참이 가능합니다. 미리 말씀해 주시면 진행 과정 미리 준비해 두고 있을께요. 


📞소셜링 시작 1시간 전 신청이 마감됩니다. 직전 신청으로 빠른 승인 필요한 경우, 네이버 지도의 베이커즈로 연락 주시기 바랍니다!


🥧🥧


🤗안녕하세요, 을지로 3가 근처에서 베이킹 소셜링을 진행하는 호스트 입니다! 


🧈재료가 단순해도, 결과물이 투박해도, 처음부터 끝까지 직접, 모두가 함께하고 나중에 또 혼자 해 볼 수 있는 홈베이킹에 가깝도록 모든 일정 준비하고 있어요.


🍞나중에 혼자 만들 수 있는 레시피, 가져갈 수 있는 포장, 주위에 충분히 나누기 좋은 수량이 모두 포함입니다. 추가 요금 일체 없어요. 


🙌직접 만들고 완성한 것을 소중한 사람들과 나누며 느끼는 작은 성취감이, 일상의 만족이 되기를 바랄께요!


🙏베이킹 처음 해 보시는 분들도, 해 보신 분들도, 모두모두 환영합니다!

🍭🍭


🥧 이번 소셜링에서는 에그타르트를 만들어 볼께요! 겹겹이 부셔지는 바삭한 결과 달콤한 필링이 함께하는 포르투갈 식으로 만들어 볼께요. 잘 만들기 힘들지만, 최대한 쉽고 간단한 방법을 찾아내보았어요!


🧈복잡한 과정을 제외하고, 최대한 홈베이킹에 가깝게 부담없이 만들 수 있도록 준비했답니다.




￼



🥯🥯


📆진행일 : 8/16, 일요일


⏰시간 : 오후 2시, 3시간


🍽️메뉴 : 에그타르트
* 인당 작은 것으로 11개 가량 완성 예상해요


📍장소 : 베이커즈 베이킹룸
* 을지로 3가 근처의, 독립된 넓은 공간이에요!


🙌참가비 : 31,500
* 공유주방, 재료비 일체, 문토 수수료 등 모든 비용 포함되어 있어요 
* 최근 준비된 일정 중 일부, 참가비 35,000 원 에서 31,500 원 으로 할인 진행합니다. 


🤝진행인원 : 호스트 포함 17인


🔔🔔


* 진행 메뉴의 경우, 갑작스럽게 재료 수급에 문제가 생기는 경우 부득이하게 다른 메뉴로 진행할 수 있어요. 참가자 분들께, 미리 알려 드릴께요!


* 홈베이킹 소셜링 방향성 준수를 위해, 승인제로 진행합니다. 간단한 문답을 작성해 주세요. 확인 후 승인 도와드리겠습니다!


* 소셜링 전, 신청 인원에 따라 일정 변동이 있을 수 있어요. 추후 공지 드릴께요. 


* 처음 보는 분들이 함께 같은 작업을 하며 진행하기에, 매너점수가 지나치게 낮은 분들의 신청은 특별히 신경써요. 사전 상담 후 진행에 문제 없다는 것 확인하거나, 진행에 있어 제가 각별히 체크하는 방식으로 진행합니다. 관련 내용 궁금하신 분 1:1 메세지 주시기 바랍니다. 감사합니다. 


* 늦참이 가능합니다. 부득이한 일정으로 늦으시는 분, 예상 도착시간 말씀해 주시고 참가하시면 되어요! 다만 부득이 한 경우의 협조이며, 늦참 하시는 경우 일정에 심각한 지체가 있으니, 가급적 시간에 맞춰 도착해 주세요!!


* 궁금하신 점이나 문의사항 있으신 경우, 언제라도 1:1 메세지나 댓글로 연락 주세요. 감사합니다!


🎈🎈


🥳베이커즈에서 만나요!",베이킹 | 홈베이킹 | 에그타르트 | 디저트 | 요리,31500,16,3,중구,2026-08-16T05:00:00.000Z,CHOICE,CLASS,3980,club:3980,0,0,N,,,45,Y,API minAge/maxAge,,미판정,A/B 판정은 활동구체성 수기 검토 필요,하,,,,미검토
659904,2026-07-30T05:37:13+00:00,문토,default,67,https://www.munto.kr/detail-socialing?id=659904,3,푸드·드링크,와인,[여름 특집-2부]샴페인은 왜 스파클링 기준이 되었을까?🍾🥂,"✅클럽원 아니어도 신청 가능🤗✅

안녕하세요👋🏻
<가끔 커피나 와인 한 잔>, <와인과 취향>을 
운영하는 경의로운 와인입니다.

무더운 여름을 맞아 진행되는 여름 특집 2부!
1부에 이어 이번엔 고급 스파클링의 대명사인 
“샴페인”을 기준으로 진행되는 소셜링 입니다.
이번 주제는

왜 스파클링하면 샴페인을 먼저 떠올릴까🤔!?

샴페인을 대표하는 3가지 스타일
블렌드(Assemblage), 
블랑 드 블랑(BdB),
블랑 드 누아(BdN)

그런 샴페인의 아성에 도전 또는 벤치마킹하는
다양한 국가별 전통 방식 스파클링 와인들
영국과 미국의 스파클링 와인,
이탈리아의 프란치아 코르타,
남아공의 캡 클라시크 등

함께 세미 블라인드로 비교 시음하는 모임입니다.

장소는 강남구 위치한 “쿠히치” 압구정점으로
일식 베이스 퓨전 음식을 선보이는 이자카야입니다🍣
콜키지 프리로 운영되며, 
소셜링은 룸에서 프라이빗하게 진행될 예정입니다!


☑️내용 : 호스트의 간단한 와인 설명과
+세미 블라인드😎


⏰일시 : 8월 16일 (일) 저녁 6시
📍장소 : 쿠히치 압구정점
🙋🏻‍♂️인원 : 4~7명
💰예상 비용 : 와인 + 식대, 모두 1/N
•식대 : 인당 약 4~5만원
•와인 : 인당 1병 기준, 평균가 약 10만원 전후
•잔은 인당 2개 제공(매장 및 호스트 각 1개 제공)
•매장은 콜키지 프리!


🍾🥂와인 리스트🥂🍾

🍾샴페인  3종

1. NM 블렌드
: 폴 로저, 브뤼 NV

2. 블랑 드 블랑
: 보네르, 블랑 드 블랑 그랑 크뤼

3. 블랑 드 누아
: 미정
vs

🍾전통 방식 스파클링 4종
4. 영국 - 스파클링
: 거스번, 브뤼 리제르바

5. 이탈리아 - 프란치아코르타
 까델 보스코, 뀌베 프레스티지 47

6. 미국 - 스파클링
: 크루즈 스파클링 트레디션

7. 남아공 - 캡 클라시크
: 살타레 MCC 브뤼 리저브


*상기 와인 리스트는 상황에 따라 변동 가능한 점 참고부탁드립니다.

🔞주의 사항
•연령, 성별, 나이 제한없으나 취향 존중할 줄 아시는 분
문의 사항은 메세지 주세요!

￼

￼

￼￼",와인 | 와인과취향 | 맛집 | 와인페어링 | 와인모임,10000,6,5,강남구,2026-08-16T09:00:00.000Z,CHOICE,NORMAL,23943,club:23943,0,0,N,,,,N,없음,,미판정,A/B 판정은 활동구체성 수기 검토 필요,하,,,,미검토
662152,2026-07-30T05:37:13+00:00,문토,default,68,https://www.munto.kr/detail-socialing?id=662152,9,파티,컨셉파티,🚨판을 뒤흔드는 전학생들의 등장🚨,"🙆‍♂️2부 참가 소셜링🙆‍♂️


♥️ 딱 8명만 추가입장♥️


흔들리는 내마음?

새로운 바람이 분다🚨

새로운 인연&설렘을 느끼고 싶다면??


￼



🌺타임 테이블🌺


🌷블라인드 자기소개🌷


🌷설렘 유발 도파민 폭발 시그니처게임🌷


🌷DM 게임🌷


🌷컨택의 꽃 대리설렘🌷


🌷최종컨택🌷


￼￼



당신의 컨택
서포트 하겠습니다",강남 | 파티 | 솔로파티,29000,24,5,서초구,2026-08-01T14:30:00.000Z,CHOICE,NORMAL,,title:판을 뒤흔드는 전학생들의 등장,0,0,N,,,35,Y,API minAge/maxAge,,C,직접표현: 솔로파티,상,,,,미검토
664665,2026-07-30T05:37:13+00:00,문토,default,69,https://www.munto.kr/detail-socialing?id=664665,9,파티,내향인파티,[제로주점] 혼자 오는 혼술바🍶,"❗️5시 30분에 자동마감 되어요❗️


[제로주점] 혼자 오는 혼술바


🫧 최대 30명 내외로 진행 됩니다.
🫧 무료 초대는 진행하지 않습니다.



“처음 보는 사람들이 친구가 된다면 얼마나 좋을까?”

￼








🫧 또래 나이로 자리를 배치해요.
🫧 36.5도 이하의 게스트분들은 승인이 어려워요.
🫧 신청서 내용이 누락되었을 경우 승인이 어려워요.
🫧 프로필에 본인인증 뱃지가 없는분은 승인이 어려워요.
🫧 성비는 1:1을 지향해요.











￼




                                                                                                                                                                                                                                                                                                                                                                                                                                                                                                                                                                                                                                                                                                                                                                                                                                                                                                                                                                                                                                                                                                                                                                                                                                                                                                                                                                                                                                                                                                                                                                                                                                                                                                                                                                                                                                                                                                                                                                                                                                                                                                                                                                                                                                                                                                                                                                                                             

어떤 종류의 소셜링인가요?
해당 소셜링은 편안한 분위기에서
끼니를 채우며 술을 곁들이는 
대화형 소셜링 이에요.                                                                                                                                                                                                                                                                                                                                                                                                                                                                                                                                                                                                                                                                                                                                                                                                                                                                                                                                                                                                                                                                                                                                                                                                                                                                                                                                                                                                                                                                                                                                                                                                                                                                                                                                                                                                                                                                                                                                                                                                                                                                                                                                                                                                                                                                                                                                                                                                             


혼자 오시는 분들도 계시나요?
90% 이상의 게스트 분들이 혼자 방문해요.
(호스트도 혼자가요🙃)                                                                                                                                                                                                                                                                                                                                                                                                                                                                                                                                                                                                                                                                                                                                                                                                                                                                                                                                                                                                                                                                                                                                                                                                                                                                                                                                                                                                                                                                                                                                                                                                                                                                                                                                                                                                                                                                                                                                                                                                                                                                                                                                                                                                                                                                                                                                                                                                             

                                                                                                                                                                                                                                                                                                                                                                                                                                                                                                                                                                                                                                                                                                                                                                                                                                                                                                                                                                                                                                                                                                                                                                                                                                                                                                                                                                                                                                                                                                                                                                                                                                                                                                                                                                                                                                                                                                                                                                                                                                                                                                                                                                                                                                                                       꼭 술을 마셔야 하나요?
호스트도 술을 마시지 않을거에요.
과일음료,탄산도 준비해둘게요.
(같이 마시고 싶은 술이 있다면 가져와도 좋아요.)
                                                                                                                                                                                                                                                                                                                                                                                                                                                                                                                                                                                                                                                                                                                                                                                                                                                                                                                                                                                                                                                                                                                                                                                                                                                                                                                                                                                                                                                                                                                                                                                                                                                                                                                                                                                                                                                                                                                                                                                                                                                                                                                                                                                                                                                                                                                                                                                                             
                                                                                                                                                                                                                                                                                                                                                                                                                                                                                                                                                                                                                                                                                                                                                                                                                                                                                                                                                                                                                                                                                                                                                                                                                                                                                                                                                                                                                                                                                                                                                                                                                                                                                                                                                                                                                                                                                                                                                                                                                                                                                                                                                                                                                                                                       제가 진짜 대문자 I인데 괜찮을까요?
저희의 소셜링 특성상 I분들이 더 많아요.
그리고 호스트가 I를 더 좋아해요.








￼






이런 분들이 오시면 좋아요.

✅ 문토가 처음이신 분
✅ 대형파티는 너무 기빨리는 분
✅ 편하게 대화하며 즐거운 시간 보내고 싶으신 분
✅ 타지에서 와서 동네친구가 없으신 분
✅ 나와 같은 결의 친구를 사귀고 싶으신 분







그럼 우리 곧 봐요.",푸드파티 | 파티 | 내향인파티 | 문래 | 영등포구청,39000,38,9,영등포구,2026-08-02T09:30:00.000Z,CHOICE,NORMAL,,title:혼자 오는 혼술바,0,0,N,,,35,Y,API minAge/maxAge,,미판정,A/B 판정은 활동구체성 수기 검토 필요,하,,,,미검토
664557,2026-07-30T05:37:13+00:00,문토,default,70,https://www.munto.kr/detail-socialing?id=664557,9,파티,컨셉파티,[건대/월요일]💜핫파티✨️🫶🅻🅸🅽🅺 🆄🆂,"❤️‍🔥급이 다른 핫파티❤️‍🔥


2026 솔로인 사람 다모여요
행복하게 해줄게요🖤




🥫🍡🍠🍢🍤🥗
⭕️음식제공해용~~⭕️
🥑🍣🍕🥝🍟🥩





💜Link-Us 우리를 연결하는💜



솔로인 사람 손!



우리는 진심입니다
우리는 남다릅니다

솔로로 오셨다가 
둘이 되어가실거예요 




문토가 처음이신분들께 강추드립니다

퀼리티가 남다른 모임에 참석하세요







.
.
.
.







￼











_____________________________








​링커스는 단순한 이성 만남을 넘어

의미 있는 
🔗
연결고리를 
🔗
만드는데 집중합니다

(좋은 사람들끼리는 연결됩니다)












ꗃ


의문점 하나.


ꗃ






취향이 맞는 사람들만나면
뭐가 좋은지 아시나요?


.
.
.



불편함이 없어요

편안하게 행복해져요






여러분들이
링커스에서 찐친과 찐연인을 만나


행.복.해.질.수.있.도.록.


우리는, 철저히 준비합니다
(비장)











_______________________













￼








​처음은 이렇게 시작해요

​나이, 직업, 편견은 잠시 내려두자구요
​모두가 편하게 친해질 수 있도록
간단한 게임이 있을 수 있어요


⛓︎


​커플 & 단체 도파민 게임

​술만 마시는 지루한 모임은 돈 아까워요
(진중한 컨셉이라고 포장된 파티는 사절이니까요)

호스트가 준비한 커플/단체 맞춤형 꿀잼 뚝뚝
순식간에 내적 친밀감 최고치를 달성합니다

​승부욕과 웃음이 폭발하는 게임을 통해
자연스럽게 서로가 연결됩니다
(링커스 찡긋)



⛓︎



​📻 마음을 전달해요

​마음에 드는 상대에게 직접 말하기 어렵다면?
익명으로 해보는건 어때요

​호스트가 DJ가 되어 당신의 진심이 담긴 메시지를
대신 전달해 드립니다

(이 컨텐츠는 요즘 문토 파티에서 다~ 하죠!
그런데 진행자의 센스가 절반을 차지합니다. 인정?)

하이퀄리티 / 하이엔드급 진행으로 
물 흐르듯 자연스럽게 저 바다(태평양)까지 
스무스하게 이어지는 
꿀잼+편안한 진행 실력 맛보기
(맛도리 냠냠)











___________________________












￼









💌링커스에 초대합니다

​""사랑""과 ""우정""
두 마리 토끼 중 

하나라도 잡고 싶은 
당신을 기다립니다

(하나라도 꽉 잡아가세여)🐇





𝄞






​ 🟣 짜릿한 도파민이 필요한 E 또는 I 
       (다 오시라는 얘기)
​ 🟣 매력 어필에 능한 사람
       (능력없어도 오시는 재밌어요)
​🟣 진솔한 마음을 전하고 싶은 낭만주의자
      (낭만없어도 컨텐츠로 만들어드림)
​🟣 새로운 관계를 적극적으로 개척하는 자
      (눈빛으로 쏴줘요 가만히 안놔둘게요)










___________________________













￼







ꗃ


우리는 행복해야합니다


ꗃ







정성으로 준비한 모임에 감동하고
좋은 사람들과 유쾌한 시간을 보내신다면
저희는 행복합니다










____________________________












❝ 연결되는 우리 ❞


▫️ 언제언제 : 상단에 명시된 날짜 
▫️ 어디어디 : 2호선 초역세권
▫️ 누가누가 : 훈남훈녀
▫️ 제공사항 : 다과제공, 주류포틀럭
▫️ 복장코드 : 깔끔한 복장 
▫️ 환불규정 : 문토 규정 준수 









🔮

특별한 당신을 기다립니다
대부분의 게스트분들이 혼자 오십니다
망설이지마세요 

오시면 웃게 될거예요
오시면 알게 될거예요
오시면 둘이가게 될거예요








￼














저희는 혼신의 힘을 다해 
정성껏 준비하고 있을게요


바랄게요
좋은 분들만 오시기를...!











  곧 봬요
💜",링커스,38800,59,11,광진구,2026-08-03T11:30:00.000Z,CHOICE,NORMAL,,title:핫파티,0,0,N,,,35,Y,API minAge/maxAge,,미판정,A/B 판정은 활동구체성 수기 검토 필요,하,,,,미검토
664728,2026-07-30T05:37:13+00:00,문토,default,71,https://www.munto.kr/detail-socialing?id=664728,3,푸드·드링크,요리,🥗샐러드 팩토리(일•낮) - 내가 먹을 7일치 샐러드,"🫢
선착순 두 분
얼리버드 할인 까지


.
.
.


🛍️모임 후, 챙기는 것 3가지

1. 샐러드 5팩
2. 소스(4가지) 5개
3. 양파 후레이크 2통


- 샐러드 4종류
🥗메밀면 샐러드
🫔두부면 샐러드
🍝파스타 샐러드
🍚포케 샐러드(New)


- 드레싱 4종류
•오리엔탈
•참깨 흑임자
•스리라차 마요
•이탈리안



￼



📍준비물 없어요!

🍀선착순 두 분
얼리버드 할인 까지


.
.
.


🫢총 22가지 재료
시각적인걸 넘어, 
실제로 더 맛있어졌어요


.
.
.



📆본 모임은

- 매주 수, 목 11:00 / 19:00
- 토, 일 10:30(14:30) / 19:00(18:30)

정기적으로 열립니다



￼


혼자 집에서 샐러드 만들면


결과적으로 가격도 비싸고,
버리는 재료들도 많고
꾸준히 만들어 먹기 어려우셨죠?
네 맞아요. 제가 그랬어요!!!

.
.
.


샐러드 함께 만들고
지갑도 지키고
건강도 지켜요
🥗💵💪🏼


￼


샐러드 관련 재료, 포장용기 주문까지


모든 사전 작업은 호스트가 해놓겠습니다🙇‍♂️
준비된 손질 도구들을 활용해서
본인이 먹을 7일간의 샐러드 챙겨가세요🤗




￼


[ 2. 모임 오셔서 하는 것 ]

호스트로 부터 정해진 임무를 부여받아
신선한 채소 및 닭가슴살, 고구마 등등
내가 먹을 샐러드에 들어갈 재료 직접 손질하고

샐러드를 포장해요.

🕖소요시간 - 1시간 40분
🎁1인당 챙겨가는 샐러드 - 5팩(팩당 700ml)
📍소비기한 - 7일



￼


[ 3. 꼭 읽어주세요 ] 

👍샐러드 재료는 22가지

🥬 양배추
🥕 당근
🫜 적근대
🍠 으깬 고구마
🐔 닭가슴살 (5)
🥚 삶은 달걀
🌽 옥수수콘
🫘 렌틸콩
🫛 병아리콩 
🫒 슬라이스 올리브 (10)
🌰 슬라이스 아몬드
🍅 방울토마토
🍇 건포도
🍜 두부면 or 메밀면 or 파스타면
🥜 땅콩 분태 (15)
🍛 쿠스쿠스
🫙 오리엔탈 / 흑임자 / 이탈리안 / 스리라치 마요
드레싱 60ml
🧀 파마산 치즈
🥔감자
🍚보리 (20)
🌾귀리

등등 푸짐한 구성으로 재료를 준비하고 있어요.


📍참여비는 재료비로 쓰입니다.


ㅡ


⏰모임 소요시간은 [ 최대 1시간 40분 ] 이며 
모임이 끝나면 

참여자 모두 꽉꽉 담은 700ml 🥗샐러드 5팩
을 가지고 가실 수 있어요. 
👏🏼",식단 | 샐러드 | 밀프랩 | 식비절약 | 유지어터,27900,14,3,중구,2026-08-02T05:30:00.000Z,COMMON,NORMAL,28397,club:28397,0,0,N,,,,N,없음,,미판정,A/B 판정은 활동구체성 수기 검토 필요,하,,,,미검토
664229,2026-07-30T05:37:13+00:00,문토,default,72,https://www.munto.kr/detail-socialing?id=664229,11,외국어,일본어,첫 번역 도전반 7주차,"안녕하세요, 모후모후 일본어입니다!
이번에 새로운 스터디 과정으로 ‘번역 도전반’을 진행해 볼까 합니다.

이 스터디는 일본어를 어느 정도 읽을 수 있는 분들이
‘번역’이라는 과정에 입문해보는 걸 목표로 진행될 예정입니다.

저는 참여 번역을 시작으로 번역 실무에 들어갔고, 이후 만화 번역과 게임 번역 등으로 발걸음을 넓혀 왔습니다.
이번 과정은 그 경험을 바탕으로 제가 처음 번역 연습을 가졌던 루트를 차근차근 밟아갈 예정입니다.

전문 교육처럼 무겁게 진행되기 보다는 평소 모임처럼 가볍게 참여 가능한 입문 과정으로 진행될 예정입니다!
최종적으로는 참여 번역 사이트를 활용해 실제 번역본을 만들어 보는 걸 목표로 합니다.

1. 대상 모임원

・ JLPT N2 ~ N1 전후의 일본어 실력을 가지신 분
・ 일본어 문장을 어느 정도 읽을 수 있지만 자연스러운 표현으론 옮기기 어려우신 분
・ 만화, 동인 번역에 관심이 있으신 분
・ 언젠가 번역 부업에 도전해보고 싶으신 분
・ 새로운 공부를 해보고 싶으신 분

2. 진행 방식

・ 기간 : 총12주
・ 횟수 : 주1회
・ 시간 : 회당 2시간
・ 참가비 : 1회 2만 원
・ 방식 : 설명, 예문 분석, 번역, 피드백
・ 최종 목표 : 참여 번역 사이트 제출 도전

본격적인 그룹 과외로 진행될 예정인 만큼,
기존 프리토킹이나 회화 스터디보다는 참가비가 높게 책정된 편입니다!

3. 스터디 흐름

6주차. 캐릭터 말투 살짝 입히기

아이, 어른, 친구 등 화자에 따라 달라지는 말투를 연습합니다.
안정적이고 자연스러운 말투 통일을 목표로 합니다.

7주차. 동화 번역

짧고 쉬운 동화를 이용해 부드러운 문체를 연습합니다.
문장이 너무 딱딱하지 않도록 다듬는 방법을 배웁니다.

8주차. 번역문 다듬기와 피드백

지난 번역문을 바탕으로 수정 전후를 비교합니다.
서로 번역을 보며 보다 좋은 번역을 찾아 봅니다.

9주차. 만화 번역 맛보기

쉬운 아동용 만화를 활용해 대사를 번역해봅니다.
장면 흐름, 대사 길이, 캐릭터 반응을 보며 만화 번역을 익힙니다.

10주차. 만화 번역 다듬기

효과음, 감탄사, 말투, 말장난 등을 살펴봅니다.
초벌 번역을 다듬는 연습을 합니다.

11주차. 참여 번역 시작하기.

참여 번역의 구조, 작품 선택, 작업 방식, 주의 사항을 알아 봅니다.
수업 중 함께 시스템을 확인하고, 실전 번역을 과제로 마무리해옵니다.

12주차. 최종 피드백과 제출

11주차 과제로 번역해온 내용을 함께 검토합니다.
최종 수정과 점검을 거친 뒤, 가능한 분들은 실제 제출까지 도전합니다.

4. 모임장 번역 경력

일본 사이트 참여 번역 22년 ~ 현재
만화 번역 위탁 업무 23년 ~ 현재
커뮤니티 UV 번역 위탁 업무 25년 5월 ~ 26년 3월
게임 번역 26년 4월 ~ 현재
블로그에서 자율적 번역 13년 ~ 23년

그 동안 모임에서 일본어에 열정적이신 많은 분들을 뵈었습니다.
이 과정이 평소 해온 공부가 하나의 형태로 이루는 경험이 될 수 있으면 좋겠습니다!
번역에 관심은 있었지만 어떻게 시작해야 좋을지 몰랐던 분들께도 좋은 첫 걸음이 되길 바라봅니다!! 

일부 과정만 듣는 것도 가능합니다!
궁금하신 사안 있으시면 모임장 개인톡으로 연락 부탁드립니다!


안녕하세요, 모후모후 일본어입니다!
이번에 새로운 스터디 과정으로 ‘번역 도전반’을 진행해 볼까 합니다.

이 스터디는 일본어를 어느 정도 읽을 수 있는 분들이
‘번역’이라는 과정에 입문해보는 걸 목표로 진행될 예정입니다.

저는 참여 번역을 시작으로 번역 실무에 들어갔고, 이후 만화 번역과 게임 번역 등으로 발걸음을 넓혀 왔습니다.
이번 과정은 그 경험을 바탕으로 제가 처음 번역 연습을 가졌던 루트를 차근차근 밟아갈 예정입니다.

전문 교육처럼 무겁게 진행되기 보다는 평소 모임처럼 가볍게 참여 가능한 입문 과정으로 진행될 예정입니다!
최종적으로는 참여 번역 사이트를 활용해 실제 번역본을 만들어 보는 걸 목표로 합니다.

1. 대상 모임원

・ JLPT N2 ~ N1 전후의 일본어 실력을 가지신 분
・ 일본어 문장을 어느 정도 읽을 수 있지만 자연스러운 표현으론 옮기기 어려우신 분
・ 만화, 동인 번역에 관심이 있으신 분
・ 언젠가 번역 부업에 도전해보고 싶으신 분
・ 새로운 공부를 해보고 싶으신 분

2. 진행 방식

・ 기간 : 총12주
・ 횟수 : 주1회
・ 시간 : 회당 2시간
・ 참가비 : 1회 2만 원
・ 방식 : 설명, 예문 분석, 번역, 피드백
・ 최종 목표 : 참여 번역 사이트 제출 도전

본격적인 그룹 과외로 진행될 예정인 만큼,
기존 프리토킹이나 회화 스터디보다는 참가비가 높게 책정된 편입니다!

3. 스터디 흐름

1주차. OT

스터디 과정과 목표를 소개합니다.
제가 번역가의 길을 밟은 과정이나
활용한 참여 번역 사이트 등을 알아봅니다.

2주차. 해석과 번역의 차이

단순히 이해하고 해석하는 것과 번역의 차이를 이해합니다.
직역과 자연스러운 번역의 차이를 공부합니다.

3주차. 한국어 답게 바꾸기

일본어식 표현을 자연스러운 한국어로 바꾸는 연습을 합니다.
해석에 끝나지 않고 자연스럽게 전달하는 방법을 배웁니다.

4주차. 번역투 줄이기

“랄까”, “~라고 생각한다”, “~에 있어서” 등
쉽게 틀리는 번역투 공부를 합니다.

5주차 . 대사 번역 맛보기

짧은 대사를 활용해 반말, 존댓말, 감탄사 등 자연스럽게 옮기는 연습을 합니다.
실제 대사처럼 들리는지 함께 확인합니다.

6주차. 캐릭터 말투 살짝 입히기

아이, 어른, 친구 등 화자에 따라 달라지는 말투를 연습합니다.
안정적이고 자연스러운 말투 통일을 목표로 합니다.

7주차. 동화 번역

짧고 쉬운 동화를 이용해 부드러운 문체를 연습합니다.
문장이 너무 딱딱하지 않도록 다듬는 방법을 배웁니다.

8주차. 번역문 다듬기와 피드백

지난 번역문을 바탕으로 수정 전후를 비교합니다.
서로 번역을 보며 보다 좋은 번역을 찾아 봅니다.

9주차. 만화 번역 맛보기

쉬운 아동용 만화를 활용해 대사를 번역해봅니다.
장면 흐름, 대사 길이, 캐릭터 반응을 보며 만화 번역을 익힙니다.

10주차. 만화 번역 다듬기

효과음, 감탄사, 말투, 말장난 등을 살펴봅니다.
초벌 번역을 다듬는 연습을 합니다.

11주차. 참여 번역 시작하기.

참여 번역의 구조, 작품 선택, 작업 방식, 주의 사항을 알아 봅니다.
수업 중 함께 시스템을 확인하고, 실전 번역을 과제로 마무리해옵니다.

12주차. 최종 피드백과 제출

11주차 과제로 번역해온 내용을 함께 검토합니다.
최종 수정과 점검을 거친 뒤, 가능한 분들은 실제 제출까지 도전합니다.

4. 모임장 번역 경력

일본 사이트 참여 번역 22년 ~ 현재
만화 번역 위탁 업무 23년 ~ 현재
커뮤니티 UV 번역 위탁 업무 25년 5월 ~ 26년 3월
게임 번역 26년 4월 ~ 현재
블로그에서 자율적 번역 13년 ~ 23년

그 동안 모임에서 일본어에 열정적이신 많은 분들을 뵈었습니다.
이 과정이 평소 해온 공부가 하나의 형태로 이루는 경험이 될 수 있으면 좋겠습니다!
번역에 관심은 있었지만 어떻게 시작해야 좋을지 몰랐던 분들께도 좋은 첫 걸음이 되길 바라봅니다!! 

일부 과정만 듣는 것도 가능합니다!
궁금하신 사안 있으시면 모임장 개인톡으로 연락 부탁드립니다!",일본어 | 일본어스터디 | 일본어번역,20000,3,1,강북구,2026-08-01T11:00:00.000Z,COMMON,CLASS,39581,club:39581,0,0,N,,,,N,없음,,미판정,A/B 판정은 활동구체성 수기 검토 필요,하,,,,미검토
664044,2026-07-30T05:37:13+00:00,문토,default,73,https://www.munto.kr/detail-socialing?id=664044,7,자기계발,스피치,"스피치 : 목소리, 화술, 발표, PT, 면접(4분 확정)","￼￼


￼

￼


￼



1회 수업 후 결정해주셔도 괜찮습니다. 
1회만 하셔도 좋아진다고 확신합니다. 
실력 향상 안되시면 환불 가능합니다.



간단 이력

서울, 경기점 박태진
세종대학교 영화예술학 학사


수강생

CEO : (주)홈**, (주)*믹스, ㈜플러스**, (주)**하이텍, (주)*하이브, (주)*****코리아, (주)***비즈(사투리교정), (사)미라클, ****스트리, 피앤피스***, ****SPACE 등

기업 출강 : (주)**코리아, ****컨설팅, *바구니, *올림, ***라이프, 헬스***(강남1위), 필라*(강남1위), 경기청년공간 내일스퀘어 양평, 포천시 청년센터 등 '22~

학교 출강 : 경상대, 인제대, 경기상고 ‘22~

학원 출강 : *******논술, 송송******, 왕박사*****, 컬* 등 '21~



합격, 당선

NH투자증권 PB 합격 (200:1)(면접,발표) '26
롯데하이마트 합격 (면접,PT,토론)
삼성 합격 (6:1)(면접)
청년전용창업지원금 2억 최종선정 (면접,PT) '25
예비창업패키지 6천만원 최종선정 (면접,PT)
국방과학연구소 합격 (면접,PT)
서울교통공사 합격 (면접)
카카오클라우드 합격 (면접,PT)
**미디어 합격 (면접,PT)
**해운항공 합격 (면접)
기아 합격 (면접) '24
***증권 합격 (면접)
공공기관 승진 합격 (5:1)(면접)
코오롱*** 승진 확정 (면접,PT)
경찰 합격 (면접)
공무원 합격 (12:1)(면접)
6조원 조달청 입찰 선정 (****증권)(면접,PT) '23
70억 제안서 1위 (**,**엔지니어링)(면접,PT)
청년전용창업지원금 1억 최종선정 (면접,PT)
공무원 합격 (면접,5분발표) 
COS 합격 (면접,PT)
*****리서치 합격 (면접)
미** 합격 (면접) 
병원 합격 (40:4)(면접)
초기창업패키지지원금 1억 최종선정 (****SPACE)(면접,PT) '22 
****대학교 총장 당선 (연설,PT) 
부노회장 당선 (700명 앞 연설) 
공무원 합격 (16:1)(면접,5분발표) 
미쓰비시 합격 (면접)
디올 합격 (10:1)(면접)
청원경찰 합격 (100:4)(면접)
너디** 합격 (면접)
덴티* 합격 (면접)
병원 합격 (면접)
병원 합격 (면접)
SK하이닉스 합격 (면접,PT) '21
한국타이어 합격 (면접)
금호석유화학 합격 (면접,토론)
TP에너지센터장 합격 (10:1)(면접,PT) ‘20
공공기관 합격 (면접)
병원 합격 (면접) ’20

부산대학교 간호학과 합격 (면접) '24
칸세이가쿠인대학교 합격 (50:5 면접) ’23
나사렛대학교 임상병리학과 합격 (면접)
서울예술대학교 합격 (면접) ‘21



안녕하세요. 스피치액트 박태진입니다.

저는 연극영화과 졸업생이자 배우입니다. 

배우라는 직업은 특성상 자기 자신의 말조차 잘 할 수 없다면 내가 맡는 배역의 말은 잘 할 수 없습니다. 그래서 자기 자신부터 누구보다 말을 잘하게, 최대한 좋은 목소리로 만드려고 노력중이며 지금도 보이스트레이닝, 스피치트레이닝 등 끊임 없이 훈련중입니다.


처음에는 목소리가 안 좋고 더듬고 횡설수설하고 얼굴도 빨개지고 그랬는데 예술고등학교, 예술대학교, 입시학원, 방송학원 등에서 스피치, 연기를 배우고, 트레이닝을 꾸준히 한 결과 많이 발전 할 수 있었습니다.

학교에 입학 할 때는 200:1 경쟁률, 그리고 영화, 드라마도 실기부터 면접까지 100:1은 넘는 경쟁률이었습니다. 

연기+면접으로 입학했고, 입시 진행 요원으로 4년 동안 시험장 안에 있었는데 붙는 학생과 떨어지는 학생의 스피치 차이를 누구보다 명확히 알 수 있었습니다. 그리고 학생회에서 300명 앞에서 수시로 많은 발표를 하였고 말을 잘한다는 평가를 들었습니다. 

졸업 후에도 오디션, 연기 스터디등을 통해 어떻게 입장하고 어떤 화술을 쓰고 어떻게 퇴장해야 뽑히거나 매력적인 사람인가를 항상 공부하고 있습니다.


1. 목이 자주 쉬거나 아픕니다.

2. 목소리가 작습니다.

3. 발음이 좋지 않습니다.

4. 말이 빠릅니다.

5. 말할 때 버벅입니다.

6. 목소리가 마음에 안 듭니다 (비음을 없애고 싶어요, 목소리를 좋게 하고 싶어요 등)


7. 발표할 때 긴장되거나 불안합니다.

8. 발표에 자신이 없습니다.

9. 면접에 자신이 없습니다.


10. 논리적으로 조리 있게 얘기하고 싶습니다.


등 이런 문제점이 생기는 이유는 단순하게 훈련 방법을 모르시고 연습을 하지 않으셔서 그렇습니다. 운전을 잘하고 싶다면 운전을 배우고 운전을 하셔야 하십니다. 요청자 분들께서는 단순히 스피치를 배우지 않으셔서 생기는 문제들입니다.

호흡, 발성, 발음 등 배운 것을 토대로 일상생활에 접목 시키는 방법, 대본을 만드는 방법, 발표하는 방법 등을 통해 요청자분의 단점을 충분히 없애고 장점을 극대화 시키실 수 있습니다.

실제로 수강생들은 처음에 말을 무척 못하고, 불안해하고, 목소리도 명확하지 않았는데 수업 
후 스피치가 놀랍도록 향상 돼 기업을 합격하거나, 회사 대표, 반 대표로 발표(회의)를 나간 경력, 발표 수상 경력 등이 많습니다.


사람간의 의사소통에서 언어적 요소의 중요성은 7%에 불과하고, 청각적 요소는 38%, 시각적 요소는 55%를 차지하는 것으로 나옵니다. 이렇게 나온 7:38:55 비율을 메러비안의 법칙이라고 합니다. 누군가와 일하고 누군가와 만났을 때 목소리가 38%(발성,발음,톤,템포 등)로 많은 비중을 차지합니다. 목소리 외에도 자세, 표정 등 남들이 봤을 때 매력적인 사람으로 보일 수 있도록 교정해드리겠습니다.



(커리큘럼)

총1달 주1회 1시간반


1회차 : 발성, 발음 + 긴장 완화, 논리적 말하기
2회차 : 생활 습관 (말투), 화술 + 발표 (토론,면접)
3회차 : 호흡 + 발표 (토론,면접)
4회차 : 저음 + 토론 (발표,면접)


*급한 발표나, 면접 혹은 금방 개선되고 싶으신 분은 주2회 or 속성 원데이 레슨도 가능합니다 :)

수업 중간 중간 영상을 통해 화술 전후 차이를 확인하실 수 있습니다.




✅ ​서울점 박태진 --------------------------------------------------------------------------------


경력 (스피치)

세종대학교 영화예술학과 연기예술전공 합격 (실기,면접) (200:1) ‘11

국립전통예술고등학교 뮤지컬과 합격 (실기,면접) (10:1) ‘06

세종대학교 영화제 MC '11

세종대학교 영화예술학과 총무부장 : 300명 앞 계획, 결산 보고 및 질의응답 (PT) ‘14~’16

세종대학교 영화예술학과 연기예술전공 입시 진행 : 2000명 앞 입시 설명  질의응답 ‘11~’16

세종대학교 영화예술학과 과대표, 무대감독 (어느 계단 이야기) : 공지, 공연 셋업부터 철거까지 총 감독, 진행 (PT) ‘14~’17

세종대학교 영화예술학과 11학번 졸업식 답사 ‘18

공연 연출 경험 다수 ‘12~

단편 영화 조연출 다수 ‘17~

blackgroup 연기스터디장 '17~


기업 헬스***(강남 1위) 계약 체결 (PT) '22

기업 필라*(강남 1위) 계약 체결 (PT) '22

영화 늦더위 GV (압구정CGV, 홍대입구롯데시네마) '22~'24

결혼식 축사 다수 '22~

상업 영화 킹메이커 2인 대사 연기 오디션 진행 '18




경력 (연기)

Movie

2024 장편 '늦더위' <조연>
(필름다빈 배급)
(제48회 서울독립영화제 경쟁)
(제48회 서울독립영화제 후반제작지원작)
(제28회 부산국제영화제 경쟁)
2022 장편 '피는 물보다 진하다' <주연>
(호우주의보 배급)
(인천영상위원회 지원작)
2022 단편 '먹이' <주연>
(대한민국패럴스마트폰영화제 상영)
(퍼니콘 배급)
2022 단편 '히든' <주연>
(영화진흥위원회 지원작)
2021 단편 '그렇기에 나는 배우입니다' <주연>
(영화진흥위원회 지원작)
2020 상업 '초미의 관심사' <단역>
2020 단편 '자기결정권' <주연>
(제10회 충무로 단편 영화제 경쟁)
2019 단편 'The Faker' <주연>
(제9회 충무로 단편 영화제 수상)
2018 상업 '안시성' <단역> / 상업 '여름방학' <단역>
2018 단편 '굴레' <주연>
(제1회 근로자 영화제 금상)
2017 단편 '달팽이' <조연>
(북유럽 국제 영화제 수상)
2017 단편 네이버TV 'Eternal Love' <주연>
외 다수


Drama
2020 웹드라마 '성유동' <조연>
2019 JTBC '리갈하이' <단역>
2018 채널A '열두밤' <조단역> <준수>
2018 OCN '손 the guest' <단역> / 넷플릭스 '마음의소리 리부트' <단역>
2018 웹드라마 대학내일 '오.무.알' <조연>
2017 웹드라마 네이버TV '러브스틱' <주연>
2017 웹드라마 '수스' <주연>
외 다수


CF
2019 딴짓클럽 바이럴 <조연>
2018 우리은행 위비톡 바이럴 <주연>
2017 삼성전자 SNS 활용가이드 <주연>
외 다수


Play
2021 순례주택 <조연>
(중구문화재단 지원작)
2021 우리들의 이야기 <연출>
(경기도 교육청 주관)
2016 어느계단이야기 <주연> / 우리읍내 <조연>
2015 맥베스 <조연> / 한여름밤의 꿈 <조연> / 글렌게리 글렌로스 <주연>
2014 쉬어매드니스 <주연>
2011 6호실 <주연>
외 다수⁹",스피치 | 면접 | 목소리 | 화술 | 발표,30000,3,1,강남구,2026-08-02T04:00:00.000Z,COMMON,CLASS,,title:스피치 목소리 화술 발표 pt 면접,0,0,N,,,,N,없음,,미판정,A/B 판정은 활동구체성 수기 검토 필요,하,,,,미검토
662875,2026-07-30T05:37:13+00:00,문토,default,74,https://www.munto.kr/detail-socialing?id=662875,7,자기계발,대화,내 연애만 어렵나요? - 퍼넥션 연애특집,"잔여석 : 여성 한 자리, 남성 세 자리


ㅡㅡㅡㅡㅡ


퍼넥션 연애특집은 남녀 매칭 소셜링이 아닙니다.


ㅡㅡㅡㅡㅡ


남녀 4명씩 연애와 결혼에 관련된 질문에
답변을 하고 고민도 꺼내며
더 깊게 이야기를 나눌거예요

'내가 생각하는 연애할 때 나의 장점은?'
'연애하면서 발견한 새로운 나의 모습은?'

등의 질문들에 답변하고 다른 성별의 시각도 알아보는 
건강한 대화모임을 지향합니다.

솔로든 커플이든 상관없습니다!

유쾌하면서도 진중하게 
대화 나누실 분들을 모시고있어요 😆


ㅡㅡㅡㅡㅡ


[퍼넥션 연애특집 미리보기]


￼



OX 질문 맛보기

1. 나는 이상형이 확고한 편이다.

2. 애인의 사소한 변화도 잘 알아채는 편이다.

3. 지금부터 시작하는 연애는 결혼을 전제로 하고 싶다.



문답 질문 맛보기

1. 내가 사랑에 빠졌다고 느끼는 순간은?

2. 소개팅 상대에게 딱 하나의 질문만 할 수 있다면?

3. 전 애인에게 영향 받았던 부분이 있다면?



ㅡㅡㅡㅡㅡ



당신을

참여형 대화 소셜링
퍼넥션 연애특집으로 초대합니다.


Funnection = Fun + Connection


안녕하세요!
사람과 질문, 그리고 재밌는 통계를 사랑히는
호스트 엘리오입니다 😀


￼



직장과 집을 반복하는 분들께
특별한 경험을 드리고 싶었고
자체제작한 프로그램을 이용하여

연애 스타일 
결혼에 대한 나의 생각

위 두 가지를 주제로 이야기 나눌 거예요.



[실제 게스트 답변]


￼



[프로그램 소개]


문답, OX
그리고
당일 공개되는 히든 컨텐츠 여러개!

총 100개 이상의
뻔하지 않은 질문들로 구성되어 있어요!

우리는 같은 질문에 답을하고
답변을 한번에 확인합니다.

답변들을 토대로
이야기 하는 시간을 가질거예요!

1️⃣ 다채로운 대화를 위해
성비는 1:1로 구성합니다! 🙋🏻‍♂️🙋🏻‍♀️

2️⃣ 휴대폰📱을 사용할거예요!
넉넉한 충전을 권장드려요!



[ 공간소개 ]


￼


많은 것이 구비되어 있는 근사한 공간을
소셜링에 사용할 예정이예요!


🧭 (봉천역 도보 5분거리) 🧭

 ⏰저녁 7시 시작 (3시간소요) ⏰



📣[ 모집 안내 ] 📣

신청 양식: 1. 성별 2. 나이 3. MBTI

호스트 팔로우, 소셜링 좋아요를
하신다면 좀 더 빠르게 승인될 수 있어요!


이런 분들은 퍼넥션에 맞지않아요!

❌ 종교, 정치, 다단계 홍보 하시는 분
❌ 상대의 말을 듣지않고 본인 의견만 
계속 어필하시는 분
❌ 이성에게 과하게 어필하시는 분



📣[ 추가 공지 ] 📣

다과가 준비되어 있지만
저녁식사 후 오시는 걸 추천드려요!

시간은
오후 7시부터 10시까지
세시간으로 예정되어있어요!



📣[ 환불 공지 ]📣

소셜링을 진행하기 위한
최소인원은 호스트 포함 6명이며
인원이 안될 경우에 전액 환불해드릴거예요!

문토 환불 규정을 엄격히 준수합니다!






기다리고 있겠습니다

즐겁게 만나요 👋",,40000,9,5,관악구,2026-08-08T10:00:00.000Z,CHOICE,NORMAL,,title:내 연애만 어렵나요 퍼넥션 연애특집,5,5,Y,API 성별정원 남5/여5,,40,Y,API minAge/maxAge,,C,직접표현: 소개팅,상,,,,미검토
664325,2026-07-30T05:37:13+00:00,문토,default,75,https://www.munto.kr/detail-socialing?id=664325,4,취미,글쓰기,🦩너와나<이어지는 글 파티>🎉🖍️선착순 5명 글쓰기! 이외 토론 참가가능!,"❗️🚨드디어 겨울이가 새로운 장소로 돌아왔다🚨❗️ 

              훨씬 넓고 더 쾌적한 공간입니다.
          ❣️남녀화장실 별도 내부 구비 주의😉❣️


- 수많은 후기 참고해주세요. 
- 저를 팔로우한 순서로 수락해드릴게요.
- 프로필 성별확인 가능하게 해주세요.
- 당일 신청은 과제 진행이 불가능 합니다. 미리미리 신청주세요! (중요🔥)
- 모임의 퀄리티를 위해 글쓰기 과제는 선착순 5명만 진행합니다. 나머지는 토론 함께 참여해요😊🙋🏻‍♂️

안녕하세요 :)
네이버 웹소설 작가로 활동하는 겨울이입니다.❄️
(최근에 신작 발표 후 연재 중입니다! 필명은 모임 3번 오신 분에 한해 공개! 🤣)

그동안 <이어지는 글쓰기>에 많은 분이 찾아와주셨습니다.
무한한 사랑에 보답하기 위해, 안주하지 않고 새로운 컨텐츠에 또! 도전합니다. 
기존 <이글>을 업그레이드하여 <이어지는 글 파티!>를 진행합니다.

<이어지는 글쓰기>가 강의와 피드백, 정보 전달에 집중했다면. 
<이어지는 글 파티>는 다양한 사람의 ‘글 구경’과 자유로운 토론 형식으로 진행됩니다!

독서량이 많지 않거나, 글짓기에 자신이 없어도 괜찮습니다. 
누구나 걸음마부터 시작하니까요.

￼



[ 소개 ]

왜 글을 잘 써야 할까요?
자소서를 잘 쓰는 것부터 연인의 마음을 사로잡는 연애편지까지.
누구나 살면서 글을 쓰기 마련입니다. 
짧은 문장은 때론 누군가를 위로하고, 자기 자신을 이해하는 마음의 창이 되곤 하죠.

글을 잘 쓴다는 건 그 자체로 정말 매력적인 일입니다. 
인생에 반드시 도움도 되고요!

10년 넘게 현업에서 활동해온 작가로서 글쓰기 소셜링을 진행합니다.

글이란 정말 신비롭고 재밌는 녀석이에요.
100명이 쓰면 100가지의 형태가 나오거든요.
매주 서로 다른 사람의 우주를 경험하게 될 겁니다.



 
￼




[ 진행 순서 ] 

1. 신청하신 분들께 미리 한 가지 주제를 알려드려요. (ex. 여름, 휴식, 외로움, 인생에서 진정 원하는 3가지, 인간관계 등)
2. 모임 전에 약 A4 한 장 분량의 글을 제게 제출합니다. (일기, 수필, 소설, 시, 블로그 홍보글, 유튜브 대본 등. 방식은 자유입니다. 한글 파일 기준 500자 이상 2천 자 미만입니다!)
3. 당일에 제가 이름표를 달아드리고, 간단한 아이스 브레이킹으로 서로 친해져요.
4. 여러분이 쓴 글을 앞에서 낭독하고 감상합니다. 
5. 타인의 글 주제로 토론하는 시간을 가집니다. 각자 느낌과 의견을 자유롭게 나눠보아요.
7. 모임이 끝난 후, 마음이 맞는 분들과 따로 2차 자리를 가질게요:) (추가 비용 발생합니다.) 




￼




[ 장소 ]

- 합정역 지하철역 8번출구에서 8분 거리입니다.
- 주차 가능합니다!🚗🚗🚗 만차 일 경우는 인근 공영주차장 부탁드려요.



[ 서비스 ]

- 다과 세트 제공해드려요.🍹🍫🍭




[ ※필독 ]

- <두근두근 마피아>와 달리 <이어지는 글 파티>는 이성 간 노골적인 만남을 지양합니다
- 하지만 우린 청춘 남녀잖아요? 적절한 남녀 성비는 맞춰볼게요.
- 책을 좋아하고, 취미가 비슷한 사람끼리 만날 수 있도록 자연스러운 자리를 마련해드려요. 
- 종교, 영업 목적, 비매너 강퇴 대상입니다. (36.5도 이상만 받을게요.) 
- 경고가 누적되면 블랙리스트에 올려 다시는 받지 않습니다.🙅🏻‍♂️
- 타인에 대한 평가와 비판이 아닌, 있는 그대로 받아들이는 배려와 열린 마음 부탁드려요🥺❤️‍🩹

 


￼



[ 끝으로 ]

작가란 무엇일까요?
저는 글을 쓰는 순간 당신은 이미 작가라고 생각합니다. 
오늘 밤, 작가가 되고 싶다면 얼른 신청해주세요. 
라잇나우! 😁



￼",글쓰기 | 토론 | 독서 | 파티 | 대화,50000,34,7,마포구,2026-09-05T08:00:00.000Z,CHOICE,NORMAL,,title:너와나 이어지는 글 파티 선착순 명 글쓰기 이외 토론 참가가능,0,0,N,,,40,Y,API minAge/maxAge,,B,사교표현: 친해져,중,,,,미검토
663817,2026-07-30T05:37:13+00:00,문토,default,76,https://www.munto.kr/detail-socialing?id=663817,13,소셜게임,추리게임,👩🏻‍🚀[금🌙] 크라임씬 머더미스터리 🕵️‍♀️오마카세🍝,"💚 본 모임은 누구나 참여할 수 있는 오픈모임 입니다 💚


특집 크라임씬(머더미스터리)


각자 캐릭터를 맞아 스토리에 몰입하는 
단 한번의 경험!!

지금까지 가장 높은 평점을 받았던
엄선된 크라임씬을 경험해보세요~!

참여인원에 따라
안해보신 크라임씬으로 
진행될 예정입니다!

크라임씬은 각자의 역할이 있습니다.
역할연기 또는 범인이
부담스러우신 분들을 위해
부담없이 편하게 추리를 할 수 있는
협력추리게임도
준비되어 있습니다!  






🔎🔎🔎

크라임씬 몰입을 위한
우주모임의 치트키

￼    +",크라임씬 | 보드게임 | 추리,26000,8,2,강남구,2026-07-31T10:00:00.000Z,COMMON,NORMAL,12098,club:12098,4,5,Y,API 성별정원 남4/여5,,,N,없음,,C,성비 정원/조절 명시,상,,,,미검토
662970,2026-07-30T05:37:13+00:00,문토,default,77,https://www.munto.kr/detail-socialing?id=662970,5,여행·나들이,국내여행,"낭만이 필요한 여름밤, 노을부터 밤바다 드라이브까지","🩵 카풀 위치는 어디인가요?
카풀 지원 기사님의 위치를 기준으로 중간 위치를 조율해요
(카풀 지원 임시 마감, 참여자 우선으로 승인됩니다)
1.  인천
2. 강남역
3. 수서역
4. 영등포역

올해도 어김없이 돌아온 여름,

바다는 가고 싶지만
이른 새벽부터 출발해도 꽉 막힌 도로와 
인파 속에서 도착하기도 전에 지쳐버리기는 싫다면?

고생한 이번 한 주의 끝,
우리 이번 주말에는 느지막이 늦잠자고
조금 더 여유롭게 서해로 여름바다 낭만 채우러가요 🩵

￼

𐙚 주말 오후 좋은 사람들과 함께 하는 드라이브

𐙚 탁 트인 오션뷰의 느좋 카페에서 보내는 여유

𐙚 천천히 물드는 붉은 저녁 노을도 구경하고

𐙚 스파클러와 함께 시원한 여름밤바다까지

어쩌면 우리에게도 가끔은
이런 낭만을 가득 채우는 하루 힐링이 필요하니까요 🩵



¸.•*´¨`* •.¸¸.•*´¨`*•.¸¸.•*´¨`*•.¸¸.•*´¨`* •.¸¸.•*´¨`*•.¸



🩵 일정 안내

카풀위치에서 팀 별 집합 후 출발
16:00 영종도 집합 후 아이스 브레이킹
오션뷰의 느좋 카페에서 여유로운 대화
호스트가 알아놓은 근처 맛집에서 저녁식사 후
스파클라와 함께 여름밤바다 산책
해산합니다 (각 팀별 카풀위치에서 드랍)
복귀 후 원하는 참여자들에 한하여 뒷풀이 (선택참여)



🚗 카풀 안내

을왕리까지 가는 길 함께 카풀 이동해요
카풀 지원 기사님께 소정의 유류비 지원
카풀은 지원 기사님의 위치를 기준으로 위치를 조율해요
기사 마감시 카풀 기사 지원은 어렵습니다

* 추가적인 카풀 및 일정 안내는 단톡방에서 공지됩니다 

￼

🩵 참여 제한이 있나요?
호스트의 일정을 따르고 (단독행동, 개별행동X)
다같이 어울리고 싶어하는 분들과 함께 하고 싶어요!
소셜링 참여 의지없이 폰만 보거나, 대화 참여안하는
불편한 분위기를 만드는 분들은 정중히 사양합니다
(이성목적, 참여의지X, 프로불편러 등)

🩵 혼자 참여해도 괜찮나요?
대부분 혼자 오시고 잘 어울릴 수 있는 편안한 분위기에요

🩵 추가비용이 있나요?
카풀비, 식사비, 개인 카페비용

🩵 카풀 위치는 어디인가요?
카풀 지원 기사님의 위치를 기준으로 중간 위치를 조율해요
(기사님 지원시 카풀 위치 추가됩니다)
1.  인천
2. 강남역
3. 수서역

🩵 카풀 지원하고 싶어요!
감사합니다 🙇‍♀️
신청 시 신청멘트에 작성해주시면 따로 연락드릴게요!

🩵 사진찍(히)는건 안좋아하는데 가도 괜찮을까요?
사진없이 놀러 오시는 분도 환영합니다 

🩵 불편한 사람은 없을까요?
신청멘트 및 매너온도를 기준으로 참여를 조율하며,
비매너 행동 시 이후의 소셜링 참여가 제한됩니다 

￼


👥 최소인원 4인 👥
💸 최소인원 모집미달 시 100% 환불 💸
⚡️ 취소 및 환불은 문토 규정을 준수합니다⚡️
🌧 비와도 그대로 진행 (낭만있는 우중소셜링) 🌧",드라이브 | 바다 | 여름밤바다 | 노을,25000,23,8,영종구,2026-08-01T06:30:00.000Z,CHOICE,NORMAL,,title:낭만이 필요한 여름밤 노을부터 밤바다 드라이브까지,0,0,N,,,,N,없음,,B,사교표현: 뒷풀이,중,,,,미검토
662137,2026-07-30T05:37:13+00:00,문토,default,78,https://www.munto.kr/detail-socialing?id=662137,2,액티비티,골프,"쉬는 날엔 새로운 취미, 골프!","안녕하세요 호스트 Choi 입니다ㅎ


""골프 한 번쯤 배워보고 싶었는데...""
생각만 하고 있었다면
이번이 좋은 기회에요!🤗



처음부터 차근차근 알려드리기 때문에
운동 경험이 없어도, 혼자 또는 친구와
같이 오셔도 괜찮습니다^^

덥고 습한 날씨....
시원한 실내에서 골프를 배우며
새로운 취미도 만들고
즐거운 시간 함께 보내봐요ㅎ


이번 휴일, 집에서 쉬는 대신 새로운
경험을 시작해보세요~!!


원포인트 레슨을 30분 진행후 
약 60분 정도는 타석에서 연습할 시간을 드립니다
(소근소근... 타석연습시간 더 드릴수있어요ㅎㅎ)
스튜디오에 장비가 구비되어 있으니
편하신 옷차림과 운동화를 신고오세요😆


운동하다
지치면 잠간 쉬어가요!
커피랑 달달한 간식도 준비해뒀어요ㅎ




호스트 Choi 는
한국여자프로골프협회 정회원 이며
오랜 투어 생활과 레슨 경험을 바탕으로
초보자도 이해하기 쉽게 알려드립니다


￼


￼



소셜링 신청 후 메세지를 드릴 예정입니다
개인업무로 인해 답장이 느릴수 있습니다
양해부탁드립니다ㅎ",골프 | 언주역 | 스포츠 | 강남역 | 운동,55000,4,1,강남구,2026-08-15T04:00:00.000Z,CHOICE,CLASS,,title:쉬는 날엔 새로운 취미 골프,0,0,N,,,,N,없음,,미판정,A/B 판정은 활동구체성 수기 검토 필요,하,,,,미검토
663658,2026-07-30T05:37:13+00:00,문토,default,79,https://www.munto.kr/detail-socialing?id=663658,13,소셜게임,보드게임,♠️<놀이터 정규 홀덤> 목요일 텍사스 홀덤 프라이빗 공간 (7/30 목),"* 모임 진행 1시간 전 신청이 자동으로 마감됩니다 *


🍁 클럽원이 아니더라도 누구나 참여 가능합니다 🍁


* 홀덤 경험 無 -> 40분 교육 후 게임 진행 *
* 홀덤 경험 有 -> 오자마자 바로 게임 진행 *
(입문자 / 경험자 테이블 나눠서 진행합니다)


💡 처음이신 분들도 쉽게 참여 가능한
💡 홀덤펍 방문 전, 미리 경험해보기 가장 좋은 소셜링


"" 퇴근 후 프라이빗한 아지트에서
다 같이 텍사스 홀덤 한 번 어떠신가요 ""

￼



안녕하세요👋
보드게임을 좋아하고
홀덤을 좋아하는
놀이터 클럽장 겸
호스트 코비입니다🏅


홀덤 소셜링을
열기 시작한 지도
어느덧 2년이 되었네요


놀이터 홀덤 모임은
2024년 7월에 처음 시작해서
지금까지 거의 매주
주 1~2회씩
꾸준히 열리고 있습니다


지난 2년이 넘는 시간동안
취소되는 날 없이


단 한 가지 게임으로만
매주 인원이 모이고
소셜링이 열리는 걸 보면


호스트로서
홀덤이 정말 대단한 게임 종목이라는 것을
느끼곤 합니다


혹시 아직 경험해보지 못한 분이 계신다면
이번 기회에 놀이터에서 한번
홀덤의 매력을 느껴보는 거
어떠신가요😊


￼


여러분은
홀덤을 들었들 때
무엇이 가장 먼저
떠오르시나요?


✅️ 카지노에서 하는 도박성 게임🎰
✅️ 유튜브로 보았던? 신들의 전쟁🕍
✅️ 족보가 까다로운 게임♠️♥️♦️♣️


하지만
여러분의 생각과는 다르게
건전하게 남녀노소
누구나 즐길 수 있는
홀덤판도 많이 있습니다


제가 진행하는 텍사스 홀덤
소셜링이 딱 그렇습니다


￼

ㅡㅡㅡㅡㅡㅡㅡㅡㅡㅡㅡㅡㅡㅡㅡㅡㅡㅡㅡㅡㅡㅡㅡㅡ

🟡 간단 Q&A 🟡


Q.
그런데
홀덤이 처음이라서
걱정되신다고요?


A.
처음이셔도 괜찮습니다!
    천천히 다 알려드립니다😊
적당한 호기심과
     즐기겠다는 마음가짐이면 충분해요🙂
제가 텍사스 홀덤의 기본부터 심화까지
친절하게 알려드릴게요✨️

ㅡㅡㅡㅡㅡㅡㅡㅡㅡㅡㅡㅡㅡㅡㅡㅡㅡㅡㅡㅡㅡㅡㅡㅡ

Q.
본인이 내향인이라서
     초반의 어색한 분위기가 걱정된다고요?


A.
문토에서 진행한 모임만
500번 이상입니다🫡
걱정하지 않으셔도 됩니다🤙

ㅡㅡㅡㅡㅡㅡㅡㅡㅡㅡㅡㅡㅡㅡㅡㅡㅡㅡㅡㅡㅡㅡㅡㅡ
￼

ㅡㅡㅡㅡㅡㅡㅡㅡㅡㅡㅡㅡㅡㅡㅡㅡㅡㅡㅡㅡㅡㅡㅡㅡㅡㅡ

🟡 안내사항 🟡


⚡️장소
- 신촌역 부근 아지트
(✔️ 모임 장소의 상세한 위치는 채팅방에서 말씀드릴게요)


⚡️시간
- 7/23 (목) 저녁 7시 20분 ~
(늦참 가능)


⚡️러닝타임
- 3시간 + a


⚡️비용
- 바인 비용 + 공간 이용료 : 문토 참가비로 대체
- 리바인 비용 : 현장 추가 결제 (희망자에 한해)
* 리바인 비용 : 8,000₩ ~ 10,000₩ *


⚡️물有 커피有 차有 다과有


⚡️진행 인원
-> (호스트, 스탭 포함) 최소 7명 ~ 최대 22명
 -> 최소 인원 미달 시 진행 취소 및 참가비 자동 환불


⚡️테이블 분리
-> 입문자 / 경험자 테이블 분리해서 진행 (스태프 有)


⚡️진행 방식
-> 당일 인원 상황 보고 10분 토너먼트 방식 진행
-> 일찍 탈락한 사람은 옆 테이블에서 새 게임 가능


⚡️커플 & 솔로 & 내향인 & 외향인 모두 환영


⚡️우승자(머니인) 상품 있음


⚡️프로필을 본인 사진으로 설정해 주신 분들만 승인합니다


⚡️ 딜러하면서 플레이하실 분 구해요🙋‍♂️
-> 숙련도 우선 확인 후 진행 (이용 비용 할인)


⚡️ 이러한 멤버들과는 함께하고 싶지 않아요
🚫 과한 승부욕 표출 및 불편한 언행을 하시는 분
🚫 종교, 영업을 목적으로 하시는 분

ㅡㅡㅡㅡㅡㅡㅡㅡㅡㅡㅡㅡㅡㅡㅡㅡㅡㅡㅡㅡㅡㅡㅡㅡ
￼

ㅡㅡㅡㅡㅡㅡㅡㅡㅡㅡㅡㅡㅡㅡㅡㅡㅡㅡㅡㅡㅡㅡㅡㅡㅡㅡ

모임이 끝난 후,
2차가 예정되어있지만,
참석은 참가자분들의 자유입니다🙂


✨️ 2차 일정 ✨️
 * 시간 : 22시 30분 ~ 집에 가고 싶을 때 까지
 * 활동 : 식사 or 홀덤 or 보드게임 중에 자유 선택
* 비용 : 현장 별도 안내


준비물은 따로 없고요!
그냥 여러분들은 열심히 즐기겠다는
마음가짐만 들고 오시면 됩니다


""자! 고민은 여기까지만 하고
우선 경험 한 번 해보시는게 어떠실까요""",텍사스홀덤 | 놀이터 | 보드게임 | 마포구 | 친구,22000,21,5,마포구,2026-07-30T10:20:00.000Z,CHOICE,NORMAL,20864,club:20864,14,8,Y,API 성별정원 남14/여8,,35,Y,API minAge/maxAge,,C,성비 정원/조절 명시,상,,,,미검토
662630,2026-07-30T05:37:13+00:00,문토,default,80,https://www.munto.kr/detail-socialing?id=662630,4,취미,공예,정기적인 취미 목공예 모임,"🔍반복되는 일상 속에 특별한 취미를 찾는다면?

안녕하세요. 나무를 깎아 나오는 chips of wood(칩스오브우드)입니다! 안양역 댕리단길과 삼덕공원 인근에 위치한 아늑한 목공방입니다.

8월 정규수업을 모집합니다!
뜨거운 여름에도 꾸준히 나무를 만지는 수강생분들과 함께하고 있습니다. 우드카빙이라고 하면 숟가락이나 버터나이프 같은 식기도구를 먼저 떠올리는 분들이 많지만 정규수업에서는 그보다 훨씬 다양한 작업들을 이어가고 있습니다. 고양이의 발바닥 젤리를 표현한 접시를 만들기도 하고, 나무의 옹이를 살려 액막이 명태를 조각하기고 하고, 내가 디자인한 캐릭터를 피규어로 만들어 보기도 합니다! 같은 나무를 깎고 있지만, 각자의 취향과 이야기가 담기면 모두 다른 작품이 됩니다. 기초를 차근차근 익힌 뒤에는 만들고 싶은 것을 직접 구상하고 형태로 만들어 가는 과정이 우드카빙의 가장 큰 매력이라고 생각합니다. 올여름, 시원한 공방에서 주에 한 번 나무를 만지며 새로운 취미를 시작해 보세요🌿

[8월 정기 일정]
•금요일 19:00-22:00 4명
•토요일 17:00-20:00 4명
다른 시간대를 원하시면 문의 주세요!
주 1회 총 4회 200,000(기초과정, 재료비 포함)
우드카빙에 필요한 도구를 익히는 시간이 필요하기 때문에 첫 4회는 가볍게 정해진 과제를 만듭니다.
1주차-악세서리 트레이
첫 수업인 만큼 맛있는 간식과 함께 간단한 이론 설명이 있어요! 첫 만남을 놓치지 마세요☺️
2주차-잼나이프
3주차-숟가락
4주차-젓가락
이후는 자유 제작(4회 160,000, 목재비 별도)으로 시간에 제한을 두지 않고 완성도를 끌어 올려 만들고 싶은 목물을 만들게 됩니다.
자유반이 필수는 아니지만 작업을 더 능숙하게 하기 원하시는 분들이나 지속적인 취미 활동을 원하시는 분들에게 추천드립니다!

* 최대 4명 소수 정예, 개별 맞춤 수업으로 내성적인 분들도 환영합니다.
* 다른 경로로도 예약을 받기 때문에 문토 어플 내 참석인원과 다를 수 있습니다.
* 종교, 영업, 이성 목적 등 이상한 목적을 가지고 오시는 분은 ❌

📩클럽 회원이 아니여도 신청 가능해요. 궁금한 내용은 편하게 문의 주세요!
🏡양화로 71번길 24 진흥상가 202호 (주차 가능)",우드카빙 | 목공 | 목공방 | 목공예 | 안양,200000,4,1,안양시,2026-08-01T08:00:00.000Z,COMMON,CLASS,26512,club:26512,0,0,N,,,40,Y,API minAge/maxAge,,미판정,A/B 판정은 활동구체성 수기 검토 필요,하,,,,미검토
663849,2026-07-30T05:37:13+00:00,문토,default,81,https://www.munto.kr/detail-socialing?id=663849,4,취미,공예,[합정]힙하고 영롱한 보석반지/키티 반지 만들기,"안녕하세요 림쌤입니다❤️

뜨거운 여름, 휴가철 맞이
영롱한 나만의 보석반지를 만드는 클래스를 준비했어요

클레이같은 재질의 레진을 주물러
틀을 만들고 파츠를 붙여 하나밖에 없는 힙한 아이템을 만들어요 ✨





원하는 반지 호수에 맞추어 제작 가능하며
반지 컬러, 파츠의 컬러도 선택 가능해요

큰 파츠 1개 이내
작은 파츠 3개 이내까지 제공되며
완성 후 봉투에 담아드립니다

햇살에 비추면 더 반짝반짝 이쁘답니다
데일리로 착용하거나 휴가 가서 착용하면
정말 이뻐요 🌊

✔️위치 : 마포구 합정동 388-10 3층 림아뜰리에
(1층에 남자식탁이 있어요)

*다른 클래스와 함께 하기 때문에 해당 클래스 인원과
맞지 않을 수도 있습니다
*30분 이상 늦으시는 경우 입장 제한됩니다
*원하는 시간대 있으시면 채팅 문의 주세요!",반지 | 목걸이 | 공예 | 그림 | 황금연휴기획전,22000,3,1,마포구,2026-07-30T10:30:00.000Z,COMMON,CLASS,,title:힙하고 영롱한 보석반지 키티 반지 만들기,0,0,N,,,,N,없음,,미판정,A/B 판정은 활동구체성 수기 검토 필요,하,,,,미검토
665686,2026-07-30T05:37:13+00:00,문토,default,82,https://www.munto.kr/detail-socialing?id=665686,7,자기계발,대화,🖼 그림으로 친해지기 💙,"미술과 친해지기 🙅‍♂️🙅‍♀️아니고 
미술로 친해지기 🙆‍♂️🙆‍♀️ 

전시모임을 시작한지 어~언 15년 😝
어떤 작품이 마음에 드는지 들으면
성격체질이 알아져요 
돋자리 깔라는 말 많이 들었음요 😅

오래전부터 생각해왔던 
이코디, 저만이 가능한 프로그램
""어느 쪽이 마음에 드시나요?""



요즘 MBTI나 명리학처럼 
사람 유형별로 분석하는게 유행인것 같아요

(゜゜)(。。)(゜゜)(。。)
 
왜죠?

AI한테 많은 질문을 하고 
알려준대로 하려고 애써요 
관계속에서 인사트를 얻으려고 하지 않아요

┐(-。-;)┌

왜 일까요?


￼


피에트로 롱기의 베니스의 리도토(1750),
리도토는 대개 극장 근처에 위치한 공공장소로, 
부유한 상류층이 일반 대중과 어울려 
도박이라는 주된 활동을 즐기던 곳이었다고 해요

 리도토 방문객 대부분이 가면을 썼기 때문에, 
음모와 은밀한 연애가 벌어지기 쉬운 장소가 되었고,
그래서 18세기 베네치아 예술가들의 
상상력을 자극했다고 해요 



어떤 인사이트가 생기시나요?
역시 나쁜짓은 몰래해야 맛이다
인간은 욕망의 노예다
.
.
명화의 배경과 스토리
그리고 각자의 직관적인 감각으로
그림을 같이 읽고 대화하고 소통해서
인사이트를 만들어갑니다 


￼


오래전부터 생각해왔던 
이코디, 저만이 가능한 프로그램 
미술 밸런스 게임 

""어느 쪽이 마음에 드시나요?""


미술작품의 감상취향을 함께 나누면서 
자연스럽게 인사이트를 만들어보아요
밸런스 게임 방식이예요 
함께해주세요 😊



📣
이렇게 진행됩니다
 
7시~8시
자기소개 및 아이스브레킹
*질문카드가 준비되어있어요~

8시~9시
명화 밸런스게임
*피피티가 준비되어 있어요~

(현장상황에 따라 시간이 조정될수 있습니다)

💰
모임비용에 음료+레몬마들렌+공간비용 
모두 포함입니다~
 
￼


￼


￼


장마가 지나가고 나면 더 더워지겠죠?😅
친구가 카페를 열었어요 🤭
거기서 사부작사부작 같이 놀려구요
재미있는 명화밸런스 게임 같이 해요~


❤🧡💛💚💙💜🤎 

좋은 사람들과 
그림으로 소통하고 
인사이트도 겟!해요~
😊",대화 | 칼퇴기획전 | 여름예술기획전,10000,9,3,마포구,2026-08-07T10:00:00.000Z,CHOICE,NORMAL,,title:그림으로 친해지기,0,0,N,,,,N,없음,,미판정,A/B 판정은 활동구체성 수기 검토 필요,하,,,,미검토
657667,2026-07-30T05:37:13+00:00,문토,default,83,https://www.munto.kr/detail-socialing?id=657667,4,취미,봉사활동,소외계층 어르신 돌봄 봉사활동📦,"🤗안녕하세요!
✨희망꼬리 입니다🐳

친환경장바구니와 함께 우양재단 저소득노인 정기봉사활동을 진행합니다.

가난에 건강을 챙기지 못하는 할머니, 
""다리가 아픈데 병원비 때문에 치료는 엄두도 못내서 그냥 파스만 붙이고 있어요. 밥은 뭐... 찬밥에 늘 먹던 반찬 먹는게 뭐가 중요한가...
그냥 끼니를 때우면 그게 다행이지요.""

거동이 힘들어서 나가질 못하는 할머니,
""관절이 시원찮아서.. 잘 걷지를 못해.. 조금만 나가는 것도 힘이 들어서 그냥 끼니 때우면 그 날은 다행이지 뭐.."" 

외롭게 느린 시간을 보내고 있는 할아버지,
""금방 이렇게 늙어버린거 같은데.. 요즘은 왜이렇게 시간이 느리게 가는지...
그냥 하루종일 티비만 보다가 갑갑하면 나가서 사람들 구경하고 그게 내 이상이죠 뭐...""

지속적인 돌봄이 필요한 우리 주변의 어르신들 병들고 약해진 몸은 할 수 있던 많은 것을 할 수없게 하였고, 외로움과 가난을 이겨낼 힘도 남겨두지 않았습니다.

함께 우양재단과 함께 먹거리 선물을 하여 다정한 위로를 함께해요! 
먹거리 선물은 가장 현실적인 다정한 위로에요!!

[봉사활동내용]
저소득노인 가정을 기관차량(5대) 및 개인차량을 이용하여
2인 1조 및 4인 1조로 하여 봉사자분들이 먹거리 선물을 하는 봉사 입니다.

[봉사자 지원]
1. 기관차량 및 주차장(개인차량 이용시 주유비 지원)
2. 봉사자 간식제공
3. 기타 필요물품

* 행사 시 촬영된 유튜브 및 사진은 희망꼬리 홍보 채널을 통해 사용될 수 있습니다. (동의하지 않을시 사전에 알려주세요.)",,10000,13,6,마포구,2026-09-05T01:00:00.000Z,COMMON,NORMAL,3161,club:3161,0,0,N,,,,N,없음,,미판정,A/B 판정은 활동구체성 수기 검토 필요,하,,,,미검토
662659,2026-07-30T05:37:13+00:00,문토,default,84,https://www.munto.kr/detail-socialing?id=662659,10,N잡·재테크,투자/금융,[재테크 영앤리치] 투자 시황 세미나,"🤑 영앤리치 시황 세미나 : 재테크 기초반

📍 일시
7월 30일 (목) 19:00 ~ 21:00

📍 장소
스파크플러스 성수역점
━━━━━━━━━━━━━━━

📚 세미나 내용

1부 : 우리나라에서 재테크로 생존하기

2030세대가 알아야 할 재테크 기본 지식

재테크의 궁극적인 목적

자산가의 길에서 꼭 알아야할 노하우



2부 : 26년 하반기 시황 정리하기

현재 기본적으로 알아야 할 경제 지표 정리

한국 산업의 중심, 반도체 생태계 이해하기

요즈음 AI 산업 흐름 파헤치기


━━━━━━━━━━━━━━━

투자를 시작하면 대부분 이렇게 묻습니다.

“요즘 뭐 사야 하나요?”
“어떤 종목이 좋나요?”

하지만 더 중요한 질문이 있습니다.

👉 우리는 왜 투자를 해야 할까요?

지금의 재테크는 단순히 돈을 불리는 것이 아니라
내 돈의 가치를 지키기 위한 장기적인 생존법에 가깝습니다.

이번 세미나는 종목이나 단기 정보가 아니라
왜 재테크를 공부해야하는지 그 기초를 잡아드리려 합니다.

✔ 왜 경제지표를 이해를 해야하는지
✔ 왜 우리나라 경제를 이해해야 하는지
✔ 왜 투자를 해야 하는지

재테크의 핵심 원리를 차분하게 정리해드립니다.

━━━━━━━━━━━━━━━

🎁 참가 혜택

재무 목표 점검

소비 패턴 간단 진단

투자 성향 체크

맞춤 재무 포트폴리오 PDF 제공

━━━━━━━━━━━━━━━

🙋 이런 분들에게 추천합니다

주변에서 나만 재테크 안하는거 같아서 불안하다

재테크를 하고는 있는데 잘하고 있는지 모르겠다

내 돈 체계적으로 관리 하고싶다

평생 써먹을 수 있는 기초 전략을 만들고 싶다",재테크 | 투자 | ETF | 시황 | 미국주식,10000,4,2,성동구,2026-07-30T10:00:00.000Z,CHOICE,CLASS,,title:투자 시황 세미나,0,0,N,,,,N,없음,,미판정,A/B 판정은 활동구체성 수기 검토 필요,하,,,,미검토
664717,2026-07-30T05:37:13+00:00,문토,default,85,https://www.munto.kr/detail-socialing?id=664717,1,문화·예술,전시,⛰️ 유영국: 산은 내 안에 있다,"서울시립미술관에서 
""한국근대거장전""이라는 걸 기획해서요 
그 첫번째가 유영국작가님이라고 해요 

미술관이 수행하는 다양한 역할 중
지난 시대를 정리하고 아카이빙하는 것도 
중요한 역할 중 하나라고 해요
미술관마다 특정 시대의 자료를 정리수집하거나
특정 지역의 작가들의 자료를 아카이빙하기도 해요 

이런 전시는 꾸준히 보면 
맥락이 연결되서 
그림보는 안목도 생기고 
도움이 많이 되요
단!!! 주관적 뇌피셜은 금지요~🙅‍♂️🤦‍♀️

 

유영국 작가 최근 전시는 
2022년에는 국제갤러리에서 열렸었어요 


￼



이때는 점.선.면.형.색 뭐 
그런 주제였던것 같아요
이 전시 즈음으로 국제갤러리가 
기획의 엄청난 파워를 보여줬어요 
유영국 다음이 이우환칼더였거든요 

무튼 각설하고 
아방가르드에서 추상으로
그 중간을 잇는 신사실주의 
그리고 추상의 흐름과 구상의 흐름 등등

이런 어려운 이야기보다
여러분들의 취향과 감각부터 시작해서 
맴핑을 해드릴게요~
놀러오세요~



￼




📣 이렇게 진행됩니다 📣
4시 집합 
~5시 전시정보 및 사전지식 공유
~6시 관람 
~7시 감상공유 


*전체 소셜링 진행시간은 2~3시간입니다
(당일 상황에 따라 변동있습니다)
*미알못, 까막눈, 완전초보 모두 환영합니다
*전시장안에서 설명해드리는 프로그램 아닙니다

 
놀러오세요~😊",전시,15000,7,2,중구,2026-08-01T07:00:00.000Z,CHOICE,CLASS,,title:유영국 산은 내 안에 있다,0,0,N,,,,N,없음,,미판정,A/B 판정은 활동구체성 수기 검토 필요,하,,,,미검토
662984,2026-07-30T05:37:13+00:00,문토,default,86,https://www.munto.kr/detail-socialing?id=662984,4,취미,봉사활동,단팥빵 제빵봉사활동🥯[오전 팀],"안녕하세요!! 😚
희망꼬리 입니다.🐳

단팥빵 제빵봉사활동을 드디어 시작합니다.
대행보현회 자비애빵에 찾아가서 병원 및 복지시설 및 어려운 가정에 보낼 단팥빵 천개를 만듭니다. 만든 빵도 맛 볼 수 있으니 함께 빵 향기에 취해봐요!! 🥰

봉사 시간이 길어서 2팀으로 나눠서 진행 합니다!!
참고 부탁 드립니다!

[오전팀 : 빵 반죽]
📋시간 : 오전 10시 ~ 오후 2시(4시간)
✔️봉사시간 4시간 적립(1365/VMS)

📋장소 : 서울시 강북구 도봉로61길 56
✔️대행보현회 자비애빵 입구 집결

📋내용 : 단팥빵 만들기
✔️반죽 만들기 좋아하시는 분들 환영!!👍

📋기타사항 : 점심 제공
✔️ 오후 팀 시간 까지 하실분은 남아서 계속 하셔도 됩니다.
✔️ 시간은 자유롭게 참석하시거나 중간에 가셔도 상관없습니다!

* 행사 시 촬영된 유튜브 및 사진은 희망꼬리 홍보 채널을 통해 사용될 수 있습니다. (동의하지 않을시 사전에 알려주세요.)",,10000,19,5,강북구,2026-08-15T01:00:00.000Z,COMMON,NORMAL,5235,club:5235,0,0,N,,,,N,없음,,미판정,A/B 판정은 활동구체성 수기 검토 필요,하,,,,미검토
665392,2026-07-30T05:37:13+00:00,문토,default,87,https://www.munto.kr/detail-socialing?id=665392,13,소셜게임,보드게임,♠️<놀이터 정규 홀덤> 화요일 텍사스 홀덤 프라이빗 공간 (8/4 화),"* 모임 진행 1시간 전 신청이 자동으로 마감됩니다 *


🍁 클럽원이 아니더라도 누구나 참여 가능합니다 🍁


* 홀덤 경험 無 -> 40분 교육 후 게임 진행 *
* 홀덤 경험 有 -> 오자마자 바로 게임 진행 *
(입문자 / 경험자 테이블 나눠서 진행합니다)


💡 처음이신 분들도 쉽게 참여 가능한
💡 홀덤펍 방문 전, 미리 경험해보기 가장 좋은 소셜링


"" 퇴근 후 프라이빗한 아지트에서
다 같이 텍사스 홀덤 한 번 어떠신가요 ""

￼



안녕하세요👋
보드게임을 좋아하고
홀덤을 좋아하는
놀이터 클럽장 겸
호스트 코비입니다🏅


홀덤 소셜링을
열기 시작한 지도
어느덧 2년이 되었네요


놀이터 홀덤 모임은
2024년 7월에 처음 시작해서
지금까지 거의 매주
주 1~2회씩
꾸준히 열리고 있습니다


지난 2년이 넘는 시간동안
취소되는 날 없이


단 한 가지 게임으로만
매주 인원이 모이고
소셜링이 열리는 걸 보면


호스트로서
홀덤이 정말 대단한 게임 종목이라는 것을
느끼곤 합니다


혹시 아직 경험해보지 못한 분이 계신다면
이번 기회에 놀이터에서 한번
홀덤의 매력을 느껴보는 거
어떠신가요😊


￼


여러분은
홀덤을 들었들 때
무엇이 가장 먼저
떠오르시나요?


✅️ 카지노에서 하는 도박성 게임🎰
✅️ 유튜브로 보았던? 신들의 전쟁🕍
✅️ 족보가 까다로운 게임♠️♥️♦️♣️


하지만
여러분의 생각과는 다르게
건전하게 남녀노소
누구나 즐길 수 있는
홀덤판도 많이 있습니다


제가 진행하는 텍사스 홀덤
소셜링이 딱 그렇습니다


￼

ㅡㅡㅡㅡㅡㅡㅡㅡㅡㅡㅡㅡㅡㅡㅡㅡㅡㅡㅡㅡㅡㅡㅡㅡ

🟡 간단 Q&A 🟡


Q.
그런데
홀덤이 처음이라서
걱정되신다고요?


A.
처음이셔도 괜찮습니다!
    천천히 다 알려드립니다😊
적당한 호기심과
     즐기겠다는 마음가짐이면 충분해요🙂
제가 텍사스 홀덤의 기본부터 심화까지
친절하게 알려드릴게요✨️

ㅡㅡㅡㅡㅡㅡㅡㅡㅡㅡㅡㅡㅡㅡㅡㅡㅡㅡㅡㅡㅡㅡㅡㅡ

Q.
본인이 내향인이라서
     초반의 어색한 분위기가 걱정된다고요?


A.
문토에서 진행한 모임만
500번 이상입니다🫡
걱정하지 않으셔도 됩니다🤙

ㅡㅡㅡㅡㅡㅡㅡㅡㅡㅡㅡㅡㅡㅡㅡㅡㅡㅡㅡㅡㅡㅡㅡㅡ
￼

ㅡㅡㅡㅡㅡㅡㅡㅡㅡㅡㅡㅡㅡㅡㅡㅡㅡㅡㅡㅡㅡㅡㅡㅡㅡㅡ

🟡 안내사항 🟡


⚡️장소
- 신촌역 부근 아지트
(✔️ 모임 장소의 상세한 위치는 채팅방에서 말씀드릴게요)


⚡️시간
- 8/4 (화) 저녁 7시 20분 ~
(늦참 가능)


⚡️러닝타임
- 3시간 + a


⚡️비용
- 바인 비용 + 공간 이용료 : 문토 참가비로 대체
- 리바인 비용 : 현장에서 추가 결제 (희망자에 한해)
* 리바인 비용 : 8,000₩ ~ 10,000₩ *


⚡️물有 커피有 차有 다과有


⚡️진행 인원
-> (호스트, 스탭 포함) 최소 7명 ~ 최대 22명
 -> 최소 인원 미달 시 진행 취소 및 참가비 자동 환불


⚡️테이블 분리
-> 입문자 / 경험자 테이블 분리해서 진행 (스태프 有)


⚡️진행 방식
-> 당일 인원 상황 보고 10분 토너먼트 방식 진행
-> 일찍 탈락한 사람은 옆 테이블에서 새 게임 가능


⚡️커플 & 솔로 & 내향인 & 외향인 모두 환영


⚡️우승자(머니인) 상품 있음


⚡️프로필을 본인 사진으로 설정해 주신 분들만 승인합니다


⚡️ 딜러하면서 플레이하실 분 구해요🙋‍♂️
-> 숙련도 우선 확인 후 진행 (이용 비용 할인)


⚡️ 이러한 멤버들과는 함께하고 싶지 않아요
🚫 과한 승부욕 표출 및 불편한 언행을 하시는 분
🚫 종교, 영업을 목적으로 하시는 분

ㅡㅡㅡㅡㅡㅡㅡㅡㅡㅡㅡㅡㅡㅡㅡㅡㅡㅡㅡㅡㅡㅡㅡㅡ
￼

ㅡㅡㅡㅡㅡㅡㅡㅡㅡㅡㅡㅡㅡㅡㅡㅡㅡㅡㅡㅡㅡㅡㅡㅡㅡㅡ

모임이 끝난 후,
2차가 예정되어있지만,
참석은 참가자분들의 자유입니다🙂


✨️ 2차 일정 ✨️
 * 시간 : 22시 30분 ~ 집에 가고 싶을 때 까지
 * 활동 : 식사 or 홀덤 or 보드게임 중에 자유 선택
* 비용 : 현장 별도 안내


준비물은 따로 없고요!
그냥 여러분들은 열심히 즐기겠다는
마음가짐만 들고 오시면 됩니다


""자! 고민은 여기까지만 하고
우선 경험 한 번 해보시는게 어떠실까요""",텍사스홀덤 | 놀이터 | 보드게임 | 마포구 | 친구,22000,21,4,마포구,2026-08-04T10:20:00.000Z,CHOICE,NORMAL,20864,club:20864,14,8,Y,API 성별정원 남14/여8,,35,Y,API minAge/maxAge,,C,성비 정원/조절 명시,상,,,,미검토
663358,2026-07-30T05:37:13+00:00,문토,default,88,https://www.munto.kr/detail-socialing?id=663358,7,자기계발,독서,(앵콜)[책증정 독서모임📚] 에세이 함께 읽고 결혼 가치관 대화 나눠요✨,"소셜링 비용에 책값이 포함이랍니다. 몸만 가볍게 오세요!
안락한 공간에서 책 함께 읽고 대화 나눠요☺️✨
그냥 흘러갈 수도 있는 일요일 오전을 의미 있게 보내봐요🌿

책을 다 읽지 않아도 호스트가 준비한 발제문으로 충분히 대화 나눌 수 있어요!

*초반 50분은 각자 책 읽는 시간이니 천천히 오셔도 괜찮아요☺️
*당일에 불가피하게 참석하지 못하더라도 책과 발제문을 택배로 보내드립니다. 

￼


📖
“요컨대 결혼식은 남은 여생을 함께 하기로 약속했다는 걸 많은 사람들이 보는 앞에서 공식적으로 선언하는 단순한 행사에 지나지 않는다. ‘서로 잘 지내는 것’ 내가 생각하는 결혼의 본질이다.”

“사실 ‘차이’는 문제가 아니다. 차이를 어떻게 받아들이고 대처하는지에 따라 문제는 생길 수도 있고 아닐 수도 있다. 상대방이 못마땅한 건 성격의 차이가 탓일 수도 있지만 그저 상대방을 이해하고 싶지 않거나, 상대방을 이해할 만한 마음의 여지가 없기 때문인 걸지도 모른다.“

“너와 나, 집안 대 집안, 그리고 우리와 남들 사이에서 이루어지는 은밀한 저울질은 사전에 뿌리를 뽑고자 했다. 밑도 끝도 없는 비교를 중심으로 펼쳐지는 그들만의 리그에 등 떠밀리듯 참가하는 건 곧 불행한 삶의 추월차선을 타는 일이라고 여기기 때문이다.“

“사회적인 조건이 풍족할수록 결혼생활이 수월해지는 건 두말하면 잔소리다. 평소 책을 읽는 것도 그렇고, 힘들어도 의미를 찾을 수 있는 일을 하기 위해 여러 가지를 감내하는 것도 그렇고, 심지어 이런 글을 쓰는 것조차도 다 경제적으로 윤택해지기 위해서다.“
- <신혼이지만 각방을 씁니다>📙 본문 중에서

📖
'저의 결혼 이야기가 결혼을 가슴에 여미고 있는 모든 분들에게 결혼에 대하여 다시 한번 진지한 사유를 해볼 수 있는 촉진제가 되었으면 좋겠습니다.'

독서모임에서 만나, 돌잔치홀에서 결혼하고, 각방을 쓰며, 양가 부모님에게 용돈을 드리지 않고, 서로를 배우자이기 이전에 한 명의 인간으로서 존중하는 결혼생활을 독자들에게 내보임으로써 결혼과 관련된 각종 고정관념을 깨뜨리고자 책을 썼습니다.
결혼하면 고생길로 접어든다고 생각하는 사람들이 많습니다.
‘정해진 틀’에 자신들의 삶을 끼워 맞출 필요가 없으며, 결혼의 본질은 ‘서로 잘 지내는 것’이라는 점을 일깨우고자 제 결혼 이야기를 글로 옮겨 쓰게 되었습니다.
많은 분들에게 결혼에 대해 다시 한 번 진지한 사유를 해볼 수 있는 촉진제가 되었으면 합니다.
- '작가의 말' 중에서

📖
'주변 사람들이 인생, 삶, 배움에 대한 책을 추천해달라고 권유할 때면, 언제나 이 책을 추천하고 싶을 정도이다.'
'결혼해서 남녀가 맞닥칠수 있는, 소소하지만 중요한 문제들에 대해서 부부가 슬기롭고 지혜롭게 가족을 만들어 나가는 모습을 볼 수 있다.'
- 독자님들 서평 중에서📝


￼

안녕하세요, 하몽입니다.
저는 '책을 만드는 사람'이랍니다. 현재 저만의 출판사를 운영하고 있어요.📚
학창시절부터 엄청난 독서 러버, 다독가로 책 읽기, 글쓰기를 좋아하다 보니 어느덧 출판 쪽에서 일을 하고 있더라구요. 그러다 결국 저만의 출판사를 운영하게 되었어요! 제가 만든 책만 벌써 300여종이 넘는답니다.📕📙📗📘

문토에서는 2년째 꾸준하게 글쓰기 모임을, 올해는 매달 독서 챌린지를 하고 있는데요.
조금은 특별한 독서모임을 열고 있습니다. 

바로, 책은 제공해드리니 몸만 가볍게 오시면 되는 책 제공 독서모임!
안락한 공간에서 책 함께 읽고 대화 나눠요☺️✨



￼

￼


이번 도서는 독자님들께 꾸준히 좋은 평을 받았던 책!
에세이 <신혼이지만 각방을 씁니다>📙
- 비혼주의가 판치는 세상에서 결혼을 외치다✨

50만 유튜브 채널 ’따듯한 목소리 현준‘에서도 소개 되었어요🎙️


￼


✅개성 있는 독립출판 작가님의 숨은 보석 같은 책
✅책은 현장에서 제공해드려요. 몸만 오시면 되어요!
✅편안하고 안락한 공간에서 함께 독서하는 시간을 가져요.
✅독서 후 책에 대한 이야기, 그리고 우리에 대한 이야기를 나누어요.
✅금방 읽을 수 있는 짧은 에세이에요.

책을 다 읽지 않아도 괜찮아요!
호스트가 지문과 토론거리를 준비해 갑니다.
함께 책을 읽고 가장 인상 깊었던 꼭지에 대한 이야기 나눠요.

가벼운 마음으로 오세요.
그리고 진솔한 시간을 나눌 거에요.

📝시간 : am10:00~pm12:30 +a (2시간30분+a)
📍장소 : 공간 사계절 스터디룸(2,5호선 영등포구청역 도보1분)
📚포함사항 : 책1권 제공 + 음료&다과 + 호스트 수고비 + 공간대관비 + 플랫폼 수수료

[진행순서]

1️⃣ 각자 개별 독서 시간(50분)
- 각자 편안한 자리에 앉아 집중해서 책을 읽어요. 다 읽지 않아도 괜찮아요. 간단한 스몰토크는 OK!

2️⃣ 자기소개(10분)

3️⃣ 토크타임(90분)
- 읽었던 책에 대한 이야기를 하며 우리의 생각을 나누어요.

4️⃣ 뒷풀이(선택)(60~120분)
- 식사🍱 or 대화🙋🏻‍♀️🙋🏻‍♂️
- 공식 모임 종료 후 뒷풀이도 있을 예정입니다! 식사하고 대화하며 친해져요

* 음료 및 음식 반입 가능한 공간이니 먹고 싶은 것 가져오셔도 됩니다! ☺️",출판 | 자기계발 | 독서 | 독서모임 | 결혼,39000,20,3,영등포구,2026-08-09T01:00:00.000Z,CHOICE,NORMAL,6236,club:6236,11,10,Y,API 성별정원 남11/여10,,,N,없음,,C,성비 정원/조절 명시,상,,,,미검토
660693,2026-07-30T05:37:13+00:00,문토,default,89,https://www.munto.kr/detail-socialing?id=660693,3,푸드·드링크,요리,Hipsan thailand 🇹🇭Party 8,"뚜둥!!
문토에 유일한 소셜링 ❣️
음식으로 세계여행을 떠나는~ 🛫컨셉파티


스페인 🇪🇸 멕시코 🇲🇽에 이어 
태국 🇹🇭으로 떠나보아요 🫶🏻
조만간 사케 페어링 🍶일본 🇯🇵도 
오픈예정이니 기대해주세영 😉


Hipsan Private 👯‍♀️thailand 🇹🇭 Party 8기 
[젤리x셰프 와니] + Dress Code : gold 😎



￼



안녕하세요. 😃 힙산문지기 젤리입니다. 


⏳재건축으로 앞으로 사라질 구옥을 직접 기획하여 다양한 콘텐츠로 재탄생된 복합문화공간🛢️힙산50가길 😎 


젤리x셰프 와니님이 함께 🔮특별한 업사이클 공간에서 💎프라이빗한 파티를 즐길 수 있도록 준비했습니다.



￼



와니셰프님이 손수 만든 태국 🇹🇭음식으로 
특별한 세계여행을 떠나볼까요~ 😉


드레스코드는 🤩
태국의 특색을 살린 화려한 골드로 
여행지에 있는 것처럼 제대로 만끽해보아요! 



￼



바쁜 일상을 정신없이 보내느라 🥹
지친 여러분들을 위해 
더욱 신경써서 준비했습니다.


🙈휴양지로 손꼽히는 
태국의 분위기를 한껏 살리는 
화려한 골드 포인트 스타일링으로 
더욱 특별한 파티를 보내러 
🛢️힙산으로 오세요.



￼



👩🏻‍🍳️힙산 태국 파티 음식👩🏻‍🍳
-팟타이
-레드커리
-똠양꿍
-돼지고기 바질볶음
-카오팟
-얌운센



￼



👩🏻‍🍳힙산 태국 파티 주류👩🏻‍🍳
-애플 상그리아 😆
(원하시는 주류가 있으시면 본인이 지참가능🫰🏻) 


😉여럿이 옹기종기 둘러앉아 
도란도란 대화나누면서 🫶🏻
태국 🍲스페셜 요리와 딱맞는 
🍹애플 상그라아를 마시며 
푸드페어링을 즐길 수 있는 완벽함을 함께 누려요. 😝 


❤️‍🔥일시 : 7월 31일 금요일 오후 7:30
❤️‍🔥장소 : 당산역 8번출구 근처 
❤️‍🔥비용 : 44,000원 
❤️‍🔥드레스코드 : 골드 포인트 컬러

📍팔로우 하신 분들 우선으로 선승인 해드려요. 
📍과도한 음주로 남에게 피해주는 행동은 자제해주세요. 
📍최소인원미달시 전액환불되니 걱정마세요. 
📍프라이빗파티 러닝타임은 120분입니다. 
📍흥이나서 2차 원하시면 썸띵스페셜요리도 진행해요.
🍭뒤풀이는 선택사항으로 원하시는 분들만 진행!
❤️‍🩹모임동안 일어나는 불미스런 모든 사고는 책임 못져요.
🪔I & E 모두 함께 어울릴 수 있는 편안함을 느낄 수 있을꺼에요. 


😉망설이지말고 참여 꾹꾹 눌러주세요.",세계요리 | 힙산 | 아지트 | 태국 | 셰프요리,44000,15,3,영등포구,2026-07-31T10:30:00.000Z,CHOICE,NORMAL,,title:hipsan thailand party,0,0,N,,25,45,Y,API minAge/maxAge,,B,사교표현: 뒤풀이,중,,,,미검토
662339,2026-07-30T05:37:13+00:00,문토,default,90,https://www.munto.kr/detail-socialing?id=662339,1,문화·예술,영화,[죽기전에꼭봐야할공포영화1001] <쏘우1>&을지피맥파티🍕🍻,"*클럽원 무관 신청 가능👌
*당일신청(모임 1시간 전 신청 자동마감) 가능
*최소인원(3인) 이상 신청시 당일까지 자연스럽게 차는 편으로 일정에 맞춰 차분히 대기해주시면 감사하겠습니다
서울호러클럽 가입 후 본 소셜링에 참석하시면 
클럽 굿즈 증정 이벤트에 참여 가능하십니다
(자세한 이벤트 내용은 하단 참조👇)







￼
서울호러클럽은?   

Since 2023.11.17
모임진행 118회
클럽원 300여명, 문토 최대 서브컬쳐클럽입니다




￼
￼





NOTICE.


💁클럽원 무관 신청가능합니다 
공포영화 좋아하시나요?
👻공포영화+서브컬쳐매니아 으른이들 모여라~🤗


죽기 전에 꼭 봐야할 공포영화 1001
죽. 공. 천 17회차, 전설의 작품은 바로

제임스 완 감독의 
<쏘우1>

21세기 고어스릴러의 한 획을 그은 작품으로
살인마 '직쏘'의 충격적인 등장과 반전을 선사합니다 👍

특별히 선정한 공포 영화 
감상하며 피맥🍕🍺+무서운 이야기 👻
나눠 보실게요~🙃

소셜링 비용은 온전히 공간이용비+피맥값으로 쓰입니다 🙆




￼


을지로에 위치한 시크릿한 공간 '뉴웨이브 클럽'에서 영화 관람 후 무서운 이야기 나누실분! 🥶
(상세 약도는 채팅방에서 별도 안내 예정입니다)


내친김에 공간 운영, 소셜링 호스트, 스탭 등 관심있으신 분들도 곁다리로 대환영! 🙆(+약간의 문토 뒷담화를 곁들인😎)


초저가 대혜자로 여는 공포영화+괴담썰+비지니스도 곁들인 보람찬 패키지 소셜링 📦 



￼



EVENT.


신년맞이 3+1 티셔츠 증정 이벤트 진행
서울호러클럽 가입후 유료 소셜링 3회 참석하시면, 4회차 소셜링 참석시 클럽 굿즈 티셔츠 증정!(제작가 2만원 상당, 2026년도 소셜링 참석 기준입니다)



Course. 


19:00 - 피맥파티 시작 자기소개 및 토크토크
19:30 - 영화 관람
21:00 - 심야 괴담 타임 및 뒷풀이 타임



영화관람 보다도 자유롭게 파티 즐기시고 싶은 분들도 모두 OK입니다!



Rule.


36.5도 이하는 피곤해요 🫠
짜치는 행동하시면 응징해요(형님, 누님들도 예외없어용) 🫠
양심상 호스트 제공 음식 드신후 각자 술을 사든 음식을 사든 할게요~(호의가 계속된다고 둘리는 아니죠!)😜
만취 예정자, 습성 만취자는 칼귀가 시켜드립니다 🫡



#호스트는 자선사업가? 😭
#공간이용비+피맥값 실화? 😱",괴담 | 영화 | 공포 | 을지로 | 피맥,26000,7,2,중구,2026-08-01T10:00:00.000Z,CHOICE,NORMAL,16129,club:16129,0,0,N,,,,N,없음,,B,사교표현: 뒷풀이,중,,,,미검토
665323,2026-07-30T05:37:13+00:00,문토,default,91,https://www.munto.kr/detail-socialing?id=665323,9,파티,컨셉파티,[술도친] 🙆‍♂️포틀럭파티 초특가 🙆‍♀️ 💗후기/꿀잼보장🚀사랑과 우정을 취하는밤,"🎉콘텐츠/커플메이드 보장 가성비 파티🎉



———

⏰7:30-10:30
📍영등포구 선유도역 도보 5분

✅7시 30분 시작입니다
✅ 여성 우선 승인, 프사 있는 남성 승인

남성은 프사 없으면 승인이 어렵습니다 🙏 
(뒷모습X, 본인이 드러나는 프로필O)


*2부만 참석 없음! 저희 매번 거의 다 남아요 🥹
다음에 온전히 1차부터 즐겨주세요 ❤️

*술찌도👌
함께 즐길 수 있도록 하이볼과 음료 챙겨드려요 ! 🫶



-

5점 만점 찐후기 보장! 꿀잼 🔥
[술꾼도시친구들] 각잡고 돌아왔다 🎉

매주 토요일 <선유도 아지트> 에서 만나요! 


🚨
당일에 20명 이상 신청이 몰려요!

한시간 전 페이지 마감이니 미리 신청 추천 🌟
성비에 따라 승인이 늦어질 수 있어요🙏

🙆‍♀️
우선승인(온전히 개취)

프사 있는 친구, 팔 굵은 친구
웃는게 이쁜 친구, 리액션 혜자 친구

그리고..

분위기 띄우고 커플 이어주고 늘 혼자 국밥엔딩인
모든 광대를 환영합니다 🥹🙌

당신들 고향은 여기야

-


<술꾼도시친구들>은요! 

1. 호스트 평점 5.0점 🙇‍♀️문토 공식 셀렉티드 호스트 👑
2. 약 97% 멤버가 2차까지 함께하는 꿀잼 보장 🤣
3. 냉동식품 하나 없는, 소셜링 역대 안주 퀄리티 💯

-

“세상에서 젤 재밌는 술자리를 만들거야”
“이 세상 광대들을 한 자리에 모르는 그날까지”

라는 당찬 포부로 
술꾼도시친구들🙋‍♂️🙆‍♀️을 모으고 있어요! 

이제 아시죠?! 
술도친 후기 좋고, 재방문 많은거 🙏❤️ 

한 번도 안 올 수는 있지만 한 번만 올 수는 없는
다정하고 유쾌한 자리! 함께 해요 🙌

청춘을 더 재밌게 보내는 방법!
술도친 얼른 오슈 💌



￼


문토 처음이면 더더욱 여기 👍
찐재미만을 위해 모여 같이 놀거든요 🤡

자연스럽게 친해지는 컨텐츠와 게임 가득 ✨

어느새 술도친에서  🙆‍♂️🙆‍♀️
400명이 넘는 친구들을 만났는데요! 

재방문 친구들도 정말 많고, 
매 시즌 10명 이상이 3차까지 놀다가요 🤡

이러다 여행까지 다녀온 건 안비밀 🤫

 우리 이번주도 고생했는데, 새로운 친구들과
다 내려놓고  편하게 유쾌하고 호탕하게 놀아요🙌


￼


🤹‍♀️유쾌하고 다정한 호스트 ‘취혜‘
👨‍🍳3초만 눈 마주치면 베프, 셰프 ‘준’까지

하루 끝의 술 한 잔이 인생의 신념인 
현실판 술꾼도시친구들 입니다!

술자리, 소셜링을 다니면서 다양한 친구들을 만나요.
저희도 술자리에서 친해졌거든요 ✨

세상에 이렇게 재밌는 사람들이 많다니!
술친구들을 위한 술자리는 어떨까?

술자리에서 한 번 보고 헤어지는 게 아쉽더라구요.
그래서, 술친구 보석함을 모아볼까 합니다.

술로 친해진 우정이 꽤 괜찮거든요 🍻
말보다 건배를 믿는 진정한 술친구를 구합니다💚

-

사랑과 우정과 술에 취하고, 게임에 미치는 밤👋

나이, 직업 관계 없이
 오로지 ’재밌는 술자리‘를 위해 모여요.

게임하고 수다떨고, 정신없이 놀다보면 
학교나 직장에서 경험하지 못할 추억이 남아요 🤣

처음 봐서 더 재밌는 친구들과 
웃고 놀고, 게임하고 미친듯이 친해지는 술자리🎉





🔥[술꾼도시친구들 자랑 POINT]🔥


✅진짜 지가 재밌게 놀고 싶어서 하는 호스트. 

저 진짜 제가 재밌고 싶어서 해요. 
다같이 신나고 웃고 게임하고! 하면서 
너무 재밌는 이 벅찬 감정을 느낄 때마다 
술도친들이 감사하게도 함께 더 몰입하더라고요 🥹

팩트 : 진행이고 자시고 자꾸 지도 낌. 
어느새 2차에 같이 혀풀림


✅공장형 아니고, 멤버에게 얼마나 진심이게요🫶

사실 낯선 사람들과 뇌 빼고 노는 술자리가 너무 좋아서
모으다 보니, 어느새 이렇게 파티가 되었어요🤣

파티를 하다보니, 여행도 함께 가고!
퇴근후 벙개도 열고, 걸스나잇도 열고 🤫

직업도 나이도 심지어 성도 잘 모르지만
그저 재밌는 술자리랑 목적 하나로 모여서 

이렇게 짠하며 친해지는 우정이 꽤 괜찮거든요. 


✅ 오프라인 파티에 최적화된 완성형 콘텐츠

그거 아세요? 
술도친은 12기까지 매번 콘텐츠를 바꿔왔어요. 

실제 현장에서 반응이 좋았던 포맷으로 최적화 시켜둔 우리 콘텐츠! 만족도 100% 자신있다 🙌🙌 

(그동안 마루타들 고생햇다, 좋앗자나 한잔해~)

노력하지 않아도 어느새 친해지는 장치 보장 완료! 

릴스나 신서유기에 나온 게임도 직접 해보고, 
마치 대학교 엠티마냥 신나게 놀아요! 


✅닭장 아니고, 70평 오프라인 시설 완벽 구비

이솝 느낌 가득한 깔끔한 남녀 각각 화장실 💯
공쥬들을 위한 화장대 포함 파우더룸,
소음 안겹치고 넙찌칸 70평 아지트를 공개함니당 :)


그리고 ✅ 후기가 보장하는 소셜링

18개 넘는 모임 수에도
 5.0점을 유지하고 있어요 🙇‍♀️❤️

콘텐츠, 분위기, 진행 믿고 오셔요 
고민하면 늦어요🫵💚💚

근 길 읽어주셔서 감삼다, 그럼 마지막 한마디! 

🙆‍♀️🙋‍♂️🤹‍♀️
“자, 너 내 술도친이 되어라!”


￼


➖➖➖➖➖➖➖➖

📍안내사항

✓ 퇴근 후 만난 친구처럼, 반말모드로 진행합니다.
✓ 두 번의 로테이션을 통해 다양한 친구들과 친해집니다.
✓ 많은 인원보다는 성비를 맞춰서 모집합니다.
✓ 사진 촬영이 있고 홍보 목적으로 사용될 수 있습니다. 신청시 동의한 것으로 간주합니다. (서운하리만큼) 형체를 못알아보게 모자이크하여 단톡에 공유합니다. 
✓ 과한 음주는 지양합니다, 만취한 사람은 집에 보내요. 
근데 이제 우리집 yea~ 

📍Q&A (DM문의도 환영해요) 

Q. 술을 마시지 않아도 되나요?
그럼요. 술은 절대 강요하지도 않아요. 제가 먹기도 바빠요. 술 대신 음료를 준비해드릴게요 :) 편하게 술자리만 즐겨주세요! 

Q. 처음 온 사람도 잘 스며들 수 있나요? 
대부분 처음 오고, 혼자 오세요! 정적에 잡아먹히지 않고, 자연스럽게 친해지는 컨텐츠가 짜임새있게 준비되어 있어요 :) 글고 제 이상형 처음 본 사람 ^^ (남녀불문)",술게임 | 단체게임 | 파티소셜링 | 영등포 | 술파티,29000,38,6,영등포구,2026-08-01T10:30:00.000Z,CHOICE,NORMAL,,title:포틀럭파티 초특가 후기 꿀잼보장 사랑과 우정을 취하는밤,0,0,N,,,35,Y,API minAge/maxAge,,B,사교표현: 2차,중,,,,미검토
664492,2026-07-30T05:37:13+00:00,문토,default,92,https://www.munto.kr/detail-socialing?id=664492,10,N잡·재테크,투자/금융,2026 재테크 투자 초보반 : 올바른 재테크 시작하기,"￼￼

📌 재테크는 해야 하는데 어떻게 해야 하는지 몰라 막막했던 분들 주목!

해당 세미나는 재테크의 올바른 인식, 자산배분, 저축, 투자 등 꼭 알아야 하는 정보들을 2시간에 걸쳐 가장 쉽게 설명 드립니다.

<1부: 2026년 투자시황 및 올바른 투자전략>

1) AI&반도체 시황 및 구조
2) 2026년 올바른 투자 포트폴리오 및 전략 

<2부: 재테크 기초 및 올바른 자산배분 전략>

1) 부의 공식: 돈은 어떻게 불어나는가
2) 올바른 자산 배분 및 실천
3) 복리 : 모든 투자자가 강조하는 무한한 힘

📌 이런 분들에게 추천 드립니다.

✅ 올바르게 월급을 관리하여 재테크를 시작하고 싶으신 분
✅ 주식, 펀드, ETF의 차이점과 올바른 활용 방법을 모르는데 배워보고 싶으신 분
✅ 어려운 금융 지식을 알기 쉽고 재밌게 공부하고 싶으신 분
✅ 나만의 올바른 재테크 전략을 세우고 관리하고 싶으신 분

📌 세미나 참여하시는 분들에게는 2026년 7월 시황 리포트와 개별 포트폴리오 멘토링 기회를 드립니다.",재테크 | 저축 | 투자 | 주식 | ETF,10000,5,4,성동구,2026-08-02T07:00:00.000Z,COMMON,NORMAL,,title:재테크 투자 초보반 올바른 재테크 시작하기,0,0,N,,,40,Y,API minAge/maxAge,,미판정,A/B 판정은 활동구체성 수기 검토 필요,하,,,,미검토
664230,2026-07-30T05:37:13+00:00,문토,default,93,https://www.munto.kr/detail-socialing?id=664230,11,외국어,일본어,첫 번역 도전반 2기 3주차,"안녕하세요, 모후모후 일본어입니다!
이번에 새로운 스터디 과정으로 ‘번역 도전반’을 진행해 볼까 합니다.

이 스터디는 일본어를 어느 정도 읽을 수 있는 분들이
‘번역’이라는 과정에 입문해보는 걸 목표로 진행될 예정입니다.

저는 참여 번역을 시작으로 번역 실무에 들어갔고, 이후 만화 번역과 게임 번역 등으로 발걸음을 넓혀 왔습니다.
이번 과정은 그 경험을 바탕으로 제가 처음 번역 연습을 가졌던 루트를 차근차근 밟아갈 예정입니다.

전문 교육처럼 무겁게 진행되기 보다는 평소 모임처럼 가볍게 참여 가능한 입문 과정으로 진행될 예정입니다!
최종적으로는 참여 번역 사이트를 활용해 실제 번역본을 만들어 보는 걸 목표로 합니다.

1. 대상 모임원

・ JLPT N2 ~ N1 전후의 일본어 실력을 가지신 분
・ 일본어 문장을 어느 정도 읽을 수 있지만 자연스러운 표현으론 옮기기 어려우신 분
・ 만화, 동인 번역에 관심이 있으신 분
・ 언젠가 번역 부업에 도전해보고 싶으신 분
・ 새로운 공부를 해보고 싶으신 분

2. 진행 방식

・ 기간 : 총12주
・ 횟수 : 주1회
・ 시간 : 회당 2시간
・ 참가비 : 1회 2만 원
・ 방식 : 설명, 예문 분석, 번역, 피드백
・ 최종 목표 : 참여 번역 사이트 제출 도전

본격적인 그룹 과외로 진행될 예정인 만큼,
기존 프리토킹이나 회화 스터디보다는 참가비가 높게 책정된 편입니다!

3. 스터디 흐름

2주차. 해석과 번역의 차이

단순히 이해하고 해석하는 것과 번역의 차이를 이해합니다.
직역과 자연스러운 번역의 차이를 공부합니다.

3주차. 한국어 답게 바꾸기

일본어식 표현을 자연스러운 한국어로 바꾸는 연습을 합니다.
해석에 끝나지 않고 자연스럽게 전달하는 방법을 배웁니다.

4주차. 번역투 줄이기

“랄까”, “~라고 생각한다”, “~에 있어서” 등
쉽게 틀리는 번역투 공부를 합니다.

5주차 . 대사 번역 맛보기

짧은 대사를 활용해 반말, 존댓말, 감탄사 등 자연스럽게 옮기는 연습을 합니다.
실제 대사처럼 들리는지 함께 확인합니다.

6주차. 캐릭터 말투 살짝 입히기

아이, 어른, 친구 등 화자에 따라 달라지는 말투를 연습합니다.
안정적이고 자연스러운 말투 통일을 목표로 합니다.

7주차. 동화 번역

짧고 쉬운 동화를 이용해 부드러운 문체를 연습합니다.
문장이 너무 딱딱하지 않도록 다듬는 방법을 배웁니다.

8주차. 번역문 다듬기와 피드백

지난 번역문을 바탕으로 수정 전후를 비교합니다.
서로 번역을 보며 보다 좋은 번역을 찾아 봅니다.

9주차. 만화 번역 맛보기

쉬운 아동용 만화를 활용해 대사를 번역해봅니다.
장면 흐름, 대사 길이, 캐릭터 반응을 보며 만화 번역을 익힙니다.

10주차. 만화 번역 다듬기

효과음, 감탄사, 말투, 말장난 등을 살펴봅니다.
초벌 번역을 다듬는 연습을 합니다.

11주차. 참여 번역 시작하기.

참여 번역의 구조, 작품 선택, 작업 방식, 주의 사항을 알아 봅니다.
수업 중 함께 시스템을 확인하고, 실전 번역을 과제로 마무리해옵니다.

12주차. 최종 피드백과 제출

11주차 과제로 번역해온 내용을 함께 검토합니다.
최종 수정과 점검을 거친 뒤, 가능한 분들은 실제 제출까지 도전합니다.

4. 모임장 번역 경력

일본 사이트 참여 번역 22년 ~ 현재
만화 번역 위탁 업무 23년 ~ 현재
커뮤니티 UV 번역 위탁 업무 25년 5월 ~ 26년 3월
게임 번역 26년 4월 ~ 현재
블로그에서 자율적 번역 13년 ~ 23년

그 동안 모임에서 일본어에 열정적이신 많은 분들을 뵈었습니다.
이 과정이 평소 해온 공부가 하나의 형태로 이루는 경험이 될 수 있으면 좋겠습니다!
번역에 관심은 있었지만 어떻게 시작해야 좋을지 몰랐던 분들께도 좋은 첫 걸음이 되길 바라봅니다!! 

일부 과정만 듣는 것도 가능합니다!
궁금하신 사안 있으시면 모임장 개인톡으로 연락 부탁드립니다!


안녕하세요, 모후모후 일본어입니다!
이번에 새로운 스터디 과정으로 ‘번역 도전반’을 진행해 볼까 합니다.

이 스터디는 일본어를 어느 정도 읽을 수 있는 분들이
‘번역’이라는 과정에 입문해보는 걸 목표로 진행될 예정입니다.

저는 참여 번역을 시작으로 번역 실무에 들어갔고, 이후 만화 번역과 게임 번역 등으로 발걸음을 넓혀 왔습니다.
이번 과정은 그 경험을 바탕으로 제가 처음 번역 연습을 가졌던 루트를 차근차근 밟아갈 예정입니다.

전문 교육처럼 무겁게 진행되기 보다는 평소 모임처럼 가볍게 참여 가능한 입문 과정으로 진행될 예정입니다!
최종적으로는 참여 번역 사이트를 활용해 실제 번역본을 만들어 보는 걸 목표로 합니다.

1. 대상 모임원

・ JLPT N2 ~ N1 전후의 일본어 실력을 가지신 분
・ 일본어 문장을 어느 정도 읽을 수 있지만 자연스러운 표현으론 옮기기 어려우신 분
・ 만화, 동인 번역에 관심이 있으신 분
・ 언젠가 번역 부업에 도전해보고 싶으신 분
・ 새로운 공부를 해보고 싶으신 분

2. 진행 방식

・ 기간 : 총12주
・ 횟수 : 주1회
・ 시간 : 회당 2시간
・ 참가비 : 1회 2만 원
・ 방식 : 설명, 예문 분석, 번역, 피드백
・ 최종 목표 : 참여 번역 사이트 제출 도전

본격적인 그룹 과외로 진행될 예정인 만큼,
기존 프리토킹이나 회화 스터디보다는 참가비가 높게 책정된 편입니다!

3. 스터디 흐름

1주차. OT

스터디 과정과 목표를 소개합니다.
제가 번역가의 길을 밟은 과정이나
활용한 참여 번역 사이트 등을 알아봅니다.

2주차. 해석과 번역의 차이

단순히 이해하고 해석하는 것과 번역의 차이를 이해합니다.
직역과 자연스러운 번역의 차이를 공부합니다.

3주차. 한국어 답게 바꾸기

일본어식 표현을 자연스러운 한국어로 바꾸는 연습을 합니다.
해석에 끝나지 않고 자연스럽게 전달하는 방법을 배웁니다.

4주차. 번역투 줄이기

“랄까”, “~라고 생각한다”, “~에 있어서” 등
쉽게 틀리는 번역투 공부를 합니다.

5주차 . 대사 번역 맛보기

짧은 대사를 활용해 반말, 존댓말, 감탄사 등 자연스럽게 옮기는 연습을 합니다.
실제 대사처럼 들리는지 함께 확인합니다.

6주차. 캐릭터 말투 살짝 입히기

아이, 어른, 친구 등 화자에 따라 달라지는 말투를 연습합니다.
안정적이고 자연스러운 말투 통일을 목표로 합니다.

7주차. 동화 번역

짧고 쉬운 동화를 이용해 부드러운 문체를 연습합니다.
문장이 너무 딱딱하지 않도록 다듬는 방법을 배웁니다.

8주차. 번역문 다듬기와 피드백

지난 번역문을 바탕으로 수정 전후를 비교합니다.
서로 번역을 보며 보다 좋은 번역을 찾아 봅니다.

9주차. 만화 번역 맛보기

쉬운 아동용 만화를 활용해 대사를 번역해봅니다.
장면 흐름, 대사 길이, 캐릭터 반응을 보며 만화 번역을 익힙니다.

10주차. 만화 번역 다듬기

효과음, 감탄사, 말투, 말장난 등을 살펴봅니다.
초벌 번역을 다듬는 연습을 합니다.

11주차. 참여 번역 시작하기.

참여 번역의 구조, 작품 선택, 작업 방식, 주의 사항을 알아 봅니다.
수업 중 함께 시스템을 확인하고, 실전 번역을 과제로 마무리해옵니다.

12주차. 최종 피드백과 제출

11주차 과제로 번역해온 내용을 함께 검토합니다.
최종 수정과 점검을 거친 뒤, 가능한 분들은 실제 제출까지 도전합니다.

4. 모임장 번역 경력

일본 사이트 참여 번역 22년 ~ 현재
만화 번역 위탁 업무 23년 ~ 현재
커뮤니티 UV 번역 위탁 업무 25년 5월 ~ 26년 3월
게임 번역 26년 4월 ~ 현재
블로그에서 자율적 번역 13년 ~ 23년

그 동안 모임에서 일본어에 열정적이신 많은 분들을 뵈었습니다.
이 과정이 평소 해온 공부가 하나의 형태로 이루는 경험이 될 수 있으면 좋겠습니다!
번역에 관심은 있었지만 어떻게 시작해야 좋을지 몰랐던 분들께도 좋은 첫 걸음이 되길 바라봅니다!! 

일부 과정만 듣는 것도 가능합니다!
궁금하신 사안 있으시면 모임장 개인톡으로 연락 부탁드립니다!",일본어 | 일본어스터디 | 일본어번역,20000,3,1,강북구,2026-07-31T10:00:00.000Z,COMMON,CLASS,39581,club:39581,0,0,N,,,,N,없음,,미판정,A/B 판정은 활동구체성 수기 검토 필요,하,,,,미검토
660277,2026-07-30T05:37:13+00:00,문토,default,94,https://www.munto.kr/detail-socialing?id=660277,4,취미,댄스,90's k-pop 레트로 댄스 🔥원더걸스-텔미🔥 배워봅시다 💃,"📼✨ 레트로 방송댄스 클래스 OPEN! ✨📼

— 지금, 당신의 끼를 되살릴 시간 —

🎤 
그 시절 우리가 사랑했던 90~2000년대 
방송댄스를 이제 직접 배워보세요!


🔥 실제 무대 퍼포먼스 모습부터
🖤 연습실에서의 끈끈한 팀워크,
🍻 클래스 친구들과의 즐거운 뒤풀이까지!
여기선 춤도, 사람도, 추억도 함께 쌓여갑니다.

---

🧡 이번달 안무 🧡

원더걸스 - 텔미 포인트안무
(1시간 20분 수업)




￼





---

🕺 수업 안내

✔️ 대상: 초보부터 경험자까지 누구나
✔️ 커리큘럼: 90~2000년대 중후반 방송댄스
 / 원곡 느낌 살리기 / 무대용 퍼포먼스 구성
✔️ 수업 방식: 10분 스트레칭+60분 안무+10분영상촬영
✔️ 수업 장소: (따로 공지)

---

🎁 이런 분께 추천해요!

✅ 옛 감성 속 음악과 춤을 좋아하시는 분
✅ 흥이 넘처나시는 분
✅ 건강하게 땀 흘리며 취미를 찾고 싶은 분
✅ 새로운 사람들과 함께 즐기고 싶은 분
✅️ 감성주점을 좋아하시는 분
✅️ 다이어트와 춤을 동시에 즐기고싶은 분
✅️ 몸치인 분




￼￼




---



🌿 호스트 소개



￼


💃 강사 소개

안녕하세요! RE:PLAY를 운영하는 앙뜨입니다. 😊

2006년부터 방송댄스 강사와 백업댄서로 활동하며 
DEF DANCE SKOOL, 프리즘댄스스쿨 등에서 
유아·키즈·성인 K-POP 클래스를 지도했습니다. 

또한 
아이유, 이승기, 임창정, 브레이브걸스, 팬텀, 손담비 등 
다양한 가수의 무대와 공연에 참여했으며, 
국내외 K-POP 공연 및 
연기자·가수 트레이닝 경험을 쌓았습니다.


RE:PLAY에서는 빠르게 진도를 나가기보다 
누구나 혼자서도 자신 있게 출 수 있도록 
쉽고 완성도 있게 
알려드리는 것을 가장 중요하게 생각합니다. 

춤이 처음이어도 부담 없이 
함께 웃고 즐길 수 있는 수업을 만들어가겠습니다. 
함께 추억을 만들어봐요! 💃",방송댄스 | 댄스 | 90년대감성 | 몸치탈출 | 레트로댄스,18000,8,2,중랑구,2026-08-01T07:10:00.000Z,COMMON,NORMAL,,title:s k pop 레트로 댄스 원더걸스 텔미 배워봅시다,0,0,N,,25,45,Y,API minAge/maxAge,,B,사교표현: 뒤풀이,중,,,,미검토
663051,2026-07-30T05:37:13+00:00,문토,default,95,https://www.munto.kr/detail-socialing?id=663051,7,자기계발,스터디,"🤖 남들 다 쓰는 AI, 나만 뒤쳐지실 건가요? 맨 땅에서 시작하는 성장","AI 시대, 도태되실 건가요? 탑승하실 건가요?

.
.
.

요즘 다들 AI 로 업무 자동화에, 수익도 낸다데…


😐 ""쓰고는 있는데, 제대로 활용하는 건지 모르겠어.""
🫥 ""개발자들만 AI를 쓸 수 있는 거 아니야?""
😧 ""이러다 나만 뒤처지는 거 아니야?""

￼

단순히 ChatGPT에 질문하는 걸 넘어서, 
AI가 '내 노트북에서 직접 일하게' 만드는 도구.
아직도 두려움에 공유하며 저장하기만 할 건가요?


그런데 걱정 마세요 👇

✅ 코딩 한 줄 안 합니다.우리는 '디렉터' 입니다
✅ 검은 터미널 화면 안 써요.말로 시키면 됩니다
✅ 완벽 말고 완성. '내 손으로 만든 결과물 하나'


무서운 속도로 발전하는 AI 시대 
 최소한 흐름에 뒤쳐지지 않게.

 따라갈 수 있는 작은 힘을 
안겨드릴 수 있도록 할게요.

- 호스트 개미🐜 -



🎯 이런 걸 합니다

✅️클로드 코드 앱으로 작은 결과물 하나 완성
→ ""어, 나도 되네!"" 경험

✅️망쳐도 되돌리고 백업하는 안전장치 
→ 겁 없이 실험하는 법

✅️나만의 AI 비서 재료 뽑기 
→ 내 일에 맞춘 첫 규칙 만들기

❤️막히는 부분은 최대한 그 자리에서 1:1로 봐드려요



🙋 이런 분께 딱이에요

-코딩 경험 전혀 없는 완전 입문자 · 비개발자
-ChatGPT는 써봤지만 '제대로 활용'은 못 하는 분
-AI를 '구경'이 아니라 '내 일에 써먹고' 싶은 분

❗️이미 클로드 코드·커서(Cursor) 등으로 직접 개발 중인 분껜 내용이 쉬울 수 있어요. 이 모임은 입문자 대상입니다 :-)



⏱ 진행 순서 (약 3시간) / 총 45 슬라이드

① 셋업 점검 
② 첫 실행 & 첫 결과물 만들기 
③ 되돌리기·백업(안전장치) 
④ 나만의 규칙·AI 비서 재료

￼


🎒 준비물
1. 노트북 (맥 또는 윈도우 11) *태블릿·폰은 안 돼요*
2.유료 클로드 구독 (Pro 이상)


**사전 설치 가이드대로 미리 설치해 오기**

👉 설치 가이드 링크는 참여자들에게만 공유됩니다. 
👉 포기하지 않도록 막히면 도와드려요

- (선택) Github 무료 계정 *만들어만 와주세요!


🔥오픈 특가 30,000원 (*이후 50,000원 인상)

📚강의 3시간 + 막힘 1:1 지원 + 자료(설치 가이드 · 치트 시트) 포함


❗ 매번 열리는 모임이 아니에요. 준비가 많이 들어가는 소셜링이라 가끔만 엽니다 (*그러니 당분간 모임이 열렸을 때 기회를 놓치지 마고 잡으세요!)

❗ 사전 준비(설치)가 필요해 '전날까지만' 신청받아요. 신청하시면 설치 안내를 먼저 드립니다.

❗ 다음 모임 소식은 저를 '팔로우' 하시면 가장 먼저 받아보실 수 있어요!


📍 장소 : 영등포 구청역 도보 5분, 깨끗한 공간

￼


 AI를 '내가 시키는' 쪽으로. 
막연한 두려움을 딛고 내딛는 
한 발자국의 용기를 내보아요",,30000,15,4,영등포구,2026-07-31T10:30:00.000Z,CHOICE,CLASS,,title:남들 다 쓰는 ai 나만 뒤쳐지실 건가요 맨 땅에서 시작하는 성장,0,0,N,,,,N,없음,,미판정,A/B 판정은 활동구체성 수기 검토 필요,하,,,,미검토
663804,2026-07-30T05:37:13+00:00,문토,default,96,https://www.munto.kr/detail-socialing?id=663804,13,소셜게임,보드게임,👩🏻‍🚀[목🌙] 새로운 재미! ⚙ 전략 보드게임 한번 해볼까요?,"🍀 본 모임은 누구나 참여할 수 있습니다 🍀 😄


문토 최초로 모임 3500회 😮
우주모임에서만 경험할 수 있는
전략보드게임의 세계


보드게임카페에서는
해 볼 수 없는 전략게임들


하지만


보드게임 순위  상위100개중 70%가 

전략게임!


왜??!!


테이블 위에서 펼쳐지는
놀라운 테마와 몰입의 향연

그리고 
온몸을 짜릿하게 만드는
뇌파민!


그동안

보드게임 카페에서도
보드게임 모임에서도
할 수 없었던 전략게임들을


전략게임에 특화된 
우주모임에서 만나보세요!


입문자 분들도
전략게임을 즐기는 분들도

만족할 수 있는
엄선된 작품으로 안내해드립니다!



🥳🥳🎉





그럼

이달의 전략 게임을 소개합니다





￼










💁🏻💁🏻💁🏻

이런 분들께 적극 추천합니다!



한번 더~!! 하면 잘할 것 같았지만
언제열릴지 몰라 하염없이 기다리기만 했던 분


매번 똑같은 파티, 마피아 말고
새로운 형태의 보드게임을 찾고 싶었던 분들


세계 탑 티어 게임들을 경험해보고 싶으신 분들


평소 뽐내지 못했던 나만의 전략성으로
판을 뒤집고 싶으신 분


다양한 추리와 전략적 고민을 할 수 있는  
새로운 활동을 찾고 계신 분


전략 보드게임 챌린지로 오세요~ 


⚔️ ⚔️ ⚔️


Q. 전략 보드게임이란 무엇인가요?


A. 전략 보드게임은
자신이 원하는 대로 전략을 펼쳐서
판을 지배해나갈 수 있는 장르입니다.

남들이 놓치고 있던
한 수를 통해
순식간에 점수를 불려나가는 재미가 있죠!

보통 두세시간 동안
서로 머리를 맞대며
승리를 향해가는 한 순간 한 순간이...
정말 짜릿하실 거예요!




Q. 초보자도 가능한가요?


A. 전략 보드게임 챌린지는 
이미 전략게임을 경험하시거나
매주 열리는 ""배워봐요 보드게임""을 통해
해당 게임을 접해보신 분들에게
추천드립니다. 


하지만, 
처음이라 하더라도
다양한 난이도로 준비되어 있고
이미 경험하신 다른 참여자 분들께서
함께하실 예정이라 너무 걱정하지 않으셔도 됩니다~


그리고 게임 진행 중에 막히거나 잘 모를땐
숙달된 룰마분께서 
플레이를 도와드릴 거니까
걱정하지 않으셔도 됩니다.

물론 단순한 게임은 아니기 때문에,
평소 전략 보드게임을 플레이해보신
경험이 있으시다면 더 수월하게
즐기실 수 있으실 거예요!





Q. 정해진 전략게임 8개만 가능한건가요?

A. 아닙니다! 매월 추천게임이 있고
그 외에 800개 이상의 게임중
원하는 게임 자유롭게 하셔도 됩니다. 




Q. 클럽 멤버만 참여 가능한가요?


A. 아닙니다!

전략보드게임을 좋아하고 
경험해보고 싶은
누구나 참여할 수 있는 모임입니다!



￼



📢 📢 📢 📢





호옥시 😮


우주모임 멤버쉽이 궁금하신가요??! 🙊🙊🙊








￼







멋지고 다정한 사람들 그득그득~ 🤩
그냥 함께 있는 것만으로 넘치는 재미!! 🥰🥰


오늘 참여했던 모임부터 바로 100% 환불!! 🤓




🍀🍀🍀🍀



우주모임 멤버쉽 분들은
이렇게 멤버쉽을 이용하고 있습니다~




👉🏻 월 100개가 넘는 우주모임 무료참여!!
👉🏻 멤버쉽 회원 전용 모임들
👉🏻 리그전과 대회, 배틀전까지
👉🏻 다양한 퀘스트를 통한 레벨업 시스템
👉🏻 잠시 휴식부터 넷플릭스, 디즈니플러스, 플레이스테이션, 
닌텐도스위치까지 모두 가능한 꼬질 공간이용이 무료!!
👉🏻 커피, 차, 콜라 등 우주모임의 모든 음료와 다과가 무료!!
👉🏻 멤버쉽 회원들을 위한 다양한 이벤트와 특별 모임까지




🥰🥰🥰
지금 우주모임 멤버쉽 클럽에 가입하시면
함께 할 수 있습니다~~!!

￼",보드게임 | 우주모임 | 강남 | 신사,19000,16,3,강남구,2026-07-30T10:30:00.000Z,COMMON,NORMAL,12098,club:12098,0,0,N,,,,N,없음,,미판정,A/B 판정은 활동구체성 수기 검토 필요,하,,,,미검토
664279,2026-07-30T05:37:13+00:00,문토,default,97,https://www.munto.kr/detail-socialing?id=664279,4,취미,노래,[새고뮤직/32회] 우리의 플레이리스트 만들기 🎶 (#도망가자),"안녕하세요! 영등포에 독립책방을 운영하고 있는 책방지기 새벽고양이입니다 🥰

여러분 우플리가 TV에 나왔습니다 😆🥰🩵

￼

￼

책방에서 노래부르는 모임, 네 여기입니다!!!

￼


지금의 일상에서 도망가고 싶은 적 없으신가요? 

저는 주로 도망가고 싶을 때 제 삶과 동떨어진 곳으로 여행을 가곤 하는데요,
그 마저도 어려울 때는 집 근처 낯선 곳을 찾아서 가보기도 합니다. 그러면 조금은 해방감이 들거든요 😃

여러분은 도망가고 싶을 때 듣는 노래가 있나요? 
도망간 곳에서 들었던 노래도 괜찮습니다!

그래서 이번 8월 우플리 노래 모임의 주제는
🎵 「도망가고 싶을 때 나를 인도해 준 노래」 입니다.

노래 부른 뒤, 무엇으로부터 도망가고 싶었던 건지,
도망간 곳은 어디였는지 이야기해보아요 🌃 



￼
(책방 이미지입니다)

💙이런 점이 궁금해요! 💙

🌞 노래는 꼭 직접 불러야 하나요? 🌞 

: 네! 우플리 모임은 참여자 모든 분들이 돌아가면서 노래를 부르게 됩니다. 노래를 듣는 것도 중요하지만 사연이 있는 노래를 직접 가수의 마음으로 부름으로 테마에 대한 질문을 스스로가 답을 할 수 있는 용기가 생길 거예요 😍 


🌞 노래 못 부르는데 참여할 수 있나요? 🌞 

: 우플리 모임은 노래를 누가 누가 잘하나 뽐내는 모임이 아닙니다. 내가 이 노래에 얼마나 애정이 있는지 어떤 사연이 있는지 진정성을 더 중요하게 생각합니다. 우리는 가수가 아니니까 오셔서 진심을 다해 불러주세요!


🌞 내면에 흥은 많지만 내성적이에요... 신청이 망설여집니다. 🌞 

: 저도 I가 97%인 사람입니다. 노래를 부르는 동안에는 블라인드로 가려진 공간에서 부를 거예요. 실제로 참여하시는 분들 중 대문자 I분들도 많이 오십니다. 



💛모임순서💛
1. 자기 소개 
오늘 활동할 가수명으로 자기소개를 해보아요!

2. 노래 순서를 정해요!

3. 각자 준비해온 노래를 돌아가면서 불러요!(1부/2부 나눠서)
노래를 못불러도 괜찮아요 혼자 노래를 부를 수 있도록 자리를 마련해드립니다.

4. 노래에 대해서 이야기 나눠요

5. 플레이리스트만들기
책방에 노트를 만들 예정입니다 💕 각자 준비하신 노래에 대한 추천사를 기록해두면, 방문하시는 손님들에게 열람됩니다.



💚 따뜻한 분위기의 독립책방 새고서림에서 진행합니다. 책방에서 노래를 부르는 특별한 경험을 느껴보세요! 💚



￼


* 동네가 조용한 곳이기때문에 큰 소리가 날만한 곡은 피해주세요. 잔잔한 노래를 추천드립니다.

* 부르실 노래는 유튜브에 반주곡이 있는지 확인해주세요 유튜브 반주를 틀어드립니다.

* 논알코올 1캔씩 준비해 드립니다. 맥주 원하시는 분은 말씀 주세요!

* 맥주를 추가로 마시고 싶으신 분은 캔당 4천원에 구매하실 수 있습니다. 하지만 적당한 음주를 추천해드려요!

* 이 모임은 잘 부르는 노래, 노래 자랑을 위한 모임이 아닙니다. 사연 또는 나누고 싶은 이야기가 담긴 노래를 준비해주세요.

* 문토 온도가 낮으신 분은 신청이 어려우실 수 있습니다.",노래부르기 | 독립책방 | 노래 | 회피 | 해피,32000,7,1,영등포구,2026-08-29T10:30:00.000Z,CHOICE,NORMAL,,title:우리의 플레이리스트 만들기,0,0,N,,,45,Y,API minAge/maxAge,,미판정,A/B 판정은 활동구체성 수기 검토 필요,하,,,,미검토
662146,2026-07-30T05:37:13+00:00,문토,default,98,https://www.munto.kr/detail-socialing?id=662146,9,파티,컨셉파티,🚨판을 뒤흔드는 전학생들의 등장🚨,"🙆‍♂️2부 참가 소셜링🙆‍♂️


♥️ 딱 8명만 추가입장♥️


흔들리는 내마음?

새로운 바람이 분다🚨

새로운 인연&설렘을 느끼고 싶다면??


￼



🌺타임 테이블🌺


🌷블라인드 자기소개🌷


🌷설렘 유발 도파민 폭발 시그니처게임🌷


🌷DM 게임🌷


🌷컨택의 꽃 대리설렘🌷


🌷최종컨택🌷


￼￼



당신의 컨택
서포트 하겠습니다",강남 | 파티 | 솔로파티,29000,24,5,서초구,2026-07-31T14:30:00.000Z,CHOICE,NORMAL,,title:판을 뒤흔드는 전학생들의 등장,0,0,N,,,35,Y,API minAge/maxAge,,C,직접표현: 솔로파티,상,,,,미검토
664478,2026-07-30T05:37:13+00:00,문토,default,99,https://www.munto.kr/detail-socialing?id=664478,10,N잡·재테크,N잡,"클로드로 홈페이지 제작, 네이버 블로그 홈페이지형 만들기","AI를 활용해 직접 홈페이지를 만들고 운영하는 실전 클래스입니다.

26.08.09(일) 15:00~18:00(3시간) 
장소 잠실역 민현원 미팅룸 
참가비 40,000 
(후기 작성 시 수업 자료 + AI 전자책 + 블로그 세팅법 비디오 제공) 
2/10명

코딩을 몰라도 괜찮습니다. 클로드(Claude)를 활용해 누구나 손쉽게 감성적인 홈페이지, 소개 페이지, 판매 페이지를 제작할 수 있도록 처음부터 차근차근 알려드립니다.이번 강의에서는 단순히 홈페이지 제작만 배우는 것이 아니라, 실제 배포까지 완성하는 과정을 함께 진행합니다.

완성한 사이트를 인터넷에 공개하고, 원하는 사람은 개인 도메인 연결 / 웹호스팅 설정까지 확장할 수 있도록 안내드립니다.또한 많은 분들이 운영 중인 네이버 블로그를 홈페이지처럼 꾸미는 방법도 함께 다룹니다.
블로그를 단순 글쓰기 공간이 아닌, 브랜드 소개 / 문의 유입 / 상품 홍보가 가능한 구조로 바꾸는 실전 노하우를 알려드립니다.

비전공자가 만든 개인 홍보용 사이트
aisuho.com
https://winesite06.netlify.app

￼

디자인은 5~10분 만에 만들었습니다. 시간적 여유가 있다면, 누구나 이 사이트 보다 훨씬 더 좋은 퀄리티로 만들 수 있을 겁니다

￼


총 3시간 진행

1부 (110분) 클로드(Claude)로 홈페이지 제작 netlifly로 배포 실습

-AI를 활용해 홈페이지 빠르게 제작하기
-완성된 홈페이지 배포하기 (.app 주소로 공개)
-개인 도메인 연결 방법 안내 (kr / com)
-웹호스팅 연결 과정 이해하기(가비아로 진행)
-모바일 연동 이해하기(firebase)

비용 부담이 있을 수 있어 가비아 도메인 연결은 과정만 배우시면 됩니다

2부 (70분) 네이버 블로그를 홈페이지처럼 꾸미기

-메인 배너 디자인 만들기
-버튼 디자인 만들기
-버튼 클릭 시 원하는 링크 연결하기
(상담문의, 상품판매 채널연결 등 실전 활용법 안내


<네이버 블로그 홈페이지형 제작>
￼￼

네이버 블로그 홈페이지형이란?

일반 블로그를 ‘홈페이지처럼’ 보이게 꾸미는 방식이에요. 방문자가 들어왔을 때 글 목록이 아니라, 하나의 메인 화면(홈페이지)처럼 보이도록 만드는 것이 핵심입니다.

✔️ 핵심 구조
1. 상단 메인 배너

블로그 타이틀 대신 1900×700 사이즈 배너 이미지를 등록합니다

브랜드 소개, 분위기, 핵심 메시지를 한눈에 보여줍니다.

2. 배너 하단 버튼 5개 구성

배너 안쪽 하단에 버튼을 만들어서 원하는 외부 사이트로 이동하거나 블로그 카테고리로 연결할 수 있어요

예) 소개 / 서비스 / 문의 / 후기 / 블로그 글

👉 방문자가 원하는 정보를 빠르게 찾도록 길을 만들어주는 역할입니다

✔️ 하단 영역
3. 사업자 정보 노출

신뢰도를 높이기 위해 하단에 사업자등록번호 이미지를 제작해서 넣을 수 있어요

⚠️안내 사항
-홈페이지형 블로그 디자인은 하나의 템플릿으로만 진행됩니다.(사이즈 변경x, 배너 디자인 자유롭게 디자인)
-한 번 익히면 다양한 형태로 응용 제작 가능합니다.
-코딩 지식 없이도 누구나 따라할 수 있는 실습형 수업입니다.
-수업 내 디자인을 완벽하게 만드시려 하면, 다음 진도로 넘어가기 어렵습니다.
-firebase는 직접 하셔야 합니다(모바일 앱 생성 가이드 안내)


이런 분께 추천합니다
사업용 홈페이지가 필요한 분
포트폴리오 사이트를 만들고 싶은 분
네이버 블로그를 더 전문적으로 운영하고 싶은 분
AI로 시간과 비용을 줄이고 싶은 분
외주 없이 직접 온라인 공간을 만들고 싶은 분
강의 핵심 내용
클로드로 홈페이지 기획 & 제작하기
클릭 몇 번으로 홈페이지 완성하기
무료 배포 및 운영 방법
도메인 연결 / 웹호스팅 이해하기 (선택)
네이버 블로그를 홈페이지형으로 꾸미기
방문자 유입과 신뢰도를 높이는 구성법

이제는 홈페이지도 AI로 빠르고 쉽게 만드는 시대입니다. 내 브랜드, 내 사업, 나만의 공간을 직접 만들고 싶은 분들에게 추천드립니다.",,40000,7,1,송파구,2026-08-09T06:00:00.000Z,COMMON,CLASS,,title:클로드로 홈페이지 제작 네이버 블로그 홈페이지형 만들기,0,0,N,,,,N,없음,,미판정,A/B 판정은 활동구체성 수기 검토 필요,하,,,,미검토
664009,2026-07-30T05:37:13+00:00,문토,default,100,https://www.munto.kr/detail-socialing?id=664009,3,푸드·드링크,베이킹,🥧8월 할인! 을지로에서 만드는 바삭 에그타르트,"🚨호스트를 팔로우 해 주시면 추후 소셜링 개설시 빠른 확인 가능하세요


📣모든 소셜링은 클럽 가입 필요없이 신청 가능합니다. 자유롭게 소셜링 참가 신청해 주시면 되어요!


🙌늦참이 가능합니다. 미리 말씀해 주시면 진행 과정 미리 준비해 두고 있을께요. 


📞소셜링 시작 1시간 전 신청이 마감됩니다. 직전 신청으로 빠른 승인 필요한 경우, 네이버 지도의 베이커즈로 연락 주시기 바랍니다!


🥧🥧


🤗안녕하세요, 을지로 3가 근처에서 베이킹 소셜링을 진행하는 호스트 입니다! 


🧈재료가 단순해도, 결과물이 투박해도, 처음부터 끝까지 직접, 모두가 함께하고 나중에 또 혼자 해 볼 수 있는 홈베이킹에 가깝도록 모든 일정 준비하고 있어요.


🍞나중에 혼자 만들 수 있는 레시피, 가져갈 수 있는 포장, 주위에 충분히 나누기 좋은 수량이 모두 포함입니다. 추가 요금 일체 없어요. 


🙌직접 만들고 완성한 것을 소중한 사람들과 나누며 느끼는 작은 성취감이, 일상의 만족이 되기를 바랄께요!


🙏베이킹 처음 해 보시는 분들도, 해 보신 분들도, 모두모두 환영합니다!

🍭🍭


🥧 이번 소셜링에서는 에그타르트를 만들어 볼께요! 겹겹이 부셔지는 바삭한 결과 달콤한 필링이 함께하는 포르투갈 식으로 만들어 볼께요. 잘 만들기 힘들지만, 최대한 쉽고 간단한 방법을 찾아내보았어요!


🧈복잡한 과정을 제외하고, 최대한 홈베이킹에 가깝게 부담없이 만들 수 있도록 준비했답니다.




￼



🥯🥯


📆진행일 : 8/12, 수요일


⏰시간 : 오후 2시, 2.5시간


🍽️메뉴 : 에그타르트
* 인당 작은 것으로 11개 가량 완성 예상해요


📍장소 : 베이커즈 베이킹룸
* 을지로 3가 근처의, 독립된 넓은 공간이에요!


🙌참가비 : 31,500
* 공유주방, 재료비 일체, 문토 수수료 등 모든 비용 포함되어 있어요 
* 최근 준비된 일정 중 일부, 참가비 35,000 원 에서 31,500 원 으로 할인 진행합니다. 


🤝진행인원 : 호스트 포함 17인


🔔🔔


* 진행 메뉴의 경우, 갑작스럽게 재료 수급에 문제가 생기는 경우 부득이하게 다른 메뉴로 진행할 수 있어요. 참가자 분들께, 미리 알려 드릴께요!


* 홈베이킹 소셜링 방향성 준수를 위해, 승인제로 진행합니다. 간단한 문답을 작성해 주세요. 확인 후 승인 도와드리겠습니다!


* 소셜링 전, 신청 인원에 따라 일정 변동이 있을 수 있어요. 추후 공지 드릴께요. 


* 처음 보는 분들이 함께 같은 작업을 하며 진행하기에, 매너점수가 지나치게 낮은 분들의 신청은 특별히 신경써요. 사전 상담 후 진행에 문제 없다는 것 확인하거나, 진행에 있어 제가 각별히 체크하는 방식으로 진행합니다. 관련 내용 궁금하신 분 1:1 메세지 주시기 바랍니다. 감사합니다. 


* 늦참이 가능합니다. 부득이한 일정으로 늦으시는 분, 예상 도착시간 말씀해 주시고 참가하시면 되어요! 다만 부득이 한 경우의 협조이며, 늦참 하시는 경우 일정에 심각한 지체가 있으니, 가급적 시간에 맞춰 도착해 주세요!!


* 궁금하신 점이나 문의사항 있으신 경우, 언제라도 1:1 메세지나 댓글로 연락 주세요. 감사합니다!


🎈🎈


🥳베이커즈에서 만나요!",베이킹 | 홈베이킹 | 에그타르트 | 디저트 | 요리,31500,16,2,중구,2026-08-12T05:00:00.000Z,CHOICE,CLASS,3980,club:3980,0,0,N,,,45,Y,API minAge/maxAge,,미판정,A/B 판정은 활동구체성 수기 검토 필요,하,,,,미검토
663805,2026-07-30T05:37:13+00:00,문토,default,101,https://www.munto.kr/detail-socialing?id=663805,13,소셜게임,보드게임,👩🏻‍🚀[금🔅] 새로운 재미! ⚙ 전략 보드게임 한번 해볼까요?,"🍀 본 모임은 누구나 참여할 수 있습니다 🍀 😄


문토 최초로 모임 3500회 😮
우주모임에서만 경험할 수 있는
전략보드게임의 세계


보드게임카페에서는
해 볼 수 없는 전략게임들


하지만


보드게임 순위  상위100개중 70%가 

전략게임!


왜??!!


테이블 위에서 펼쳐지는
놀라운 테마와 몰입의 향연

그리고 
온몸을 짜릿하게 만드는
뇌파민!


그동안

보드게임 카페에서도
보드게임 모임에서도
할 수 없었던 전략게임들을


전략게임에 특화된 
우주모임에서 만나보세요!


입문자 분들도
전략게임을 즐기는 분들도

만족할 수 있는
엄선된 작품으로 안내해드립니다!



🥳🥳🎉





그럼

이달의 전략 게임을 소개합니다





￼










💁🏻💁🏻💁🏻

이런 분들께 적극 추천합니다!



한번 더~!! 하면 잘할 것 같았지만
언제열릴지 몰라 하염없이 기다리기만 했던 분


매번 똑같은 파티, 마피아 말고
새로운 형태의 보드게임을 찾고 싶었던 분들


세계 탑 티어 게임들을 경험해보고 싶으신 분들


평소 뽐내지 못했던 나만의 전략성으로
판을 뒤집고 싶으신 분


다양한 추리와 전략적 고민을 할 수 있는  
새로운 활동을 찾고 계신 분


전략 보드게임 챌린지로 오세요~ 


⚔️ ⚔️ ⚔️


Q. 전략 보드게임이란 무엇인가요?


A. 전략 보드게임은
자신이 원하는 대로 전략을 펼쳐서
판을 지배해나갈 수 있는 장르입니다.

남들이 놓치고 있던
한 수를 통해
순식간에 점수를 불려나가는 재미가 있죠!

보통 두세시간 동안
서로 머리를 맞대며
승리를 향해가는 한 순간 한 순간이...
정말 짜릿하실 거예요!




Q. 초보자도 가능한가요?


A. 전략 보드게임 챌린지는 
이미 전략게임을 경험하시거나
매주 열리는 ""배워봐요 보드게임""을 통해
해당 게임을 접해보신 분들에게
추천드립니다. 


하지만, 
처음이라 하더라도
다양한 난이도로 준비되어 있고
이미 경험하신 다른 참여자 분들께서
함께하실 예정이라 너무 걱정하지 않으셔도 됩니다~


그리고 게임 진행 중에 막히거나 잘 모를땐
숙달된 룰마분께서 
플레이를 도와드릴 거니까
걱정하지 않으셔도 됩니다.

물론 단순한 게임은 아니기 때문에,
평소 전략 보드게임을 플레이해보신
경험이 있으시다면 더 수월하게
즐기실 수 있으실 거예요!





Q. 정해진 전략게임 8개만 가능한건가요?

A. 아닙니다! 매월 추천게임이 있고
그 외에 800개 이상의 게임중
원하는 게임 자유롭게 하셔도 됩니다. 




Q. 클럽 멤버만 참여 가능한가요?


A. 아닙니다!

전략보드게임을 좋아하고 
경험해보고 싶은
누구나 참여할 수 있는 모임입니다!



￼



📢 📢 📢 📢





호옥시 😮


우주모임 멤버쉽이 궁금하신가요??! 🙊🙊🙊








￼







멋지고 다정한 사람들 그득그득~ 🤩
그냥 함께 있는 것만으로 넘치는 재미!! 🥰🥰


오늘 참여했던 모임부터 바로 100% 환불!! 🤓




🍀🍀🍀🍀



우주모임 멤버쉽 분들은
이렇게 멤버쉽을 이용하고 있습니다~




👉🏻 월 100개가 넘는 우주모임 무료참여!!
👉🏻 멤버쉽 회원 전용 모임들
👉🏻 리그전과 대회, 배틀전까지
👉🏻 다양한 퀘스트를 통한 레벨업 시스템
👉🏻 잠시 휴식부터 넷플릭스, 디즈니플러스, 플레이스테이션, 
닌텐도스위치까지 모두 가능한 꼬질 공간이용이 무료!!
👉🏻 커피, 차, 콜라 등 우주모임의 모든 음료와 다과가 무료!!
👉🏻 멤버쉽 회원들을 위한 다양한 이벤트와 특별 모임까지




🥰🥰🥰
지금 우주모임 멤버쉽 클럽에 가입하시면
함께 할 수 있습니다~~!!

￼",보드게임 | 우주모임 | 강남 | 신사,19000,16,3,강남구,2026-07-31T06:00:00.000Z,COMMON,NORMAL,12098,club:12098,0,0,N,,,,N,없음,,미판정,A/B 판정은 활동구체성 수기 검토 필요,하,,,,미검토
657666,2026-07-30T05:37:13+00:00,문토,default,102,https://www.munto.kr/detail-socialing?id=657666,4,취미,봉사활동,A코스 유기견 봉사활동🦮,"🤗안녕하세요! 
✨희망꼬리 입니다🐳
<김포 아지네마을>
시설환경⭐️⭐️⭐️⭐️⭐️
손길활동⭐️⭐️⭐️⭐️⭐️
배움경험⭐️⭐️⭐️⭐️⭐️
온도시설⭐️⭐️⭐️⭐️

봉사자를 위한 봉사활동을 운영하고 있습니다! 재미와 뿌듯함도 기본이지만 직접 봉사를 하면서 많이느낀게 수혜자도 중요하지만 봉사자들도 누군가에 힐링과 행복이 필요하다는 것을 느끼고 있습니다.


“수혜자도 중요하지만 봉사자는 희망의 불씨”

그래서 하루하루 치열한 경쟁이 난무한 사회에서의 삶에 잠시나마 힘들었던 여러분들을 위해도움의 손길을 필요로 하는 “따뜻”하고 “정”있는 세상을 만들기 위해 시작하기 쉬운 A코스 아지네마을 보호소로 유기견봉사를 함께 ""반향""을 이루기 위해 출발합니다!!


“반려견봉사의 장점“

반려견들에게 휴먼들과의 교감으로 사회성과 쓰담의 행복을 전달해주며 참가하는 봉사자들에게도 정신적 스트레스 해소, 정서적 안정에 탁월한 봉사 입니다

——————————🐕🐾🐶—————————

￼

￼


📌[가면 무엇을 하나요!?]

👍 견사조, 산책조, 외부작업조, 동물병원이동조로 나눠요!

📌[그냥와도 되나요!?]

🌺편한 복장으로 오시면 됩니다! 모든 봉사 물품은 지급해 드립니다!
(다회용바지, 외부목장갑, 내부라텍스장갑, 마스크, 음료수, 머리끈 등)



📌[봉사만 하고 끝인가요!?]

✔️집결지에 해산을 하지만! 배고픔이 통하시는 분들끼리 N분의 1로 함께 점심을 먹습니다



📌[봉사시간이 인정되나여!?]

✔️유기견 봉사는 4시간 인정 됩니다!
1365자원봉사센터 봉사시간이 인정 되기 때문에 꼭!! 회원가입을 해주셔야 합니다!

안그러면 봉사중에 사고를 당했을시 자원봉사자 보험적용을 받을수 없습니다!



📌[당산역에서 이동 및 개인 차량으로 가도 되나요!?]

📋당산역 3번출구 CU당산중앙점에서 9시 30분까지 집결하여 차량을 가져오신 봉사자 차량으로 함께 이동 합니다! 
대부분 친구 or 혼자 오시는 분들이라 부담 없이 오세요!!

📋 개인차량으로 집결지로 오시는 분은 꼭 저에게 알려주세요!! 👍

📋 봉사현장으로 오시는 분들은 현장 주소는 봉사 2~3일전에 전달해 드립니다!


* 행사 시 촬영된 유튜브 및 사진은 희망꼬리 홍보 채널을 통해 사용될 수 있습니다. (동의하지 않을시 사전에 알려주세요.)",,11000,17,15,영등포구,2026-08-02T00:30:00.000Z,COMMON,NORMAL,5235,club:5235,0,0,N,,,,N,없음,,미판정,A/B 판정은 활동구체성 수기 검토 필요,하,,,,미검토
664739,2026-07-30T05:37:13+00:00,문토,default,103,https://www.munto.kr/detail-socialing?id=664739,9,파티,푸드파티,[바스크치즈케이크🍞☕️]우리들의 작은 베이킹 아지트,"함께 베이킹을 만들며 자연스럽게 대화를 나눕니다

직접 만든 디저트와 드립커피를 함께 즐기며 
여유로운 티타임을 보냅니다. 

최대 24명, 테이블당 6명으로 편안하게 진행됩니다🌿 




빵은 함께 만들고,
좋은 기억은 오래 남습니다 😊 



￼￼￼￼",,45000,28,3,마포구,2026-08-01T11:00:00.000Z,CHOICE,NORMAL,,title:우리들의 작은 베이킹 아지트,0,0,N,,,40,Y,API minAge/maxAge,,미판정,A/B 판정은 활동구체성 수기 검토 필요,하,,,,미검토
664907,2026-07-30T05:37:13+00:00,문토,default,104,https://www.munto.kr/detail-socialing?id=664907,11,외국어,일본어,🇯🇵 일본어 회화 & 문화 교류 모임 🇯🇵,"🇯🇵 일본어 회화 & 문화 교류 모임 🇯🇵
일본어 & 한국어 같이 연습하고 싶은 분들 모여라~!

매주 반복되는 일상에 활기를!
일본 친구들과 수다 떨고,
한국 친구들과 새로운 생각도 나누는 시간!
혼자여도 괜찮아요, 누구나 환영해요💕

✅️매주 목요일진행 오후 7시부터 9시!✅️

저희 모임은 일본어를 즐겁게 배우고, 
일본 문화를 함께 나누며 자연스럽게 
회화 실력을 키우는 친목 중심의 교류 모임입니다! 
일본인 참가자 및 스텝분들도 함께하고 있으니, 
다양한 사람들과의 만남을 기대해도 좋아요💬🌏

🎯 이런 분들께 추천해요!
📝 일본어를 공부하고 계신 분 
(취미, 자격증 준비 모두 환영!)
🎌 일본 문화 (영화, 드라마, 애니메이션, J-pop 등)
에 관심이 많은 분
🗣️ 직접 대화하며 회화 실력을 향상시키고 싶은 분
🤝 공부도 하고 사람들과 즐겁게 교류하고 싶은 분

🚫 주의 사항
❗ 동종 업계 운영자 및 운영진은 참가불가 입니다.
❗ 연애 목적, 종교 권유, 무례한 언행 및 행동은 즉시 퇴장 및 영구 탈퇴 조치됩니다.

🌟 모임 분위기
편안하고 따뜻한 분위기 속에서 누구나 부담 없이 
참여할 수 있도록 운영되고 있어요! 
일본어 실력도 늘리고, 새로운 사람들과 
좋은 인연도 만들어보세요💫

📅 일시: 매주 목요일
🕖 시간: 오후 7시 ~ 9시 (2시간)
📍 장소: YNA 라운지 (서울 마포구 와우산로 65, 5층)
💰 참가비: 10,000원 (음료 제공💓)

🈚 일본어나 한국어 못해도 전혀 문제 없어요!
새로운 사람들과 교류하고 싶은 분들 모두 환영합니다!

#서울 #홍대 #한일교류 #한일교류회 #日韓交流会 #韓国留学 #弘大交流会 #韓国生活 #韓国好きな人と繋がりたい #韓国友達募集",홍대 | 일본어 | 한일교류회,10000,9,2,마포구,2026-07-30T10:00:00.000Z,COMMON,NORMAL,,title:일본어 회화 문화 교류 모임,0,0,N,,,,N,없음,,B,사교표현: 친목,중,,,,미검토
664726,2026-07-30T05:37:13+00:00,문토,default,105,https://www.munto.kr/detail-socialing?id=664726,3,푸드·드링크,요리,🥗샐러드 팩토리(토•저녁) - 내가 먹을 7일치 샐러드,"🫢
선착순 두 분
얼리버드 할인 까지


.
.
.



🛍️🛍️🛍️
모임 후, 
챙기는 것 3가지

1. 샐러드 5팩
2. 소스(4가지) 5개
3. 양파 후레이크 2통


- 샐러드 4종류
🥗메밀면 샐러드
🫔두부면 샐러드
🍝파스타 샐러드
🍚포케 샐러드(New)


- 드레싱 4종류
•오리엔탈
•참깨 흑임자
•스리라차 마요
•이탈리안



￼



📍준비물 없어요!


.
.
.


🫢총 22가지 재료
시각적인걸 넘어, 
실제로 더 맛있어졌어요


.
.
.



📆본 모임은

- 매주 수, 목 11:00 / 19:00
- 토, 일 10:30(14:30) / 19:00(18:30)

정기적으로 열립니다



￼


혼자 집에서 샐러드 만들면


결과적으로 가격도 비싸고,
버리는 재료들도 많고
꾸준히 만들어 먹기 어려우셨죠?
네 맞아요. 제가 그랬어요!!!

.
.
.


샐러드 함께 만들고
지갑도 지키고
건강도 지켜요
🥗💵💪🏼


￼


샐러드 관련 재료, 포장용기 주문까지


모든 사전 작업은 호스트가 해놓겠습니다🙇‍♂️
준비된 손질 도구들을 활용해서
본인이 먹을 7일간의 샐러드 챙겨가세요🤗




￼


[ 2. 모임 오셔서 하는 것 ]

호스트로 부터 정해진 임무를 부여받아
신선한 채소 및 닭가슴살, 고구마 등등
내가 먹을 샐러드에 들어갈 재료 직접 손질하고

샐러드를 포장해요.

🕖소요시간 - 1시간 40분
🎁1인당 챙겨가는 샐러드 - 5팩(팩당 700ml)
📍소비기한 - 7일



￼


[ 3. 꼭 읽어주세요 ] 

👍샐러드 재료는 22가지

🥬 양배추
🥕 당근
🫜 적근대
🍠 으깬 고구마
🐔 닭가슴살 (5)
🥚 삶은 달걀
🌽 옥수수콘
🫘 렌틸콩
🫛 병아리콩 
🫒 슬라이스 올리브 (10)
🌰 슬라이스 아몬드
🍅 방울토마토
🍇 건포도
🍜 두부면 or 메밀면 or 파스타면
🥜 땅콩 분태 (15)
🍛 쿠스쿠스
🫙 오리엔탈 / 흑임자 / 이탈리안 / 스리라치 마요
드레싱 60ml
🧀 파마산 치즈
🥔감자
🍚보리 (20)
🌾귀리

등등 푸짐한 구성으로 재료를 준비하고 있어요.


📍참여비는 재료비로 쓰입니다.


ㅡ


⏰모임 소요시간은 [ 최대 1시간 40분 ] 이며 
모임이 끝나면 

참여자 모두 꽉꽉 담은 700ml 🥗샐러드 5팩
을 가지고 가실 수 있어요. 
👏🏼",샐러드 | 밀프랩 | 다이어트 | 식단 | 운동,27900,16,2,중구,2026-08-01T10:00:00.000Z,COMMON,NORMAL,28397,club:28397,0,0,N,,,,N,없음,,미판정,A/B 판정은 활동구체성 수기 검토 필요,하,,,,미검토
662333,2026-07-30T05:37:13+00:00,문토,default,106,https://www.munto.kr/detail-socialing?id=662333,1,문화·예술,영화,[호러무비나잇] <서브스턴스>&을지피맥파티🍕🍻,"*클럽원 무관 신청 가능👌
*당일신청(모임 1시간 전 자동마감) 가능
*최소인원(3인) 신청시 당일까지 자연스럽게 차는 편으로
일정에 맞춰 차분히 대기해주시면 감사하겠습니다
서울호러클럽 가입 후 본 소셜링에 참석하시면 
클럽 굿즈 증정 이벤트에 참여 가능하십니다
(자세한 이벤트 내용은 하단 참조👇)







￼
￼
서울호러클럽은?   

Since 2023.11.17
모임진행118회
클럽원 300여명, 문토 최대 서브컬쳐클럽입니다




￼


NOTICE.


💁클럽원 무관 신청가능합니다 
공포영화 좋아하시나요?
👻공포영화+서브컬쳐매니아 으른이들 모여라~🤗

 코랄리 파르쟈 감독의
<서브스턴스>


작년 상반기 인디시네마 씬을 강타한 바디호러물
지금까지도 많은 분들이 강렬한 수작으로 꼽는 작품입니다 👍

특별히 선정한 공포 영화 
감상하며 피맥🍕🍺+무서운 이야기 👻
나눠 보실게요~🙃

소셜링 비용은 온전히 공간이용비+피맥값으로 쓰입니다 🙆




￼


을지로에 위치한 시크릿한 공간 '뉴웨이브 클럽'에서 영화 관람 후 무서운 이야기 나누실분! 🥶
(상세 약도는 채팅방에서 별도 안내 예정입니다)


내친김에 공간 운영, 소셜링 호스트, 스탭 등 관심있으신 분들도 곁다리로 대환영! 🙆(+약간의 문토 뒷담화를 곁들인😎)


초저가 대혜자로 여는 공포영화+괴담썰+비지니스도 곁들인 보람찬 패키지 소셜링 📦 



￼



EVENT.


신년맞이 3+1 티셔츠 증정 이벤트 진행
서울호러클럽 가입후 유료 소셜링 3회 참석하시면, 4회차 소셜링 참석시 클럽 굿즈 티셔츠 증정!(제작가 2만원 상당, 2026년도 소셜링 참석 기준입니다)



Course. 


19:30 - 피맥파티 시작 자기소개 및 토크토크
20:00 - 영화 관람
22:00 - 심야 괴담 타임 및 뒷풀이 타임



영화관람 보다도 자유롭게 파티 즐기시고 싶은 분들도 모두 OK입니다!



Rule.


36.5도 이하는 피곤해요 🫠
짜치는 행동하시면 응징해요(형님, 누님들도 예외없어용) 🫠
양심상 호스트 제공 음식 드신후 각자 술을 사든 음식을 사든 할게요~(호의가 계속된다고 둘리는 아니죠!)😜
만취 예정자, 습성 만취자는 칼귀가 시켜드립니다 🫡



#호스트는 자선사업가? 😭
#공간이용비+피맥값 실화? 😱",괴담 | 영화 | 공포 | 을지로 | 피맥,26000,7,3,중구,2026-07-31T10:30:00.000Z,CHOICE,NORMAL,16129,club:16129,0,0,N,,,,N,없음,,B,사교표현: 뒷풀이,중,,,,미검토
664283,2026-07-30T05:37:13+00:00,문토,default,107,https://www.munto.kr/detail-socialing?id=664283,1,문화·예술,영화,🚨알랭 기로디 감독 <미세리코르디아>가 궁금하거나 매혹된 사람들,"🌞<거장전 巨匠展>_ 소씨행의 8월은 시대를 관통하며 '거장'의 반열에 오른 감독들의 작품을 함께 나누려고 해요. 우화적 상상력부터 날카로운 사회적 고찰, 그리고 인간을 향한 묵직한 연민까지, 각기 다른 색깔을 지닌 네 편의 명작을 통해 차가운 현실 속에서도 빛나는 인간성과 구원의 의미를 함께 찾아보고 싶어요. 

🎬알랭 기로디 <미세리 코르디아>, 알리스 로르바케르 <행복한 라짜로>, 에드워드 양 <하나 그리고 둘>, 폴 토마스 앤더슨 <원 배틀 애프터 어나더>

WHAT
<미세리코르디아>는 관습적 틀을 깨고 욕망과 존재의 정수를 파격적으로 파헤쳐 온 거장 알랭 기로디의 정점이 담긴 영화에요. 옛 스승의 장례식을 위해 시골 고향으로 돌아온 청년이 의문의 사건에 휘말리는 과정을 통해 인간의 죄의식과 이기심은 물론 조건없이 베풀어지는 '자비(Misericordia)'의 딜레머를 성찰하는 작품이에요. 세계적인 권위의 영화비평지 '카이에 두 시네마' 선정 24년 최고의 영화로 선정되었고,  칸 영화제 공식 초정을 받았어요. 

￼

WHY
어두운 비밀과 죄의식이 감도는 시골 마을을 배경으로 범죄 영화인양 시작하는 <미세리 코르디아>는 직면한 여러 문제를 대립과 충돌로 해결하는데 익숙해져 가는 우리에게 여전히 ‘자비‘와 ’연민’이 가치와 의미를 가질 수 있는 것인지를 고민하는 작품이에요.  자기 안에 이기심과 이타심, 탐욕과 박애 사이의 선택 사이에서 흔들려본 분이라면 이 기묘한 영화가 선사하는 뜻밖의 온기와 해방감을 만나실 수 있을거에요.

￼

￼

SPACE
호스트가 살고있는 코하우징 단독주택 행고재 1층에는 별도의 모임 공간이 준비되어 있어요. 영화는 물론 건축과 주거에 관심있는 분들의 방문도 환영해요. 

PEOPLE
9명. 참여에 일체 제한은 없지만, 서로의 이야기를 경청하고 존중하는 마음은 꼭 챙겨와 주세요. *본 클럽 소셜링은 가급적 ‘소셜씨어터 행고재 영화클럽’에 가입 후 신청해 주세요. * 모임에 관한 세부 문의는 호스트 개인톡이나 소셜링 신청 후 소셜링 채팅방을 이용해 주세요. 

HOST
연극평론, 영화해설가로 이웃과 함께하는 영화 모임을 열고 코하우징 주택 행고재에서 세 가족이 어울려 11년째 살고 있어요. 삶을 비추는 좋은 영화와의 만남을 통해 퍽퍽한 개인과 사회가 변할 수 있다고 믿는 몽상가에요.

MONEY
1만5천원. 문토 수수료 20%를 제외한 회비는 지역의 엄선된 맛집의 고퀄 디저트, 샌드위치, 김밥 등의 준비에 아낌없이 사용되고 있어요.(유스 할인이 포함되면 적자인 경우가 더 많아요. ^^;;;) 다행히 모임 공간은 행고재 입주세대 무상 후원으로 참여자의 부담을 덜어드리고 있지만, 회비 중 일부는 내부 리뉴얼 기금으로 적립하고 있어요. 

🎉YOUTH 할인!! _ 세상을 향해 첫 발을 내딛는 20대를 응원하는 마음으로 유스 할인을 적용드리고 있어요. 소셜링 신청시 20대라는 것을 알려주시면, 소셜링 후 문토수수료를 제외한 1만원의 50%(5천원)에 해당하는 금액을 음료 교환권으로 돌려 드려요. 문토에서 현금 및 현금성 상품권 반환은 금지라네요. 소셜씨어터 행고재는 20대의 부담없는 소셜링 참여를 응원해요!!

￼
* 실 제공 파운드 크림 케잌 _ 같은 수준의 다른 디저트 간식으로 바뀔 수 있어요. 

CLUB
소셜씨어터 행고재 영화클럽은 주요 영화제 수상작 중심의 띵작을 관객의 시선에 맞춰 서로 묻고 답하며 해석해 가는 모임이에요. 영화의 형식적 비평보다는 캐릭터와 내러티브, 상징과 은유 해석에 초점을 맞춰 쉽고 친절한 감상 나눔을 지향하고 있어요.  

CAUTIONS
🚨소셜 씨어터 행고재는 오롯이 작품에 집중해서 이야기 나누며 서로의 마음과 생각을 경청하며 존중하는 사람들의 모임이에요. 그래서 영화 이야기보다 만남이, 교제가, 음주가무 뒷풀이를 기대하는 분들은 모임에 맞지 않으실 수 있어요. 

🚨서로의 프라이버시를 존중해 주세요. 본인이 오픈하지 않으면 사적인 질문은 삼가해 주세요. 영화가 열어주는 만큼 그리고 서로의 신뢰가 쌓이는 만큼 자연스럽게 알아갔으면 해요. 

🚨가급적 다른 영화 얘기는 하지 말아주세요. 감독의 다른 작품들, 인접 영향을 받은 작품 등등 얘기에 그런 영화를 못 봤거나 모르는 다른 분들은 지쳐가요. 우리에게는 오늘 본 소셜링 작품만이 공통 분모라는 걸 잊지 마시고, 그날의 작품에 집중해 주세요. 

🚨전문적인 영화 용어나 이론가들을 등장시킨 영화 구조에 대한 심층 분석은 일반 관객도 이해할 수 있도록 풀어서 얘기해 주실 게 아니라면 가급적 삼가해 주세요. 저희 클럽은 관객들의 눈높이에서 이야기를 나누되, 한 두 걸음 정도 더 깊이 이해해 보기를 원하는 분들의 모임이거든요. 

🚨위의 사항을 지키지 않는 분과 그리고 모든 클럽들이 그렇듯 정치! 종교! 영업! 등의 의도가 보이는 분은 바로 강퇴할거에요. 단, 영화 내용과 관련된 부분은 예외에요.(정치나 종교 소재 띵작들)

* 정확한 모임 주소는 소셜링 신청하시는 분들께만 안내드려요. 실거주 주택이라 양해 부탁드릴게요.",영화모임 | 주말모임 | 소셜씨어터행고재 | 알랭기로디 | 미세리코르디아,15000,8,7,강서구,2026-08-08T05:30:00.000Z,CHOICE,NORMAL,8607,club:8607,5,4,Y,API 성별정원 남5/여4,,,N,없음,,C,성비 정원/조절 명시,상,,,,미검토
662180,2026-07-30T05:37:13+00:00,문토,default,108,https://www.munto.kr/detail-socialing?id=662180,2,액티비티,수영,프리다이빙 체험 강습 오세요! (07/31),"안녕하세요! 강사 김종석 입니다!

프리다이빙 체험 강습 진행합니다.
물공포증 있으셔도 괜찮습니다! 
수영을 배워보지 않으셨어도 괜찮습니다!

체험 강습은 아모다이브 강사님이 진행해주실 예정입니다.

*** 팔로우 하시거나 클럽에 들어오셔야
추가 일정 등 알림을 받으실 수 있습니다 ***

[장소]
- 올림픽수영장 잠수풀

[시간]
- 18:20 : 잠수풀장 입구 집합
- 18:20~18:40 : 입장 및 강습 준비
- 18:40~20:40 : 강습 진행
- 20:40~21:20 : 출수 및 마무리

[준비물]
- 수영복(요가복, 래쉬가드 가능), 수모, 수건, 샤워용품

[비용]
- 전용 장비(롱핀, 마스크 & 스노클 세트) 무료 대여
- 강습비용 : 모임비 30,000원

- 잠수풀장 입장료는 별도로 발생되며 규정에 따라 강사가 한번에 입장료를 결제하는 방식으로만 가능하여 별도 정산 및 운영
  > 평일 18,000원
  > 주말 22,000원

[***서류 제출 기한 및 유의사항***]
- 제출 기한 : 강습일 하루 전까지 반드시 제출해 주셔야 합 니다.
- 미제출 또는 기한 경과 시 : 서류를 기한 내에 제출하지 않 거나, 아예 미제출하시는 경우 강습 참여가 불가할 수 있습 니다.
- 책임 소재 : 이로 인해 발생할 수 있는 불이익(손해)에 대해 서는 신청자 본인께서 부담하셔야 함을 알려드립니다.


많은 참여 바랍니다.

감사합니다!",프리다이빙 | 수영 | 다이빙 | 스쿠버다이빙 | 취미,30000,4,1,송파구,2026-07-31T09:20:00.000Z,CHOICE,CLASS,31183,club:31183,0,0,N,,,,N,없음,,미판정,A/B 판정은 활동구체성 수기 검토 필요,하,,,,미검토
665575,2026-07-30T05:37:13+00:00,문토,default,109,https://www.munto.kr/detail-socialing?id=665575,5,여행·나들이,국내여행,여름맞이 당일치기 시크릿바캉스,"모임 참여 전 
무한도전 시크릿 바캉스 편 
다시보기 및 정주행을 추천드립니다

￼



여름 휴가 시즌은 다가오는데,
같이 놀러갈 사람이 없는 사람들을 위한 
즐거운 주말 보내기 프로젝트

❣️

연셜링 여름맞이 당일치기 시크릿바캉스


￼


🩵 연셜링 여름맞이 시크릿바캉스 규칙

0. 집합 후 모두에게 바나나맛 우유를 드립니다
1. 목적지는 당일에 만나서 정합니다
2. 목적지 도착 후 당일 일정을 정합니다
3. 일정 종료 후에는 출발지(신도림)에서 해산합니다


🩵 연셜링 여름맞이 시크릿바캉스 이동안내

1. 카풀 지원은 선착으로 4대까지 받습니다
2. 카풀 지원 시 거리에 따른 소정의 유류비가 지원됩니다
3. 카풀 지원 마감 시 추가 지원은 불가합니다
4. 모든 인원 신도림에서 만나 목적지 결정 후 이동합니다
5. 서울 기준 편도 2시간 이내의 목적지로만 이동합니다


￼


🩵 혼자 참여해도 괜찮나요?
대부분 혼자 오시고 잘 어울릴 수 있는 편안한 분위기에요

🩵 추가비용이 있나요?
카풀비, 당일 개인 지출 비용

🩵 어디서 만나나요?
모든 인원 신도림역 집합 후 당일 목적지를 결정해요

🩵 목적지는 어떻게 정하나요?
참여자들이 추천한 목적지를 후보에 넣고 랜덤으로 선정해요

🩵 몇 시에 끝나나요?
목적지와 일정에 따라 달라질 수 있어, 
저녁 일정 비워두시는 것을 추천드려요 

🩵 불편한 사람은 없을까요?
신청멘트 및 매너온도를 기준으로 참여를 조율하며,
비매너 행동 시 이후의 소셜링 참여가 제한됩니다


￼


🚨 소셜링 주의사항 필독

본 소셜링은 단순히 같은 장소만 함께 가는 모임이 아닌,
모두가 어울리며 즐거운 시간을 함께 만들어가는 모임입니다

일회성으로 끝나는 만남보다는
여러 번 다시 만나며 천천히 친해지는 관계를 지향하고 있으며,
실제로 재참여를 통해 자연스럽게 친해지는 경우가 많습니다

핸드폰만 보기
대화 및 교류 의지 없음
개인 활동
이성 목적 등
함께 어울릴 의사가 없는 분들을 참여를 삼가주세요
(이후의 모임 참여가 제한될 수 있습니다)

완벽하게 활발할 필요는 없지만,
❣️ 오늘 하루 함께 어울리고 즐기려는 마음은 꼭 챙겨주세요


￼


👥 최소인원 4인 👥
💸 최소인원 모집미달 시 100% 환불 💸
⚡️ 취소 및 환불은 문토 규정을 준수합니다 ⚡️
🌧 비와도 그대로 진행 (낭만있는 우중소셜링) 🌧",여행 | 사진 | 시크릿바캉스,22000,15,2,구로구,2026-08-08T02:00:00.000Z,CHOICE,NORMAL,30823,club:30823,0,0,N,,,,N,없음,,미판정,A/B 판정은 활동구체성 수기 검토 필요,하,,,,미검토
660807,2026-07-30T05:37:13+00:00,문토,default,110,https://www.munto.kr/detail-socialing?id=660807,1,문화·예술,전시,와인 한 잔과 예술[살롱드톡_르누아르],"재밌게 즐기는 예술이야기
<살롱드톡_르누아르>


<살롱드톡>
스크린을 통해 작가의 작품을 감상하고 🖼
예술과 사랑에 대해 이야기를 나누는 프로그램입니다.

나른한 일요일 오후🌞
편안한 마음으로 오셔서 예술을 즐겨보세요🥰

☆예술을 전혀 몰라도 괜찮아요~
편안한 마음으로 오세요😆

￼
￼
￼
￼
￼",미술관 | 박물관 | 와인 | 전시 | 갤러리,28000,6,4,동작구,2026-08-02T05:30:00.000Z,CHOICE,CLASS,,title:와인 한 잔과 예술,0,0,N,,,,N,없음,,미판정,A/B 판정은 활동구체성 수기 검토 필요,하,,,,미검토
664063,2026-07-30T05:37:13+00:00,문토,default,111,https://www.munto.kr/detail-socialing?id=664063,3,푸드·드링크,베이킹,"(8월 할인, 1.5시간) 🧀 단짠 황치즈 쿠키","🚨호스트를 팔로우 해 주시면 추후 소셜링 개설시 빠른 확인 가능하세요


📣모든 소셜링은 클럽 가입 필요없이 신청 가능합니다. 자유롭게 소셜링 참가 신청해 주시면 되어요!


🙌늦참이 가능합니다. 미리 말씀해 주시면 진행 과정 미리 준비해 두고 있을께요. 


📞소셜링 시작 1시간 전 신청이 마감됩니다. 직전 신청으로 빠른 승인 필요한 경우, 네이버 지도의 베이커즈로 연락 주시기 바랍니다!



￼



🤗안녕하세요, 을지로 3가 근처에서 베이킹 소셜링을 진행하는 호스트 입니다! 


🧈재료가 단순해도, 결과물이 투박해도, 처음부터 끝까지 직접, 모두가 함께하고 나중에 또 혼자 해 볼 수 있는 홈베이킹에 가깝도록 모든 일정 준비하고 있어요.


🍞나중에 혼자 만들 수 있는 레시피, 가져갈 수 있는 포장, 주위에 충분히 나누기 좋은 수량이 모두 포함입니다. 추가 요금 일체 없어요. 


🙌직접 만들고 완성한 것을 소중한 사람들과 나누며 느끼는 작은 성취감이, 일상의 만족이 되기를 바랄께요!


🙏베이킹 처음 해 보시는 분들도, 해 보신 분들도, 모두모두 환영합니다!


🍭🍭


🧂이번 소셜링에서는 황치즈 쿠키를 만들어 볼께요. 화이트 초콜릿의 단맛과 치즈의 짭잘한 맛이 잘 어우러지도록 준비했어요!


🧈복잡한 과정을 제외하고, 최대한 홈베이킹에 가깝게 부담없이 만들 수 있도록 준비했답니다.


📣 직접 만든 쿠키 가져가셔서 드셔도 좋고, 주위 사람들과 나누기에도 제격이에요!





￼￼






🥯🥯


📆진행일 : 8/17, 월요일


⏰시간 : 낮 12시, 1.5시간


🍽️메뉴 : 황치즈 쿠키
* 인당 13개 완성해요


📍장소 : 을지로3가 공유주방
* 소셜링 그룹채팅방에서, 상세 안내 드려요 


🙌참가비 : 31,500
* 공유주방, 재료비 일체, 문토 수수료 등 모든 비용 포함되어 있어요 
* 최근 준비된 일정 중 일부, 참가비 35,000 원 에서 31,500 원 으로 할인 진행합니다. 


🤝진행인원 : 호스트 포함 9인


🔔🔔


* 진행 메뉴의 경우, 갑작스럽게 재료 수급에 문제가 생기는 경우 부득이하게 다른 메뉴로 진행할 수 있어요. 참가자 분들께, 미리 알려 드릴께요!

* 홈베이킹 소셜링 방향성 준수를 위해, 승인제로 진행합니다. 간단한 문답을 작성해 주세요. 확인 후 승인 도와드리겠습니다. 문답 내용이 부족한 경우 별도 안내 없이 신청 거절될 수 있습니다. 

* 소셜링 전, 신청 인원에 따라 일정 변동이 있을 수 있어요. 추후 공지 드릴께요. 

* 호스트가 중요하게 생각하는 홈베이킹 방향성을 지키고자 합니다. 지나치게 낮은 매너점수나 전현직 베이킹 업계인 분들 등, 필요한 경우 추가 확인 후 신청 승인 도와드리겠습니다. 

* 늦참이 가능합니다. 부득이한 일정으로 늦으시는 분, 예상 도착시간 말씀해 주시고 참가하시면 되어요! 오셔서 함께할 수 있도록 작업 미리 준비하고 있을께요!

* 궁금하신 점이나 문의사항 있으신 경우, 언제라도 1:1 메세지나 댓글로 연락 주세요. 감사합니다!


🎈🎈


🥳베이커즈에서 만나요!",홈베이킹 | 베이킹 | 요리 | 쿠키,31500,8,1,중구,2026-08-17T03:00:00.000Z,CHOICE,CLASS,3980,club:3980,0,0,N,,,45,Y,API minAge/maxAge,,미판정,A/B 판정은 활동구체성 수기 검토 필요,하,,,,미검토
664725,2026-07-30T05:37:13+00:00,문토,default,112,https://www.munto.kr/detail-socialing?id=664725,3,푸드·드링크,요리,🥗샐러드 팩토리(토•오전) - 내가 먹을 7일치 샐러드,"🫢
선착순 두 분
얼리버드 할인 까지


.
.
.



🛍️🛍️🛍️
모임 후, 
챙기는 것 3가지

1. 샐러드 5팩
2. 소스(4가지) 5개
3. 양파 후레이크 2통


- 샐러드 4종류
🥗메밀면 샐러드
🫔두부면 샐러드
🍝파스타 샐러드
🍚포케 샐러드(New)


- 드레싱 4종류
•오리엔탈
•참깨 흑임자
•스리라차 마요
•이탈리안



￼



📍준비물 없어요!


.
.
.


🫢총 22가지 재료
시각적인걸 넘어, 
실제로 더 맛있어졌어요


.
.
.



📆본 모임은

- 매주 수, 목 11:00 / 19:00
- 토, 일 10:30(14:30) / 19:00(18:30)

정기적으로 열립니다



￼


혼자 집에서 샐러드 만들면


결과적으로 가격도 비싸고,
버리는 재료들도 많고
꾸준히 만들어 먹기 어려우셨죠?
네 맞아요. 제가 그랬어요!!!

.
.
.


샐러드 함께 만들고
지갑도 지키고
건강도 지켜요
🥗💵💪🏼


￼


샐러드 관련 재료, 포장용기 주문까지


모든 사전 작업은 호스트가 해놓겠습니다🙇‍♂️
준비된 손질 도구들을 활용해서
본인이 먹을 7일간의 샐러드 챙겨가세요🤗




￼


[ 2. 모임 오셔서 하는 것 ]

호스트로 부터 정해진 임무를 부여받아
신선한 채소 및 닭가슴살, 고구마 등등
내가 먹을 샐러드에 들어갈 재료 직접 손질하고

샐러드를 포장해요.

🕖소요시간 - 1시간 40분
🎁1인당 챙겨가는 샐러드 - 5팩(팩당 700ml)
📍소비기한 - 7일



￼


[ 3. 꼭 읽어주세요 ] 

👍샐러드 재료는 22가지

🥬 양배추
🥕 당근
🫜 적근대
🍠 으깬 고구마
🐔 닭가슴살 (5)
🥚 삶은 달걀
🌽 옥수수콘
🫘 렌틸콩
🫛 병아리콩 
🫒 슬라이스 올리브 (10)
🌰 슬라이스 아몬드
🍅 방울토마토
🍇 건포도
🍜 두부면 or 메밀면 or 파스타면
🥜 땅콩 분태 (15)
🍛 쿠스쿠스
🫙 오리엔탈 / 흑임자 / 이탈리안 / 스리라치 마요
드레싱 60ml
🧀 파마산 치즈
🥔감자
🍚보리 (20)
🌾귀리

등등 푸짐한 구성으로 재료를 준비하고 있어요.


📍참여비는 재료비로 쓰입니다.


ㅡ


⏰모임 소요시간은 [ 최대 1시간 40분 ] 이며 
모임이 끝나면 

참여자 모두 꽉꽉 담은 700ml 🥗샐러드 5팩
을 가지고 가실 수 있어요. 
👏🏼",샐러드 | 밀프랩 | 다이어트 | 식단 | 운동,27900,16,2,중구,2026-08-01T01:30:00.000Z,COMMON,NORMAL,28397,club:28397,0,0,N,,,,N,없음,,미판정,A/B 판정은 활동구체성 수기 검토 필요,하,,,,미검토
664724,2026-07-30T05:37:13+00:00,문토,default,113,https://www.munto.kr/detail-socialing?id=664724,3,푸드·드링크,요리,[당일]🥗샐러드 팩토리(목•저녁) - 내가 먹을 7일치 샐러드,"⚡️당일 참석
가능 합니다.


.
.
.



🛍️🛍️🛍️
모임 후, 
챙기는 것 3가지

1. 샐러드 5팩
2. 소스(4가지) 5개
3. 양파 후레이크 2통


- 샐러드 4종류
🥗메밀면 샐러드
🫔두부면 샐러드
🍝파스타 샐러드
🍚포케 샐러드(New)


- 드레싱 4종류
•오리엔탈
•참깨 흑임자
•스리라차 마요
•이탈리안



￼



📍준비물 없어요!



.
.
.


🫢총 22가지 재료
시각적인걸 넘어, 
실제로 더 맛있어졌어요


.
.
.



📆본 모임은

- 매주 수, 목 11:00 / 19:00
- 토, 일 10:30(14:30) / 19:00(18:30)

정기적으로 열립니다



￼


혼자 집에서 샐러드 만들면


결과적으로 가격도 비싸고,
버리는 재료들도 많고
꾸준히 만들어 먹기 어려우셨죠?
네 맞아요. 제가 그랬어요!!!

.
.
.


샐러드 함께 만들고
지갑도 지키고
건강도 지켜요
🥗💵💪🏼


￼


샐러드 관련 재료, 포장용기 주문까지


모든 사전 작업은 호스트가 해놓겠습니다🙇‍♂️
준비된 손질 도구들을 활용해서
본인이 먹을 7일간의 샐러드 챙겨가세요🤗




￼


[ 2. 모임 오셔서 하는 것 ]

호스트로 부터 정해진 임무를 부여받아
신선한 채소 및 닭가슴살, 고구마 등등
내가 먹을 샐러드에 들어갈 재료 직접 손질하고

샐러드를 포장해요.

🕖소요시간 - 1시간 40분
🎁1인당 챙겨가는 샐러드 - 5팩(팩당 700ml)
📍소비기한 - 7일



￼


[ 3. 꼭 읽어주세요 ] 

👍샐러드 재료는 22가지

🥬 양배추
🥕 당근
🫜 적근대
🍠 으깬 고구마
🐔 닭가슴살 (5)
🥚 삶은 달걀
🌽 옥수수콘
🫘 렌틸콩
🫛 병아리콩 
🫒 슬라이스 올리브 (10)
🌰 슬라이스 아몬드
🍅 방울토마토
🍇 건포도
🍜 두부면 or 메밀면 or 파스타면
🥜 땅콩 분태 (15)
🍛 쿠스쿠스
🫙 오리엔탈 / 흑임자 / 이탈리안 / 스리라치 마요
드레싱 60ml
🧀 파마산 치즈
🥔감자
🍚보리 (20)
🌾귀리

등등 푸짐한 구성으로 재료를 준비하고 있어요.


📍참여비는 재료비로 쓰입니다.


ㅡ


⏰모임 소요시간은 [ 최대 1시간 40분 ] 이며 
모임이 끝나면 

참여자 모두 꽉꽉 담은 700ml 🥗샐러드 5팩
을 가지고 가실 수 있어요. 
👏🏼",샐러드 | 밀프랩 | 다이어트 | 식단 | 운동,27900,16,2,중구,2026-07-30T10:00:00.000Z,COMMON,NORMAL,28397,club:28397,0,0,N,,,,N,없음,,미판정,A/B 판정은 활동구체성 수기 검토 필요,하,,,,미검토
664655,2026-07-30T05:37:13+00:00,문토,default,114,https://www.munto.kr/detail-socialing?id=664655,9,파티,홈파티,여름밤한강뷰홈파티❤️광장시장족발떡볶이빈대떡🐷🐷,"소셜링일정은
⬆️ 동그라미 프로필클릭!


1.리뷰 410+ 5.0 검증된리뷰로 말씀드리겠습니다
2.허위인원,알바생무료초대없음
3.혼자와도 괜찮은 부담없는 소셜링
4.허위인원,무료초대가 없기에 초반에
인원이 적어보이지만 진행내역을 보시고
믿고 신청주시면 감사하겠습니다




“스무스한 진행과 맛있는 식사가 있는
혼자와도 괜찮은
부담없는 친구or연인 사귈수있는
대화형 소셜링”

특별한 메뉴는 하단홧인!⬇️



￼

￼

”서울3대시장“

광장시장떡볶이 어묵
광장시장 족발
광장시장 녹두전



“ 직접 오토바이타고
 줄서서 사옵니다.. 대략 한시간.. 
우린 배달의 민족입니다..



￼


￼


￼",한강 | 한강뷰 | 게하파티 | 지강타로,38000,20,2,용산구,2026-08-01T11:00:00.000Z,CHOICE,NORMAL,,title:여름밤한강뷰홈파티 광장시장족발떡볶이빈대떡,0,0,N,,,,N,없음,,미판정,A/B 판정은 활동구체성 수기 검토 필요,하,,,,미검토
665186,2026-07-30T05:37:13+00:00,문토,default,115,https://www.munto.kr/detail-socialing?id=665186,5,여행·나들이,국내여행,"여름 마지막 계곡, 계곡 먹고 백숙 물에 발 담그기","💦 카풀 위치는 어디인가요?
카풀 지원 기사님의 위치를 기준으로 중간 위치를 조율해요
(기사님 지원시 추가됩니다)
1.  계양역
2. 서울역
3. 수원역

사계절 중 여름에 제일 잘 어울리는 여름 한정 계곡 소셜링 🩵
이번 여름에도 어김없이 돌아왔어요

장마 끝나고 본격적인 여름의 시작,
이번 주말엔 시원하게 계곡으로 피서가요 💦

￼

좋은 사람들과 맛있는 음식,
시원한 계곡물과 초록 풍경까지
여름엔 역시 계곡과 백숙 조합이 최고 💦🍗

바쁘다바빠 현대사회,
이번 주말 하루쯤은 아무 생각 없이
이렇게 힐링만 하러 가도 괜찮잖아요 🩵

￼

수박이 빠질 수 없는 여름 계곡,
이번엔 참여하시는 분들과 함께 랜덤화채까지!

각자 화채에 넣고 싶은 재료 1가지를 가져와주세요
수박과 얼음은 호스트가 준비해갑니다 🍉



여름 계곡 버킷리스트를 하루에 담은
🩵 양주 여름피서 스페샬 패키지로 🍗 여러분을 모십니다 



¸.•*´¨`* •.¸¸.•*´¨`*•.¸¸.•*´¨`*•.¸¸.•*´¨`* •.¸¸.•*´¨`*•.¸


💙 일정 안내

카풀위치에서 팀 별 집합 후 출발
12:30 양주 집합 후 아이스 브레이킹
백숙, 볶음탕 등 몸보신 점심식사
식사 후 계곡 물놀이
정리 후 카페 뒷풀이까지 진행 후
해산합니다 (각 팀별 카풀위치에서 드랍)
복귀 후 원하는 참여자들에 한하여 뒷풀이 (선택참여)


🚗 카풀 안내

양주까지 가는 길 함께 카풀 이동해요
카풀 지원 기사님께 소정의 유류비 지원
카풀은 지원 기사님의 위치를 기준으로 위치를 조율해요
개인이동은 최소화하며, 기사 마감시 카풀 지원은 불가합니다

* 추가적인 카풀 관련 안내사항은 단톡방에서 공지됩니다 



¸.•*´¨`* •.¸¸.•*´¨`*•.¸¸.•*´¨`*•.¸¸.•*´¨`* •.¸¸.•*´¨`*•.¸


💦 참여 제한이 있나요?
호스트의 일정을 따르고 (단독행동, 개별행동X)
다같이 어울리고 싶어하는 분들과 함께 하고 싶어요!
소셜링 참여 의지없이 폰만 보거나, 대화 참여안하는
불편한 분위기를 만드는 분들은 정중히 사양합니다
(이성목적, 참여의지X, 프로불편러 등)

💦 혼자 참여해도 괜찮나요?
대부분 혼자 오시고 잘 어울릴 수 있는 편안한 분위기에요

💦 물놀이 하고 싶은데 따로 준비물이 있나요?
계곡에 들어갈 예정이라면 여벌옷과 수건을 챙겨와주세요

💦 추가비용이 있나요?
카풀비, 식사비, 카페비 등

💦 카풀 위치는 어디인가요?
카풀 지원 기사님의 위치를 기준으로 중간 위치를 조율해요
(기사님 지원시 추가됩니다)
1.  계양역
2. 서울역
3. 수원역

💦 카풀 지원하고 싶어요!
감사합니다 🙇‍♀️
신청 시 신청멘트에 작성해주시면 따로 연락드릴게요!

💦 사진찍(히)는건 안좋아하는데 가도 괜찮을까요?
사진없이 놀러 오시는 분도 환영합니다 

💦 불편한 사람은 없을까요?
신청멘트 및 매너온도를 기준으로 참여를 조율하며,
비매너 행동 시 이후의 소셜링 참여가 제한됩니다 

￼


👥 최소인원 4인 👥
💸 최소인원 모집미달 시 100% 환불 💸
⚡️ 취소 및 환불은 문토 규정을 준수합니다⚡️
🌧 비와도 그대로 진행 (낭만있는 우중소셜링) 🌧",계곡 | 물놀이 | 백숙 | 여름피서,27900,23,4,중구,2026-08-15T03:30:00.000Z,CHOICE,NORMAL,,title:여름 마지막 계곡 계곡 먹고 백숙 물에 발 담그기,0,0,N,,,,N,없음,,B,사교표현: 뒷풀이,중,,,,미검토
664880,2026-07-30T05:37:13+00:00,문토,default,116,https://www.munto.kr/detail-socialing?id=664880,1,문화·예술,영화,[호러무비나잇] <군체>&을지피맥파티🍕🍻,"*클럽원 무관 신청 가능👌
*당일신청(모임 1시간 전 신청 자동마감) 가능
*최소인원(3인) 이상 신청시 당일까지 자연스럽게 차는 편으로 일정에 맞춰 차분히 대기해주시면 감사하겠습니다
서울호러클럽 가입 후 본 소셜링에 참석하시면 
클럽 굿즈 증정 이벤트에 참여 가능하십니다
(자세한 이벤트 내용은 하단 참조👇)







￼
￼
서울호러클럽은?   

Since 2023.11.17
모임진행121회
클럽원 300여명, 문토 최대 서브컬쳐클럽입니다




￼


NOTICE.


💁클럽원 무관 신청가능합니다 
공포영화 좋아하시나요?
👻공포영화+서브컬쳐매니아 으른이들 모여라~🤗

 연상호 감독의
<군체>


연상호 감독의 '좀비 유니버스' 3부작 중 마지막 작품으로
진화한 좀비 세계관 설정이 돋보이는 작품입니다 👍

특별히 선정한 공포 영화 
감상하며 피맥🍕🍺+무서운 이야기 👻
나눠 보실게요~🙃

소셜링 비용은 온전히 공간이용비+피맥값으로 쓰입니다 🙆




￼


을지로에 위치한 시크릿한 공간 '뉴웨이브 클럽'에서 영화 관람 후 무서운 이야기 나누실분! 🥶
(상세 약도는 채팅방에서 별도 안내 예정입니다)


내친김에 공간 운영, 소셜링 호스트, 스탭 등 관심있으신 분들도 곁다리로 대환영! 🙆(+약간의 문토 뒷담화를 곁들인😎)


초저가 대혜자로 여는 공포영화+괴담썰+비지니스도 곁들인 보람찬 패키지 소셜링 📦 



￼



EVENT.


신년맞이 3+1 티셔츠 증정 이벤트 진행
서울호러클럽 가입후 유료 소셜링 3회 참석하시면, 4회차 소셜링 참석시 클럽 굿즈 티셔츠 증정!(제작가 2만원 상당, 2026년도 소셜링 참석 기준입니다)



Course. 


19:30 - 피맥파티 시작 자기소개 및 토크토크
20:00 - 영화 관람
22:00 - 심야 괴담 타임 및 뒷풀이 타임



영화관람 보다도 자유롭게 파티 즐기시고 싶은 분들도 모두 OK입니다!



Rule.


36.5도 이하는 피곤해요 🫠
짜치는 행동하시면 응징해요(형님, 누님들도 예외없어용) 🫠
양심상 호스트 제공 음식 드신후 각자 술을 사든 음식을 사든 할게요~(호의가 계속된다고 둘리는 아니죠!)😜
만취 예정자, 습성 만취자는 칼귀가 시켜드립니다 🫡



#호스트는 자선사업가? 😭
#공간이용비+피맥값 실화? 😱",괴담 | 영화 | 공포 | 을지로 | 피맥,26000,7,1,중구,2026-08-07T10:30:00.000Z,CHOICE,NORMAL,16129,club:16129,0,0,N,,,,N,없음,,B,사교표현: 뒷풀이,중,,,,미검토
664525,2026-07-30T05:37:13+00:00,문토,default,117,https://www.munto.kr/detail-socialing?id=664525,4,취미,사진,❤️더운날은 실내에서 국립중앙박물관 인생샷 & 감상 📸,"시간이 멈춘듯한 웅장한 국립중앙박물관에서
동양부터 서양 분위기의 느낌으로 함께 촬영해요🫶🏻


조용히 걸으며, 유니크한 공간에서 인생샷을 남겨봐요📷
마치 시간 여행을 하는 듯한 분위기가 펼쳐져요☺️


❤️저는 소품도 준비해가니
전혀 어색하지 않게 자연스럽게 촬영하실 수 있어요✨

￼


￼


￼



⸻


📌 모임 안내
✅ 늦참 가능해요!
단, 시간대에 따라 실내 촬영은 어려울 수 있어요🙏
✅ 나이는 서로 비밀🤫 닉네임으로 불러주세요😉
💡 입장료는 무료예요! 부담 없이 참여해요🌿


⸻


📌 모임 내용
• 국립중앙박물관  감성 사진 촬영
• 찍고 찍히며 여유로운 대화
• 식사&카페 타임 ☕️🍰 (선택사항)


⸻


📷 소개

안녕하세요! 쵸단입니다! ⸜(｡˃ ᵕ ˂ )⸝♡
여러분의 가장 예쁜 순간을 담는 걸 좋아해요🫶🏻

인스타 감성으로 여러분을 사진에 담고
디렉팅 해드릴게요! ☺️📸

모두가 폰을 가지고 있지만 활용하는 것에
어려움이 있다고 느꼈어요! 

그래서 활용방법을 알려드릴게요! 😉
똥손이라고 괜찮아요! 포즈가 어려워도 괜찮아요!

찍기도하고 찍히기도 하면서 모두가 즐겁게 촬영해요📸



⸻


❓ Q&A

• 사진 장비 없어도 괜찮나요?→
 네! 저도 폰으로 촬영해드리며,
폰카 촬영 각도와 예쁘게 나오는 방법도 직접 알려드릴게요!



• 사진 찍는 게 어색해요 👉🏻👈🏻
→ 걱정하지 마세요! 
자세, 시선, 포즈까지 어렵지 않게 디렉팅 해드려요☺️



• 사진은 어떻게 받아요?→ 
URL로 보내드리며, 원본, 보정본 같이 보내드려요🙏🏻


⸻


❤️❤️ 조용한 공간에서, 감성과 순간을 담는 시간
왕의 서고에서 여유롭게 걷고, 웃고, 기록해요✨


🎀 폰카로 인생샷 나오는 각도 알려드려요
🎀 잘 나온 사진은 보정해서 보내드려요


⭐️ 자리 한정이니 서둘러주세요
⭐️ 당일취소&환불 불가‼️



⸻


❗️신청전 안내사항❗️

• 전날, 당일 신청이 가장 많이 몰려요☺️
• 마감 후에는 추가 신청이 어려워요🥹
• 고민하다 놓치는 경우가 많아요🥲
• 참여 원하시면 미리 신청해주세요",사진 | 전시회 | 폰사진 | 인생사진 | 박물관,23000,16,2,용산구,2026-08-02T06:00:00.000Z,CHOICE,NORMAL,,title:더운날은 실내에서 국립중앙박물관 인생샷 감상,0,0,N,,,40,Y,API minAge/maxAge,,미판정,A/B 판정은 활동구체성 수기 검토 필요,하,,,,미검토
663196,2026-07-30T05:37:13+00:00,문토,default,118,https://www.munto.kr/detail-socialing?id=663196,8,동네·또래,또래친구,[205회]첫인상&퍼스널 여름향수 찾기🌊,"🎁행운의 선착순 10분께는 
문토에서 유일하게 나만의 미니향수 선물을 드려요🤭 
얼리버드 혜택까지..💗

-

향알못에서 향잘알이 되고 싶다면🎉

성공적인 향수 구매를 하고 싶다면👍🏻

분위기 좋은 공간에서 
좋은 사람들을 만나고 싶다면❤️

-


 5년간 5000분 이상이 만족한
 참여 이후로 내 호감도가 높아지는 문토 인기소셜링! 
(매 계절마다 재방문하시는 분이 많은 곳엔 다
이유가 있는 법💗)




🎁이걸 다 준다고?!

1.
내 취향의 향수 + 
이미지와 어울리고
 호감도를 높여주는 향수 결과지

2.
내 이미지 결과지

(가장 만족도가 높았던
최적의 로테이션 1회로 진행하며
테이블의 이성분들께 추천 받습니다 )

3.
문토 유일 
10종의 고급 향료들 중 

원하는 향료들을 블랜딩해
세상에 하나뿐인 미니향수 2종

 (단일향만 소분하지 않아요X)

까지 다 드리는
 유일한 대혜자 소셜링🏆








✔당일이 가까워질수록 대기인원이 몰려 승인이 불가한적이 많아요 😭
 미리 신청하셔야 참여가 가능해요 !

✔하트와 팔로우하면 우선승인 해드려요 🥰 



🎁재미있는데 유익하기까지~? 
I도 E도 모두 친구되서 2차가는거 안비밀 🤭🤍




￼
(차은우의 향수 콘텐츠 발췌)


요즘 마음도 설레는데… 
새로운 사람들도 만나고 싶으신가요? 👩‍❤️‍👨


향은 나의 이미지를 결정하는 큰 역할을 해요.

 
후각은 가장 민감한 인간의 감각이고 
그만큼 오래 남는 섬세한 기억이기 때문이죠. 


아무리 외적으로 멋져도
 향 하나로 매력이 떨어지고, 

외적으로 멋지지 않아도
 향 하나로 매력이 높아진다는 사실,
알고 계신가요?


이번 기회를 통해 
서로의 첫인상과 서로를 매력적으로 만드는 향을
 찾아볼까요? ❤️






_





￼



1. 향알못 탈출하는 향 기초이론
+조향사만 아는 향수 구매 잘하는 꿀팁

+
2. 내 첫인상 결과지
 (이미지, 분야, 성격 등)

+
3. 내 취향의 향수 & 향계열 찾기

+
4. 내 호감도를 높여주는 향수 & 향계열 찾기
(이 결과가 실제 학교 회사에서 똑같았다는 많은 사람들의 간증이 매회차 들려와요...🤭👍)

+
5. 내 취향의 향과 호감도를 높여주는 향이 
다를 때의 해결방법까지 
알 수 있는 특별한 소셜링 !  

+

🎁

실제 조향사가 브랜드 향수를 만들 때 사용하는
프랑스 최고급 향료 10종으로
나만의 미니향수 2종도 
직접 만들 수 있어요🤍

(문토 모든 향수 소셜링 중 가장 많은 향료)
+

I도 E도 취향이 같은 친구들
모두 친해지는 소셜링 💗

 친해진 분들과 맛있는 저녁도 함께해요 🍽🤹‍♂️


￼

5년간 많은 분들이 퍼퓸시그널을 다녀가셨는데 벌써 많은 분들이 퍼스널 향을 찾으시고, 감동적인 후기들을 남겨주셨어요 🥰 



WHO? 🌹

이곳을 행복으로 만드는 조향사 팀시그널 

🥚전문조향사 7년
향의 대표고장 프랑스 향수회사 
전문 조향사 프리미엄급 향료만 취급
🥚퍼퓸워크숍 총괄기획운영
신세계, DDP, COEX, AK Plaza, 서울문화재단 등 


Q.이렇게 다 주는 혜자모임은 처음이에요..! 만드신 이유가 궁금해요👍

7년 전 전문 조향사가 되고나서 보니
많은 분들이 내 취향인 향과
내 호감도를 높여주는 향의 차이를 모르고 

그저 비싸고 유행하는 향수만 사용해서 
이 분이 이 향을 쓰면 더 호감도가 높아질텐데...라는 아쉬운 마음들이 많았어요. 

그 차이점과 향을 적재적소에 쓰는 법을
주변 친구에게만 알려줬는데, 🤫

문토의 초청을 받아 
문토 최초로 향수 소셜링을 오픈했고,

내 첫인상, 취향의 향, 내 호감도를 높여주는 향까지 한번에 다 모은 소셜링을 개발했어요🥰

실제로 많은 분들이 ""향수 사러갔는데 몰랐던 단어랑 개념들이 이젠 잘 보여요. ""
""이렇게 가성비 좋은 소셜링은 처음이에요"" 라는 
후기들을 많이 남겨주고 계셔서 항상 감사드려요🤭💗

-



Q. 어떻게 진행되는지 궁금해요 😊🤍


1. 향 기초이론

후각의 메커니즘, 향의 어원, 용어, 발향단계, 노트 등
향 필수이론과
 조향사만 아는 향수 구매 잘하는 꿀팁까지 
알려드려요 🧐

(소셜링 후 향수 사러갈때 이제 뭐가 뭔지 보인다는 분들이 많아 뿌듯한 시그널...🤭🤍)


2. 나의 첫인상 & 이유 🙋‍♂️🙋‍♀️
(이미지, 직업, 나이대, 성격 등)

다양한 사람들과의 교류를 통해
나의 첫인상 & 어울리는 향계열을 발견할 수 있어요
 


3. 향수 40종 시향

전문 조향사가 직접 엄선한 트렌디한
계절에 어울리는 향수들과 
대표향계열 40종을 시향하고 
 내 취향의 향수를 알 수 있도록
 퍼퓸노트를 작성할거에요 🗒

(접근이 쉬운 입문자용 향수부터 
바이레도, 딥디크, 킬리안, 크리드, 프레드릭 말 등 
니치향수까지 준비했답니다 🤭)



4. 내 이미지와 어울리고 
호감도를 높여주는 향수 추천

 내 이미지와 어울리고 
호감도를 높여주는 향수를 서로 추천해줄거에요 🤭

(실제 학교 회사에서 향 잘어울린다는 반응이 많았다는 사람들의 간증이 매회차 들려와요...👍)


5. 10가지 향료를 블렌딩해
세상에 하나뿐인 
미니향수 2종을 만들어 가실 수 있어요🎁


 (프리미엄 등급 향료 , 천연주정베이스)


￼￼

날짜에 따라 공간은 달라질 수 있답니다 :)


🎁 퍼퓸시그널에서 얻어가실 수 있는 것 🎁

1.퍼스널 퍼퓸 노트 (향 40종)

2.나의 첫인상 결과지 
(이미지, 직업, 나이, 성격 등)

3.퍼퓸등급 미니향수 2종 
(선착순5분은 3종)

4.내 취향인 향수 

5.내 이미지와 어울리고
내 호감도를 높여주는 향수 결과지

6. 내 취향 친구들 👫🤍


-


이 중 한개라도
 해당된다면 퍼퓸시그널에서
해답을 찾으실거에요 💗

🌹내 취향의 향수 + 내 호감도를 높여주는 향수를 
한번에 발견하고 싶은 분

💖뒤돌아보게 만드는 퍼스널 향수를 찾고 싶은 분

😊첫인상 호감도를 최고로 만들고 싶은 분

🎉올리브영에서 백화점까지 
다양한 퍼퓸 브랜드를 한번에 경험하고 싶다면

👍10종의 향계열을 통해 나에게 맞는 향수를
스스로 찾는 능력을 가지고 싶다면

💗취향이 같은 새로운 친구들을 만나고 싶다면 







Q.혼자가도 괜찮을까요?

A.혼자 오시는 분들이 99%이상이랍니다 :)

대부분 친해지셔서 2차까지 가셔서 새로운 취향친구를 만나실 수 있을거에요 :)

서로 친구가 되셔서 장기적으로 만나거나, 좋은 인연이 되셔서 감사인사를 전하시는 분들도 많으시답니다 🤭🤍


Q. 향에 대해 전혀 모르는데 괜찮을까요?

A. 완전 환영합니다 :)
꼭 아셔야 할 향의 기초부터 총합까지 차근차근 알려드리니 전혀 걱정하지 않으셔도 되어요😊🤍 
소셜링 추천으로 오시는 많은분들이 향 입문자분들이랍니다. 퍼퓸시그널 이후론 모두 향알못을 탈출하셨어요 🎉 

Q. 내향적인데 괜찮을까요?

A. I와 E 반반인 호스트가 만든 소셜링으로 모두가 편안하게 즐길 수 있는 분위기와 프로그램으로 구성했어요 :)

처음 본 분들과 터치하는게 부담스러울 수 있기에 서로 첫인상과 향을 편하게 찾아줄 수 있도록 기획하였고 파티보다는 클래스에 가깝답니다. 재미와 유익함까지 다 잡은...💗

Q. 남녀 성비를 맞추시나요?

A. 대부분 5:5, 6:4로 맞추고 있습니다 😊




향알못이라면🤔
조향사가 핵심만 쏙쏙 담은
향기초이론과 내 취향의 향을 통해
180분만에 향알못에서 탈출하실 수 있어요💗

향에 대해 잘 안다면😊

나의 첫인상도 찾고
+
내 이미지와 어울리고 호감도를 높여주는
베스트 향수도 찾고
+
지속적으로 만나는 취향이 같은 친구들
 
+
🎁

프랑스 최고급 향료 10종으로
나만의 하나뿐인 미니향수 2종도 직접 만들 수 있어요🤍
(문토 모든 향수 소셜링 중 가장 많은 향료)

 (프리미엄 등급 향료 , 천연주정베이스,
오드 뚜왈렛 등급 -> 오드퍼퓸 등급 -> 
문토에서 유일한 퍼퓸 등급)


이렇게 퍼주는 소셜링은 처음이야
모든걸 얻어갈 수 있는 소셜링 퍼퓸시그널 🤍


최소인원 미달시 
전액환불되니 걱정말고 미리 신청하세요 :) 
당일이 가까워질수록 대기인원이 몰려 승인이 불가한적이 많아요 😭


🕙 러닝타임 : 약 180분 
(정해진 커리큘럼으로 인해 시작 15분 후에는 참여가 불가해요 :)

🤍 장소 : 세부장소는 전날 저녁에 공지드려요 :)



나와 향, 새로운 만남의 시간으로 여러분을 초대해요🎉


퍼퓸시그널의 오리지널 콘텐츠 계절 향수찾기 프로그램 저작권은 [퍼퓸시그널]에 속해 있습니다. 퍼퓸시그널에 방문 후 장소와 프로그램 카피 소셜링은 법적조치중입니다.",향수 | 취향친구,39000,59,7,종로구,2026-08-01T06:00:00.000Z,CHOICE,NORMAL,,title:첫인상 퍼스널 여름향수 찾기,0,0,N,,,40,Y,API minAge/maxAge,,B,사교표현: 2차,중,,,,미검토
664681,2026-07-30T05:37:13+00:00,문토,default,119,https://www.munto.kr/detail-socialing?id=664681,9,파티,컨셉파티,"연결의 순간,컨택🌹설렘이 움직이는 밤🌹","🔥하단에 좋아요🔥
눌러주셔야
DM및 파티안내가 가능합니다

🚨술 사오지마세요🚨

음식 주류 전부 무제한 제공입니다
몸만 오세요❤️




억지로 이어지는 관계 말고,
자연스럽게 끌리는 순간.
컨택은 그 장면을 만듭니다.


좋은 인연은
정해진 소개보다,
분위기 속에서 더 자연스럽게 시작됩니다.


누군가를 다시 보고 싶어지는 밤,
컨택은
그 시작을 만드는 파티입니다.




￼


조건보다 중요한 건
결국 사람과 사람


긴밀한 연결고리를
만드는 진행과 콘텐츠


사람과 관계에 집중하는
그 밤이 바로 컨택





￼



❤️ 파티 구성 안내❤️


⭐️드레스코드 : 자유롭게, 나답게 빛나는 스타일


🌹입장 시 본인 확인 진행🌹


🌹초반 블라인드 콘셉트 운영🌹


🌹편안한 소통 중심의 진행🌹


🌹테이블 로테이션 포함🌹


🌹현장 이벤트 및 소소한 리워드 준비🌹


￼



FOOD & DRINK


🍷 무제한 주류 및 기본 음료 제공


🍽 다양한 핑거푸드와 식사형 메뉴 제공



🎁 참여자 대상 현장 이벤트 및 경품 준비



술을 잘 못 마시는 분들도
부담 없이 즐길 수 있도록
논알콜 음료도 함께 준비되어 있습니다.



퇴근 후 와도,
주말 저녁에 찾아와도
충분히 만족할 수 있도록 준비했습니다.


￼






🌸 소중한 하루를 그냥 흘려보내고 싶지 않은 사람

🌸 새로운 사람과 새로운 이야기를 만나고 싶은 사람

🌸 단순한 모임 이상의 연결을 원하는 사람



📍 행사 정보
날짜: 8/8(토)

시간: 오후 8시10분

양재역 부근 대형파티룸


🙆‍♂️남성 25세-만35세
🙆‍♀️여성 나이제한 없음

(최소진행 가능 인원인 40명이
 모집되지 않는 경우
100% 환불해 드립니다.)


💡참가 확정 인원에 따라 💡
수시로 수정 공지가 전달될 수 있습니다.



※ 프로그램 구성에는 변동이 없으니
 안심하고 참여해주세요





관계와 사람을 잇는다, 컨택.

오늘의 만남이
생각보다 오래 기억될 수 있도록.",강남 | 파티 | 솔로파티,45000,59,5,서초구,2026-08-08T11:10:00.000Z,CHOICE,NORMAL,,title:연결의 순간 컨택 설렘이 움직이는 밤,0,0,N,,,35,Y,API minAge/maxAge,,C,직접표현: 솔로파티,상,,,,미검토
664679,2026-07-30T05:37:13+00:00,문토,default,120,https://www.munto.kr/detail-socialing?id=664679,9,파티,컨셉파티,"연결의 순간,컨택🌹설렘이 움직이는 밤🌹","🔥하단에 좋아요🔥
눌러주셔야
DM및 파티안내가 가능합니다

🚨술 사오지마세요🚨

음식 주류 전부 무제한 제공입니다
몸만 오세요❤️





억지로 이어지는 관계 말고,
자연스럽게 끌리는 순간.
컨택은 그 장면을 만듭니다.


좋은 인연은
정해진 소개보다,
분위기 속에서 더 자연스럽게 시작됩니다.


누군가를 다시 보고 싶어지는 밤,
컨택은
그 시작을 만드는 파티입니다.




￼


조건보다 중요한 건
결국 사람과 사람


긴밀한 연결고리를
만드는 진행과 콘텐츠


사람과 관계에 집중하는
그 밤이 바로 컨택





￼



❤️ 파티 구성 안내❤️


⭐️드레스코드 : 자유롭게, 나답게 빛나는 스타일


🌹입장 시 본인 확인 진행🌹


🌹초반 블라인드 콘셉트 운영🌹


🌹편안한 소통 중심의 진행🌹


🌹테이블 로테이션 포함🌹


🌹현장 이벤트 및 소소한 리워드 준비🌹


￼



FOOD & DRINK


🍷 무제한 주류 및 기본 음료 제공


🍽 다양한 핑거푸드와 식사형 메뉴 제공



🎁 참여자 대상 현장 이벤트 및 경품 준비



술을 잘 못 마시는 분들도
부담 없이 즐길 수 있도록
논알콜 음료도 함께 준비되어 있습니다.



퇴근 후 와도,
주말 저녁에 찾아와도
충분히 만족할 수 있도록 준비했습니다.


￼






🌸 소중한 하루를 그냥 흘려보내고 싶지 않은 사람

🌸 새로운 사람과 새로운 이야기를 만나고 싶은 사람

🌸 단순한 모임 이상의 연결을 원하는 사람



📍 행사 정보
날짜: 8/7(금)

시간: 오후 8시10분

양재역 부근 대형파티룸


🙆‍♂️남성 25세-만35세
🙆‍♀️여성 나이제한 없음

(최소진행 가능 인원인 40명이
 모집되지 않는 경우
100% 환불해 드립니다.)


💡참가 확정 인원에 따라 💡
수시로 수정 공지가 전달될 수 있습니다.



※ 프로그램 구성에는 변동이 없으니
 안심하고 참여해주세요





관계와 사람을 잇는다, 컨택.

오늘의 만남이
생각보다 오래 기억될 수 있도록.",강남 | 파티 | 솔로파티,45000,59,5,서초구,2026-08-07T11:10:00.000Z,CHOICE,NORMAL,,title:연결의 순간 컨택 설렘이 움직이는 밤,0,0,N,,,35,Y,API minAge/maxAge,,C,직접표현: 솔로파티,상,,,,미검토
662563,2026-07-30T05:37:13+00:00,문토,default,121,https://www.munto.kr/detail-socialing?id=662563,5,여행·나들이,국내여행,몸만오면 되는 빠지나들이 !,"---

￼




비와도 문제없습니다. 
오히려 시원하고 덥지않아서 좋아요


🏄 빠지+캠핑
여름 한 번 제대로 즐겨보려고 준비했습니다.
낮에는 빠지에서 신나게 놀고, 
저녁에는 도심속캠핑으로 이동해서
 바베큐에 술 한잔하면서 
하루 마무리하는 코스입니다.
*캠핑은 선택사항입니다.

복귀는 불암산역으로 해야합니다.
(바베큐 안하는 사람이 같이있다면
조율 가능합니다)
현재 카풀 가능한 지역
불암산역


 📅 일정
09:00 출발
도착 후 아침식사 & 환복
12:00 ~ 16:00 빠지 무제한 이용
16:00 ~ 17:00 샤워 및 정리
17:00 출발
18:30 도심속캠핑 도착
바베큐 먹으면서 
자유롭게 이야기하고 놀기 🍖🍻


💰 비용
빠지 무제한 이용권 45,000원
카풀 이용 시 차량 지원비 10,000원
도심속캠핑 + 바베큐 30,000원


🙋‍♂️ 호스트 소개
저는 문토에서 캠핑, 액티비티 모임을 
200회 넘게 진행했습니다.
 제 모임을 좋아해주시는 분들이 많아
단골들이 많은 모임입니다.
혼자 오시는 분들이 대부분이지만
끝날 때쯤 되면 다 같이 친해져서
 소중한 인연이 되는 경우가 많습니다.
여름에 하루 정도는 핸드폰만 보고 있지 말고, 물놀이 실컷 하고 고기 구워 먹으면서 
놀다 가요.
 그 정도는 제가 자신 있습니다. 😎",도심속캠핑 | 빠지 | 여름나들이 | 물놀이 | 가평,30000,24,4,노원구,2026-08-09T00:00:00.000Z,CHOICE,NORMAL,,title:몸만오면 되는 빠지나들이,0,0,N,,,,N,없음,,B,사교표현: 친해져,중,,,,미검토
664086,2026-07-30T05:37:13+00:00,문토,default,122,https://www.munto.kr/detail-socialing?id=664086,8,동네·또래,취향친구,[34회] 🥃토요낮술클럽🥃낮에 먹는 술이 얼마나 맛있게?🥂,"안녕하세요🤗
연남동에서 전통주bar ‘하뭇’ 을 
운영하고 있는 호스트입니다.

이 공간에서 23년 여름부터 3년 넘게
전통주를 중심으로 다양한 모임을 
꾸준히 진행해오고 있어요.

✔️제 프로필 인스타그램 아이콘을 누르시면, 
하뭇에서 진행했던 이전 모임들을 확인하실 수 있어요.

￼


진짜 술쟁이들이라면 공감하는 말
'사실 낮에 먹는 술이 진짜 맛있다...'

이 모임을 보고있는 당신, 공감하시죠?
이 세상 모든 술쟁이들이 
낮에도 자유롭게 술을 즐길수 있게,,,,🫶


🎉 낮술클럽 오픈! 🎉


🕐 모임은 이렇게 진행돼요

•토요일 오후 1시 시작
•딱 3시간, 깔끔하게 즐기고 4시에 종료
•부담 없이 마시고, 이야기 나누고, 웃다가 헤어지기 🙌

술을 잘 드시지 못해도 괜찮아요!
그냥 낮술을 즐기는 마음만 있으면 충분,,,,💙

￼


🍶 술은 제가 준비할게요

모이는 인원에 따라
전통주 3~5병을 준비합니다.

전통주 바에서 열리는 모임인 만큼,
만족도 높은 우리술들로 준비할테니
술에 있어서만큼은 잔뜩 기대하고 오셔도 좋습니다!

여러분은

•1인분의 간단한 안주
•튼튼한 간
•휴일 낮의 살짝 설레는 마음

이렇게만 챙겨오시면 돼요 😉

￼


❗️낮술클럽의 포인트❗️

1️⃣ 소주, 맥주는 우리 이제 그만 마셔요🥹
이왕 마실 술이라면...?
맛있는 우리술로 마셔요🍶

2️⃣ 낮술클럽은 과음을 위한 모임이 아니에요.
다양한 술을 천천히 즐기며 
사람들과 대화하는 모임입니다. 
“과음이 내 체질이다!” 하시는 분께는 
맞지 않을 수 있어요 🙅‍♀️

3️⃣ 서로에게 최소한의 예의와 호기심을 가지고 
대화할 수 있는 분들을 위한 모임이에요.

4️⃣낮에는 신나게 놀고 
저녁에는 충전이 필요한 분들에게 
딱 좋은 시간대의 모임이에요.

￼


근데 또…
놀다 보면 4시에 헤어지기 아쉬울 수도 있잖아요? 🤔

모임장소가 연남동이면
2차로 갈곳이 너무너무 많다는거 아시죠?
또 4시면 저녁보다 약간 이른시간이라 
웨이팅없이 모든 맛집을 가실수 있을꺼에요!
오히려 죠ㅇ ㅏ,,🫶
(2차는 물론 선택사항!)

그럼 낮술을 사랑하는분들을 기다리고 있을께요.
토요일 낮에 만나요 🥳

￼


💁🏻‍♀️ 참고사항

1. 최소 인원 4명 미달 시 모임은 취소되며 전액 환불됩니다.

2. 최대 인원은 10명입니다.

3. 모임은 오후 4시에 종료됩니다.

4. 매너 점수 36.5 이상만 참여 가능합니다.

5. 곁들일 음식은 1인분의 간단한 안주로 준비해주세요.
(근처에서 구매 OK / 집에 있는 것 OK / 배달 OK)
※ 국물류는 지양해주세요 🥹

6. 함께 나누고 싶은 술이 있다면 가져오셔도 좋아요! 
(마시다 남은 술도 OK / 필수아님! 🙅‍♀️)

7.상대가 불편함을 느낄 수 있는 농담, 반말, 욕설 등은 모임의 분위기와 맞지 않습니다.
이러한 행동이 반복되거나 
상황이 심각하다고 판단될 경우, 
모임 도중이라도 참여가 제한될 수 있으며
이후 진행되는 모임 참여가 어려울 수 있습니다.",전통주 | 연남동 | 연남동모임 | 낮술 | 전통주모임,35000,9,1,마포구,2026-08-15T04:00:00.000Z,CHOICE,NORMAL,,title:토요낮술클럽 낮에 먹는 술이 얼마나 맛있게,0,0,N,,,,N,없음,,B,사교표현: 2차,중,,,,미검토
664735,2026-07-30T05:37:13+00:00,문토,default,123,https://www.munto.kr/detail-socialing?id=664735,9,파티,푸드파티,(휘낭시에🥐☕️ )우리들의 베이킹 아지트,"함께 베이킹을 만들며 자연스럽게 대화를 나눕니다

휘낭시에, 드립커피를 함께 즐기며 
여유로운 티타임을 보냅니다. 

최대 24명, 테이블당 6명으로 편안하게 진행됩니다🌿 




빵은 함께 만들고,
좋은 기억은 오래 남습니다 😊 





￼￼￼￼",,45000,29,4,마포구,2026-07-31T11:00:00.000Z,CHOICE,NORMAL,,title:우리들의 베이킹 아지트,0,0,N,,,40,Y,API minAge/maxAge,,미판정,A/B 판정은 활동구체성 수기 검토 필요,하,,,,미검토
663816,2026-07-30T05:37:13+00:00,문토,default,124,https://www.munto.kr/detail-socialing?id=663816,13,소셜게임,추리게임,👩🏻‍🚀[금🔅] 크라임씬 머더미스터리 🕵️‍♀️오마카세🍝,"💚 본 모임은 누구나 참여할 수 있는 오픈모임 입니다 💚


특집 크라임씬(머더미스터리)


각자 캐릭터를 맞아 스토리에 몰입하는 
단 한번의 경험!!

지금까지 가장 높은 평점을 받았던
엄선된 크라임씬을 경험해보세요~!

참여인원에 따라
안해보신 크라임씬으로 
진행될 예정입니다!

크라임씬은 각자의 역할이 있습니다.
역할연기 또는 범인이
부담스러우신 분들을 위해
부담없이 편하게 추리를 할 수 있는
협력추리게임도
준비되어 있습니다!  






🔎🔎🔎

크라임씬 몰입을 위한
우주모임의 치트키

￼    +",크라임씬 | 보드게임 | 추리,26000,8,1,강남구,2026-07-31T06:00:00.000Z,COMMON,NORMAL,12098,club:12098,4,5,Y,API 성별정원 남4/여5,,,N,없음,,C,성비 정원/조절 명시,상,,,,미검토
662561,2026-07-30T05:37:13+00:00,문토,default,125,https://www.munto.kr/detail-socialing?id=662561,5,여행·나들이,국내여행,"🌊 물놀이, 삼겹살, 기마전","￼

🌊 여름 수영장 물놀이 왕중왕전

이번에는 그냥 수영장만 갔다 오는 모임이 아닙니다.

팀도 나누고 게임도 하고, 배고프면 삼겹살 먹고, 또 놀다가 저녁엔 라면까지 먹고 오는 일정이에요.

게임은 너무 빡세게 하는 분위기보다는 다 같이 웃으면서 할 수 있는 것들로 준비했습니다.

- 🌬️ 숨참기
- 🛟 구조대 릴레이
- 👑 팀 대항 기마전
- 🤼 수중 씨름

기마전은 이번 모임 메인 이벤트입니다.


우승팀은 그냥 끝나는 게 아니라 작은 선물도 준비해둘 예정입니다.

게임은 필수가 아닙니다 ! 

현재 카풀 가능(업데이트 예정)

불암산역
명동역
양천구
---

일정

09:00 출발

10:00~11:00 수영장 도착 및 환복

🏊 물놀이 & 워터 게임

🥩 12:00 바비큐
삼겹살, 명이나물, 상추, 버섯, 김치, 술
모두 포함

이후 자유시간

🍜 16:00 라면

18:00 복귀 예정

---

비 오는 건 크게 걱정 안 하셔도 됩니다.

평상은 넉넉하게(4개 이상) 예약할 예정이라 쉬면서 놀 수 있는 공간은 충분히 준비해둘게요.

---

저는 캠핑을 200회 이상 다녔고, 캠핑이나 액티비티 모임을 꾸준히 진행하고 있습니다.

모임을 많이 열어보면서 느낀 건 결국 사람들이 기억하는 건 비싼 음식보다 
**'진짜 재밌게 놀았다'**는 하루더라고요.

그래서 이번에도 그런 하루를 만들어보려고 합니다.

---

참가비는 총 95,000원입니다.
30,000원 : 모임 참가비 (평상 대여비 + 호스트 진행 및 준비 비용)
18,000원 : 수영장 입장료 (단체 할인 적용)
47,000원 : 먹고 마시는 비용 전부 포함!

바베큐
주류 및 음료
부대찌개
후식 라면

추가로 회비를 걷거나 N빵하는 건 없습니다. 준비부터 정리까지 제가 모두 진행하니 몸만 오셔서 하루 재밌게 놀다 가시면 됩니다.

카풀은 차량 한 대당 비용이 꽤 들어서 탑승하시는 분들은 1인 만원만 받고 있습니다. (유류비와 통행료 포함)

몸만 오시면 하루 종일
 놀 준비는 제가 해놓겠습니다. 😄
￼
￼


￼



￼",워터파크  | 빠지 | 물놀이 | 계곡 | 수영장,30000,34,4,양주시,2026-08-01T00:00:00.000Z,CHOICE,NORMAL,,title:물놀이 삼겹살 기마전,0,0,N,,,40,Y,API minAge/maxAge,,미판정,A/B 판정은 활동구체성 수기 검토 필요,하,,,,미검토
665067,2026-07-30T05:37:13+00:00,문토,default,126,https://www.munto.kr/detail-socialing?id=665067,9,파티,홈파티,도심속캠핑 고기부추전새우🍗,"￼




208회차 모임입니다


시원한 내부에서 진행합니다.
외부도 나오셔도 상관없습니다.


모임은 대체적으로 목금토일월 열립니다.
화요일 수요일 원하시면
개인DM 부탁드립니다.

저와 스탭이 고기를 맛있게 구워
드시기 편하게 날라드립니다.



안녕하세요! 
우연히 계획에도 없던 별장이 생긴 호스트입니다. 
처음엔 허허벌판이었지만, 
정원을 꾸미는 것을 좋아하시는 어머니 덕분에 
지금은 멋진 마당이 되어 
여러분을 초대할 수 있게 되었습니다.

이곳은 불암산역(구 당고개역)에서 
도보 5분 거리에 위치한 
60평 규모의 마당입니다. 
서울 한복판에서 멀리 떠나지 않아도 
캠핑의 감성을 느낄 수 있습니다.
 바쁘게 흘러가는 일상 속에서, 
좋은 사람들과 함께 
숯불에 고기를 굽고
 대화를 나누며 여유로운 시간을 보내고 싶다면
 이 곳 입니다.

📢이 모임이 특별한 이유

✅️ 소규모 모임 (최대 20명)
대규모 모임을 가게 되면 
자기소개만 반복하다가 끝나는 경우가 있잖아요?
여기서는 딱 한 번 자기소개를 하고 
편안한 분위기에서 깊이 있는 대화를 나누고, 
새로운 인연을 만들 수 있습니다.
※ 별도의 게임이나 프로그램은 없습니다.
이야기와 사람, 분위기 자체를 즐기러 오시는 분들께 잘 맞는 모임입니다.

✅️ 완벽한 캠핑 세팅
⛺️캠핑 장비가 없어도 걱정하지 마세요! 
테이블, 의자, 화로, 스피커 등 
모든 것이 준비되어 있습니다. 
따로 챙겨올 것은 없습니다.

✅️ 풍성한 바비큐 & 무제한 주류 제공
🍗숯불에 구운 고기, 버섯, 새우, 소시지, 
명이나물, 밥, 등
바비큐에 필요한 모든 재료가 준비됩니다. 
🍻맥주와 소주 또한 무제한으로 제공됩니다.
🍶 소주+토닉워터도 제공될 예정입니다.


✅️ 편리한 시설
캠핑의 감성은 살리되, 
깔끔한 부엌과 화장실을 이용할 수 있어 
불편함 없이 즐길 수 있습니다.


✅ 비 오는 날의 경우

몽골텐트를 장만하여
밖에서도 충분히 즐길 수 있습니다.
더 감성있고 좋아요 ! 
비오는 소리 듣기 좋습니다.


모임 안내

📍 위치:  불암산역( 구 당고개역 ) 도보 5분 
(정확한 위치는 참여 확정 후 전 날 안내)
👥 모집 인원: 최대 20명
✔️ 모임 후 원하시는 분들에 한해서
2차 진행 시, 2차 참여금 있습니다. 

환불 규정

모임 4일 전까지는 전액 환불이 가능합니다.
문토 규정에 따르고 있습니다.




이성 만남 목적의 모임은 아니지만,
 웬만하면 성비를 맞추려고 합니다.


🏕캠핑을 하러 멀리 떠나기는 귀찮고 
서울에서 캠핑의 느낌을 내고싶다 하시는 분


🍖밖에서 숯불로 고기를 구워먹고싶다 하시는 분들


🎉새로운 사람들과 편안하게 대화를 즐기고싶으신 분들 


모두 환영합니다 ! 


￼




￼



￼",푸드파티 | 도심속캠핑 | 파티 | 캠핑 | 8월웰컴연휴,39900,22,2,노원구,2026-07-31T11:10:00.000Z,CHOICE,NORMAL,,title:도심속캠핑 고기부추전새우,0,0,N,,,40,Y,API minAge/maxAge,,B,사교표현: 2차,중,,,,미검토
664629,2026-07-30T05:37:13+00:00,문토,default,127,https://www.munto.kr/detail-socialing?id=664629,4,취미,댄스,90's k-pop 레트로 댄스 🔥원더걸스-텔미🔥 배워봅시다 💃,"📼✨ 레트로 방송댄스 클래스 OPEN! ✨📼

— 지금, 당신의 끼를 되살릴 시간 —

🎤 
그 시절 우리가 사랑했던 90~2000년대 
방송댄스를 이제 직접 배워보세요!


🔥 실제 무대 퍼포먼스 모습부터
🖤 연습실에서의 끈끈한 팀워크,
🍻 클래스 친구들과의 즐거운 뒤풀이까지!
여기선 춤도, 사람도, 추억도 함께 쌓여갑니다.

---

🧡 이번달 안무 🧡

원더걸스 - 텔미 포인트안무
(1시간 20분 수업)




￼





---

🕺 수업 안내

✔️ 대상: 초보부터 경험자까지 누구나
✔️ 커리큘럼: 90~2000년대 중후반 방송댄스
 / 원곡 느낌 살리기 / 무대용 퍼포먼스 구성
✔️ 수업 방식: 10분 스트레칭+60분 안무+10분영상촬영
✔️ 수업 장소: (따로 공지)

---

🎁 이런 분께 추천해요!

✅ 옛 감성 속 음악과 춤을 좋아하시는 분
✅ 흥이 넘처나시는 분
✅ 건강하게 땀 흘리며 취미를 찾고 싶은 분
✅ 새로운 사람들과 함께 즐기고 싶은 분
✅️ 감성주점을 좋아하시는 분
✅️ 다이어트와 춤을 동시에 즐기고싶은 분
✅️ 몸치인 분




￼￼




---



🌿 호스트 소개



￼


💃 강사 소개

안녕하세요! RE:PLAY를 운영하는 앙뜨입니다. 😊

2006년부터 방송댄스 강사와 백업댄서로 활동하며 
DEF DANCE SKOOL, 프리즘댄스스쿨 등에서 
유아·키즈·성인 K-POP 클래스를 지도했습니다. 

또한 
아이유, 이승기, 임창정, 브레이브걸스, 팬텀, 손담비 등 
다양한 가수의 무대와 공연에 참여했으며, 
국내외 K-POP 공연 및 
연기자·가수 트레이닝 경험을 쌓았습니다.


RE:PLAY에서는 빠르게 진도를 나가기보다 
누구나 혼자서도 자신 있게 출 수 있도록 
쉽고 완성도 있게 
알려드리는 것을 가장 중요하게 생각합니다. 

춤이 처음이어도 부담 없이 
함께 웃고 즐길 수 있는 수업을 만들어가겠습니다. 
함께 추억을 만들어봐요! 💃",방송댄스 | 댄스 | 90년대감성 | 몸치탈출 | 레트로댄스,18000,8,1,광진구,2026-08-03T10:10:00.000Z,COMMON,NORMAL,,title:s k pop 레트로 댄스 원더걸스 텔미 배워봅시다,0,0,N,,25,45,Y,API minAge/maxAge,,B,사교표현: 뒤풀이,중,,,,미검토
665852,2026-07-30T05:37:13+00:00,문토,default,128,https://www.munto.kr/detail-socialing?id=665852,2,액티비티,서핑,[🏄‍♂️서핑정복기🏄‍♀️ 79회차] 동해 1박,"안녕하세요👋 액티비티 호스트 콩표입니다
이제는 서핑을 곁들인 여행이 되었어요!
'어차피 가긴 갈건데, 혼자보단 여럿이서?'
라는 생각으로 열게되었어요!👏 (아래 리뷰확인필수❤)

🌊파도 미정 (변동가능)
식지않은 날씨, 시원하게 입수나 할까요!?
근처 맛집을 들러 왁자지껄 저녁을 먹고🍖
🌠밤바다를 자박자박 걷다가 서울로 쏘는 그런 여행!!

◆이번 모임을 간략하게 말하자면!? (적정인원 4~16명)
☞서핑포인트는 양양 강릉 속초!!
☞🌊파도 미정
☞아침 출발 익일 저녁 도착
☞서핑🏄‍♂️🏄‍♀️, 바다물놀이🤿👙🩳🩴, 맛집&카페투어까지

♠이런 사람과 함께하고싶어요♠
☆어떤 활동이든 즐길 줄 아는😆
☆단체에 속해 잘 어울리는🤝 (외/내향적 성향과 무관)
☆사려깊고 배려할 줄 아는🙆‍♂️🙆‍♀️
★미친척 물에서 놀아볼사람

(제발)
※전체 일정을 같이 하실분만 신청해주세요!
※일정을 확실히 비울수있는분만 신청해주세요!

■안전한 물놀이⛱️를 지향합니다📢(물놀이 안전수칙 준수)
■참여하신다면, 적극적으로 임해주세요!😃
□번개🌩나 태풍🌪이 아니면 진행하고자합니다!
□교통체증을 피하기위해 지역간 이동은 아주 빠르거나 늦게

※아래 스케줄들은 기상/파도 등에따라 변동될수있습니다
<토요일>
06:50 서울 출발
09:00 휴게소에서 간단한 식사
11:00 바다에 첨벙
17:00 펜션에서 바베큐
19:00 밤바다 앞에두고 수다
22:30 취침

<일요일>
09:00 기상 후 아침식사
11:00 퇴실 후 카페
13:00 파도/기상에따라 입수 혹은 서울출발

◇각자 현장결제 : 서핑렌탈(인당 약 3~4)
◇카풀비는 왕복 3만원
◇소셜링비 포함:
총 49,000원 = 
문토 수수료 9,800원 + 호스트 수고비 9,200원 + 식비/숙소비 30,000원
☆상황에따라 추가비용이 발생할 수 있습니다☆",콩표 | 서핑 | 양양 | 동해 | 바다,49000,15,1,서초구,2026-08-07T21:40:00.000Z,CHOICE,NORMAL,,title:동해 박,8,8,Y,API 성별정원 남8/여8,,40,Y,API minAge/maxAge,,C,성비 정원/조절 명시,상,,,,미검토
664911,2026-07-30T05:37:13+00:00,문토,default,129,https://www.munto.kr/detail-socialing?id=664911,11,외국어,영어,🔥홍대 (토요일) 외국인친구 영어회화 모임🔥,"🎉 Welcome to YNA 🎉

* 서울시 마포구 와우산로 65 홍인빌딩 
5층에서 이벤트가 진행되니 반드시 참고바랍니다❗️

* 2시간진행💚

최소인원 미달 시 자동으로 모임이 취소되며, 
즉각 문토에서 환불해주니 아무 걱정하지 마시고 마구마구 참여신청 눌러주세요!!!🔥🔹️😝❣️🍰🎨🥳♻️🌏❣️


￼￼



홍대에서 최대규모 언어교환 파티👋

안녕하세요 홍대에서 전세계인들과 
대화의 장을 이끄는 호스트 Tyler 입니다🔥

저희 YNA 영어회화 모임은 전세계인들과 대화를 하며
문화 및 언어를 교류하는 만남의 광장입니다.

영어로 교류하며, 초보자분들도 대화에 참여
하실수 있게 서로 배려하며 즐길 수 있습니다.

40분마다 자리를 바꿔가며 모든 멤버분들이 
서로 대화할 수 있게 만드는 대화의 광장입니다.🥳

전세계 한국을 방문한 외국인들과 함께
언어교환 및 문화교류를 해보아요⚡️🌎


￼


*매주 수요일, 목요일 오후 7시 ~ 9시💚
*매주 금요일, 토요일 오후 8시 ~ 10시💚

매주 문토에 수요일, 목요일, 금요일, 토요일 
이벤트 오픈하고있으니, 
소식을 빨리 알기위해 YNA 모임클럽
가입 권장 드립니다😝

지루한 스터디방식이 아닌 캐쥬얼 토크 및 애프터
파티 형식이니 홍대중심에서 가장 외국스러운
분위기를 느껴보세요!!!

저희 YNA는 전체 대관하여 소셜링 시간대 진행하니
더욱 소셜링에 집중할 수 있어요!!!

청년 커뮤니티라 20살~39살까지만 참가 가능하세요!

언어교환 후, 저희는 항상 애프터파티를 함께가요!
펍에서 캐주얼한 분위기로 외국에 온 감성으로
더욱 친해져 보아요!!! 애프터파티는 자유입니다!🤟

애프터파티 90% 멤버분들은 함께 하니 
부담없이 즐겨주시면 되세요🎉

참여비용은
공간대여 비용 = 5,000원
음료제공 = 5,000원
(Tea, Juice, Coffee, Etc)
= 10,000원💓

입구에서 예약 확인 후 
참가 가능하십니다. 꼭 참고해주세요😎

YNA FOREVER🔥


￼",영어 | 언어교환 | 영어회화 | 외국인 | 홍대,10000,29,4,마포구,2026-08-01T11:00:00.000Z,CHOICE,NORMAL,3053,club:3053,0,0,N,,,40,Y,API minAge/maxAge,,B,사교표현: 친해져,중,,,,미검토
664910,2026-07-30T05:37:13+00:00,문토,default,130,https://www.munto.kr/detail-socialing?id=664910,11,외국어,영어,🔥홍대 (금요일) 외국인친구 영어회화 모임🔥,"🎉 Welcome to YNA 🎉

* 서울시 마포구 와우산로 65 홍인빌딩 
5층에서 이벤트가 진행되니 반드시 참고바랍니다❗️

* 2시간진행💚

최소인원 미달 시 자동으로 모임이 취소되며, 
즉각 문토에서 환불해주니 아무 걱정하지 마시고 마구마구 참여신청 눌러주세요!!!🔥🔹️😝❣️🍰🎨🥳♻️🌏❣️


￼￼



홍대에서 최대규모 언어교환 파티👋

안녕하세요 홍대에서 전세계인들과 
대화의 장을 이끄는 호스트 Tyler 입니다🔥

저희 YNA 영어회화 모임은 전세계인들과 대화를 하며
문화 및 언어를 교류하는 만남의 광장입니다.

영어로 교류하며, 초보자분들도 대화에 참여
하실수 있게 서로 배려하며 즐길 수 있습니다.

40분마다 자리를 바꿔가며 모든 멤버분들이 
서로 대화할 수 있게 만드는 대화의 광장입니다.🥳

전세계 한국을 방문한 외국인들과 함께
언어교환 및 문화교류를 해보아요⚡️🌎


￼


*매주 수요일, 목요일 오후 7시 ~ 10시💚
*매주 금요일, 토요일 오후 8시 ~ 10시💚

매주 문토에 수요일, 목요일, 금요일, 토요일 
이벤트 오픈하고 있으니, 
소식을 빨리 알기위해 YNA 모임클럽
가입 권장 드립니다😝

지루한 스터디방식이 아닌 캐쥬얼 토크 및 애프터
파티 형식이니 홍대중심에서 가장 외국스러운
분위기를 느껴보세요!!!

저희 YNA는 전체 대관하여 소셜링 시간대 진행하니
더욱 소셜링에 집중할 수 있어요!!!

청년 커뮤니티라 20살~39살까지만 참가 가능하세요!

언어교환 후, 저희는 항상 애프터파티를 함께가요!
펍에서 캐주얼한 분위기로 외국에 온 감성으로
더욱 친해져 보아요!!! 애프터파티는 자유입니다!🤟

애프터파티 90% 멤버분들은 함께 하니 
부담없이 즐겨주시면 되세요🎉

참여비용은
공간대여 비용 = 5,000원
음료제공 = 5,000원
(Tea, Juice, Coffee, Etc)
= 10,000원💓

입구에서 예약 확인 후 
참가 가능하십니다. 꼭 참고해주세요😎

YNA FOREVER🔥


￼",영어 | 언어교환 | 영어회화 | 외국인 | 홍대,10000,29,4,마포구,2026-07-31T11:00:00.000Z,CHOICE,NORMAL,3053,club:3053,0,0,N,,,40,Y,API minAge/maxAge,,B,사교표현: 친해져,중,,,,미검토
664909,2026-07-30T05:37:13+00:00,문토,default,131,https://www.munto.kr/detail-socialing?id=664909,11,외국어,영어,🌟홍대 (목요일) 외국인친구 영어회화 모임🌟,"🎉 Welcome to YNA 🎉

* 서울시 마포구 와우산로 65 홍인빌딩 
5층에서 이벤트가 진행되니 반드시 참고바랍니다❗️

* 2시간진행💚

최소인원 미달 시 자동으로 모임이 취소되며, 
즉각 문토에서 환불해주니 아무 걱정하지 마시고 마구마구 참여신청 눌러주세요!!!🔥🔹️😝❣️🍰🎨🥳♻️🌏❣️


￼￼



홍대에서 최대규모 언어교환 파티👋

안녕하세요 홍대에서 전세계인들과 
대화의 장을 이끄는 호스트 Tyler 입니다🔥

저희 YNA 영어회화 모임은 전세계인들과 대화를 하며
문화 및 언어를 교류하는 만남의 광장입니다.

영어로 교류하며, 초보자분들도 대화에 참여
하실수 있게 서로 배려하며 즐길 수 있습니다.

40분마다 자리를 바꿔가며 모든 멤버분들이 
서로 대화할 수 있게 만드는 대화의 광장입니다.🥳

전세계 한국을 방문한 외국인들과 함께
언어교환 및 문화교류를 해보아요⚡️🌎


￼


*매주 수요일, 목요일 오후 7시~9시💚
*매주 금요일, 토요일 오후 8시~10시💚

매주 문토에 수요일, 목요일  금요일, 토요일 
이벤트 오픈하고있으니, 
소식을 빨리 알기위해 YNA 모임클럽 
가입 권장 드립니다😝

지루한 스터디방식이 아닌 캐쥬얼 토크 및 애프터
파티 형식이니 홍대중심에서 가장 외국스러운
분위기를 느껴보세요!!!

저희 YNA는 전체 대관하여 소셜링 시간대 진행하니
더욱 소셜링에 집중할 수 있어요!!!

청년 커뮤니티라 20살~39살까지만 참가 가능하세요!

언어교환 후, 저희는 항상 애프터파티를 함께가요!
펍에서 캐주얼한 분위기로 외국에 온 감성으로
더욱 친해져 보아요!!! 애프터파티는 자유입니다!🤟

애프터파티 90% 멤버분들은 함께 하니 
부담없이 즐겨주시면 되세요🎉

참여비용은
공간대여 비용 = 5,000원
음료제공 = 5,000원
(Tea, Juice, Coffee, Etc)
= 10,000원💓

입구에서 예약 확인 후 
참가 가능하십니다. 꼭 참고해주세요😎

YNA FOREVER🔥


￼",영어 | 언어교환 | 영어회화 | 외국인 | 홍대,10000,29,4,마포구,2026-07-30T10:00:00.000Z,CHOICE,NORMAL,3053,club:3053,0,0,N,,,40,Y,API minAge/maxAge,,B,사교표현: 친해져,중,,,,미검토
665201,2026-07-30T05:37:13+00:00,문토,default,132,https://www.munto.kr/detail-socialing?id=665201,1,문화·예술,영화,끝나야만 시작하는 것들 - <해피엔드> 같이 보기,"￼


￼


￼￼



🎬영화는 특별한 경험을 준다고 믿고 있습니다.

특히 많은 사람들과 같은 시간,
같은 스크린을 바라보며
영화를 본다는 건 여러모로 즐거운 일입니다.


비록 영화관은 아니지만!
적당히 큰 화면으로 함께 영화를 같이 보고
대화하는 시간을 가집니다.",시주어러 | 대화 | 영화 | 영화모임,20000,9,1,마포구,2026-08-08T09:30:00.000Z,CHOICE,NORMAL,20902,club:20902,0,0,N,,,,N,없음,,미판정,A/B 판정은 활동구체성 수기 검토 필요,하,,,,미검토
664513,2026-07-30T05:37:13+00:00,문토,default,133,https://www.munto.kr/detail-socialing?id=664513,1,문화·예술,영화,"파이널 데스티네이션1(제임스윙,공포,2000)","아름다운 밤입니다.
호스트는 CGV와 예술영화관
그 사이의 영화들을 좋아하지만
공포영화는 잘 못보는 쫄보입니다만

이번 주는

제임스 왕 감독의
피할 수 없는 운명과 죽음의 공포를
여러분과 함께 나누어 보려고 합니다

비행기 폭발 사고에서 기적적으로 살아남은 이들을 
차례대로 덮쳐오는 보이지 않는 사신의 기괴한 시나리오

데본 사와, 알리 라터, 커 스미스 주연의
<파이널 데스티네이션(2000)> 입니다.



￼


———

시놉시스


아브라함 고등학교의 평범한 학생인 알렉스는 친구들과 함께 파리로 수학여행을 가게 된다. 그러나 비행기 이륙 직전, 자신이 탄 비행기가 폭발하는 악몽을 꾼 그는 꿈에 본것과 똑같은 조짐들이 느껴지자, 공포심에 사로잡혀 여행을 포기한다.

알렉스의 이해할 수 없는 행동은 여행으로 들떠있던 일행들에게 찬물을 끼얹게되고, 급기야는 몸싸움이 벌어져 담당 여선생을 포함해 최종 7명이 탑승을 포기하게 된다. 싸움을 건 카터와 여자 친구 테리, 루튼 선생, 그리고 싸움을 말리던 빌리, 토드, 클레어... 

공항 유리창 너머로 활주로를 달려가는 비행기를 아쉬운 마음으로 바라보지만 이륙하자마자 폭발하는 끔찍한 광격을 목격하고만다. 알렉스의 악몽이 실현된 것! 7명의 생존자.

그러나 친구들은 죽음을 모면한 것을 다행으로 여기는 마음 한편에 불길한 징후를 예견한 알렉스에게는 두려운 마음을 갖게된다. 
의심많은 FBI도 가세해 알렉스를 집요하게 추궁하는데... 하지만 악몽은 여기에서 그치지 않는다. 비행기 폭발사고 이후에도 알렉스는 계속해서 뭔가 불길한 예감이 들고, 7명의 폭발 사고 생존자들이 하나 둘씩 의문의 죽음을 당하기 시작한다. 설상가상으로 친구들이 죽음을 당하게된 현장에 있던 알렉스는 FBI로부터 살인혐의까지 받고 쫓기게 된다.

피할 수 없는 죽음의 운명. 마침내 알렉스와 친구들은 그들을 조여오는 알 수 없는 죽음의 위협에 맞서기로 결심하는데......

￼

———
     같이 영화를 감상한 후 1시간반~2시간 가량 이야기를 나누는 스탠다드한 구성의 모임입니다.

￼
￼

충무로~DDP 사이에 소셜링 전용 공간을 만들었습니다.

4K 100인치 빔 프로젝터와
3채널 스피커(JBL 2통+ 폴크 1통+데논 리시버)로 
또 오고 싶은 감상 환경을 준비해두었고요                                                                                                                                                                       

￼

취향에 따라 커피, 콜라 또는 하이볼을 제공해드립니다.
끝나면 저녁 시간인 관계로 희망자에 따라 피자를 시켜드리겠습니다.(1/N)

———

때로는 영화보다
게스트들의 이야기가 
더 영화같을 때도 있더군요                                                                                                                                                                                                         
영화에 대한 소소한 감상부터
때로는 깊은 감정의 파도까지
서로를 이해하는 시간을 가졌으면 좋겠습니다.

———

구성원 간의 나이 및 성비가 심하게 맞지 않으면 발생하는
약간의 문제가 있습니다.

호스트의 판단 하에 일부 조정이 있을 수 있습니다",영화 | 영화모임 | 문화예술 | 공포슬래셔,10000,5,1,중구,2026-08-02T07:00:00.000Z,CHOICE,NORMAL,,title:파이널 데스티네이션,3,3,Y,API 성별정원 남3/여3,,40,Y,API minAge/maxAge,,C,성비 정원/조절 명시,상,,,,미검토
665043,2026-07-30T05:37:13+00:00,문토,default,134,https://www.munto.kr/detail-socialing?id=665043,5,여행·나들이,국내여행,강원도 동해바다 오이쉬,"🩵 카풀 위치는 어디인가요?
카풀 지원 기사님의 위치를 기준으로 중간 위치를 조율해요
(기사님 지원시 카풀 위치 추가됩니다)
1.  인천
2. 강남역

￼

이번 여름엔 꼭 동해바다에 가고 싶어요

하지만 주말에 가기엔 엄두가 나지않아 평일에 출발합니다

여름휴가에 일정 없어 고민이던 분들 오이데 오이데 

여름 동해바다의 낭만을 함께 즐길 좋은 분들을 마떼루용

￼

🩵 일정 안내 

카풀위치에서 팀 별 집합 후 출발
강원도 집합 후 아이스 브레이킹
바다, 물놀이, 사진, 식사, 카페 일정 후
해산합니다 (각 팀별 카풀위치에서 드랍)
복귀 후 원하는 참여자들에 한하여 뒷풀이 (선택참여)

* 평일 당일치기 소셜링 특성상, 
당일 교통상황에 따라 귀가시간이 달라질 수 있습니다


🩵 카풀 안내 

강원도까지 가는 길 함께 카풀 이동해요
카풀 지원 기사님께 소정의 유류비 지원
카풀은 지원 기사님의 위치를 기준으로 위치를 조율해요
카풀 지원 부족 시, 출발 위치는 함께 조율 후 출발해요
기사 마감시 카풀 기사 지원은 어렵습니다

* 추가적인 카풀 및 일정 안내는 단톡방에서 공지됩니다 

￼

🩵 참여 제한이 있나요?
호스트의 일정을 따르고 (단독행동, 개별행동X)
다같이 어울리고 싶어하는 분들과 함께 하고 싶어요!
소셜링 참여 의지없이 폰만 보거나, 대화 참여안하는
불편한 분위기를 만드는 분들은 정중히 사양합니다
(이성목적, 참여의지X, 프로불편러 등)

🩵 혼자 참여해도 괜찮나요?
대부분 혼자 오시고 잘 어울릴 수 있는 편안한 분위기에요

🩵 추가비용이 있나요?
카풀비, 식사비, 개인 카페비용

🩵 카풀 위치는 어디인가요?
카풀 지원 기사님의 위치를 기준으로 중간 위치를 조율해요
(기사님 지원시 카풀 위치 추가됩니다)
1.  인천
2. 강남역

🩵 카풀 지원하고 싶어요!
감사합니다 🙇‍♀️
신청 시 신청멘트에 작성해주시면 따로 연락드릴게요!

🩵 사진찍(히)는건 안좋아하는데 가도 괜찮을까요?
사진없이 놀러 오시는 분도 환영합니다 

🩵 불편한 사람은 없을까요?
신청멘트 및 매너온도를 기준으로 참여를 조율하며,
비매너 행동 시 이후의 소셜링 참여가 제한됩니다 

￼


👥 최소인원 4인 👥
💸 최소인원 모집미달 시 100% 환불 💸
⚡️ 취소 및 환불은 문토 규정을 준수합니다⚡️
🌧 비와도 그대로 진행 (낭만있는 우중소셜링) 🌧",여행 | 사진 | 동해바다 | 오이쉬,25000,19,3,중구,2026-08-06T05:00:00.000Z,CHOICE,NORMAL,,title:강원도 동해바다 오이쉬,0,0,N,,,,N,없음,,B,사교표현: 뒷풀이,중,,,,미검토
659280,2026-07-30T05:37:13+00:00,문토,default,135,https://www.munto.kr/detail-socialing?id=659280,2,액티비티,야구,야구포틀럭 [ 삼성 vs 롯데 ],"￼

⚾️경기 일정은 모임내역에서 확인 가능합니다^^⚾️
♠︎소셜링 시작은 야구 시작 15분전 입니다!♠︎

⭕️이런 분들 오셨으면 좋겠어요
- 야린이 환영🖐
- 야구 얘기를 하고 싶은데 주변에 야구 보는 사람이 없으신 분!
- 수도권 구단 팬 환영! 지방 구단 팬 환영! 야구 팬 모두 환영!
- 맛있는 음식을 먹으며 야구 보고 싶은 분!

안녕하세요! KBO 찐팬!   호스트 에몽입니다!🖐

￼

모든 야구팬들이 한 자리에 모여 응원하며 볼 수 있는 곳!
각자 1인분의 음식을 싸와서 나눠 먹을수 있는 포틀럭 단체관람을 준비 했어요!

그리고 맛있는 음식에 빠질수 없는 소주와 맥주!
응원가까지🎶 있으면 분위기는 2배 UP👍
프라이빗하고 아름다운 공간에서 야구팬들끼리 놀아보자구요!

♠︎우천등 경기 취소시 참가자들의 참여 의사에 따라 취소될 수도 있습니다!

￼

장소 : 사당역/이수역 6분 거리 프라이빗한 공간
제공 : 술(소주,맥주)
시간 : 정규이닝 끝날때까지!(최대 3시간 30분)
준비물 : 유니폼, 깃발, 응원도구 등 야구 관련 용품 (필수X)

❌️이런 분들은 힘들어요
- 술을 조절하지 못하는 분들
- 목소리가 너무 커지시는 분들
- 부정적인 마인드를 갖고 계신 분
- 남의 이야기를 끊으며 자기 할 말만 하시는 분
- 타팀 욕하시는 분 (내 팀 욕은 나만 한다!)

♠︎ 적당한 성비를 지향합니다!
♠︎ 상대팀을 비하하면 안됩니다!
♠︎ 너무 큰 목소리는 민원이 들어와 자제 부탁드려요!😭
♠︎ 문토 환불규정을 준수합니다!",롯데 | 삼성 | 기아 | 한화 | 두산,22000,30,7,동작구,2026-08-01T09:00:00.000Z,CHOICE,NORMAL,34045,club:34045,0,0,N,,,40,Y,API minAge/maxAge,,미판정,A/B 판정은 활동구체성 수기 검토 필요,하,,,,미검토
663796,2026-07-30T05:37:13+00:00,문토,default,136,https://www.munto.kr/detail-socialing?id=663796,11,외국어,영어,👨‍🚀[토🌙]언어 교환하면서 가볍게 즐기는 보드게임 🎲🌍 #언어교환,"🧡 본 모임은 언어 상관없이 누구나 참여할 수 있는 오픈 모임입니다 🧡



🍸🍸🍸



한 주의 마무리,


일반 언어교환이 아닌

‘한국인과 외국인' 부담 없이 보드게임 즐기는 시간.





￼




🍸🍸🍸


소중한 주말 오후,


집에만 있기에는 아쉽고
누군가와 편안하게 소통하고 싶을 때


너무 머리를 쓰지 않고도
가볍게 즐길 수 있는 취미를 찾고 있을 때


Bilingual(다양한언어)로 보드게임 모임을,
자연스럽게 경험해보고 싶을 때


전 세계인들과 함께 즐기는
새로운 경험을 해보고 싶을 때


보드게임 맛집 우주모임에서
새로운 즐거움을 소개합니다.



🥦🥦🥦


‘공부’가 아닌 즐거운 ‘놀이’로
외국인과 한국인이 함께 보드게임을 하는 곳.



편안한 아지트에서
시원한 음료 한 잔과 함께,

웃고 떠들며 게임을 즐기다 보면
자연스럽게 서로 친해지는 시간이 됩니다.

스페셜 GM 지아와 함께하는
언어 교환 파티환 보드게임.



😛 



복잡한 전략 대신,
누구나 5분이면 배울 수 있는
가볍고 재미있는 파티 게임 위주로 진행됩니다.


언어천재 GM님이 함께 하기때문에
한국어든 영어든,
각자만의 언어로 소통하실 수 있습니다.

그 즐거운 순간들이 모여
문화 차이를 넘어서
보드게임의 즐거움만 기억에 남을 겁니다!



━━━━━━━━━━━━━━
이번 모임의 ""Cool"" 포인트 💦
━━━━━━━━━━━━━━




✨ 스타일리쉬한 ‘리프레시 아지트’ ✨


나이, 직업, 학력 같은 정보 대신
오직 지금 이 순간의 즐거움에 집중하는 공간.

‘우주(Would you) 모임’이자
‘우주의 별처럼 다채로운 모임’이라는 이름처럼,

관계의 피로 없이
편안하게 머물 수 있는 아지트입니다.



✨ 오스트리아에서 온 GM ‘지아’ ✨


지아님은 영어와 한국어 모두 유창하여
소통이 막히는 순간에도 자연스럽게 도움을 드립니다. 


부담 없이, 편안하게
실제 영어 소통을 경험할 수 있습니다.



✨ 언어 교환 ‘리프레시’ ✨


지루한 교재 대신,

실제 대화와 게임 속에서
자연스럽게 영어를 듣고, 한국어로 말하고, 모두 웃으며

보드게임의 재미와 
새로운 언어 표현도 배우게 될 수 있습니다.



✨ 사용하는 언어 상관없이 누구나 즐길 수 있는 환경 ✨



영어 실력보다 중요한 것은
즐기려는 마음입니다.



✨ 3,000회 이상 진행된 우주모임의 노하우 ✨


이미 수천 명의 참여자들이 경험한
우주모임만의 편안하고 자연스러운 분위기.

800개 이상의 보드게임과 함께
더욱 풍성한 시간을 만들어드립니다.




￼



✔ 평범한 주말을
특별한 기억으로 바꾸고 싶은 분


✔ 언어 교환과 보드게임을 통해
재미있는 경험을 해보고 싶은 분


✔ 영어 실력이 완벽하지 않아도
자연스럽게 소통해보고 싶은 분


✔ 외국인과 실제로 
소통하는 경험을 해보고 싶은 분


✔ 어색한 대화 대신
게임을 통해 자연스럽게 친해지고 싶은 분


✔ 학원 대신, 부담 없이
영어를 사용해보고 싶은 분


✔ 혼자서도 편안하게 참여할 수 있는
분위기를 찾는 분


✔ 새로운 사람들과
새로운 경험을 만나고 싶은 분


✔ 영어보다 ‘즐거움’이 먼저인
진짜 영어 경험을 해보고 싶은 분




🎲🌍🚀


당신의 주말에 
특별한 즐거움을 더해줄 
우주모임에서 만나요! 

￼",우주모임 | 보드게임 | 외국어 | 영어 | 신사동 ,22000,9,1,강남구,2026-08-01T10:00:00.000Z,CHOICE,NORMAL,12098,club:12098,0,0,N,,,,N,없음,,미판정,A/B 판정은 활동구체성 수기 검토 필요,하,,,,미검토
663197,2026-07-30T05:37:13+00:00,문토,default,137,https://www.munto.kr/detail-socialing?id=663197,8,동네·또래,또래친구,[206회]첫인상&퍼스널 여름향수 찾기🌊,"🎁행운의 선착순 7분께는 
문토에서 유일하게 나만의 미니향수 선물을 드려요🤭 
얼리버드 혜택까지..💗

-

향알못에서 향잘알이 되고 싶다면🎉

성공적인 향수 구매를 하고 싶다면👍🏻

분위기 좋은 공간에서 
좋은 사람들을 만나고 싶다면❤️

-


 5년간 5000분 이상이 만족한
 참여 이후로 내 호감도가 높아지는 문토 인기소셜링! 
(매 계절마다 재방문하시는 분이 많은 곳엔 다
이유가 있는 법💗)




🎁이걸 다 준다고?!

1.
내 취향의 향수 + 
이미지와 어울리고
 호감도를 높여주는 향수 결과지

2.
내 이미지 결과지

(가장 만족도가 높았던
최적의 로테이션 1회로 진행하며
테이블의 이성분들께 추천 받습니다 )

3.
문토 유일 
10종의 고급 향료들 중 

원하는 향료들을 블랜딩해
세상에 하나뿐인 미니향수 2종

 (단일향만 소분하지 않아요X)

까지 다 드리는
 유일한 대혜자 소셜링🏆








✔당일이 가까워질수록 대기인원이 몰려 승인이 불가한적이 많아요 😭
 미리 신청하셔야 참여가 가능해요 !

✔하트와 팔로우하면 우선승인 해드려요 🥰 



🎁재미있는데 유익하기까지~? 
I도 E도 모두 친구되서 2차가는거 안비밀 🤭🤍




￼
(차은우의 향수 콘텐츠 발췌)


요즘 마음도 설레는데… 
새로운 사람들도 만나고 싶으신가요? 👩‍❤️‍👨


향은 나의 이미지를 결정하는 큰 역할을 해요.

 
후각은 가장 민감한 인간의 감각이고 
그만큼 오래 남는 섬세한 기억이기 때문이죠. 


아무리 외적으로 멋져도
 향 하나로 매력이 떨어지고, 

외적으로 멋지지 않아도
 향 하나로 매력이 높아진다는 사실,
알고 계신가요?


이번 기회를 통해 
서로의 첫인상과 서로를 매력적으로 만드는 향을
 찾아볼까요? ❤️






_





￼



1. 향알못 탈출하는 향 기초이론
+조향사만 아는 향수 구매 잘하는 꿀팁

+
2. 내 첫인상 결과지
 (이미지, 분야, 성격 등)

+
3. 내 취향의 향수 & 향계열 찾기

+
4. 내 호감도를 높여주는 향수 & 향계열 찾기
(이 결과가 실제 학교 회사에서 똑같았다는 많은 사람들의 간증이 매회차 들려와요...🤭👍)

+
5. 내 취향의 향과 호감도를 높여주는 향이 
다를 때의 해결방법까지 
알 수 있는 특별한 소셜링 !  

+

🎁

실제 조향사가 브랜드 향수를 만들 때 사용하는
프랑스 최고급 향료 10종으로
나만의 미니향수 2종도 
직접 만들 수 있어요🤍

(문토 모든 향수 소셜링 중 가장 많은 향료)
+

I도 E도 취향이 같은 친구들
모두 친해지는 소셜링 💗

 친해진 분들과 맛있는 저녁도 함께해요 🍽🤹‍♂️


￼

5년간 많은 분들이 퍼퓸시그널을 다녀가셨는데 벌써 많은 분들이 퍼스널 향을 찾으시고, 감동적인 후기들을 남겨주셨어요 🥰 



WHO? 🌹

이곳을 행복으로 만드는 조향사 팀시그널 

🥚전문조향사 7년
향의 대표고장 프랑스 향수회사 
전문 조향사 프리미엄급 향료만 취급
🥚퍼퓸워크숍 총괄기획운영
신세계, DDP, COEX, AK Plaza, 서울문화재단 등 


Q.이렇게 다 주는 혜자모임은 처음이에요..! 만드신 이유가 궁금해요👍

7년 전 전문 조향사가 되고나서 보니
많은 분들이 내 취향인 향과
내 호감도를 높여주는 향의 차이를 모르고 

그저 비싸고 유행하는 향수만 사용해서 
이 분이 이 향을 쓰면 더 호감도가 높아질텐데...라는 아쉬운 마음들이 많았어요. 

그 차이점과 향을 적재적소에 쓰는 법을
주변 친구에게만 알려줬는데, 🤫

문토의 초청을 받아 
문토 최초로 향수 소셜링을 오픈했고,

내 첫인상, 취향의 향, 내 호감도를 높여주는 향까지 한번에 다 모은 소셜링을 개발했어요🥰

실제로 많은 분들이 ""향수 사러갔는데 몰랐던 단어랑 개념들이 이젠 잘 보여요. ""
""이렇게 가성비 좋은 소셜링은 처음이에요"" 라는 
후기들을 많이 남겨주고 계셔서 항상 감사드려요🤭💗

-



Q. 어떻게 진행되는지 궁금해요 😊🤍


1. 향 기초이론

후각의 메커니즘, 향의 어원, 용어, 발향단계, 노트 등
향 필수이론과
 조향사만 아는 향수 구매 잘하는 꿀팁까지 
알려드려요 🧐

(소셜링 후 향수 사러갈때 이제 뭐가 뭔지 보인다는 분들이 많아 뿌듯한 시그널...🤭🤍)


2. 나의 첫인상 & 이유 🙋‍♂️🙋‍♀️
(이미지, 직업, 나이대, 성격 등)

다양한 사람들과의 교류를 통해
나의 첫인상 & 어울리는 향계열을 발견할 수 있어요
 


3. 향수 40종 시향

전문 조향사가 직접 엄선한 트렌디한
계절에 어울리는 향수들과 
대표향계열 40종을 시향하고 
 내 취향의 향수를 알 수 있도록
 퍼퓸노트를 작성할거에요 🗒

(접근이 쉬운 입문자용 향수부터 
바이레도, 딥디크, 킬리안, 크리드, 프레드릭 말 등 
니치향수까지 준비했답니다 🤭)



4. 내 이미지와 어울리고 
호감도를 높여주는 향수 추천

 내 이미지와 어울리고 
호감도를 높여주는 향수를 서로 추천해줄거에요 🤭

(실제 학교 회사에서 향 잘어울린다는 반응이 많았다는 사람들의 간증이 매회차 들려와요...👍)


5. 10가지 향료를 블렌딩해
세상에 하나뿐인 
미니향수 2종을 만들어 가실 수 있어요🎁


 (프리미엄 등급 향료 , 천연주정베이스)


￼￼

날짜에 따라 공간은 달라질 수 있답니다 :)


🎁 퍼퓸시그널에서 얻어가실 수 있는 것 🎁

1.퍼스널 퍼퓸 노트 (향 40종)

2.나의 첫인상 결과지 
(이미지, 직업, 나이, 성격 등)

3.퍼퓸등급 미니향수 2종 
(선착순5분은 3종)

4.내 취향인 향수 

5.내 이미지와 어울리고
내 호감도를 높여주는 향수 결과지

6. 내 취향 친구들 👫🤍


-


이 중 한개라도
 해당된다면 퍼퓸시그널에서
해답을 찾으실거에요 💗

🌹내 취향의 향수 + 내 호감도를 높여주는 향수를 
한번에 발견하고 싶은 분

💖뒤돌아보게 만드는 퍼스널 향수를 찾고 싶은 분

😊첫인상 호감도를 최고로 만들고 싶은 분

🎉올리브영에서 백화점까지 
다양한 퍼퓸 브랜드를 한번에 경험하고 싶다면

👍10종의 향계열을 통해 나에게 맞는 향수를
스스로 찾는 능력을 가지고 싶다면

💗취향이 같은 새로운 친구들을 만나고 싶다면 







Q.혼자가도 괜찮을까요?

A.혼자 오시는 분들이 99%이상이랍니다 :)

대부분 친해지셔서 2차까지 가셔서 새로운 취향친구를 만나실 수 있을거에요 :)

서로 친구가 되셔서 장기적으로 만나거나, 좋은 인연이 되셔서 감사인사를 전하시는 분들도 많으시답니다 🤭🤍


Q. 향에 대해 전혀 모르는데 괜찮을까요?

A. 완전 환영합니다 :)
꼭 아셔야 할 향의 기초부터 총합까지 차근차근 알려드리니 전혀 걱정하지 않으셔도 되어요😊🤍 
소셜링 추천으로 오시는 많은분들이 향 입문자분들이랍니다. 퍼퓸시그널 이후론 모두 향알못을 탈출하셨어요 🎉 

Q. 내향적인데 괜찮을까요?

A. I와 E 반반인 호스트가 만든 소셜링으로 모두가 편안하게 즐길 수 있는 분위기와 프로그램으로 구성했어요 :)

처음 본 분들과 터치하는게 부담스러울 수 있기에 서로 첫인상과 향을 편하게 찾아줄 수 있도록 기획하였고 파티보다는 클래스에 가깝답니다. 재미와 유익함까지 다 잡은...💗

Q. 남녀 성비를 맞추시나요?

A. 대부분 5:5, 6:4로 맞추고 있습니다 😊




향알못이라면🤔
조향사가 핵심만 쏙쏙 담은
향기초이론과 내 취향의 향을 통해
180분만에 향알못에서 탈출하실 수 있어요💗

향에 대해 잘 안다면😊

나의 첫인상도 찾고
+
내 이미지와 어울리고 호감도를 높여주는
베스트 향수도 찾고
+
지속적으로 만나는 취향이 같은 친구들
 
+
🎁

프랑스 최고급 향료 10종으로
나만의 하나뿐인 미니향수 2종도 직접 만들 수 있어요🤍
(문토 모든 향수 소셜링 중 가장 많은 향료)

 (프리미엄 등급 향료 , 천연주정베이스,
오드 뚜왈렛 등급 -> 오드퍼퓸 등급 -> 
문토에서 유일한 퍼퓸 등급)


이렇게 퍼주는 소셜링은 처음이야
모든걸 얻어갈 수 있는 소셜링 퍼퓸시그널 🤍


최소인원 미달시 
전액환불되니 걱정말고 미리 신청하세요 :) 
당일이 가까워질수록 대기인원이 몰려 승인이 불가한적이 많아요 😭


🕙 러닝타임 : 약 180분 
(정해진 커리큘럼으로 인해 시작 15분 후에는 참여가 불가해요 :)

🤍 장소 : 세부장소는 전날 저녁에 공지드려요 :)



나와 향, 새로운 만남의 시간으로 여러분을 초대해요🎉


퍼퓸시그널의 오리지널 콘텐츠 계절 향수찾기 프로그램 저작권은 [퍼퓸시그널]에 속해 있습니다. 퍼퓸시그널에 방문 후 장소와 프로그램 카피 소셜링은 법적조치중입니다.",향수 | 취향친구,39000,59,5,종로구,2026-08-08T06:00:00.000Z,CHOICE,NORMAL,,title:첫인상 퍼스널 여름향수 찾기,0,0,N,,,40,Y,API minAge/maxAge,,B,사교표현: 2차,중,,,,미검토
656706,2026-07-30T05:37:13+00:00,문토,default,138,https://www.munto.kr/detail-socialing?id=656706,3,푸드·드링크,와인,(수원) ‘와인비기너‘를 위한 원데이클래스🥂,"👋🏻안녕하세요!
와인 취향을 찾아주는 와인튜터 포지입니다 : )
재밌고 맛있는 와인, 더 많은 사람들과 즐기고싶어
운영중인 매장에서 클래스를 진행하고 있어요!
와인을 시작하고싶은데 어렵게 느껴져 망설이셨다면
저와 함께 쉽고 재밌게 와인 시작해보세요!


￼


_
wine tutor 👩🏻‍🏫
WSET LEVEL 2 (pass with distinction)
김준철와인스쿨 마스터코스 수료
김준철와인스쿨 소믈리에코스 수료
WSET LEVEL 3 과정중 : )


￼


와인입문자를 위한 원데이클래스🥂
Wine Beginner 1day class

'소비뇽블랑, 까베르네소비뇽 들어는 봤는데..'
'와인잔 마시기 전에 왜 흔드는 걸까..?'
'와인 마셔보고싶은데 뭘 사야할까..?‘

와인 쉽고 재밌게 시작하고싶다면
지금 바로 신청하세요!
매 달 열리는 와인모임(와인클럽)도 있어요🥂
(feat. 셀럽도 인정한 분위기 맛집)

👩🏻‍🏫와인은 알고 마셔야 더 맛있어요 : )


클래스 소개
와인을 즐기고싶은 성인이면 누구나 참여 가능한 와인 초급 클래스. 함께 마시고 즐기며 쉽고 재밌게 시작하는 와인! 기초 교육과 함께 4종의 와인을 테이스팅 합니다. 와인, 알고 마시면 더 맛있고 함께하면 더 즐거워요 : )

테이스팅 와인 4종
🥂스파클링 - 까바, 크레망, 프로세코 중 1종
🥂화이트 - 샤르도네, 소비뇽블랑, 리슬링 중 1종
🍷레드 - 피노누아, 카베르네소비뇽, 보르도 등 2종
*간단한 와인 페어링 스낵이 제공됩니다.

클래스 과정
✓ 와인의 기초 상식
✓ 와인을 마시는 방법&페어링
✓ 와인 테이스팅 및 취향찾기

혼자는 물론 여럿이 동반 참여도 가능 : )



￼
￼
￼

@midtown.socialclub",와인클래스 | 와인테이스팅 | 와인강의 | 와인모임 | 와인,55000,12,1,수원시,2026-08-29T08:00:00.000Z,COMMON,CLASS,,title:와인비기너 를 위한 원데이클래스,0,0,N,,,,N,없음,,미판정,A/B 판정은 활동구체성 수기 검토 필요,하,,,,미검토
665065,2026-07-30T05:37:13+00:00,문토,default,139,https://www.munto.kr/detail-socialing?id=665065,5,여행·나들이,국내여행,🌊 한강 수영장 같이 가요!,"￼

🌊한강 수영장 갈 사람?
월요일에 뚝섬 한강수영장 가실 분을 찾아요
16시에 만나서 입장하고,
그 이후엔 딱히 정해진 거 없이 
자유롭게 놀 예정이에요.
수영해도 되고,물에 둥둥 떠있어도 되고,
맥주 한 캔 마시면서 쉬어도 되고,
사진 찍고 놀아도 됩니다.
혼자 오시는 분들도 어색하지 않게
 같이 다닐 거라 편하게 오시면 돼요.
물놀이하다가 슬슬 배고파지면
 저녁 먹으러 가고,
거기서 더 놀 사람은 놀고
 들어갈 사람은 들어가면 됩니다.
뒷풀이는 자유 참석!
여름인데 한 번쯤은
 한강 수영장 가줘야 하지 않겠습니까 🌊
￼",워터파크  | 빠지 | 캐리비안베이 | 물놀이 | 계곡,22000,34,4,광진구,2026-08-10T07:00:00.000Z,CHOICE,NORMAL,,title:한강 수영장 같이 가요,0,0,N,,,40,Y,API minAge/maxAge,,B,사교표현: 뒷풀이,중,,,,미검토
664117,2026-07-30T05:37:13+00:00,문토,default,140,https://www.munto.kr/detail-socialing?id=664117,9,파티,뮤직파티,"최애POP으로 연결되는 음악파티’*시티팝•J팝•K팝 등/취향의홍수,소규모","ㅡㅡㅡㅡㅡㅡㅡ🔥노매드 게시판🔥ㅡㅡㅡㅡㅡㅡㅡㅡ

*많은 분들이 좋아하시는 ‘팝특집‘ 벌써3번째입니다.
시티팝•제이팝•케이팝•신스팝•올드팝 등등 
그 어떤 팝도 좋아요. 
이 세상 모든 POP 우리 같이 들어요🍿

🖤음악을 잘 몰라도,클럽원이 아니어도🖤
누구나 함께 할 수 있는 소셜링입니다☺️
소규모모임은 여러분의
짧은 고민/빠른 신청으로 진행 및 유지될 수 있습니다.
당신의 용기가 문화모임들의 버팀목입니다!
감사합니다!🫡
미리 신청하시고 💸10%할인💸 받고 참여해보세요!

ㅡㅡㅡㅡㅡㅡㅡㅡㅡㅡㅡㅡㅡㅡㅡㅡㅡㅡㅡㅡㅡㅡㅡ

단순친목•소개팅 속에서도
노매드취향모임이 23년도부터 매주 지속되고 있는 이유가
있지 않을까요?

￼


‘진짜’를 즐길 줄 아는 사람들끼리
 좋은 공간에서 음악으로 좋은 순간을 나누는 시간🔥


‘MUSIC in NOMAD’
🔥바야흐로 ‘취향의 홍수’ 97🔥
(a flood of tastes)
🍿이 세상에 모든 *POP특집3*🍿


￼￼
*나이는 보편적으로 적어두었습니다. 나이와 상관 없이 신청 가능하니 편하게 메세지 주시거나 신청해주셔도 됩니다.",취미 | 음악감상 | 플리 | 뮤직파티 | 내향인,35000,13,1,중구,2026-07-31T10:30:00.000Z,CHOICE,NORMAL,17015,club:17015,0,0,N,,,45,Y,API minAge/maxAge,,C,직접표현: 소개팅,상,,,,미검토
664772,2026-07-30T05:37:13+00:00,문토,default,141,https://www.munto.kr/detail-socialing?id=664772,3,푸드·드링크,파인다이닝,🥢여름 중식 테이블로 시작하는 주말 저녁,"<<This weekend’s Table>>

• 새콤한 소스와 바삭한 식감으로 입맛을 열어주는
유린육
• 차갑고 깊은 육수에 해산물과 채소를 곁들인
중화냉면
• 오랜 시간 부드럽게 익혀 깊은 감칠맛을 담은
동파육
• 버섯 향과 무의 은은한 단맛을 담은
버섯 무 솥밥
• 음식과 잘 어울리는 음료와 과자 등


주말 저녁 6시.

하루를 끝내기엔 조금 이르고,
어딘가 멀리 나가기엔 살짝 애매한 시간.

토요일처럼 크게 놀고 싶은 날도 있고,
일요일처럼 가볍게 마무리하고 싶은 날도 있잖아요.

그럴 때,
좋은 음식 앞에 앉아
처음 보는 사람들과 천천히 말을 섞어보는 저녁.

C’est parti.
이번 주말 저녁은
여기서 시작해볼까요.


￼


음식은 그날의 컨셉에 맞춰 직접 준비합니다.

매번 같은 메뉴를 반복하기보다,
그날 테이블에 어울리는 접시들을 올립니다.

파스타가 나올 수도 있고,
고기 요리가 나올 수도 있고,
작은 접시들이 함께 놓일 수도 있습니다.

중요한 건
혼자 먹기엔 조금 아쉽고,
같이 나누면 더 맛있는 음식이라는 것.

￼

음료는 음식과 대화 사이에
가볍게 곁들이는 정도로 준비됩니다.

많이 마셔야 하는 자리는 아닙니다.
한 잔이 있으면
처음 보는 사람과의 첫마디가
조금은 쉬워지는 정도면 충분해요.

처음 만난 사람들끼리
처음부터 자연스러울 수는 없습니다.

그래서 대화가 너무 끊기지 않도록
간단한 질문과 흐름을 준비해둡니다.


나이, 직업, 사는 곳만 묻다 끝나는 자리가 아니라

요즘 무슨 생각을 하는지,
어떤 순간에 기분이 좋아지는지,
최근에 기억에 남은 말은 무엇이었는지.

가볍게 시작한 말이
생각보다 긴 대화가 되기도 하니까요.


￼


👥이런 밤을 찾고 있었다면 잘 맞을 수 있습니다.

- 주말 저녁을 그냥 보내기엔 아쉬웠던 분

- 술게임보다 음식과 대화가 편한 분

- 소개팅은 부담스럽지만 새로운 사람은 만나보고 싶은 분

- 혼자 신청해도 어색하지 않은 약속이 필요했던 분


토요일, 일요일 저녁 6시.
정해진 시간에 함께 모여
한 테이블에서 식사와 대화를 나눕니다.

음식은 회차별 컨셉에 따라 달라질 수 있고,
처음 오신 분들도 자연스럽게 참여하실 수 있도록
자리 분위기와 대화 흐름을 함께 봅니다.


￼


너무 시끄러운 파티도,
너무 조용한 식사 자리도 아닌.

맛있는 음식 앞에서
조금씩 말이 트이는 주말 저녁.

Bon appétit.



🔴안내사항
1. 본 모임은 예약제로 진행됩니다.
2. 일정 변경 및 환불은 플랫폼 규정을 따릅니다.
3. 과도한 음주, 무례한 언행은 퇴실 요청드릴 수 있습니다.
4. 사진 및 영상은 홍보 목적으로 촬영될 수 있으며, 참가자 얼굴은 블러 처리됩니다.
5. 중간에 먼저 이동하셔야 하는 경우 운영진에게 말씀해주세요.",소셜다이닝 | 상수 | 홍대 | 마포 | 쎄빠띠,39000,35,3,마포구,2026-08-02T09:10:00.000Z,CHOICE,NORMAL,,title:여름 중식 테이블로 시작하는 주말 저녁,0,0,N,,,35,Y,API minAge/maxAge,,C,직접표현: 소개팅,상,,,,미검토
664012,2026-07-30T05:37:13+00:00,문토,default,142,https://www.munto.kr/detail-socialing?id=664012,3,푸드·드링크,베이킹,🍑8월 할인! 제철 복숭아 타르트 만들기!,"🚨호스트를 팔로우 해 주시면 추후 소셜링 개설시 빠른 확인 가능하세요


📣모든 소셜링은 클럽 가입 필요없이 신청 가능합니다. 자유롭게 소셜링 참가 신청해 주시면 되어요!


🙌늦참이 가능합니다. 미리 말씀해 주시면 진행 과정 미리 준비해 두고 있을께요. 


📞소셜링 시작 1시간 전 신청이 마감됩니다. 직전 신청으로 빠른 승인 필요한 경우, 네이버 지도의 베이커즈로 연락 주시기 바랍니다!

🥧🥧


🤗안녕하세요, 을지로 3가 근처에서 베이킹 소셜링을 진행하는 호스트 입니다! 


🧈재료가 단순해도, 결과물이 투박해도, 처음부터 끝까지 직접, 모두가 함께하고 나중에 또 혼자 해 볼 수 있는 홈베이킹에 가깝도록 모든 일정 준비하고 있어요.


🍞나중에 혼자 만들 수 있는 레시피, 가져갈 수 있는 포장, 주위에 충분히 나누기 좋은 수량이 모두 포함입니다. 추가 요금 일체 없어요. 


🙌직접 만들고 완성한 것을 소중한 사람들과 나누며 느끼는 작은 성취감이, 일상의 만족이 되기를 바랄께요!


🙏베이킹 처음 해 보시는 분들도, 해 보신 분들도, 모두모두 환영합니다!





￼





🧈 이번 소셜링에서는 복숭아 타르트를 만들어 볼께요. 제철 복숭아를 한 명당 하나씩 써서, 원하는 형태로 손질해 올릴 거에요.


🍑직접 손질한 복숭아, 크림 필링, 과자 부분이 잘 어울릴 거에요!





￼





📆진행일 : 8/13, 목요일


⏰시간 : 오후 2시, 2.5시간


🍽️메뉴 : 복숭아 타르트
* 인당 큰 것 1개(지름 15cm) 완성 포장해요


📍장소 : 을지로 3가 근처 공유주방
* 을지로 3가 근처의, 독립된 넓은 공간이에요!
* 소셜링 그룹채팅방에서 상세 안내 드려요!


🙌참가비 : 31,500
* 공유주방, 재료비 일체, 문토 수수료 등 모든 비용 포함되어 있어요 
* 최근 준비된 일정 중 일부, 참가비 35,000 원 에서 31,500 원 으로 할인 진행합니다. 


🤝진행인원 : 호스트 포함 17인


🔔🔔


* 진행 메뉴의 경우, 갑작스럽게 재료 수급에 문제가 생기는 경우 부득이하게 다른 메뉴로 진행할 수 있어요. 참가자 분들께, 미리 알려 드릴께요!

* 홈베이킹 소셜링 방향성 준수를 위해, 승인제로 진행합니다. 간단한 문답을 작성해 주세요. 확인 후 승인 도와드리겠습니다. 문답 내용이 부족한 경우 별도 안내 없이 신청 거절될 수 있습니다. 

* 소셜링 전, 신청 인원에 따라 일정 변동이 있을 수 있어요. 추후 공지 드릴께요. 

* 호스트가 중요하게 생각하는 홈베이킹 방향성을 지키고자 합니다. 지나치게 낮은 매너점수나 전현직 베이킹 업계인 분들 등, 필요한 경우 추가 확인 후 신청 승인 도와드리겠습니다. 

* 늦참이 가능합니다. 부득이한 일정으로 늦으시는 분, 예상 도착시간 말씀해 주시고 참가하시면 되어요! 오셔서 함께할 수 있도록 작업 미리 준비하고 있을께요!

* 궁금하신 점이나 문의사항 있으신 경우, 언제라도 1:1 메세지나 댓글로 연락 주세요. 감사합니다!


🎈🎈


🥳베이커즈에서 만나요!",홈베이킹 | 베이킹 | 요리,31500,16,1,중구,2026-08-13T05:00:00.000Z,CHOICE,CLASS,3980,club:3980,0,0,N,,,45,Y,API minAge/maxAge,,미판정,A/B 판정은 활동구체성 수기 검토 필요,하,,,,미검토
664064,2026-07-30T05:37:13+00:00,문토,default,143,https://www.munto.kr/detail-socialing?id=664064,3,푸드·드링크,베이킹,"(8월 할인, 1.5시간)🧆피스타치오와 카다이프! 두쫀쿠 만들기","🚨호스트를 팔로우 해 주시면 추후 소셜링 개설시 빠른 확인 가능하세요


📣모든 소셜링은 클럽 가입 필요없이 신청 가능합니다. 자유롭게 소셜링 참가 신청해 주시면 되어요!


🙌늦참이 가능합니다. 미리 말씀해 주시면 진행 과정 미리 준비해 두고 있을께요. 


📞소셜링 시작 1시간 전 신청이 마감됩니다. 직전 신청으로 빠른 승인 필요한 경우, 네이버 지도의 베이커즈로 연락 주시기 바랍니다!


￼





🤗안녕하세요, 을지로 3가 근처에서 베이킹 소셜링을 진행하는 호스트 입니다! 


🧈재료가 단순해도, 결과물이 투박해도, 처음부터 끝까지 직접, 모두가 함께하고 나중에 또 혼자 해 볼 수 있는 홈베이킹에 가깝도록 모든 일정 준비하고 있어요.


🍞일정에서 함께 만들 수 있는 레시피, 가져갈 수 있는 포장, 주위에 충분히 나누기 좋은 수량이 모두 포함입니다. 추가 요금 일체 없어요. 


🙌직접 만들고 완성한 것을 소중한 사람들과 나누며 느끼는 작은 성취감이, 일상의 만족이 되기를 바랄께요!


🙏베이킹 처음 해 보시는 분들도, 해 보신 분들도, 모두모두 환영합니다!


🍭🍭


🧈 이번 소셜링에서는 찐두쫀쿠를 만들어 볼께요! 유행은 끝났다고 하지만, 고소한 피스타치오 맛과 독특한 식감의 카다이프가 어우러지는 특별한 맛으로 즐길 수 있는 간식이에요. 

😌이제 충분히 합리적인 가격대로 만들 수 있게 되었어요! 6개 만들어 화과자 박스에 포장하니, 주위에 선물로 나누기 좋아요!







￼￼






🥯🥯



📆진행일 : 8/17, 월요일


⏰시간 : 오후 2시, 1.5시간


🍽️메뉴 : 두쫀쿠
* 인당 작은 것 6개 완성해요
* 피스타치오, 코팅 화이트 초콜릿, 카다이프를 이용해 만들거에요!


📍장소 : 을지로 3가 베이커즈
* 을지로 3가 근처의, 독립된 넓은 공간이에요!
* 소셜링 그룹채팅방에서 상세 안내 드려요!


🙌참가비 : 31,500
* 공유주방, 재료비 일체, 문토 수수료 등 모든 비용 포함되어 있어요 
* 최근 준비된 일정 중 일부, 참가비 35,000 원 에서 31,500 원 으로 할인 진행합니다. 


🤝진행인원 : 호스트 포함 9인


🔔🔔


* 진행 메뉴의 경우, 갑작스럽게 재료 수급에 문제가 생기는 경우 부득이하게 다른 메뉴로 진행할 수 있어요. 참가자 분들께, 미리 알려 드릴께요!

* 홈베이킹 소셜링 방향성 준수를 위해, 승인제로 진행합니다. 간단한 문답을 작성해 주세요. 확인 후 승인 도와드리겠습니다. 문답 내용이 부족한 경우 별도 안내 없이 신청 거절될 수 있습니다. 

* 소셜링 전, 신청 인원에 따라 일정 변동이 있을 수 있어요. 추후 공지 드릴께요. 

* 호스트가 중요하게 생각하는 홈베이킹 방향성을 지키고자 합니다. 지나치게 낮은 매너점수나 전현직 베이킹 업계인 분들 등, 필요한 경우 추가 확인 후 신청 승인 도와드리겠습니다. 

* 늦참이 가능합니다. 부득이한 일정으로 늦으시는 분, 예상 도착시간 말씀해 주시고 참가하시면 되어요! 오셔서 함께할 수 있도록 작업 미리 준비하고 있을께요!

* 궁금하신 점이나 문의사항 있으신 경우, 언제라도 1:1 메세지나 댓글로 연락 주세요. 감사합니다!


🎈🎈


🥳베이커즈에서 만나요!",홈베이킹 | 베이킹 | 요리,31500,16,1,중구,2026-08-17T05:00:00.000Z,CHOICE,CLASS,3980,club:3980,0,0,N,,,45,Y,API minAge/maxAge,,미판정,A/B 판정은 활동구체성 수기 검토 필요,하,,,,미검토
662421,2026-07-30T05:37:13+00:00,문토,default,144,https://www.munto.kr/detail-socialing?id=662421,10,N잡·재테크,창업,🔥창업·N잡러 네트워킹&스터디(27회차),"창업·N잡러 루틴유지

흐려진 창업 의지를
‘다시 점화’하는 실행 커뮤니티

￼


[주간 창업실행·N잡 루틴모임]


혼자하니 계속 흐려지는 계획도
같이하면 다시 또렷해진다.

아이템은 있는데 손이 안 나갈 때,
창업하고 싶다는 마음은 있는데 계속 미루게 될 때,
혼자라서 무너졌던 루틴을,
함께여서 회복하게 되는 구조.

이 모임은
계획만 하던 창업/N잡을 실행하기위한
동기부여 커뮤니티입니다.

￼


이런 분께 추천합니다


창업 아이디어는 있지만 실행이 막막한 분
자료만 모으고, 계속 미루기만 하고 있는 분
지금의 루틴으로는 창업까지 절대 못 갈 것 같은 분
우리 모임참여했는데 동기부여와 자극을 주고받고 싶은 분
예비 N잡러, 사이드프로젝트 준비자

====

💡 모임은 이렇게 진행돼요


진행 장소: 패스트파이브 역삼3호점 3층
진행 시간: 오후 7:00 ~ 9:30


✅ 아래 순서로 진행돼요

19:00 네트워킹 ☕
간단하게 자기소개를 하고
현재 준비 중인 창업·N잡·사이드프로젝트에 관해 이야기합니다.

19:30 집중 실행 타임 💻
네트워킹을 계속하고 싶은 분은 자유롭게 대화를 이어가고, 
집중하고 싶은 분은 각자 준비해 온 업무나 공부를 진행

21:00 ~ 자유로운 퇴근!

21:30 🔔 공간 이용 종료 🔔



￼


💬 지난 모임에선 이런 일이 있었습니다


브랜드 기획 단계에 있는 참가자가
콘텐츠 운영자에게 피드백을 받고, 그 자리에서 네이밍안을 정리했습니다.

사이드클래스를 고민하던 예비 강사가
IT 자동화 직장인에게 Notion 툴을 소개받고, 바로 도입을 결정했습니다.

방향을 잃은 참가자가
다른 사람들의 실행을 보며 자신도 다시 실행 루틴을 세웠습니다.

→ 이곳은 생각보다 행동에 가까운 사람들의 자리입니다.

￼

📌 모임의 특징


‘이번 주 나는 뭘 했나, 다음 주엔 뭘 하지?’를 체크하는 실행 루틴
누군가가 나를 지켜본다는 리텐션의 힘
실행을 매개로 자연스럽게 연결되는 사람들


혼자서는 계속 미뤘던 계획

📩 지금 신청하세요
이제 혼자 하지 마세요!",재테크 | 커리어 | 창업 | N잡러 | 프리랜서,15000,11,1,강남구,2026-08-27T10:00:00.000Z,CHOICE,NORMAL,27629,club:27629,0,0,N,,,,N,없음,,B,사교표현: 네트워킹,중,,,,미검토
664060,2026-07-30T05:37:13+00:00,문토,default,145,https://www.munto.kr/detail-socialing?id=664060,3,푸드·드링크,베이킹,🍫8월 할인! 데코펜 포함 초코 케이크 만들기!,"🚨호스트를 팔로우 해 주시면 추후 소셜링 개설시 빠른 확인 가능하세요


📣모든 소셜링은 클럽 가입 필요없이 신청 가능합니다. 자유롭게 소셜링 참가 신청해 주시면 되어요!


🙌늦참이 가능합니다. 미리 말씀해 주시면 진행 과정 미리 준비해 두고 있을께요. 


📞소셜링 시작 1시간 전 신청이 마감됩니다. 직전 신청으로 빠른 승인 필요한 경우, 네이버 지도의 베이커즈로 연락 주시기 바랍니다!





￼￼





🤗안녕하세요, 을지로 3가 근처에서 베이킹 소셜링을 진행하는 호스트 입니다! 


🧈재료가 단순해도, 결과물이 투박해도, 처음부터 끝까지 직접, 모두가 함께하고 나중에 또 혼자 해 볼 수 있는 홈베이킹에 가깝도록 모든 일정 준비하고 있어요.


🍞일정에서 함께 만들 수 있는 레시피, 가져갈 수 있는 포장, 주위에 충분히 나누기 좋은 수량이 모두 포함입니다. 추가 요금 일체 없어요. 


🙌직접 만들고 완성한 것을 소중한 사람들과 나누며 느끼는 작은 성취감이, 일상의 만족이 되기를 바랄께요!


🙏베이킹 처음 해 보시는 분들도, 해 보신 분들도, 모두모두 환영합니다!


🍭🍭


🧈 이번 소셜링에서는 크림치즈 초코 케이크를 만들 거에요. 직접 만든 부드러운 시트에, 크림치즈 크림을 조합할께요. 인당 데코펜 하나씩 드리니, 원하는 그림이나 글자를 써 보세요!


😌손이 많이 가는 케이크 일정에서 어떻게 하면 최대한 안정적으로 그리고 맛있는 결과물을 만들까 고민하다가, 드디어 마음에 드는 레시피로 준비했어요!





￼





🥯🥯


📆진행일 : 8/16, 일요일


⏰시간 : 오후 6시, 2.5시간


🍽️메뉴 : 크림치즈 초코 케이크
* 그림이나 글자를 쓸 수 있는 데코펜 한개 포함이에요


📍장소 : 을지로 3가 근처 공유주방
* 을지로 3가 근처의, 독립된 넓은 공간이에요!
* 소셜링 그룹채팅방에서 상세 안내 드려요!


🙌참가비 : 31,500
* 공유주방, 재료비 일체, 문토 수수료 등 모든 비용 포함되어 있어요 
* 최근 준비된 일정 중 일부, 참가비 35,000 원 에서 31,500 원 으로 할인 진행합니다. 


🤝진행인원 : 호스트 포함 17인


🔔🔔


* 진행 메뉴의 경우, 갑작스럽게 재료 수급에 문제가 생기는 경우 부득이하게 다른 메뉴로 진행할 수 있어요. 참가자 분들께, 미리 알려 드릴께요!

* 홈베이킹 소셜링 방향성 준수를 위해, 승인제로 진행합니다. 간단한 문답을 작성해 주세요. 확인 후 승인 도와드리겠습니다. 문답 내용이 부족한 경우 별도 안내 없이 신청 거절될 수 있습니다. 

* 소셜링 전, 신청 인원에 따라 일정 변동이 있을 수 있어요. 추후 공지 드릴께요. 

* 호스트가 중요하게 생각하는 홈베이킹 방향성을 지키고자 합니다. 지나치게 낮은 매너점수나 전현직 베이킹 업계인 분들 등, 필요한 경우 추가 확인 후 신청 승인 도와드리겠습니다. 

* 늦참이 가능합니다. 부득이한 일정으로 늦으시는 분, 예상 도착시간 말씀해 주시고 참가하시면 되어요! 오셔서 함께할 수 있도록 작업 미리 준비하고 있을께요!

* 궁금하신 점이나 문의사항 있으신 경우, 언제라도 1:1 메세지나 댓글로 연락 주세요. 감사합니다!


🎈🎈


🥳베이커즈에서 만나요!",홈베이킹 | 베이킹 | 요리,31500,16,1,중구,2026-08-16T09:00:00.000Z,CHOICE,CLASS,3980,club:3980,0,0,N,,,45,Y,API minAge/maxAge,,미판정,A/B 판정은 활동구체성 수기 검토 필요,하,,,,미검토
664729,2026-07-30T05:37:13+00:00,문토,default,146,https://www.munto.kr/detail-socialing?id=664729,3,푸드·드링크,푸드·드링크,🥗샐러드 팩토리(일•저녁) - 내가 먹을 7일치 샐러드,"🫢
선착순 두 분
얼리버드 할인 까지


.
.
.



🛍️🛍️🛍️
모임 후, 챙기는 것 3가지

1. 샐러드 5팩
2. 소스(4가지) 5개
3. 양파 후레이크 2통


- 샐러드 4종류
🥗메밀면 샐러드
🫔두부면 샐러드
🍝파스타 샐러드
🍚포케 샐러드(New)


- 드레싱 4종류
•오리엔탈
•참깨 흑임자
•스리라차 마요
•이탈리안



￼



📍준비물 없어요!

🍀선착순 두 분
얼리버드 할인 까지


.
.
.


🫢총 22가지 재료
시각적인걸 넘어, 
실제로 더 맛있어졌어요


.
.
.



📆본 모임은

- 매주 수, 목 11:00 / 19:00
- 토, 일 10:30(14:30) / 19:00(18:30)

정기적으로 열립니다



￼


혼자 집에서 샐러드 만들면


결과적으로 가격도 비싸고,
버리는 재료들도 많고
꾸준히 만들어 먹기 어려우셨죠?
네 맞아요. 제가 그랬어요!!!

.
.
.


샐러드 함께 만들고
지갑도 지키고
건강도 지켜요
🥗💵💪🏼


￼


샐러드 관련 재료, 포장용기 주문까지


모든 사전 작업은 호스트가 해놓겠습니다🙇‍♂️
준비된 손질 도구들을 활용해서
본인이 먹을 7일간의 샐러드 챙겨가세요🤗




￼


[ 2. 모임 오셔서 하는 것 ]

호스트로 부터 정해진 임무를 부여받아
신선한 채소 및 닭가슴살, 고구마 등등
내가 먹을 샐러드에 들어갈 재료 직접 손질하고

샐러드를 포장해요.

🕖소요시간 - 1시간 40분
🎁1인당 챙겨가는 샐러드 - 5팩(팩당 700ml)
📍소비기한 - 7일



￼


[ 3. 꼭 읽어주세요 ] 

👍샐러드 재료는 22가지

🥬 양배추
🥕 당근
🫜 적근대
🍠 으깬 고구마
🐔 닭가슴살 (5)
🥚 삶은 달걀
🌽 옥수수콘
🫘 렌틸콩
🫛 병아리콩 
🫒 슬라이스 올리브 (10)
🌰 슬라이스 아몬드
🍅 방울토마토
🍇 건포도
🍜 두부면 or 메밀면 or 파스타면
🥜 땅콩 분태 (15)
🍛 쿠스쿠스
🫙 오리엔탈 / 흑임자 / 이탈리안 / 스리라치 마요
드레싱 60ml
🧀 파마산 치즈
🥔감자
🍚보리 (20)
🌾귀리

등등 푸짐한 구성으로 재료를 준비하고 있어요.


📍참여비는 재료비로 쓰입니다.


ㅡ


⏰모임 소요시간은 [ 최대 1시간 40분 ] 이며 
모임이 끝나면 

참여자 모두 꽉꽉 담은 700ml 🥗샐러드 5팩
을 가지고 가실 수 있어요. 
👏🏼",샐러드 | 밀프랩 | 다이어트 | 식단 | 운동,27900,16,1,중구,2026-08-02T09:30:00.000Z,COMMON,NORMAL,28397,club:28397,0,0,N,,,,N,없음,,미판정,A/B 판정은 활동구체성 수기 검토 필요,하,,,,미검토
662420,2026-07-30T05:37:13+00:00,문토,default,147,https://www.munto.kr/detail-socialing?id=662420,10,N잡·재테크,창업,🔥창업·N잡러 네트워킹&스터디(26회차),"창업·N잡러 루틴유지

흐려진 의지를
‘다시 점화’하는 실행 커뮤니티

￼


[주간 창업·N잡 루틴모임]

혼자하니 계속 흐려지는 계획도
같이하면 다시 또렷해진다.

아이템은 있는데 손이 안 나갈 때,
창업하고 싶다는 마음은 있는데 계속 미루게 될 때,
혼자라서 무너졌던 루틴을,
함께여서 회복하게 되는 구조.

이 모임은
계획만 하던 창업/N잡을 실행하기위한
동기부여 커뮤니티입니다.

￼


이런 분께 추천합니다


창업 아이디어는 있지만 실행이 막막한 분
자료만 모으고, 계속 미루기만 하고 있는 분
지금의 루틴으로는 창업까지 절대 못 갈 것 같은 분
우리 모임참여했는데 동기부여와 자극을 주고받고 싶은 분
예비 N잡러, 사이드프로젝트 준비자

=====

💡 모임은 이렇게 진행돼요


진행 장소: 패스트파이브 역삼3호점 3층
진행 시간: 오후 7:00 ~ 9:30

✅ 아래 순서로 진행되어요

19:00 네트워킹 ☕
간단하게 자기소개를 하고
현재 준비 중인 창업·N잡·사이드프로젝트에 관해 이야기합니다.

19:30 집중 실행 타임 💻
네트워킹을 계속하고 싶은 분은 자유롭게 대화를 이어가고, 
집중하고 싶은 분은 각자 준비해 온 업무나 공부를 진행

21:00 ~ 자유로운 퇴근!

21:30 🔔 공간 이용 종료 🔔


￼


💬 지난 모임에선 이런 일이 있었습니다


브랜드 기획 단계에 있는 참가자가
콘텐츠 운영자에게 피드백을 받고, 그 자리에서 네이밍안을 정리했습니다.

사이드클래스를 고민하던 예비 강사가
IT 자동화 직장인에게 Notion 툴을 소개받고, 바로 도입을 결정했습니다.

방향을 잃은 참가자가
다른 사람들의 실행을 보며 자신도 다시 실행 루틴을 세웠습니다.

→ 이곳은 생각보다 행동에 가까운 사람들의 자리입니다.

￼

📌 모임의 특징


‘이번 주 나는 뭘 했나, 다음 주엔 뭘 하지?’를 체크하는 실행 루틴
누군가가 나를 지켜본다는 리텐션의 힘
실행을 매개로 자연스럽게 연결되는 사람들


혼자서는 계속 미뤘던 계획

📩 지금 신청하세요
이제 혼자 하지 마세요!",재테크 | 커리어 | 창업 | N잡러 | 프리랜서,15000,11,1,강남구,2026-08-13T10:00:00.000Z,CHOICE,NORMAL,27629,club:27629,0,0,N,,,,N,없음,,B,사교표현: 네트워킹,중,,,,미검토
664727,2026-07-30T05:37:13+00:00,문토,default,148,https://www.munto.kr/detail-socialing?id=664727,3,푸드·드링크,비건,🥗샐러드 팩토리(일•오전) - 내가 먹을 7일치 샐러드,"🫢
선착순 두 분
얼리버드 할인 까지

.
.
.



🛍️🛍️🛍️
모임 후, 챙기는 것 3가지

1. 샐러드 5팩
2. 소스(4가지) 5개
3. 양파 후레이크 2통


- 샐러드 4종류
🥗메밀면 샐러드
🫔두부면 샐러드
🍝파스타 샐러드
🍚포케 샐러드(New)


- 드레싱 4종류
•오리엔탈
•참깨 흑임자
•스리라차 마요
•이탈리안









￼



📍준비물 없어요!



.
.
.


🫢총 22가지 재료
시각적인걸 넘어, 
실제로 더 맛있어졌어요


.
.
.



📆본 모임은

- 매주 수, 목 11:00 / 19:00
- 토, 일 10:30(14:30) / 19:00(18:30)

정기적으로 열립니다



￼


혼자 집에서 샐러드 만들면


결과적으로 가격도 비싸고,
버리는 재료들도 많고
꾸준히 만들어 먹기 어려우셨죠?
네 맞아요. 제가 그랬어요!!!

.
.
.


샐러드 함께 만들고
지갑도 지키고
건강도 지켜요
🥗💵💪🏼


￼


샐러드 관련 재료, 포장용기 주문까지


모든 사전 작업은 호스트가 해놓겠습니다🙇‍♂️
준비된 손질 도구들을 활용해서
본인이 먹을 7일간의 샐러드 챙겨가세요🤗




￼


[ 2. 모임 오셔서 하는 것 ]

호스트로 부터 정해진 임무를 부여받아
신선한 채소 및 닭가슴살, 고구마 등등
내가 먹을 샐러드에 들어갈 재료 직접 손질하고

샐러드를 포장해요.

🕖소요시간 - 1시간 40분
🎁1인당 챙겨가는 샐러드 - 5팩(팩당 700ml)
📍소비기한 - 7일



￼


[ 3. 꼭 읽어주세요 ] 

👍샐러드 재료는 22가지

🥬 양배추
🥕 당근
🫜 적근대
🍠 으깬 고구마
🐔 닭가슴살 (5)
🥚 삶은 달걀
🌽 옥수수콘
🫘 렌틸콩
🫛 병아리콩 
🫒 슬라이스 올리브 (10)
🌰 슬라이스 아몬드
🍅 방울토마토
🍇 건포도
🍜 두부면 or 메밀면 or 파스타면
🥜 땅콩 분태 (15)
🍛 쿠스쿠스
🫙 오리엔탈 / 흑임자 / 이탈리안 / 스리라치 마요
드레싱 60ml
🧀 파마산 치즈
🥔감자
🍚보리 (20)
🌾귀리

등등 푸짐한 구성으로 재료를 준비하고 있어요.


📍참여비는 재료비로 쓰입니다.


ㅡ


⏰모임 소요시간은 [ 최대 1시간 40분 ] 이며 
모임이 끝나면 

참여자 모두 꽉꽉 담은 700ml 🥗샐러드 5팩
을 가지고 가실 수 있어요. 
👏🏼",샐러드 | 밀프랩 | 다이어트 | 식단 | 운동,27900,16,1,중구,2026-08-02T01:30:00.000Z,COMMON,NORMAL,28397,club:28397,0,0,N,,,,N,없음,,미판정,A/B 판정은 활동구체성 수기 검토 필요,하,,,,미검토
664965,2026-07-30T05:37:13+00:00,문토,default,149,https://www.munto.kr/detail-socialing?id=664965,9,파티,컨셉파티,"🎂 댠신일 | 생일은 핑계고, 오늘은 모두의 파티","🎂 댠신일

 생일은 핑계고, 오늘은 모두의 파티.

8월 15일은 제 생일입니다.

하지만 이번만큼은 저 혼자 축하받는 생일이 아니라,
모두가 함께 즐길 수 있는 파티를 만들어보고 싶었습니다.

그래서 준비한 이름.


댠신일.


처음부터 끝까지 자유롭게 돌아다니며
새로운 사람들과 이야기하고,
게임도 하고,
술도 마시고,
함께 웃을 수 있는 스탠딩 파티입니다.

혼자 오셔도 괜찮아요.

오히려 혼자 오신 분들이
더 많은 사람들과 자연스럽게 어울릴 수 있도록
다양한 콘텐츠를 준비했습니다.


￼


 ❤️ 스탠딩 미션

처음 만난 사람에게 말을 거는 건
생각보다 어렵죠.

그래서 준비한 아이스브레이킹 콘텐츠입니다.

행사 동안 다양한 미션이 주어지고,
미션을 수행하면서
자연스럽게 여러 사람과 대화를 나누게 됩니다.

부담스러운 자기소개 대신

""좋아하는 음식은 뭐예요?""

""오늘 처음 오셨어요?""

같은 가벼운 대화부터 시작해보세요.

미션을 완료하면 포인트를 획득할 수 있고,
모은 포인트는 행사에서 사용하는 코인으로 교환할 수 있습니다.

---

🍪 팀전 과자 맞히기

이번 파티의 첫 번째 팀 콘텐츠입니다.

처음 만난 사람들과 직접 팀을 만들어 도전해주세요.

남자 2명, 여자 2명.

총 4명이 한 팀이 되어
세 가지 과자를 맞히는 간단한 게임입니다.

""같이 팀 하실래요?""

이 한마디가
오늘 가장 재미있는 인연의 시작이 될 수도 있습니다.


￼


 🪙 코인 시스템

행사에서는 다양한 콘텐츠를 통해 코인을 획득할 수 있습니다.

모은 코인은

* 게임 참여
* 코인 경매
* 럭키드로우

등 다양한 콘텐츠에 사용할 수 있습니다.

어떻게 사용할지는 여러분의 선택입니다.

지금 써버릴지,

아껴둘지,

끝까지 모아볼지.

---

🏓 다양한 게임

게임은 누구나 쉽게 즐길 수 있도록 준비했습니다.

* 워터퐁
* 하이로우
* 블랙잭
* 병뚜껑 게임

게임을 잘하지 못해도 괜찮습니다.

중요한 건 이기는 것이 아니라
같이 웃고 떠드는 시간이니까요.


￼


 🔨 코인 경매

게임으로 모은 코인으로
직접 경매에 참여할 수 있습니다.

스파클링 와인,
위스키,
다양한 드링크 세트 등

혼자 가져가는 상품이 아니라

함께 나눠 마실 수 있는 상품들로 준비했습니다.

---

🎁 럭키드로우

파티의 마지막에는
럭키드로우가 진행됩니다.

게임을 많이 즐길수록
당첨 확률도 올라갑니다.

하찮지만 웃긴 선물부터

받으면 정말 기분 좋은 선물까지.

생일답게 다양한 선물을 준비해둘게요🎉


￼


⏰ 타임테이블

20:00~20:20
입장 및 웰컴 칵테일·핑거푸드 제공
‘’ 이용 안내


20:20~20:30
오프닝 및 전체 콘텐츠·코인 시스템 안내


20:30~21:30
‘스탠딩 미션’ 콘텐츠
남2·여2 팀전 과자 맞히기


21:30~22:10
1층 하이로우
2층 워터퐁
2차 얼리 신청 안내


22:10~22:25
1층 코인 경매


22:25~22:35
1차 마무리 및 2차 안내


22:35~23:30
1층 블랙잭
2층 워터퐁 또는 병뚜껑 게임


23:30
모든 게임 및 코인 획득 종료


23:30~23:55
코인 집계 및 럭키드로우 응모권 교환


00:00
댠신일 생일 케이크와 전체 건배


00:05~00:30
코인왕 시상 및 럭키드로우


00:30~01:00
자유 스탠딩 파티


01:00
행사 종료


현장 상황과 참여 인원에 따라 일부 콘텐츠와 시간은 조정될 수 있습니다.

---


🍸 음식 & 드링크

이번 파티는
음식보다 콘텐츠가 중심인 파티입니다.

가볍게 즐길 수 있는 핑거푸드와
기본 칵테일이 준비되어 있으며,

행사 동안 계속 채워드릴 예정입니다.

※ 든든한 식사를 제공하는 소셜다이닝은 아니므로,
배가 많이 고프신 분들은 간단히 식사 후 방문해 주세요.



￼


📌 참여 전 꼭 확인해 주세요

1. 올 스탠딩 파티입니다

처음부터 끝까지 정해진 좌석 없이 진행됩니다.

편하게 오래 서 있을 수 있는 신발과 복장을 추천드립니다.


2. 콘텐츠 중심의 파티입니다

모든 게임은 자유 참여지만, 새로운 사람들과 자연스럽게 어울리고 싶다면 팀게임과 코인 콘텐츠에 적극적으로 참여해 주세요.

 3. 음식은 가벼운 핑거푸드입니다

정식 식사나 코스 요리를 제공하는 행사가 아닙니다. 배가 고프신 분들은 간단한 식사 후 방문해 주세요.


4. 과음은 삼가주세요

칵테일은 자유롭게 제공되지만, 본인의 주량에 맞게 드셔야 합니다.

과음으로 다른 참가자에게 불편을 주거나 진행을 방해하는 경우 퇴실 조치될 수 있으며, 참가비는 환불되지 않습니다.


5. 코인은 현금이 아닙니다

코인은 댠신일 행사에서만 사용할 수 있는 이벤트 포인트입니다.

현금으로 구매·환전하거나 행사 외부로 가져가 사용할 수 없습니다.


6. 게임 결과는 현장 운영 기준을 따릅니다

게임 진행과 코인 지급, 워터퐁 잭팟 정산, 경매 낙찰 및 코인왕 선정은 현장 호스트의 판단과 기록을 기준으로 합니다.


 7. 진행 안내를 확인해 주세요

상세 이용 방법과 변동사항은 문토 단체 채팅방을 통해 안내됩니다.

행사 당일에는 1층과 2층 벽에 부착된 타임테이블도 함께 확인해 주세요.

 8. 서로를 배려해 주세요

상대방이 원하지 않는 연락처 요구, 과도한 스킨십, 무례한 언행, 반복적으로 불편하게 만드는 행동은 금지됩니다.

누군가의 행동으로 불편함을 느끼셨다면 가까운 호스트에게 바로 말씀해 주세요.

---

🎂 생일은 핑계고, 오늘은 모두의 파티

사람을 만나고, 팀을 만들고, 게임에 도전하고, 코인을 모아 술을 나누고, 마지막에는 함께 케이크를 부는 밤.

댠댠의 탄신일을 핑계로 준비했지만, 댠신일의 진짜 주인공은 그날 함께해주시는 여러분입니다.

이번 8월의 가장 시끄럽고 즐거운 밤을 함께해 주세요🪙🎉",,45000,44,2,마포구,2026-08-14T11:10:00.000Z,CHOICE,NORMAL,,title:댠신일 생일은 핑계고 오늘은 모두의 파티,0,0,N,,,35,Y,API minAge/maxAge,,B,사교표현: 2차,중,,,,미검토
664068,2026-07-30T05:37:13+00:00,문토,default,150,https://www.munto.kr/detail-socialing?id=664068,3,푸드·드링크,베이킹,🫐8월 할인! 알록달록 베리베리 케이크 만들기!,"🚨호스트를 팔로우 해 주시면 추후 소셜링 개설시 빠른 확인 가능하세요


📣모든 소셜링은 클럽 가입 필요없이 신청 가능합니다. 자유롭게 소셜링 참가 신청해 주시면 되어요!


🙌늦참이 가능합니다. 미리 말씀해 주시면 진행 과정 미리 준비해 두고 있을께요. 


📞소셜링 시작 1시간 전 신청이 마감됩니다. 직전 신청으로 빠른 승인 필요한 경우, 네이버 지도의 베이커즈로 연락 주시기 바랍니다!




￼






🤗안녕하세요, 을지로 3가 근처에서 베이킹 소셜링을 진행하는 호스트 입니다! 


🧈재료가 단순해도, 결과물이 투박해도, 처음부터 끝까지 직접, 모두가 함께하고 나중에 또 혼자 해 볼 수 있는 홈베이킹에 가깝도록 모든 일정 준비하고 있어요.


🍞일정에서 함께 만들 수 있는 레시피, 가져갈 수 있는 포장, 주위에 충분히 나누기 좋은 수량이 모두 포함입니다. 추가 요금 일체 없어요. 


🙌직접 만들고 완성한 것을 소중한 사람들과 나누며 느끼는 작은 성취감이, 일상의 만족이 되기를 바랄께요!


🙏베이킹 처음 해 보시는 분들도, 해 보신 분들도, 모두모두 환영합니다!


🍭🍭


🧈 이번 소셜링에서는 베리베리 케이크를 만들어 볼께요. 시트를 직접 만들어서, 블루베리 크림과 라즈베리 잼으로 데코할 거에요. 


😌손이 많이 가는 케이크 일정에서 어떻게 하면 최대한 안정적으로 그리고 맛있는 결과물을 만들까 고민하다가, 드디어 마음에 드는 레시피로 준비했어요!





￼￼





🥯🥯


📆진행일 : 8/17, 월요일


⏰시간 : 오후 6시, 3시간


🍽️메뉴 : 베리베리 케이크
* 데코 과일은 상황에 따라 달라질 수 있어요


📍장소 : 을지로 3가 근처 공유주방
* 을지로 3가 근처의, 독립된 넓은 공간이에요!
* 소셜링 그룹채팅방에서 상세 안내 드려요!


🙌참가비 : 31,500
* 공유주방, 재료비 일체, 문토 수수료 등 모든 비용 포함되어 있어요 
* 최근 준비된 일정 중 일부, 참가비 35,000 원 에서 31,500 원 으로 할인 진행합니다. 


🤝진행인원 : 호스트 포함 17인


🔔🔔


* 진행 메뉴의 경우, 갑작스럽게 재료 수급에 문제가 생기는 경우 부득이하게 다른 메뉴로 진행할 수 있어요. 참가자 분들께, 미리 알려 드릴께요!

* 홈베이킹 소셜링 방향성 준수를 위해, 승인제로 진행합니다. 간단한 문답을 작성해 주세요. 확인 후 승인 도와드리겠습니다. 문답 내용이 부족한 경우 별도 안내 없이 신청 거절될 수 있습니다. 

* 소셜링 전, 신청 인원에 따라 일정 변동이 있을 수 있어요. 추후 공지 드릴께요. 

* 호스트가 중요하게 생각하는 홈베이킹 방향성을 지키고자 합니다. 지나치게 낮은 매너점수나 전현직 베이킹 업계인 분들 등, 필요한 경우 추가 확인 후 신청 승인 도와드리겠습니다. 

* 늦참이 가능합니다. 부득이한 일정으로 늦으시는 분, 예상 도착시간 말씀해 주시고 참가하시면 되어요! 오셔서 함께할 수 있도록 작업 미리 준비하고 있을께요!

* 궁금하신 점이나 문의사항 있으신 경우, 언제라도 1:1 메세지나 댓글로 연락 주세요. 감사합니다!


🎈🎈


🥳베이커즈에서 만나요!",홈베이킹 | 베이킹 | 요리,31500,16,1,중구,2026-08-17T09:00:00.000Z,CHOICE,CLASS,3980,club:3980,0,0,N,,,45,Y,API minAge/maxAge,,미판정,A/B 판정은 활동구체성 수기 검토 필요,하,,,,미검토
665112,2026-07-30T05:37:13+00:00,문토,default,151,https://www.munto.kr/detail-socialing?id=665112,7,자기계발,커리어,전국민 천직 찾기 프로젝트🔥🔥 (with MBTI전문강사),"계속해서 남이 좋다고 하는, 
유망하다는 직업만 쫓으실건가요?


￼
￼
￼
￼



저는 확신합니다! 

여러분들도 돈을 받지 않고도 하고 싶은 것들이 
반드시 있으십니다.  그걸 찾으시면 됩니다. 

그것이 바로 천직입니다. 
제가 찾아드리겠습니다!


- 진행시간 : 15시~18시 (3시간)
- 준비물 : 필기도구 및 노트 등 메모지
- 장소 : 채팅방에서 별도 공지
- 강의 이후 : 과제도 드리고 계속해서 천직의 방향성을 찾으실 때까지 봐드립니다(희망 시)



[ 일시적으로 이 가격으로 진행예정]",커리어 | 천직 | 직업 | 진로 | 이직,12000,11,1,강남구,2026-08-23T06:00:00.000Z,CHOICE,CLASS,21575,club:21575,0,0,N,,,,N,없음,,미판정,A/B 판정은 활동구체성 수기 검토 필요,하,,,,미검토
663930,2026-07-30T05:37:13+00:00,문토,default,152,https://www.munto.kr/detail-socialing?id=663930,9,파티,홈파티,성수동으로 초대하는 작은 집들이(일본소주 특집),"성수동으로 초대하는 작은 집들이입니다. 
맛있는 음식과 술은 모두 제공해드릴게요.
함께 대화하며 즐거운 시간 보냈으면 좋겠습니다.

*집들이니까 모든 술(소주맥주무제한, 필라이트아님)제공/식사 제공
(3시간이상 직접 준비한 맛있는 음식과 다양한술 제공해드립니다)
*반말모드
*인원 수/ 참가자들 분위기에 맞춰서 게임진행예정


￼

￼

￼

4/19 모임사진으로 봄맞이 제철회와 사케까지 함께했습니다 :) 

안주라인업 (수급상황 및 인원수에 맞춰 메뉴가 변동 될 수 있습니다)
- 일본소주 고구마소츄
- 육사시미(인원많으면 2차에)
- 동파육
- 함박스테이크
- 치킨
- 과일안주
- 고구마스틱
- 웨지감자
- 디저트 등등 
10-20가지안주가 다양한 술과 함께 배가 불러도 계속 나옵니다(2차준비시간에 요리를 더해드립니다)
안주나온다고해서 갔더니 양이 적어 아쉬웠던분들
포틀럭가격에 맛있는 안주와 술 계속 준비해드릴게요!


🙋‍♂️ ‘호스트 소개’

안녕하세요. 호스트 뚝서머입니다.

한옥 독채 숙소를 운영하는 호스트이자,
회사를 다니면서 술과 모임을 좋아하는 직장인이기도 해요.

맛있는 술을 찾기 위해 도전하는 것을 즐기며 맛있는 술은 함께 먹어야 더욱 맛있다고 생각합니다.

🎈 '이번 모임은'

1.새로운 집에서 새로운 친구 만나듯 둘러앉아 음식들 먹으며 이야기하며 즐기는날 입니다! 
(재밌게 놀면서 2차 3차 가다보면 모임마다 번호교환하는 친구들 탄생.. 1년만에 공식커플만 10커플이상 비공식매칭은 100매칭이상..)

2. 벽을 허물자는 의미로 제 파티에서는 모두 반말 사용

3. 나이는 비밀!! 끝나고 서로 동의하에 밝히는 건 가능.

4. 나이금지*닉네임과 함께 자신을 소개하기

5. 주제를 두지 않고 자유롭게 이야기하며 놀아요! 분위기를 살리기 위한 적절한 토크와 게임을 진행예정!

6. 진행은 2시간예정, 분위기보고 2차가기

7. 온도가 낮으신분은 승인이 어려울 수 있습니다
최대한 성비를 맞추기 위해 대기가 있을 수 있습니다.(무조건1:1이 아닙니다)

8. 환불은 문토 규정을 참고해 주세요.
늦참가능! 하지만 미리 연락을 부탁드려요!
맛도리 순삭 책임못집니다 🥹

함께 즐거운 추억 만들어봐요!",성수 | 홈파티 | 푸드파티,40000,12,2,성동구,2026-08-02T08:30:00.000Z,CHOICE,NORMAL,,title:성수동으로 초대하는 작은 집들이,0,0,N,,,35,Y,API minAge/maxAge,,B,사교표현: 2차,중,,,,미검토
665103,2026-07-30T05:37:13+00:00,문토,default,153,https://www.munto.kr/detail-socialing?id=665103,9,파티,내향인파티,퇴근후 쉼 포레스트 🌳소셜링,"🍸🍸늦참 가능합니다 
(호스트 팔로우 or 게시물 좋아요 하시면 💌디엠 가능해요!)






잠시 들러 한 잔의 쉼을 주는
아지트,,소규모 소셜링 🤍







퇴근 후 아지트 느낌으로 소셜링 열어주세요!! 문의폭주로 인한,, 아지트 감성 소셜링 OPEN,,🫶🏻🖤
(츄리닝 OK 모자 OK)







제발 그때 감성으로 소규모 열어주세요,,🌃🌃

Yes,,🖤

소규모여도 무조건 진행합니다!! 🫶🏻🤍





🍸Q. 어떤 종류의 소셜링 인가요?
퇴근 후, 일 집 운동 일 집 운동 일상인 그대를 위한 부담 없는 소규모 대화형 소셜링 입니다.



아지트 느낌으로 소셜링을 열었을 때, 찐친과 커플들이 가장 많이 탄생했다는 사실,,!




￼


아지트 감성으로 얘기하고 (보통은 이런 분위기!) 마치 우리  끼리 캠핑 온것 처럼 놀던 그 시절,,



- 시원한 소파석 보유
- 남녀 분리 화장실
- 심신안정 강아지 인형 보유



￼



🖤 어떤 분들이 와요? 

1. 문토 첫 이용자
2. 대화를 좋아하는 I 내향인 분들
3. 내향인을 좋아하는 외향인!
4. 일 집 일 집 일 집 퇴근 후, 꾀죄죄하지만 그래도 그냥 집가기는 아쉬운 분들
5. 특별한 인연은 기대하진 않지만 오늘 하루는 재미있고 싶은 시람
6. 퇴근 후 내 상태(꾀죄죄 등등)이 맘에 안들지만 부담없이  한잔 하고 싶은 분들



——————————-🫶🏻🖤—————————-

🌠🌃🍸특히 평일 영구(영등포구청)💜💚특징
여의도 직장인 분들이 많이 오시고, 평일에 쉬는 업종 간호사, 서비스업, 스케줄 직장인 등등이 많이 오셨습니다🫶🏻🖤지금까지는 너무 훈훈했어요,,🫶🏻


—————-—————-🖤🫶🏻—————————-




🖤그래서,, 어떤걸 해요?

1. 대화의장


2. 내가 만드는 취향 토크


3. 분위기 환기를 위한 게임 콘텐츠


4. 직업 맞추기


5. 쪽지 


(분위기에 따라 랜덤으로 진행합니다 🫶🏻🖤)



🖤제공되는 것
무제한 와인, 다과, 과일플레이트🍅

😎☀️🌊여름철에 인기 있는 와인 위주로 선별 했습니다 

(화이트와인(스파클링), 레드와인 제공되며 리필은 레드와인으로만 제공됩니다! ) 



🪙퀴즈를 통한 와인 증정 행사가 있습니다🪙



🚨필독사항🚨
포트럭으로 진행할려 하였으나 퇴근 후, 오시는 분들의 편의를 위해 안주 위주로 변경했습니다!
간단히 식사하고 와주세요! 




◼️일시 : 26/07/31 금요일 19:30 (10분전 입장 가능! 늦참 가능합니다!)
◼️진행시간 : 약 120분
◼️진행장소 : 영등포 구청역 약 7분거리 분위기 좋은 칵테일바 (상세 주소는 신청자에 한해 공유)






🫶🏻🖤오픈 할인가 🖤🫶🏻

42000>>39000>>35000





기빨리시는 분들을 위한 고립존과 천국도 좌석이 있습니다 ! 쉬고 싶은 분들은 중간중간 여기서 쉬셔도 괜찮습니다 🫶🏻🖤 (아늑한 소파석)",혼술 | 춘자 | 와인 | 금요일모임,35000,27,11,영등포구,2026-07-31T10:30:00.000Z,CHOICE,NORMAL,,title:퇴근후 쉼 포레스트 소셜링,0,0,N,,,,N,없음,,미판정,A/B 판정은 활동구체성 수기 검토 필요,하,,,,미검토
665708,2026-07-30T05:37:13+00:00,문토,default,154,https://www.munto.kr/detail-socialing?id=665708,9,파티,와인파티,여2 우선 승인🔥잠실 송리단길 목요 와인미팅❤️,"🥲친구들은 바쁘고, 그냥보내긴 
아쉬운 목요일 저녁

🍷와인 4종류 무제한!드리는 소셜링에서 만나요!

와인 소셜링 하고싶어서
보르도의 와이너리에서 직접 보고 배운 
호스트 와인러비 입니다❤🍷🥰

￼

❤와인러비의 소셜링은요!❤

✅제가 직접 고른 4종류의 와인 마시면서
✅2030 나이,직업 검증된 사람들과 대화나누고!
✅아주 가벼운 게임으로 어색함도 없는,
로테이션 형식의

가볍지만 힐링되는 와인가득 소셜링이예요🥰

￼

❤운영시간 : 7월 30일(목) 오후 7시30분 - 10시

💙소셜링 장소 : 잠실 송리단길 핫플와인바
(신청 후 자세한 주소드려요🥰)

💛자주 묻는 질문🧡
1. 혼자서도 많이오나요?
→ 혼자서 오시는 분이 70%이상,
친구분이랑 와도 정말 즐거울 거예요!🥰

2. 와인 몰라도 되나요?
→ 그럼요! 와인은 마시면서 알아가요🍷

3. 2차 있나요?
→ 2차는 호스트가 예약과 인솔까지 해드립니다!

✅시끌벅적 게임과 프로그램보다는,
진솔한 이야기와 와인을 곁들일 수 있는 소셜링!

와인러비와 함께 즐겨요❤",2030 | 소셜링 | 하트시그널 | 와인 | 잠실,42000,15,11,송파구,2026-07-30T10:30:00.000Z,CHOICE,NORMAL,,title:여 우선 승인 잠실 송리단길 목요 와인미팅,0,0,N,,,40,Y,API minAge/maxAge,,B,사교표현: 2차,중,,,,미검토
663332,2026-07-30T05:37:13+00:00,문토,default,155,https://www.munto.kr/detail-socialing?id=663332,9,파티,와인파티,토❤️‍🔥2030❤️‍🔥부평의밤 와인모임🍷,"호스트 없이 자유롭게 진행되는 와인모임🍷

8월의 시작 토요일 모임 모집해요❤️‍🔥


❤️‍🔥여성분 4분❤️‍🔥 남자분들 급구해용❗️❗️❗️
당일 신청 많이 들어와요! 서둘러 신청해주세요☺️



모임 관련 궁금하신 점이 있으신 분
💓하단 좋아요( ❤️)를 눌러주세요!💓
좋아요 해주신 분들에게만 메세지가 가능합니다

편하게 물어보시면 
빠르고 친절하게 답변해드릴께요!

￼




✨ 이런 분들에게 추천해요.

• 혼술은 좋지만 가끔은 함께 마시고 싶은 분
• 억지 텐션보다 편안한 대화를 좋아하는 분
• 부평에서 새로운 사람들을 만나고 싶은 분
• 와인을 좋아하거나 입문해보고 싶은 분




￼
📸 사진은 실제 모임에서 촬영한 사진입니다




🍷와인과 가장 잘 어울리는 한 접시

맛있는 음식과 함께 편안하게 이야기 나누고 즐길수 있어요.

와인을 잘 몰라도 괜찮아요😊
부담 없이 오셔서 함께 즐겨주세요




￼
📸 사진은 실제 모임에서 촬영한 사진입니다





 여기서 끝이 아닙니다!



2부는 자유롭게 즐기는 시간! 🍸
칵테일 무제한
아이스브레이킹 & 레크리에이션 게임
자연스럽게 친해질 수 있는 자유로운 분위기 


1부는 와인과 대화,
2부는 칵테일과 웃음으로
더 오래 기억에 남는 시간을 함께해요🫶


￼
📸 사진은 실제 모임에서 촬영한 사진입니다






 ⏰시간  1부 | 20:00 ~ 22:00
🍸 2부 | 22:00 ~ (아쉬운분들끼리 자유롭게)


📍장소 | 부평 메인거리, 프라이빗 라운지
(확정 멤버에게만 공유해드립니다!)
 

👥인원 | 최소3명 ~ 최대16명
▫️소외되는 사람없는 모임 지향
▫️친해지기 좋은 선한분들 환영 



￼",부평 | 부평모임 | 와인모임 | 파티 | 인천모임,39000,15,7,부평구,2026-08-01T11:00:00.000Z,CHOICE,NORMAL,,title:토 부평의밤 와인모임,0,0,N,,,40,Y,API minAge/maxAge,,미판정,A/B 판정은 활동구체성 수기 검토 필요,하,,,,미검토
665088,2026-07-30T05:37:13+00:00,문토,default,156,https://www.munto.kr/detail-socialing?id=665088,4,취미,드로잉,🐱지적인고양이🐱저녁 드로잉 (토요일),"🎨 지적인고양이🐱 저녁드로잉


* 저녁 오후 7:30 시작됩니다:)
* ﻿﻿늦참 가능하시니 편하게 신청 해주세요!
* ﻿﻿클럽회원분이 아니셔도 신청 가능합니다!

* 지적인고양이 모임을 더 자유롭게 즐기시길 원하신다면 
[지적인고양이 멤버쉽]클럽으로 들어와주세요!!~


￼


지적인고양이

🐈🐈🐈

그림과 마음을 채우는 저녁 드로잉

🐱🐱🐱

지적인고양이 저녁 드로잉은 이런 사람들에게 추천합니다
- 새로운 취미를 가지고 싶으신 분
- 나만의 그림을 찾고 싶으신 분
- 좀 더 여유를 가지고 작업하시고 싶으신 분
- 가끔은 혼자, 가끔은 대화를 나누며 그림을 그리고 싶으신 분
- 그림을 포함한 문화 예술을 사랑하시는 분


￼


제공사항
- 캔버스 (20cm 이하)
- 오일파스텔
- 아크릴 물감
- 기타 연필, 지우개, 색연필, 도화지 등등
- 기타 원하시는 재료 개인 지참 가능합니다
- 20cm 이상 캔버스를 그리고 싶으신 경우 개인 지참 가능 (크기 및 재료에 따라 가격 변동 있음)
- 그림 및 인형만들기, 키링페인팅등 다른 프로그램 체험도 가능합니다


*모임 이외의 목적 (다단계, 영업, 전도 등)을 가지신 분의 출입 및 활동을 엄금합니다 (강퇴)

장소: 도림로139길 7 1층 지적인고양이 (문래동2가)
진행시간: 약 2시간 30분 


￼




￼

같이 그리고, 나누고, 즐기는 시간.
‘지적인고양이’에서 
당신의 창의력을 자유롭게 펼쳐보세요! 


🎨",그림 | 드로잉,20000,16,1,영등포구,2026-08-01T10:30:00.000Z,CHOICE,CLASS,2832,club:2832,0,0,N,,,,N,없음,,미판정,A/B 판정은 활동구체성 수기 검토 필요,하,,,,미검토
665855,2026-07-30T05:37:13+00:00,문토,default,157,https://www.munto.kr/detail-socialing?id=665855,1,문화·예술,전시,[아트앤토크] 키크니 특별전,"아트앤토크

새로운 시리즈 시작합니다
전시+대화


배움을 통해 함께 성장하는 
아카데믹한 컨텐츠는 많이 진행을 해서 
클래쓰형 소셜링으로 자리를 잡았는데요, 
소통과 공감을 위주로 하는 컨텐츠가 
한동안 뜸했어요
미술+요리, 음악, 문학 등등 
다양하게 진행했었는데 
장소, 비용 등등이 부담되면서 
점점 안하게 됐던것 같아요

앞으로 사부작사부작 해보려고 해요 
잘 부탁드립니다



￼



키크니 전시는 모두 보셨나요^^?
저도 많은 공감과 위로를 받았는데요
 
<주요 전시 구성>
평면 그림 작품/3D 조각과 인형 작품/영상 작업/설치 작품/'키크니 작명소'/반려동물 섹션/전시 준비 과정의 낙서 300장 



￼


￼





""키크니 전시+프로고민랩=인사이트""



￼

  



📣이렇게 진행됩니다📣
6시 전시장에서 집합 
~7시 전시관람
~8시 대화
(일정은 현장상황에서 따라 변경될수 있습니다)




키크니에게서 받은 감동과 영감을 
대화와 소통을 통해서
현실에 적용해보아요~
놀러오세요~",여름예술기획전 | 전시,10000,12,1,중구,2026-08-02T09:00:00.000Z,CHOICE,NORMAL,,title:키크니 특별전,0,0,N,,,,N,없음,,미판정,A/B 판정은 활동구체성 수기 검토 필요,하,,,,미검토
660415,2026-07-30T05:37:13+00:00,문토,default,158,https://www.munto.kr/detail-socialing?id=660415,11,외국어,일본어,[수다회] 일본어 수다회 51회차,"위치: 공원앞카페
시간: 7시~9시
참여비: 5천원(첫 참가시 무료)
(문토 참가자분은 차액만큼 환금 드립니다)
‼️(모임장 포함) 3인 이상 참여시에만 진행됩니다‼️

본격적으로 더워지는 6월입니다!! 저희는 벌써부터 허덕이고 있네요 ㅎㅎ 여러분은 어떤 여름을 보내고 계실까요? 이 시기에 일본을 찾아가는 분도 많으시니까요. 여행 회화 등도 공부하면 좋을 거 같습니다!


￼￼￼￼


다음은 자주 묻는 질문입니다!

Q1. 일본어 수준에 제한이 있나요?

A1. 일본어 수준과 무관히 누구나 참여 가능하십니다! 단적으로 히라가나, 가타카나를 모르셔도 참가하실 수 있으십니다!

참가 인원의 레벨에 맞춰 수준을 조절하고 있으며, 일본어 자체에 익숙해지기 위한 최소한의 듣기와 말하기 연습이 되는 걸 제1목표로 삼고 있습니다!

Q2. 지참해야 할 준비물이 있나요?

A2. 준비물 가이드라인은 없습니다만, 최소한의 필기구를 챙겨 오셔 새로 알게 된 단어 등을 필기해 가시는 분들이 계십니다!

Q3. 어떤 대화를 나누게 되나요?

A3. 프리토킹이기에 그때그때 상황에 맞춰 주제가 바뀌게 됩니다! 다만 모임 특성상 일본 여행 이야기, 일본 문화 이야기, 일본 먹을 것 이야기, 워킹 홀리데이 및 유학 정보 공유 등의 이야기를 나누게 됩니다!

Q4. 참가비가 있나요?

A4. 5천원의 참가비가 있습니다! 단 첫 참가이실 경우 첫 참가 이벤트가 적용되어 무료로 참가하시게 됩니다. 그 외에 카페 이용을 위한 음료 주문도 병행해주시면 크게 감사하겠습니다!

그 외에도 질문 있으시면 편하게 부탁 드리겠습니다!
당일날 뵈어요!",일본어스터디 | 일본어 | 일본어프리토킹 | 대화모임,10000,7,1,강북구,2026-07-30T10:00:00.000Z,COMMON,CLASS,39581,club:39581,0,0,N,,,,N,없음,,미판정,A/B 판정은 활동구체성 수기 검토 필요,하,,,,미검토
665463,2026-07-30T05:37:13+00:00,문토,default,159,https://www.munto.kr/detail-socialing?id=665463,9,파티,와인파티,♥🍊토요일♥/ 제주게하감성을 담은 와인 Party,"실제 제주 게하 스텝이 진행하는 와인 Party🍷
(호스트 팔로우 or 게시물 좋아요 하시면 💌디엠 가능해요!)




본 소셜링은 대화중심의 소셜링 입니다! 테이블당 적정 인원 배치를 통해 전부 친해질 수 있게 도와드려요 🫶🏻



❗️소셜링 당일날 신청자가 몰려요 
❗️최대한 성비 맞춰서 뽑을 예정이여서 마감 되면 신청이 어려워요🥹 (남성분들이 비교적 일찍 마감되는 편이라 빠른 신청 부탁드려요)





안녕하세요 퇴근후 , 따뜻한 혼술바에 앉아 한잔 하고 싶은날 있지 않나요?




이전 회사 퇴사 후 제주도 게스트하우스를 가서 사람들과 도란도란 얘기를 나누며 힐링한 좋은 경험을 하고 와서 서울에도 이런곳이 있으면 좋지 않을까!!해서 기획한 모임




소셜링 처음이여도, 혼자라도 좋아요
호스트가 챙겨드릴거예요 저도 I 🫶🏻
유달리 제 모임에는 문토 처음 이용해보신 분이 많이 오셔요🫶🏻 걱정말고 오세요 제가 잘 챙겨드릴께요 

재방문자도 모른척 해드리니 걱정없이 와주세요🫶🏻

￼
 
▲ 영등포구청역 근처 아주 감성 넘치는 장소입니다 🍷🫶🏻




- 아지트 느낌의 아기자기 감성의 분위기
- 여유롭고 큰 공간
- 남녀 분리 화장실 




🌃🫶🏻감성가득한 아지트 느낌 입니다🫶🏻🌃




술만 먹으러 와도 무조건 이득인 시간!!





￼

▲ 술을 너무 좋아해서 매년 주류박람회에 가며, 괜찮은 술을 마셔보고 수집하고 있어요




와인 혼자 먹기 너무 어렵지 않나요? 🫶🏻



직접 마시보고 선별한 와인이 무제한 제공됩니다 🍷
가성비는 좋지만 맛은 저렴하지 않은,,와인 List🫶🏻



.
.
🫶🏻



-————🎆🍷모임 분위기 미리 알기 🎆🍷———
🖤1) 츄리닝 입고도 올수 있는 편안하고 재밌는 대화 중심 모임
ㄴ편하게 오시면 되고 열린마음만 가지고 와주세요 🫶🏻
ㄴ자체제작 대화 콘텐츠와 중간중간 분위기 환기형 콘텐츠를 진행합니다🫶🏻

🖤2) 부담스러운 억지 텐션은 없고, 처음본 사람간의 재미와 약간의 설렘이 존재해요
 
🖤3) 이성만나는 모임은 아니고, 친구컨셉의 대화형 소셜링입니다 🫶🏻
ㄴ 대화확장과 분위기를 위해 성비는 최대한 맞추겠습니다


—————-—————-🎆🍷🎆————————-
.
.
🫶🏻


대화 중심이지만 부담스럽지 않은 재밌는 컨텐츠와 함께


.
.
🫶🏻





💚와서 얻을 수 있는것들💚
■ 나랑 취향이 맞는 사람
■ 대화결이 맞는사람
■ 다양한 경험을 가지고 있는 사람들





💚게스트분들이 해주신 분위기를 알 수 있는 말들💚
■ 다른데서는 이것저것 콘텐츠 하느라 대화도 별로 못하고, 술도 못먹었는데 여긴 대화할수 있는 시간이 많아 좋아요!!
■ 밝은 파티룸이 아니라 분위기 좋은 어둑어둑한 와인바라 술도 맛있고 분위기네 취해요ㅠㅠ
■ 호스트 분이 편하게 해줘서 너무 좋아요! 오늘 낮에 다른데 갔었는데 저녁에 시간 남아서 도란도란 얘기도 할겸 술한잔 할겸 방문했는데 너무 만족합니다! 너무 편한 분위기!!



💚어색하지 않게 간단한 질문지게임, 도란도란 콘텐츠 준비할께요오! 💚
오시면 분명 만족하실 거예용
제주 게하 스텝을 하며, 파티 재 방문자 최대 횟수 6번 ! 찐친도 생겼다구욧 






♥ 컨텐츠 진행
——1차때까지 나이와 직업은 모두 비밀!!—-
편견 없이 열린 마음으로 다양한 가치관인 “사람”을 만나는 공간
Step 1. 간단한 키워드 게임 
Step 2. 게임 & 대화카드
와인모임에 맞는 New 컨텐츠가 제공됩니다🫶🏻
Step 3. 자리변경을 통해 새로운 사람들과 자연스럽게 내 취향 사람 찾기와 힐링대화
Step 4. 익명의 대화




🫶🏻 편하게 몸만 오세요!
🫶🏻 내돈내산 사회생활은 이제 그만!





♥ 제공되는 음식
- 크래커, 🧀과일 플레이트🍊🍅, 다과, 소세지 



안주느낌으로 제공 됩니다🫶🏻 간단히 식사 하시고 오면 좋아요🫶🏻


♥ 제공되는 술
- 와인 무제한 🍷🍷🍷🍷🍷
(🤍화이트와인🤍-🩷로제와인🩷-> 🍷레드와인🍷 순으로 제공 되며, 리필은 레드와인 으로만 제공 됩니다)



술 못드시는 분은 미리 말씀주시면 음료 준비해 드려요🫶🏻신청란에 말씀주세요



■ 일시 : 26/08/01 토요일 오후 19:00
■ 진행 시간 : 약 120분
■ 제공사항 : 와인무제한, 따뜻한 음식들, 다양한 도란도란 컨텐츠들 (제주게하 만족도 5점만점) 
■ 위치 : 영등포구청역 도보 8분거리 
(신청자에 한해 상세 위치는 단톡방 공유🫶🏻)



♥ Q&A

- 로테이션은요?
한 번만 진행될 예정입니다:) 
-> 부담 없는 친구 만들기에 적절한 시간을 배치,,! 


- 콘텐츠는요?
자체제작 대화형 콘텐츠에 분위기 환기를 위한 부담없는 게임이 마련되어 있습니다! 분위기를 보면서 매번 다르게 진행해요🖤 소규모만의 매력🖤


- 술을 꼭 먹어야 하나요?
아니요! 술을 안드시는 분은 신청란에 적어주시면 논알콜 음료로 준비해 드립니다 🖤


- 2차는요?
2차는 희망자에 한해 진행되며, 와인은 계속 무제한으로 제공됩니다🍷 다만, 참여자가 적을시 근처 술집을 추천 드릴수는 있습니다 🫶🏻

- 쉴 수 있는 공간이 있나요?
중간중간 쉴 수 있는 지옥도를 마련해서 대화하시다가 지치실경우 잠시 쉬어갈 수 있는 공간이 있습니다! (지금까지는 오히려 친해진 사람들끼리 가서 놀아서 지옥도가 천국도가 되었습니다ㅠ^^)


￼


- 그 외 궁금한 내용은 언제든지 DM💌해 주세요 🖤


♥ 공지사항
- 반말로 진행되는 모임입니다 (자기소개 이후로 진행되고, 따로 알려 드려요)
- 늦참 가능합니다!!ㅎ (편하게 오세요)
- 과도한 음주로 인해 의사소통이 되지 않거나, 타인에게 불쾌감을 줄 시, 환불 없이 퇴장 될 수 있습니다:)
- 기물파손시 일정 부분 변상 해야 하실수 있다는점 미리 공지 드립니다:)
- 신청은 시스템상 모임 시작 한시간전 마감됩니다:) ! 
- 마주치기 불편한분 문의는 개인디엠💌! 부탁드립니다!
- 와인 전문 모임은 아니여서 와인에 대한 설명은 따로 없는점 미리 양해의 말씀 드립니다:) 기존 게하 컨셉의 곁드리는 술만 와인으로 바뀐점 참고 부탁드려요 🫶🏻
- 해당 모임의 참가비는 컨텐츠비용과 대관비로 이루어져 있으며 주류와 안주는 무상제공합니다


￼

와인잔 꾸밀수 있게 와인잔 꾸미기 펜 제공될 예정입니다🍷🖊️🫶🏻이름표 대신 와인잔에 닉네임 쓰고 이쁘게 꾸미기🫶🏻🫶🏻🌃🫶🏻



🫶🏻🖤마지막 특별 할인가🖤 🫶🏻



43000>>> 40000>> 39000",소규모모임 | 게하파티 | 도란도란 | 와인 | 혼술,39000,34,11,영등포구,2026-08-01T10:00:00.000Z,CHOICE,NORMAL,,title:토요일 제주게하감성을 담은 와인 party,0,0,N,,,40,Y,API minAge/maxAge,,B,사교표현: 2차,중,,,,미검토
663792,2026-07-30T05:37:13+00:00,문토,default,160,https://www.munto.kr/detail-socialing?id=663792,13,소셜게임,보드게임,👩‍🚀🔥불금🔥 하찮은 하루 끝의 보드게임,"✨본 모임은 누구나 참여 가능한 오픈모임입니다!✨



🎉🎉🎉




“금요일인데 그냥 집에 가기 아쉬워•••”


“가벼운 마음으로 참여할 수 있는 모임 없을까?”


“새로운 사람들과 만나 즐겁게 놀고 싶어!”




한 주간 치열하게 보내신 여러분
🙇‍♂️ 고생 많으셨습니다 🙇‍♂️




일주일동안 쌓인 고민과 걱정을 날려버리고 싶은 마음과
주말을 기다리는 설레임이 공존하는 금요일 밤! 




🪐 우주모임의 스테디 모임 🪐


🎲 보드게임의 세계로 여러분을 초대합니다 🎲


================================








￼




시끌벅적 다 같이 떠들며 즐길 수 있는 
파티게임도 있구요 🥳








￼




과몰입 SSAP가능
몰입형 마피아 게임까지 🧑‍🔬






 💘 불금 보드게임 라인업 💘
(파티류, 마피아류로 진행됩니다!)


 ✔스파이폴
✔ 더마인드
✔ 하베스트
✔디크립토
✔ 로맨틱 지브라
✔ 헐~?! 소리가 나오는 게임
✔ 탑텐TV
✔ 넥스트 스테이션 파리
✔ 사보타지
✔ 하모니즈
✔ 데드 맨스 드로우
✔ 바퀴벌레 포커
✔ 엘리베이터 앞에서
✔ 두배로 영리한 여우
✔ 도적단의 월급날
✔ 인사이더
✔ 기즈모

이 외에도 800여가지의 게임들이 
준비되어 있습니다.

당일 바이브에 맞춰 
준비할께요 😉








￼

￼",보드게임 | 보드게임파티 | 불금 | 마피아,19000,13,1,강남구,2026-07-31T10:00:00.000Z,COMMON,NORMAL,12098,club:12098,0,0,N,,,,N,없음,,미판정,A/B 판정은 활동구체성 수기 검토 필요,하,,,,미검토
664344,2026-07-30T05:37:13+00:00,문토,default,161,https://www.munto.kr/detail-socialing?id=664344,4,취미,드로잉,🐱지적인고양이🐱저녁 드로잉 (금요일),"🎨 지적인고양이🐱 저녁드로잉


* 저녁 오후 7:30 시작됩니다:)
* ﻿﻿늦참 가능하시니 편하게 신청 해주세요!
* ﻿﻿클럽회원분이 아니셔도 신청 가능합니다!

* 지적인고양이 모임을 더 자유롭게 즐기시길 원하신다면 
[지적인고양이 멤버쉽]클럽으로 들어와주세요!!~


￼


지적인고양이

🐈🐈🐈

그림과 마음을 채우는 저녁 드로잉

🐱🐱🐱

지적인고양이 저녁 드로잉은 이런 사람들에게 추천합니다
- 새로운 취미를 가지고 싶으신 분
- 나만의 그림을 찾고 싶으신 분
- 좀 더 여유를 가지고 작업하시고 싶으신 분
- 가끔은 혼자, 가끔은 대화를 나누며 그림을 그리고 싶으신 분
- 그림을 포함한 문화 예술을 사랑하시는 분


￼


제공사항
- 캔버스 (20cm 이하)
- 오일파스텔
- 아크릴 물감
- 기타 연필, 지우개, 색연필, 도화지 등등
- 기타 원하시는 재료 개인 지참 가능합니다
- 20cm 이상 캔버스를 그리고 싶으신 경우 개인 지참 가능 (크기 및 재료에 따라 가격 변동 있음)
- 그림 및 인형만들기, 키링페인팅등 다른 프로그램 체험도 가능합니다


*모임 이외의 목적 (다단계, 영업, 전도 등)을 가지신 분의 출입 및 활동을 엄금합니다 (강퇴)

장소: 도림로139길 7 1층 지적인고양이 (문래동2가)
진행시간: 약 2시간 30분 


￼




￼

같이 그리고, 나누고, 즐기는 시간.
‘지적인고양이’에서 
당신의 창의력을 자유롭게 펼쳐보세요! 


🎨",그림 | 드로잉,20000,16,1,영등포구,2026-07-31T10:30:00.000Z,CHOICE,CLASS,2832,club:2832,0,0,N,,,,N,없음,,미판정,A/B 판정은 활동구체성 수기 검토 필요,하,,,,미검토
664795,2026-07-30T05:37:13+00:00,문토,default,162,https://www.munto.kr/detail-socialing?id=664795,9,파티,컨셉파티,선남선녀➖비주얼파티➖훈남훈녀환영🦾,"현재 문토 업데이트 후 DM이 불가합니다
파티 좋아요 및 팔로우 눌러주시면 DM 가능합니다

선남선녀 비주얼 파티를 지향합니다

➖정원 50명 파티
➖성비 맞춤 확실합니다

✔️7/31(금) 저녁 8시 시작입니다

✔️1부 : 20:00~23:00(180분)✔️
✔️2부 : 23:00~01:00(180분)✔️

‘과한 컨텐츠 없는 잔잔한 설렘을 추구하는 파티입니다’

￼￼￼￼

✔️파티 안내사항입니다✔️

본 파티는 주류 포틀럭 형식으로 진행됩니다

참석자분들께서는 본인이 드실 주류를 지참해 주시면,다 함께 나누며 즐기는 방식으로 운영됩니다.

•저희 선남선녀파티의 모임 회비는 
 공간대여비,콘텐츠 제작에 대한 금액 입니다.
 본 파티는 주류를 유로로 판매하지 않습니다.
 개인적으로 주류 구매하여 반입 가능합니다.",,34900,59,32,관악구,2026-07-31T11:20:00.000Z,CHOICE,NORMAL,,title:선남선녀 비주얼파티 훈남훈녀환영,0,0,Y,성비 맞춤,,,N,없음,,C,성비 정원/조절 명시,상,,,,미검토
663806,2026-07-30T05:37:13+00:00,문토,default,163,https://www.munto.kr/detail-socialing?id=663806,13,소셜게임,보드게임,👩🏻‍🚀[금🌙] 새로운 재미! ⚙ 전략 보드게임 한번 해볼까요?,"🍀 본 모임은 누구나 참여할 수 있습니다 🍀 😄


문토 최초로 모임 3500회 😮
우주모임에서만 경험할 수 있는
전략보드게임의 세계


보드게임카페에서는
해 볼 수 없는 전략게임들


하지만


보드게임 순위  상위100개중 70%가 

전략게임!


왜??!!


테이블 위에서 펼쳐지는
놀라운 테마와 몰입의 향연

그리고 
온몸을 짜릿하게 만드는
뇌파민!


그동안

보드게임 카페에서도
보드게임 모임에서도
할 수 없었던 전략게임들을


전략게임에 특화된 
우주모임에서 만나보세요!


입문자 분들도
전략게임을 즐기는 분들도

만족할 수 있는
엄선된 작품으로 안내해드립니다!



🥳🥳🎉





그럼

이달의 전략 게임을 소개합니다





￼










💁🏻💁🏻💁🏻

이런 분들께 적극 추천합니다!



한번 더~!! 하면 잘할 것 같았지만
언제열릴지 몰라 하염없이 기다리기만 했던 분


매번 똑같은 파티, 마피아 말고
새로운 형태의 보드게임을 찾고 싶었던 분들


세계 탑 티어 게임들을 경험해보고 싶으신 분들


평소 뽐내지 못했던 나만의 전략성으로
판을 뒤집고 싶으신 분


다양한 추리와 전략적 고민을 할 수 있는  
새로운 활동을 찾고 계신 분


전략 보드게임 챌린지로 오세요~ 


⚔️ ⚔️ ⚔️


Q. 전략 보드게임이란 무엇인가요?


A. 전략 보드게임은
자신이 원하는 대로 전략을 펼쳐서
판을 지배해나갈 수 있는 장르입니다.

남들이 놓치고 있던
한 수를 통해
순식간에 점수를 불려나가는 재미가 있죠!

보통 두세시간 동안
서로 머리를 맞대며
승리를 향해가는 한 순간 한 순간이...
정말 짜릿하실 거예요!




Q. 초보자도 가능한가요?


A. 전략 보드게임 챌린지는 
이미 전략게임을 경험하시거나
매주 열리는 ""배워봐요 보드게임""을 통해
해당 게임을 접해보신 분들에게
추천드립니다. 


하지만, 
처음이라 하더라도
다양한 난이도로 준비되어 있고
이미 경험하신 다른 참여자 분들께서
함께하실 예정이라 너무 걱정하지 않으셔도 됩니다~


그리고 게임 진행 중에 막히거나 잘 모를땐
숙달된 룰마분께서 
플레이를 도와드릴 거니까
걱정하지 않으셔도 됩니다.

물론 단순한 게임은 아니기 때문에,
평소 전략 보드게임을 플레이해보신
경험이 있으시다면 더 수월하게
즐기실 수 있으실 거예요!





Q. 정해진 전략게임 8개만 가능한건가요?

A. 아닙니다! 매월 추천게임이 있고
그 외에 800개 이상의 게임중
원하는 게임 자유롭게 하셔도 됩니다. 




Q. 클럽 멤버만 참여 가능한가요?


A. 아닙니다!

전략보드게임을 좋아하고 
경험해보고 싶은
누구나 참여할 수 있는 모임입니다!



￼



📢 📢 📢 📢





호옥시 😮


우주모임 멤버쉽이 궁금하신가요??! 🙊🙊🙊








￼







멋지고 다정한 사람들 그득그득~ 🤩
그냥 함께 있는 것만으로 넘치는 재미!! 🥰🥰


오늘 참여했던 모임부터 바로 100% 환불!! 🤓




🍀🍀🍀🍀



우주모임 멤버쉽 분들은
이렇게 멤버쉽을 이용하고 있습니다~




👉🏻 월 100개가 넘는 우주모임 무료참여!!
👉🏻 멤버쉽 회원 전용 모임들
👉🏻 리그전과 대회, 배틀전까지
👉🏻 다양한 퀘스트를 통한 레벨업 시스템
👉🏻 잠시 휴식부터 넷플릭스, 디즈니플러스, 플레이스테이션, 
닌텐도스위치까지 모두 가능한 꼬질 공간이용이 무료!!
👉🏻 커피, 차, 콜라 등 우주모임의 모든 음료와 다과가 무료!!
👉🏻 멤버쉽 회원들을 위한 다양한 이벤트와 특별 모임까지




🥰🥰🥰
지금 우주모임 멤버쉽 클럽에 가입하시면
함께 할 수 있습니다~~!!

￼",보드게임 | 우주모임 | 강남 | 신사,19000,16,1,강남구,2026-07-31T10:00:00.000Z,COMMON,NORMAL,12098,club:12098,0,0,N,,,,N,없음,,미판정,A/B 판정은 활동구체성 수기 검토 필요,하,,,,미검토
658722,2026-07-30T05:37:13+00:00,문토,default,164,https://www.munto.kr/detail-socialing?id=658722,4,취미,향수,[165] 이미지에 어울리는 향수찾기⛱️Summer ver.,"💥Event : 선착순 5분께 추가 선물 증정해드려요
🎁➰💝
(선착순 2분께는 얼리버드 할인 혜택까지!!)

——————


향에 대해 잘 모른다면!
향수 선택의 리스크를 줄이고 싶다면! 

4년차 동안 많은 분들이 찾아주신데에는 
다 이유가 있는법!❤️

 + 분위기 좋은 공간과🍷
좋은 사람들과 함께 향 취향 공유는 덤! 👥



￼￼￼￼￼",이미지향수 | 합정 | 브랜딩 | 취향 | 여름향수,34000,20,1,마포구,2026-08-09T05:30:00.000Z,CHOICE,CLASS,,title:이미지에 어울리는 향수찾기 summer ver,0,0,N,,,,N,없음,,미판정,A/B 판정은 활동구체성 수기 검토 필요,하,,,,미검토
663086,2026-07-30T05:37:13+00:00,문토,default,165,https://www.munto.kr/detail-socialing?id=663086,9,파티,와인파티,금❤️‍🔥2030❤️‍🔥부평의밤 와인모임🍷,"호스트 없이 자유롭게 진행되는 와인모임🍷
7월의 마지막 금요일 모임 모집해요❤️‍🔥

여성분 3분 신청하셨습니다 남자분들 급구해요❤️

당일 신청 많이 들어와요❗️❗️❗️
서둘러 신청해주세요☺️




모임 관련 궁금하신 점이 있으신 분
💓하단 좋아요( ❤️)를 눌러주세요!

💓좋아요 해주신 분들에게만 메세지가 가능합니다
편하게 물어보시면 빠르고 친절하게 답변해드릴께요!




￼
📸 사진은 실제 모임에서 촬영한 사진입니다




이런 분들에게 추천해요🙆‍♀️


• 혼술은 좋지만 가끔은 함께 마시고 싶은 분
• 억지 텐션보다 편안한 대화를 좋아하는 분
• 부평에서 새로운 사람들을 만나고 싶은 분
• 와인을 좋아하거나 입문해보고 싶은 분




￼



🍷 좋은 와인 한 잔,
🧀 맛있는 안주,
💬 편안한 대화.



와인을 잘 몰라도 괜찮아요.

맛있는 안주와 함께 부담 없이 이야기 나누고,
좋은 사람들과 편안한 저녁을 보내는 모임입니다💓



￼
📸 사진은 실제 모임에서 촬영한 사진입니다




1부가 끝나도 아쉬웠다면
2부에서는 칵테일 한 잔과 함께
편하게 이야기 나누며 조금 더 오래 즐겨보세요.
강요 없이,원하는 분들만 자유롭게 함께하는 시간입니다🍸




⏰시간  1부 | 20:00 ~ 22:00
🍸 2부 | 22:00 ~ (아쉬운분들끼리 자유롭게)


📍장소 | 부평 메인거리, 프라이빗 라운지
(확정 멤버에게만 공유해드립니다!) 


👥인원 | 최소3명 ~ 최대16명
▫️소외되는 사람없는 모임 지향
▫️친해지기 좋은 선한분들 환영 



￼",부평 | 인천 | 와인모임 | 칵테일 | 파티,39000,15,6,부평구,2026-07-31T11:00:00.000Z,CHOICE,NORMAL,,title:금 부평의밤 와인모임,0,0,N,,,40,Y,API minAge/maxAge,,미판정,A/B 판정은 활동구체성 수기 검토 필요,하,,,,미검토
663791,2026-07-30T05:37:13+00:00,문토,default,166,https://www.munto.kr/detail-socialing?id=663791,13,소셜게임,보드게임,👩‍🚀[목🌙] 🎲 다같이 보드게임 파티 🎉🎉 #파티게임 #마피아,"😶‍🌫️ 일주일의 쉼표,
편안하고 아늑한 공간에서 보드게임 한 판 어떠신가요?


 😶‍🌫️ 보드게임을 잘 안해보신 분들도 즐기실 수 있는 
꿀잼 게임들이 가득 준비되어 있습니다!



￼



안녕하세요!

우주모임에서 
보드게임 진행을 맡고 있는
호스트,
""에셀""입니다!


여러분은 여가시간 때 주로 무엇을 하시나요?


다같이 재밌는 걸 즐기고 싶은데,
여건이 되지 않아 아쉬울 때가 있지 않으셨나요?


  저는 그런 분들을 위한 취미 활동이
바로...!
보.드.게.임.
이라고 생각합니다!


서로와 빠르게 친해지는 동시에,
""한 판 더!!!""를 외치게 되는
새로운 취미 생활,
보드게임 한 판 어떠신가요?


그동안 많은 분들이 우주모임의
보드게임과 함께하시며
멋지게 모임을 빛내주셨습니다.


여러분들께도
우주모임의 보드게임과 함께
잊지 못할 추억을 
만들어 드리고 싶습니다!



￼






￼
￼
2026",보드게임 | 파티 | 우주모임,19000,13,1,강남구,2026-07-30T10:00:00.000Z,COMMON,NORMAL,12098,club:12098,0,0,N,,,,N,없음,,미판정,A/B 판정은 활동구체성 수기 검토 필요,하,,,,미검토
664830,2026-07-30T05:37:13+00:00,문토,default,167,https://www.munto.kr/detail-socialing?id=664830,9,파티,컨셉파티,"[🔥얼리버드 할인🔥]프리미엄 소셜 파티 ""설레임“","계정 팔로우 or 좋아요 눌러주셔야 
문의 및 응대가 가능합니다😊



모임 시작시간 20시 30분❗️


✨ 19시 30분 신청 마감됩니다!!✨


✔️특히 파티 당일에는
원할한 파티 진행을 위해
프로필 사진(얼굴 나온 사진 Good👍🏻), 
참여자 연령대 및 성비 등을 고려하여
승인해드리고 있습니다😉


✔️드레스코드는 ‘단정함’입니다! 
모자나 추리닝은 피하고 깔끔한 복장으로 함께해주세요.



✔️여성 알바 없는 건전한 모임! 
💚진심으로 인연을 찾는 분들만 참여합니다.💚


✔️안주와 주류를 무제한으로 마음껏 즐기세요!
(포틀럭❌ / 술지참❌)
일반음식점·파티룸·주류 판매업 허가 완료



설렘과 도파민이 가득한 파티🤍
누적인원 10만명의 게스트와 함께 했던 
호스트가 직접 운영합니다🤗




￼





누구나 부담 없이 어울릴 수 있는 분위기에서
좋은 사람들과 자연스럽게 대화를 이어갈 수 있습니다.

다양한 음식과 술, 쾌적한 공간까지 
정성스럽게 준비한 시간❗️

그 안에서 각자의 방식으로 편하게 즐기시면 됩니다.🤗



￼



추천이 추천을 부르는 파티 “설레임”

매주 빠른 정원 마감의 이유❗️
실제 참여자들의 리뷰로 확인해보세요.👇👇



￼



🔔설레임 타임라인🔔
✔️메인 파티 20:30~
✔️에프터 파티 23:30~
(에프터 파티는 현장에서 안내해드립니다🤗)



￼




참여자만을 위한 특별한 혜택 🎁을 더했습니다❗️

저희 “설레임”은
 부담 없는 만남을 원하는 분부터
혼자서도 편하게 즐길 수 있는 분들까지❗️

모두가 자연스럽게 어울릴 수 있는 모임입니다.☺️☺️



￼




망설이지 마세요🙅‍♀️🙅‍♂️

고민만 하다 보면 이미 마감되어
 참여하실 수 없습니다❗️

먼저 예약하시면 얼리버드 혜택까지🤗

❤️낯선 인연과의 “설레임“을 느껴보세요❤️",서울파티 | 게더링파티 | 합정 | 마포 | 설레임,39500,59,30,마포구,2026-07-30T11:30:00.000Z,CHOICE,NORMAL,,title:프리미엄 소셜 파티 설레임,0,0,N,,,35,Y,API minAge/maxAge,,미판정,A/B 판정은 활동구체성 수기 검토 필요,하,,,,미검토
665342,2026-07-30T05:37:13+00:00,문토,default,168,https://www.munto.kr/detail-socialing?id=665342,12,연애·사랑,로테이션소개팅,🧡90-02🧡 8/1(토) 6시 홍대 커피소개팅🧡운명 같은 2시간,"🧡홍대에서 시작되는 운명같은 2시간

매주 토요일 오후 6시[90-02]

적당히 편안한 장소,
서로를 알아가기 좋은 대화 시간,
그리고 자연스럽게 마주할 수 있는 사람들.

소개팅의 설렘은 거창한 것보다
이런 작고 미묘한 차이에서 시작된다고 생각합니다.
편안하지만 설레고,
부담 없지만 서로에게 집중할 수 있는 시간.
그런 만남을 준비했습니다.

억지로 텐션을 올리고 잘보여야 하는 소개팅이 아닌,
편하게 이야기하며 서로를 알아가는 시간
'운명같은 2시간 홍대 로맨스'


￼


☕️ 신청 전 참여조건을 꼭 확인해주세요!

✔️ 남녀 성비 1:1
✔️ 최소 8:8 ~ 최대 10:10
✔️ 한 사람 한 사람 충분한 대화 시간
✔️ 전체 대관한 편안한 카페에서 진행

커피를 좋아하지 않아도 괜찮아요! ☕️🥤
다른 음료도 준비되어 있습니다.

⏰ 약 2시간 ~ 2시간 30분 동안 진행됩니다.
여러 사람을 정신없이 만나기보다
한 사람과의 대화에 조금 더 집중할 수 있도록 진행합니다.

🌸 회차별 인원이 정해져 있어 빠르게 마감될 수 있으니, 참여를 원하신다면 미리 신청해 주세요.

참여 전 확인해 주세요. 😊
-신청 후 간단한 인증 절차를 거쳐 최종 참여가 확정됩니다. 
-원활하고 편안한 모임을 위해 운영 기준에 맞지 않는 경우 참여가 어려울 수 있습니다.
-행사 중 촬영된 사진은 홍보 목적으로 활용될 수 있으며, 참여자의 얼굴은 모두 모자이크 처리됩니다. 
-또한 당일 운영 상황에 따라 남녀 성비가 1명 정도 차이 날 수 있습니다.
-지금까지 취소된 회차 없이 꾸준히 진행되고 있으니 부담 없이 신청해 주세요 :)

￼￼￼


좋은 인연은 특별한 곳보다, 편안한 대화에서 시작됩니다.
이번 토요일, 새로운 사람과 천천히 알아가는 시간을 가져보세요. 🧡",로테이션소개팅 | 커피소개팅 | 직장인소개팅 | 홍대소개팅,34800,9,4,마포구,2026-08-01T09:00:00.000Z,CHOICE,NORMAL,,title:시 홍대 커피소개팅 운명 같은 시간,0,0,N,,,,Y,90-02,,C,직접표현: 소개팅,상,,,,미검토
660762,2026-07-30T05:37:13+00:00,문토,default,169,https://www.munto.kr/detail-socialing?id=660762,12,연애·사랑,로테이션소개팅,"남(키178이상,35세이하),여성우선❤️26~36❤️7.31 금","✅️지금부터 남성 키178이상,  35세이하(91년생) 자기관리 하시는분 승인가능합니다.
✅타소개팅처럼 훈훈한 모델사진 허위아이디 / 알바 / 무료 초대 / 협찬🚫으로 현혹하지 않습니다.
(❤️진정성 있는 분들만 신청해주세요)
✅️신청조건과 다를 시 추후 취소될수 있습니다.
✅️타 모임(소개팅, 파티) 관련자 절대 신청금지✖️

🎉4주년 기념 초특가 감사이벤트 진행합니다.🎉

💕선착순 5분 1.9만 특가 + 커피기프티콘 2매 증정
(카드 부분취소+기프티콘 2매 지급)🥰
(모임종료 후 메세지주시면 즉시 발송)

💙남28~36(90년생), ❤️여26~34(92년생) 모집중!(남90/여92년생은 최대인원 제한, 빠른 신청 추천!)

✅️모집중✅️(유진 프로필 클릭 후 모임 탭 선택)
7.31 금 오후 3시(26~36)
8.1 토 오후 3시(25~35)
8.2 일 오후 3시(24~34)

✅️매 회 조기 마감되는 프리미엄 인기 소개팅💕
✅️수 만명의 문토 참여자, 수 천개의 문토 리뷰! 
✅️문토 모임평가 최상위! (특히 여성만족도 👍)
✅️신촌역 도보3분 초역세권! 추운 날 걷기 최소❤️
✅️유일한 신축 감성카페 통대관으로 높은 만족도!
✅️전좌석 파티션 설치로 프라이빗 대화❤️

￼

🏩 장소 만족도 최상(80평 단독 대관)
   유일무이 신축!, 엘리베이터 완비!, 파티션 완비!
   자연광 통창!, 고급스러운 분위기, 화장실 2개층 사용
   따뜻하고 은은한 조명⛱️ 로맨틱한 재즈 음악 🎶 

￼

👍압도적 소개팅 만족도❗️

💟외모, 키, 능력까지 고려하여 이상형 위주 승인
    - 특히 남성은 프로필사진까지 고려(필요시요청)
    - 훈훈한 소개팅에 선남선녀가 많은 이유😊
💟나잇대로 조배치(나이차이 많이 나는 데이트상대✖️)
    - 참고로 연하,동갑을 선호하시는 여성분들, 나이차이나는 연상 원하시는 여성분들은 신청 전 미리 연락주시면 배치 가능여부 말씀드릴게요
💟고퀄리티 카페음료(3종)제공, 티테이블 다과 무제한
💟블랙리스트 제도: 비매너, 자기관리 안하는 분, 작성한 프로필이 실제와 현저히 다른 경우 등 재참여 불가합니다😭

🥰명단 업데이트가 늦어질수 있습니다. 단톡방에 입장하셨으면 참석 확정입니다.

💗현재 신청하신 분💗(실제참석자만 기입)
 
🙋‍♂️남성 
💙1호 - 30대/대기업/184/운동하는, 깔끔한외모 
💙2호 - 30대/대기업/177/부드러운 차도남
💙3호 - 30대/공기업/183/어깨넓은, 자기관리 
💙4호 - 30대/경영책임자/178/다정다감한, 훈훈한 
💙5호 - 30대/대기업/181/어깨넓은, 비율좋은 
💙6호 - 30대/사업가/180/어깨넓은, 자기관리 
💙7호 - 30대/중견기업/178/어깨넓은, 훈훈한 
💙8호 - 30대/공무원/180/자기관리, 세심한 
💙9호 - 30대/공기업/174/어깨넓은, 양파같은, 훈훈
💙10호 - 30대/공무원/178/운동하는, 비율좋은 
💙11호 - 30대/공기업/190/피부좋은, 비율좋은 
💙12호 - 30대/엔지니어/183/다정한, 예의바른,훈훈
💙13호 - 20대/개발자/180/자기관리, 몸매좋은 
💙14호 - 30대/외국계/180/동안외모, 자기관리 
💙15호 - 30대/공무원/181/자기관리, 세심한 
💙16호 - 
💙17호 - 
💙18호 - 
💙19호 - 
💙20호 - 

🙋‍♀️여성
❤️1호 - 30대/의료업/168/자기관리, 동그란 눈
❤️2호 - 30대/의료직/160/잘웃는, 다정다감한 
❤️3호 - 20대/대기업/166/피부하얀, 잘웃는 
❤️4호 - 30대/사무직/163/피부하얀, 다정다감한 
❤️5호 - 30대/디자이너/165/자기관리, 유머러스 
❤️6호 - 30대/디자이너/168/적극적인, 보조개있는 
❤️7호 - 30대/의료직/165/피부하얀, 잘웃는 
❤️8호 - 20대/중견기업/167/밝은성격, 활발한 
❤️9호 - 30대/의료직/160/밝은성격, 잘웃는 
❤️10호 - 30대/의료직/158/자기관리, 몸매좋은 
❤️11호 - 30대/의료직/166/보조개있는, 귀여운 
❤️12호 -
❤️13호 -
❤️14호 -
❤️15호 - 
❤️16호 - 
❤️17호 - 
❤️18호 - 
❤️19호 - 
❤️20호 -  

✅️라인업이나 인원 수는 취소, 변경 및 노쇼 등 당일 사정에 따라 일부 변동될 수 있습니다. 
✅️요청에 따라 중복만남 되지않게 조정해드려요
💌신청자가 많을 시 나이 등에 따라 A, B조 나눠 진행
☝️ A조 8:8~14:14 , B조 5:5~10:10(대화시간 up) 성비 1대1을 원칙으로 하며 참석자분들의 지각, 노쇼로 인해 해당 범위 내에서 대화 인원 변동이 있을 수 있습니다.

❤️훈훈한 소개팅만의 장점 ❤️

🏩유일무이 신축 초대형 신축 카페 통대관
-최신식 신축건물, 카페 2개층 통대관, 자연광 통창 고급 갤러리형 카페에서 편하게 대화하세요😄
-가장 예쁘고 멋지게 보이는 은은하고 따뜻한 조명 
-깔끔한 화장실 2개층 사용, 엘리베이터 완비

✅️유일무이 전 좌석 파티션 설치
-전 좌석 파티션 및 조형물 설치로 시선이 마주치지 않아 편안하게 대화 나누실 수 있어 커플 매칭률이 높습니다.(넓은 간격 프라이빗 좌석에서 편안히 대화)

✅️신촌역 도보3분 초역세권! 더운날 걷기 최소❤️
더운 날 예쁘게 입고 구두까지 신고
먼 길 걷는 거 정말 힘드시잖아요?
신촌역 6번출구에서 130m, 딱 3분 거리라 금방 오실 수 있어요 😊
(+서강대역에서도 멀지 않아요!)

🥰남녀 나이 차이 적절히 조절
-저는 주로 여성분보다 남성분 나이가 적당히 더 있도록 배치를 짜려고 하고 있어요. 그래서 만족도가 매우 높아요. 또한 연하,동갑을 선호하시는 여성분들, 나이차이 나는 연상 선호하시는 여성분들은 신청 전 미리 연락주시면 고려하여 조 배치 해드리고있어요

🤵‍♀️체계적 진행, 상시 도우미 스탭 근무🙋‍♀️
-호스트와 스탭분들이 프로페셔널하게 진행하고 각 층 담당스탭이 상주하며 불편한점을 도와드려요!!

￼

☕️퀄리티 높은 카페음료 및 다양한 다과 무제한 제공🥨
-바리스타 카페 사장님 추천 고퀄리티 3종 카페음료 제공!! 또한 다양한 다과를 무제한으로 드시라고 따로 티테이블이 구비되어 있어요!!
-자리마다 다과 배치하여 대화 중 가지러 오지 않으셔도 중간중간 드실 수 있습니다. 

☝️모두의 이상형에 가까운 분 위주 승인
-소개팅은 상대가 가장 중요하죠? 외모, 키, 직업 등에서 모두의 이상형💕에 가까운 분들을 위주로 승인해요.

☝️중복, 같은회사 제외
-요청 시 타소셜링에서 만난 분, 같은 회사분 등 중복 제외 해드립니다. (승인질문 답변이나 채팅으로 요청)

🫶위치: 신촌역에서 3분 거리 감성카페
□약 2시간 30분 소요 (참여인원에 따라 변동)

✅남성 신청조건✅
💙28~36세
💙키 174이상(양심적으로  부탁드려요)
💙깔끔한 인상의 외모(과체중✖️)
💙대기업,공기업, 중견기업 등 안정적인 직장인
💙다정하고 매너 있으신 분
(성비불균형으로 인해 부득이하게 조건이 있습니다🙏
   죄송하지만 동일직군 너무 많은 분들의 신청으로 군인, 휴대폰판매직, 중고차딜러 등의 일부 직군은 승인이 되지않습니다.)
💙돌싱 금지
 
✅여성 신청조건✅
❤️26~34세
❤️깔끔한 인상 및 예쁜 마음 가지신분(과체중✖️)
❤️돌싱 금지

호스트 유진이 여러분의 인연을 찾을 수 있게 도울게요! 소개팅날 뵐게요💕

🙏 부탁드려요
-성비는 1:1로 진행합니다.
-당일 노쇼X (못 오시는 경우, 전날까지는 꼭 말씀해주세요. 상대방이 기다리시게 됩니다🥲)
-타 소셜링 호스트 및 스탭 신청불가. 양해부탁드려요.
-소개팅에 맞는 복장으로 와주세요.
(츄리닝✖️ 슬리퍼✖️ 캡모자✖️ 등)

￼",훈훈한 | 만남 | 훈남훈녀 | 훈훈한소개팅 | 소개팅,23500,51,38,마포구,2026-07-31T10:50:00.000Z,CHOICE,NORMAL,10428,club:10428,0,0,Y,남90/여92,,40,Y,API minAge/maxAge,,C,직접표현: 소개팅,상,,,,미검토
658723,2026-07-30T05:37:13+00:00,문토,default,170,https://www.munto.kr/detail-socialing?id=658723,1,문화·예술,문화·예술,[166] 이미지에 어울리는 향수찾기⛱️Summer ver.,"💥Event : 선착순 5분께 추가 선물 증정해드려요
🎁➰💝
(선착순 2분께는 얼리버드 할인 혜택까지!!)

——————


향에 대해 잘 모른다면!
향수 선택의 리스크를 줄이고 싶다면! 

4년차 동안 많은 분들이 찾아주신데에는 
다 이유가 있는법!❤️

 + 분위기 좋은 공간과🍷
좋은 사람들과 함께 향 취향 공유는 덤! 👥



￼￼￼￼￼",이미지향수 | 합정 | 브랜딩 | 취향 | 여름향수,34000,20,1,마포구,2026-08-17T05:30:00.000Z,CHOICE,CLASS,,title:이미지에 어울리는 향수찾기 summer ver,0,0,N,,,,N,없음,,미판정,A/B 판정은 활동구체성 수기 검토 필요,하,,,,미검토
664181,2026-07-30T05:37:13+00:00,문토,default,171,https://www.munto.kr/detail-socialing?id=664181,9,파티,컨셉파티,"비주얼특집가자!!🚨승무원,모델 다수/도파민 클럽","📢술+안주 무한 제공입니다📢
(참이슬/테라/새로/카스/각종음료)

📢술 안드시는 분들을 위한 음료도 마련되어있어요📢

——————————


문토 업데이트 이후  
‘좋아요(❤️)’를 남겨주신 분들께만  
메시지 안내가 가능해요 😚

파티 관련해서  
궁금한 점 있으신 분들은  
(시간, 장소, 분위기 등)

 좋아요(❤️) 눌러주시거나 DM주시면
안내 도와드릴게요 💌

감사합니다!

——————————-

🤍

도파민 클럽은?

🌌여성 알바 없어요! 모두가 만남에 진심인 
참가자들만 모여요!

🌌안주+주류 무제한입니다! (포틀럭❌술지참❌)
(일반음식점·파티룸·주류 판매 업종 완비)

🌌자체제작 어플 이용해서 컨텐츠 진행합니다! 
뻔하지않게 설렘 가득하게 만들께요!

🌌참가자들 일부 프로필
-30대 대기업
-20대 선생님
-30대 가업승계
-20대 비서
-20대 뷰티모델
등등!



🚨타 모임 운영진, 호스트 및 스태프의 참여는 
제한하고 있습니다.
본 모임은 참가자 한 분 한 분이 온전히 만남과 교류에 
집중할 수 있는 환경을 가장 중요하게 생각합니다.



🌌모임 안내🌌

📍 문래역 인근 파티룸(도보거리)

🕣 저녁 8시 30분 입장/ 컨텐츠 40분 시작

📌 신청 마감 : 오후 7시 40분

🌙 2부는 자유롭게 참여 가능합니다

🙋 늦게 오셔도 중간 합류 가능합니다.
(늦참가능)

🤍


￼



￼￼



⸻

- 타 모임 운영진, 호스트 및 스태프의 
참여는 제한하고 있습니다.

본 모임은 참가자 한 분 한 분이 
온전히 만남과 교류에 집중할 수 있는 환경을 
가장 중요하게 생각합니다.

타 모임 운영진 또는 관계자의 경우
의도와 무관하게 분위기나 흐름에 영향을 줄 수 있어,
모임의 진정성과 균형을 지키기 위해 
참여를 정중히 제한하고 있습니다.

서로 처음 만나는 자리에서
누구나 같은 위치에서 자연스럽게 소통할 수 있도록
양해 부탁드립니다. 🙏

🚨

더불어 도파민 클럽 파티룸은
관련 법규에 맞게 정식 등록된 공간으로,
‘일반음식점·파티룸·주류 판매 업종이’ 
모두 완료된 장소입니다.

모든 운영은 관련 법규를 준수하여 진행되며,
참가자분들께서 안심하고 즐기실 수 있도록
항상 기준에 맞춰 운영하고 있습니다.

걱정 없이 편하게 방문해주세요 😊",인연의발견기획전 | 봄의발견기획전 | 여름감성기획전 | 실내피서기획전 | 여름의설렘기획전,38000,79,32,영등포구,2026-08-01T11:40:00.000Z,CHOICE,NORMAL,,title:비주얼특집가자 승무원 모델 다수 도파민 클럽,0,0,N,,,40,Y,API minAge/maxAge,,미판정,A/B 판정은 활동구체성 수기 검토 필요,하,,,,미검토
664957,2026-07-30T05:37:13+00:00,문토,default,172,https://www.munto.kr/detail-socialing?id=664957,9,파티,내향인파티,🎈왕십리역 도보 5분 솔로파티 언플러그🎈,"❤️ 하트, 호스트 팔로우 주셔야 DM 메시지 가능합니다!


파티 관련해서 궁금한 점 있으신 분들은 하트, 호스트 팔로우 주세요! 감사합니다 🙏


[왕십리] 폰은 잠시 내려두고, 진짜 대화에 집중하는 시간! ✨ UNPLUG 파티에 초대합니다 🥂

매일 반복되는 일상, 지루한 굴레에서 잠시 벗어나고 싶다면? 

🏃‍♂️💨복잡한 생각은 다 비우고,
 오늘 밤은 오직 사람과 대화 그 자체에 '언플러그' 해보세요! 





⚠️ [필독 안내 사항]

📍 저희 파티장은 공간 대여이므로 같은 장소 다른 요일 타 파티랑 헷갈리지 마세요!

💰 언플러그 파티는 술을 드시지 않는 분들을 위해 가격은 절감 했습니다.다양한 안주와 음료를 든든하게 제공해 드립니다. (주류만 각자 지참!)

🚫 테이블 내 알바, 스텝 절대 없습니다! (알바 X)

🏃‍♂️ 당일에 신청자가 많으니 미리 신청 주세요!

⭐️ 솔로 파티가 처음이신 분들에게 강력 추천드려요!

⚖️ 성비는 1:1을 지향하나, 최대 2:1입니다.

⛔ 타 파티 호스트 참여는 정중히 거절하겠습니다. (확인 시 환불 없이 퇴장 조치)


￼

🍷 어떤 분위기인가요?

🛋️ 격식 없이 편안하게 어울릴 수 있는 프라이빗한 소셜 공간

🧊 어색함은 깨고 웃음은 채워주는 유쾌한 아이스브레이킹 & 테이블 미션 🎯

🧀 분위기를 더해주는 다양한 안주와 음료 제공 
(※ 주류는 각자 지참! 파티룸 근처 1분 거리 편의점 이용 🛒)

낯선 이와의 설레는 만남, 기분 좋은 도파민을 충전하고 싶다면 지금 바로 함께해요! 🔥

￼

Q&A 💬

Q. 혼자 가도 괜찮을까요?

👉 YES! 대부분의 게스트분들이 혼자 오세요. 독립적으로 오셔도 금방 친해질 수 있어요 🙋‍♀️🙋‍♂️

Q. 내향적인 편인데 괜찮을까요?

👉 YES! 저희 파티 콘텐츠는 내향인 기준으로 설계되어 있어 부담 없이 즐기기 좋아요 🥹

여러분들을 위한 전용 웹앱까지 개발하여 더욱더 편하게 즐길 수 있답니다! 📱💡

[📷 지루할 틈 없이 자연스럽게 몰입되는 현장 분위기]

￼

💡 왜 이 파티를 만들었냐면요,수많은 파티를 다녀봐도 남는 건 공허함뿐이던가요? 그래서 직접 만들었습니다. ✨ UNPLUG

시끌벅적한 음악과 겉도는 대화들, 집에 돌아오는 길에 밀려오는 묘한 공허함 🌪️어쩌면 우리는 **'진짜 대화'**가 고팠던 게 아닐까요?

저 역시 수많은 모임을 전전하며 똑같은 갈증을 느꼈기에,정말로 속 깊은 이야기를 나누고 결이 맞는 사람들과 편안하게 어울릴 수 있는 공간을 직접 차렸습니다 🏠❤️

겉치레뿐인 만남에 지쳐 파티를 떠돌다, 결국 저 스스로가 느꼈던 공허함을 채우기 위해 직접 판을 짜게 되었습니다.

집에 가는 길에 **'오늘 참 재밌었다'**고 웃으며 돌아갈 수 있는 진짜 소통의 장, UNPLUG에서 여러분을 기다리고 있겠습니다.우리 함께 일상의 코드를 잠시 뽑아봐요! ⚡



✔️ 시간: 1차 19시~22시
                2차 22시~24시 (희망자 한해서)

✔️ 장소: 왕십리역 도보 5분 
               (자세한 장소는 단체 채팅방에서 확인 해주세요!)
               
✔️ 일시: 매주 토요일 저녁 7시

✔️ 드레스코드: 깔끔하게 입어주세요.
                           추리닝,슬리퍼는 지양해주세요!

✔️ 준비물:주류(희망시),즐거운 마음가짐 ☺️ 





*프로필 본인사진, 호스트 팔로우, 온도 높은분 
 우선 승인됩니다.
*성비 조율을 위해 승인대기가 발생할 수 있습니다.
*문토 정책상 파티 시작 1시간 전에 모집이 마감됩니다.
*조기 마감으로 파티에 참여 못하신 분은 다음회차에
 디엠 주시면 우선순위로 승인됩니다.
*환불규정은 문토 규정을 따르고있습니다.
*개인 주류, 음식 지참 및 반입 언제든 가능합니다!",솔로파티 | 내향인 | 왕십리 | 성동구 | 대화형,37000,59,27,성동구,2026-08-01T10:10:00.000Z,CHOICE,NORMAL,,title:왕십리역 도보 분 솔로파티 언플러그,0,0,N,,25,40,Y,API minAge/maxAge,,C,직접표현: 솔로파티,상,,,,미검토
664254,2026-07-30T05:37:13+00:00,문토,default,173,https://www.munto.kr/detail-socialing?id=664254,9,파티,내향인파티,[선착순 남 5 여 3]잔연 - 잔잔한 연결 🍀,"- 최대 30명 내외로 진행되며, 당일에는 신청이 몰려 승인이 어려울 수 있습니다.
- 성비는 남녀 1:1을 지향합니다.
- 가볍지 않은 인연을 위해 무료 초대는 진행하지 않습니다.



우연처럼 시작되지만,
오래 보고 싶은 인연을 만나는 자리입니다 😊 



￼

￼￼￼",우연 | 필연 | 컨셉파티 | 내향인파티,40000,38,14,마포구,2026-07-30T11:00:00.000Z,CHOICE,NORMAL,,title:잔연 잔잔한 연결,0,0,N,,,35,Y,API minAge/maxAge,,미판정,A/B 판정은 활동구체성 수기 검토 필요,하,,,,미검토
664319,2026-07-30T05:37:13+00:00,문토,default,174,https://www.munto.kr/detail-socialing?id=664319,4,취미,사진,🎨전시와 사진📷 인생샷 찍으러 가요 ᕕ( ᐛ )ᕗ,"🎨같이 전시 보고 사진찍어요📷
(보정까지 해드려요💜)

호스트가 전시보고 사진 찍고 싶어서 
여는 소셜링🥳

￼


100년 넘는 시간동안 
살아남은 건축물..

사당역에 <서울 시립 남서울 미술관>이
있다는 사실 알고 있으셨나요?!

고전적 건축물과
현대미술이 소통하는 예술적 공간✨

너무 따뜻한 분위기에 
예쁜 미술관 내부😲


￼


인스타 감성 사진
카카오 프로필 사진
같이 찍으러 가요!!👊🏻

아트팅 호스트가 인생샷 남겨드립니다😎💫


￼


어려운 전시를 주제로한 깊은 대화가 아닌,
단순히 아름다운 건물과
좋은 전시를 눈과 마음으로 즐기고
사진찍어서 기록해요:)👀

전시 보는 내 모습, 제법 멋지쟈나?🤔



￼



문화생활 즐기는 모습을
사진으로 남겨보세요🙌🏻

기본 보정은 호스트가 해드립니다!
프사각이다~~


전시&사진 소셜링 할인
>>>25,000원🔥



<소셜링 진행>
1. 다같이 모여서 가볍게 인사하고
2. 2-3명이 짝꿍이 되어 전시보고
3. 전시 보고 있을때 한명씩 호스트와 
약 5-10분간 사진촬영!
(본인 촬영이 싫으신 분은 
배경 사진 찍는거 도와드려요)
4. 단체사진 촬영하면 끝!

5. 자리가 있는 카페나 빈 공간으로 이동해서 
가볍게 사진 이야기 하고
자유롭게 수다 떨기
(카페 음료 비용 별도) 
취미 직업 연애 등등 자유롭게 이야기해요! 
투머치토커 환영😊

약 2시간 진행 예정이며
상황에 따라 달라질 가능성 있습니다.




💚이런분 환영해요💚
사진찍거나 찍히는거 좋아하는 분
예민하지 않으신 분
아트팅의 새로운 소셜링 재밌게 즐기실 분 
프로필 사진 건지실 분
소개팅 사진 없으신 분
심심하신 분
동네 친구 사귀고 싶으신 분
등등….

- 소셜링 중 사진은 마케팅 용도로 사용될 수 있으며
얼굴이 나올 경우 블러 처리 혹은 
동의 여부 받도록 하겠습니다!
- 도슨트가 진행되는 소셜링은 아닙니다.
- 전시는 상황에 따라 변경될 수 있습니다.
- 사진 원본 및 보정 결과물은 추후 전달드립니다.


￼


<현재 진행중인 전시>
-권진규의 영원한 집-
-조숙진: 지나가는 자리-

전시는 무료로 매너있는 관람 부탁드려요:)
전시 입장 마감은 5시 입니다!


서울 시립 남서울 미술관 
주소 : 서울 관악구 남부순환로 2076 서울시립미술관
(사당역 6번 출구)",전시 | 사진 | 사당,25000,10,5,동작구,2026-08-02T07:30:00.000Z,CHOICE,NORMAL,,title:전시와 사진 인생샷 찍으러 가요 ᕕ ᕗ,0,0,N,,,40,Y,API minAge/maxAge,,C,직접표현: 소개팅,상,,,,미검토
663794,2026-07-30T05:37:13+00:00,문토,default,175,https://www.munto.kr/detail-socialing?id=663794,13,소셜게임,보드게임,👩‍🚀토요일 저녁의 보드게임 파티 🎉🎉 #파티 #마피아,"✨본 모임은 누구나 참여 가능합니다!✨


🎉🎉🎉



￼

￼
3",보드게임 | 파티 | 우주모임,19000,17,1,강남구,2026-08-01T10:00:00.000Z,COMMON,NORMAL,12098,club:12098,9,9,Y,API 성별정원 남9/여9,,,N,없음,,C,성비 정원/조절 명시,상,,,,미검토
665743,2026-07-30T05:37:13+00:00,문토,default,176,https://www.munto.kr/detail-socialing?id=665743,7,자기계발,독서,독서모임📙 양귀자 『모순』에 대하여,"안녕하세요. 합정다락 혜원입니다 🖐🏻

저에게 독서는 치유의 시간이자, 끊임없는 성장의 원동력이기도 해요.

혼자 책을 읽는 것을 즐기는 저이지만,
많은 사람들과 많은 이야기를 나누고싶은 도서가 있어서 이렇게 독서모임을 열게 되었습니다.





￼



이번 모임에서 함께 이야기 나눌 책은
양귀자, <모순> 입니다

독서와 글쓰기는 제 삶의 큰 일부에요.

대단치는 않지만, 여러분을 진심으로 모실 준비가 되어있는 호스트라고 자부할 수 있습니다 :)



￼
￼


🚩진행장소

제가 손으로 하나하나 직접 꾸민 저의 개인 작업실이자, 복합문화공간으로 운영하고 있는 합정 한 가운데의 다락방 ""합정다락""에서 진행됩니다.

합정다락 공간과 작업물을 더 자세히 보고싶다면,
합정다락 인스타그램 @hapjeong_darak(한글로 합정다락 검색해도 가능)으로 구경오세요❣️


⏳진행시간
오후 2시부터 2시간동안


🎁제공사항
위스키, 와인, 질문지, 아늑한 공간



⭐⭐⭐⭐⭐⭐⭐⭐⭐
책을 모임전까지 읽고 와주세요!
꼭 완독하지 않아도 좋습니다
⭐⭐⭐⭐⭐⭐⭐⭐⭐


￼



여러분과 나눌 이야기를 기대하고 있을게요 !
우리가 꼭 만날 수 있으면 좋겠네요 :)

혜원 드림.",독서모임 | 독서,26000,5,4,마포구,2026-07-31T05:00:00.000Z,COMMON,NORMAL,,title:독서모임 양귀자 모순 에 대하여,0,0,N,,,,N,없음,,미판정,A/B 판정은 활동구체성 수기 검토 필요,하,,,,미검토
663904,2026-07-30T05:37:13+00:00,문토,default,177,https://www.munto.kr/detail-socialing?id=663904,9,파티,컨셉파티,오픈특가🍷(00-86년생)와인 로테이션 파티,"📢술+안주 무한 제공입니다📢
(와인/각종 논알콜)

📢술 안드시는 분들을 위한 음료도 마련되어있어요📢

📢와인을 잘 몰라도 상관 없어요. 
만남을 위한 캐주얼한 자리입니다📢

너무 어린 연령대보다 대화의 무게를 알고 
만남에 진심인 사람들이 모여 
결이 맞는 대화 나눠요.

——————————


문토 업데이트 이후  
‘좋아요(❤️)’를 남겨주신 분들께만  
메시지 안내가 가능해요 😚

파티 관련해서  
궁금한 점 있으신 분들은  
(시간, 장소, 분위기 등)

 좋아요(❤️) 눌러주시거나 DM주시면
안내 도와드릴게요 💌

감사합니다!

——————————-

🤍

🌌여성 알바 없어요! 모두가 만남에 진심인 
참가자들만 모여요!

🌌안주+주류 무제한입니다! (포틀럭❌술지참❌)
(일반음식점·파티룸·주류 판매 업종 완비)

🌌자체제작 어플 이용해서 컨텐츠 진행합니다! 
뻔하지않게 설렘 가득하게 만들께요!


🚨타 모임 운영진, 호스트 및 스태프의 참여는 
제한하고 있습니다.
본 모임은 참가자 한 분 한 분이 온전히 만남과 교류에 
집중할 수 있는 환경을 가장 중요하게 생각합니다.



🌌모임 안내🌌

📍 문래역 인근 파티룸(도보거리)

🕣 저녁 8시 30분 입장/ 컨텐츠 40분 시작

📌 신청 마감 : 오후 7시 40분

🌙 2부는 자유롭게 참여 가능합니다

🙋 늦게 오셔도 중간 합류 가능합니다.
(늦참가능)


🤍


￼



￼





⸻

- 타 모임 운영진, 호스트 및 스태프의 
참여는 제한하고 있습니다.

본 모임은 참가자 한 분 한 분이 
온전히 만남과 교류에 집중할 수 있는 환경을 
가장 중요하게 생각합니다.

타 모임 운영진 또는 관계자의 경우
의도와 무관하게 분위기나 흐름에 영향을 줄 수 있어,
모임의 진정성과 균형을 지키기 위해 
참여를 정중히 제한하고 있습니다.

서로 처음 만나는 자리에서
누구나 같은 위치에서 자연스럽게 소통할 수 있도록
양해 부탁드립니다. 🙏

🚨

더불어 도파민 클럽 파티룸은
관련 법규에 맞게 정식 등록된 공간으로,
‘일반음식점·파티룸·주류 판매 업종이’ 
모두 완료된 장소입니다.

모든 운영은 관련 법규를 준수하여 진행되며,
참가자분들께서 안심하고 즐기실 수 있도록
항상 기준에 맞춰 운영하고 있습니다.

걱정 없이 편하게 방문해주세요 😊",여름기획전,39000,79,28,영등포구,2026-07-31T11:40:00.000Z,CHOICE,NORMAL,,title:오픈특가 와인 로테이션 파티,0,0,N,,,45,Y,API minAge/maxAge,,미판정,A/B 판정은 활동구체성 수기 검토 필요,하,,,,미검토
665165,2026-07-30T05:37:13+00:00,문토,default,178,https://www.munto.kr/detail-socialing?id=665165,1,문화·예술,영화,영화대화모임📹 『가타카』에 대하여,"저에게 영화란 가장 고독한 순간에 만나는 이름 모를 친구입니다.

외롭고 막막할때 영화는 너만 그런게 아니야 라고 위로를 건네곤 하죠.

현실의 소음에 지쳐 포기하고 싶어질 때도, 영화 속 한 장면이 주는 에너지는 다시금 나를 살아갈 수 있게 지탱해 주는 힘이 되기도 합니다.





￼



이렇듯 제 삶에 힘이 되는 영화에 대한 이야기를
다른 사람들과 나눌 수 있다면 얼마나 좋을까 생각하다가
이렇게 모임을 열게 되었습니다.


우리가 함께 이야기를 나눌 영화는 수많은 영화 중 유독 마음 한구석에 깊게 남아 저를 붙잡는 영화 <가타카>입니다.



￼
￼


🚩진행장소

제가 손으로 하나하나 직접 꾸민 저의 개인 작업실이자, 복합문화공간으로 운영하고 있는 합정 한 가운데의 다락방 ""합정다락""에서 진행됩니다.

합정다락 공간과 작업물을 더 자세히 보고싶다면,
합정다락 인스타그램 @hapjeong_darak(한글로 합정다락 검색해도 가능)으로 구경오세요❣️


⏳진행시간
오후 8시 - 10시


🎁제공사항
위스키, 와인, 질문지, 아늑한 공간



⭐⭐⭐⭐⭐⭐⭐⭐⭐
영화를 모임전까지 보고 와주세요!
⭐⭐⭐⭐⭐⭐⭐⭐⭐


여러분과 나눌 이야기를 기대하고 있을게요 !
우리가 꼭 만날 수 있으면 좋겠네요 :)

합정다락 드림.",독서모임 | 독서,26000,4,3,마포구,2026-08-07T11:00:00.000Z,COMMON,NORMAL,,title:영화대화모임 가타카 에 대하여,0,0,N,,,40,Y,API minAge/maxAge,,미판정,A/B 판정은 활동구체성 수기 검토 필요,하,,,,미검토
664065,2026-07-30T05:37:13+00:00,문토,default,179,https://www.munto.kr/detail-socialing?id=664065,3,푸드·드링크,베이킹,"(8월 할인, 1.5시간) 🎃구수한 단호박 파운드 만들기","🚨호스트를 팔로우 해 주시면 추후 소셜링 개설시 빠른 확인 가능하세요


📣모든 소셜링은 클럽 가입 필요없이 신청 가능합니다. 자유롭게 소셜링 참가 신청해 주시면 되어요!


🙌늦참이 가능합니다. 미리 말씀해 주시면 진행 과정 미리 준비해 두고 있을께요. 


📞소셜링 시작 1시간 전 신청이 마감됩니다. 직전 신청으로 빠른 승인 필요한 경우, 네이버 지도의 베이커즈로 연락 주시기 바랍니다!





￼





🤗안녕하세요, 을지로 3가 근처에서 베이킹 소셜링을 진행하는 호스트 입니다! 


🧈재료가 단순해도, 결과물이 투박해도, 처음부터 끝까지 직접, 모두가 함께하고 나중에 또 혼자 해 볼 수 있는 홈베이킹에 가깝도록 모든 일정 준비하고 있어요.


🍞나중에 혼자 만들 수 있는 레시피, 가져갈 수 있는 포장, 주위에 충분히 나누기 좋은 수량이 모두 포함입니다. 추가 요금 일체 없어요. 


🙌직접 만들고 완성한 것을 소중한 사람들과 나누며 느끼는 작은 성취감이, 일상의 만족이 되기를 바랄께요!


🙏베이킹 처음 해 보시는 분들도, 해 보신 분들도, 모두모두 환영합니다!


🍭🍭


🧂이번 소셜링에서는 단호박 파운드를 만들어 볼께요. 부드럽고 푹신한 식감에 단호박 맛이 잘 어울리도록 준비했어요.


🧈복잡한 과정을 제외하고, 최대한 홈베이킹에 가깝게 부담없이 만들 수 있도록 준비했답니다.






￼






🥯🥯


📆진행일 : 8/17, 월요일


⏰시간 : 오후 4시, 1.5시간


🍽️메뉴 : 단호박 파운드
* 인당 9개 완성해요


📍장소 : 을지로3가 공유주방
* 소셜링 그룹채팅방에서, 상세 안내 드려요 


🙌참가비 : 31,500
* 공유주방, 재료비 일체, 문토 수수료 등 모든 비용 포함되어 있어요 
* 최근 준비된 일정 중 일부, 참가비 35,000 원 에서 31,500 원 으로 할인 진행합니다. 


🤝진행인원 : 호스트 포함 9인


🔔🔔


* 진행 메뉴의 경우, 갑작스럽게 재료 수급에 문제가 생기는 경우 부득이하게 다른 메뉴로 진행할 수 있어요. 참가자 분들께, 미리 알려 드릴께요!

* 홈베이킹 소셜링 방향성 준수를 위해, 승인제로 진행합니다. 간단한 문답을 작성해 주세요. 확인 후 승인 도와드리겠습니다. 문답 내용이 부족한 경우 별도 안내 없이 신청 거절될 수 있습니다. 

* 소셜링 전, 신청 인원에 따라 일정 변동이 있을 수 있어요. 추후 공지 드릴께요. 

* 호스트가 중요하게 생각하는 홈베이킹 방향성을 지키고자 합니다. 지나치게 낮은 매너점수나 전현직 베이킹 업계인 분들 등, 필요한 경우 추가 확인 후 신청 승인 도와드리겠습니다. 

* 늦참이 가능합니다. 부득이한 일정으로 늦으시는 분, 예상 도착시간 말씀해 주시고 참가하시면 되어요! 오셔서 함께할 수 있도록 작업 미리 준비하고 있을께요!

* 궁금하신 점이나 문의사항 있으신 경우, 언제라도 1:1 메세지나 댓글로 연락 주세요. 감사합니다!


🎈🎈


🥳베이커즈에서 만나요!",홈베이킹 | 베이킹 | 요리 | 쿠키,31500,8,1,중구,2026-08-17T07:00:00.000Z,CHOICE,CLASS,3980,club:3980,0,0,N,,,45,Y,API minAge/maxAge,,미판정,A/B 판정은 활동구체성 수기 검토 필요,하,,,,미검토
658724,2026-07-30T05:37:13+00:00,문토,default,180,https://www.munto.kr/detail-socialing?id=658724,4,취미,향수,나는 조향사다 : 이미지+취향 향수 만들기👩🏻‍🔬,"💥오픈 특가 할인 이벤트 진행합니다~! (~26.08)
59,000 -> 39,900

30ml 향수 2개 만들어가실 수 있어요!! 
(총 60ml)

——————


향에 대해 잘 모른다면!
향수 선택의 리스크를 줄이고 싶다면! 

4년차 동안 많은 분들이 찾아주신데에는 
다 이유가 있는법!❤️

 + 분위기 좋은 공간과🍷
좋은 사람들과 함께 향 취향 공유는 덤! 👥


￼￼￼￼
￼",이미지향수 | 합정 | 취향 | 향수만들기 | 브랜딩,39900,6,1,마포구,2026-08-02T02:30:00.000Z,CHOICE,CLASS,,title:나는 조향사다 이미지 취향 향수 만들기,0,0,N,,,,N,없음,,미판정,A/B 판정은 활동구체성 수기 검토 필요,하,,,,미검토
661860,2026-07-30T05:37:13+00:00,문토,default,181,https://www.munto.kr/detail-socialing?id=661860,1,문화·예술,연극,💼퇴근 후 샤우팅 • 연기 첫 경험 | 독백을 통해 나를 대변,"퇴근 후 샤우팅💼

나에게 집중 - 자아편

소리 한번 질러보자!#%<%%%#!!


￼



사화인들의 놀이터 극단 선인장🌵

연기 소셜링 [감정사용설명서]


🌲누적 참여자 수 3000명 이상! 
- 3년 간 300회 이상의 모임 진행 

🌲재참여율 60%
- 호기심에 오셨다가, 연기에 중독된 사람들 

🌲200개 이상의 만족 후기! 
- 피드와 호스트 후기에서 확인 가능합니다! 

🌲어디서도 느낄 수 없는 이색 모임 
- 일반인적인 모임이 아닌, 새로운 특별한 경험







관계 속에서 만들어진 ‘나’를 잠시 내려놓고



내 안에 진짜 '나' 를 만나는 시간.





회사에서의 나,

친구들 사이에서의 나,

가족 앞에서의 나.


우리는 관계에 따라 조금씩 다른 모습으로 살아갑니다.

￼


하지만 가끔은 다른 사람의 시선이나 역할을 내려놓고
내 감정을 솔직하게 표현해보고 싶을 때가 있습니다.



이곳에서는 다른 인물이 되어, 때로는 솔직한 내가 되어
웃고, 화내고, 사랑하고, 소리치고, 나를 표현합니다.

연기를 잘해야 하는 시간은 아닙니다.

사회생활을 하며 굳어버린 몸과 감정을 풀고,
나 있는 그대로를 자유롭게 표현해보는 시간입니다.


-


연기가 처음이어도 괜찮습니다.

내향인이라도 상관 없습니다!

이 모임에 오는 분들의 대부분은
연기가 처음인 사람들입니다.

하지만 모두가 서로를 잘 모르기 때문에
오히려 평소보다 나답게 자유롭게 표현할 수 있습니다.

누구의 눈치도 보지 않고
내 목소리와 감정을 꺼내보는 경험을 만나게 됩니다.

￼

🤷🏻‍♀️왜 연기를 해야할까?

현대인들은 같은 시간을 살며 한 하늘 아래 있지만, 
뭔가 공유되지 않은 현실적 시공간 속에 
있는 것 같다는 생각이 듭니다. 

언제부턴가 타인과의 소통이 가로막힌 
사회가 되어버렸습니다.

우리를 표현하고 소통할 매체들은 많이 늘어났지만, 
우리는 반대로 직접적인 소통이 어려워졌습니다. 

솔직한 감정들은 서툴고 불편하게 느껴집니다. 
타인과의 거리가 가까워질수록 오히려 멀게 느껴집니다.

😍😂😡😁우리는 표현을 해야합니다.

이러다 병납니다.🥵

울고 웃고 화내고 우리 솔직하게 표현해봐요!!


-


🤷🏻‍♂️제가 누구냐구요?

￼

극단 🌵선인장 대표 ‘백리향‘

저는 처음 연기를 처음 접한 날 황홀한 경험을 했습니다.
아직까지도 연기를 이길 수 있는 경험은 없었습니다.

'연기' '감정' 두 가지를 정말 사랑하는 사람으로서
연기를 종교처럼 전도하는 사람입니다.

저는 사람을 좋아하며 

사랑을 믿는 사람입니다.

참여자 한분한분이 이곳에서 감정을 회복하고
사람을 사랑하며 건강한 사회가 되길 바랍니다.


￼



-



👍이런 분들께는 꼭 추천드립니다.👍


😢인생이 너무 노잼기야.. 자극이 필요해.

😂뭐가 좋고, 뭐가 싫은지 잘 모르겠어.

🫨내 감정을 잘 모르겠어.

🤬화를 내고 울고 소리치고 싶어.

🥴자신감을 찾고 싶습니다.


-




🙋‍♀️Q&A

Q. 대본은 어떤 내용인가요?

A. 당일 이미지와 성향을 보고 배정해드립니다.
    우리가 드라마나 영화에서 접하는 장면들을 준비합니다.
    신청시 원하는 영화나 드라마를 적어주시면 참고합니다!


Q. 제가 정말 연기가 처음인데 민폐가 아닐까요?

A. 참여자 90%가 연기를 처음 경험합니다! 
    전혀 걱정하실 필요 없습니다!
    잘 하는게 중요한게 아닌, 누구나 재미를 느낄 수 있게 
    구성했습니다.",연극 | 연기 | 영화 | 감정사용설명서 | 업글인생기획전,35000,13,10,동작구,2026-08-07T10:30:00.000Z,CHOICE,CLASS,14500,club:14500,0,0,N,,,45,Y,API minAge/maxAge,,미판정,A/B 판정은 활동구체성 수기 검토 필요,하,,,,미검토
663793,2026-07-30T05:37:13+00:00,문토,default,182,https://www.munto.kr/detail-socialing?id=663793,13,소셜게임,보드게임,👩‍🚀 토요일 오후의 보드게임 파티 🎉🎉 #파티 #마피아,"✨본 모임은 누구나 참여 가능합니다✨


🎉🎉🎉




￼

￼",보드게임 | 파티 | 우주모임,19000,17,1,강남구,2026-08-01T06:00:00.000Z,COMMON,NORMAL,12098,club:12098,9,9,Y,API 성별정원 남9/여9,,,N,없음,,C,성비 정원/조절 명시,상,,,,미검토
656762,2026-07-30T05:37:13+00:00,문토,default,183,https://www.munto.kr/detail-socialing?id=656762,7,자기계발,스피치,"[6주] 자존감 스피치 ""나만 떨리나요..?"" #발표공포증 (토요반)","안녕하세요~! 
2017년부터 3000여명이 다녀간
발표/대화 공포증 극복 프로그램인
<자존감 스피치>가 문토에서도 진행됩니다 :)

아래 내용 참고하시고 많이 많이 신청해주세요!
발표공포증을 근본부터 뿌리뽑는 프로그램이라
분명 만족스러우실 겁니다!
(발표공포증이 없어도 말하기에 대해 배워가세요)

※참고사항
- 취소 및 환불은 시작일 하루 전까지만 가능합니다.
- 해당 프로그램은 원데이클래스가 아닙니다.
- 모임 날짜는 첫 모임 날짜입니다.
- 6주간 진행되며 매주 토요일 12시에 진행합니다.
- 금액은 6주 전체 비용입니다!
- 문토 외 외부에서 신청하시는 분들도 함께 합니다.
- 팀당 3~8인이 참여하십니다.🙂


￼￼￼",스피치 | 발표 | 대화 | 자기계발 | 심리,180000,6,1,강남구,2026-08-15T03:00:00.000Z,COMMON,CLASS,,title:자존감 스피치 나만 떨리나요 발표공포증,0,0,N,,,,N,없음,,미판정,A/B 판정은 활동구체성 수기 검토 필요,하,,,,미검토
664079,2026-07-30T05:37:13+00:00,문토,default,184,https://www.munto.kr/detail-socialing?id=664079,9,파티,컨셉파티,[🌸여성분정말많음/ 남자급구🌸][신논현5분]  라운지썸 파티,"✔️✔️

8시 시작입니다!!!

✔️✔️

—————————

❗️매주 마감되는 파티입니다
걱정마시고 신청 해주세요!


❗️참가를 원하시면 좋아요를 눌러주세요


❗️ 파티 1시간 전에 신청이 마감됩니다
마감되면 저에게 문의주세요
(2부 신청하셔도됩니다)

—————————





.
.
.
.
.




스태프 지원을 원하시면 문의주세요❤️





￼




✨이번주도 분위기 미쳤습니다✨

솔로탈출 2026년 7월 31일 금요일  8시


— 8시  입장 시작 —
— 8시 15분   컨텐츠 시작 —


📍신논현역 3번출구 도보 5분거리!!
📍논현역 3번출구 도보 3분거리!!

훈남훈녀 + 텐션 좋은 사람들
벌써부터 신청 많이 들어오는 중🔥

이제 당신만 오면 완성될 것 같아요🙂



————



🥂이런 분들 진짜 좋아요🥂

✔️ 새로운 사람 만나고 싶은 분
✔️ 썸도 좋고 찐친도 좋은 분
✔️ 재밌는 평일/주말 보내고 싶은 분
✔️ 사람 많은 곳은 가고싶은데
어색한 분위기는 싫은 분







🍻몸만 편하게 오세요🍟

다양한 음료 & 주류
그리고 맛있는 안주들까지 준비되어 있습니다✨

붕어빵, 치킨, 감자튀김, 순대튀김
간단한 스낵류까지 다양하게 즐겨요:)

술 못 드시는 분들도 편하게 참여 가능🙆‍♀️






🖤 이런 분위기 지향합니다 🖤

🚫 술 강요 NO
🚫 억지 텐션 강요 NO
🚫 불편한 플러팅 NO

⭕ 서로 배려하며 즐기는 분위기
⭕ 자연스럽게 친해지는 자리
⭕ 모두가 즐거운 파티

⚠️ 과도한 음주 및 비매너 행동은 금지입니다

운영진 판단하에
파티 참여 제한 및 퇴장 조치될 수 있습니다🙂

좋은 분위기는
좋은 사람들과 함께 만들어갑니다✨



————



💬 자주 받는 질문

▪️혼자가도 괜찮나요?
🔸️혼참 진짜 많아요:)

▪️어색하면 어떡하죠?
🔸️그걸 풀어주는게 호스트 역할👍

▪️사람 많나요?
🔸️매주 조기마감 나는 이유가 있습니다🔥







￼￼

￼￼",파티 | 소셜링 | 로테이션,34900,69,27,강남구,2026-07-31T11:30:00.000Z,CHOICE,NORMAL,,title:라운지썸 파티,0,0,N,,,40,Y,API minAge/maxAge,,미판정,A/B 판정은 활동구체성 수기 검토 필요,하,,,,미검토
664255,2026-07-30T05:37:13+00:00,문토,default,185,https://www.munto.kr/detail-socialing?id=664255,9,파티,내향인파티,[금]잔연 - 잔잔한 연결 🍀,"- 최대 30명 내외로 진행되며, 당일에는 신청이 몰려 승인이 어려울 수 있습니다.
- 성비는 남녀 1:1을 지향합니다.
- 가볍지 않은 인연을 위해 무료 초대는 진행하지 않습니다.



우연처럼 시작되지만,
오래 보고 싶은 인연을 만나는 자리입니다 😊 



￼

￼￼￼",우연 | 필연 | 컨셉파티 | 내향인파티,40000,38,13,마포구,2026-07-31T11:00:00.000Z,CHOICE,NORMAL,,title:잔연 잔잔한 연결,0,0,N,,,35,Y,API minAge/maxAge,,미판정,A/B 판정은 활동구체성 수기 검토 필요,하,,,,미검토
665390,2026-07-30T05:37:13+00:00,문토,default,186,https://www.munto.kr/detail-socialing?id=665390,9,파티,내향인파티,"✅남성4분+할인, 향기로 설레는 만남, 퍼퓸 메이트🫶","🙋‍♂️남성분 초급구중
선착순 10분 얼리버드 할인 혜택❤️‍🔥
브랜드 타입 향수와 인연 모두 만들고 가실 수 있어용🙌






좋아하는 분위기와 취향을 담아
나만의 향수를 만들고,

￼

•

•

•

•


비슷한 취향을 가진 사람들과
자연스럽게 친해지는 시간.

￼

•

•

•

•


부담스러운 만남이 아니라,
취향이 닿는 순간을 즐기는 모임.

￼

•

•

•

•


이번 주말,
향기로 시작되는 새로운 만남을 경험보세요.

￼

소개팅은 부담스럽고,
시끄러운 파티에 지치신 분들 대환영 입니다.


NOTICE__________________________

❗️36.5도 이상이신 분들만 승인됩니다.
❗️얼굴 프로필 설정하신 분 우선 승인됩니다.
❗️모임 중 발생한 파손/상해/분실/도난에 관한 책임은
본인에게 있습니다.
❗️1시간30분~2시간/ 인원에 따라 변동
❗️향수공방 느낌 x 향수를 제작하고 콘텐츠를 진행하는 
    내향인 파티입니다! 
   (대화가 중심이고 전반적인 분위기는 잔잔합니다)",내향인파티 | 주말모임 | 소규모모임 | 컨셉파티,39900,23,8,마포구,2026-08-02T10:00:00.000Z,CHOICE,NORMAL,,title:남성 분 할인 향기로 설레는 만남 퍼퓸 메이트,0,0,N,,,40,Y,API minAge/maxAge,,C,직접표현: 소개팅,상,,,,미검토
664901,2026-07-30T05:37:13+00:00,문토,default,187,https://www.munto.kr/detail-socialing?id=664901,11,외국어,영어,🌟영어연기] 우주테마 영화 주인공이 되어보자! 우주 특집🚀,"🎟️진행확정 현재 10명 참가🎟️




￼



🌠 별구경 가기 좋은 여름밤-
나랑 별보러 가지 않을래?💕


우주 배경 영화 속 주인공이 되어 
직접 영어로 연기도 해보고, 
가까운 천문대에서 별구경도 할 수 있는!



영어연기모임 심씨어터 🌟우주 특집🌟 





—————————


안녕하세요! 

영어연기클럽 [심앤상씨어터]의 열혈 스탭🔥
오늘의 호스트, Karen입니다!

￼


영어와 연기에 재미까지 더할 수 있는
다양한 명장면들을 준비했으니
일단 믿고 와 보시면, 너무너무 즐거우실거에요🤩


—————————


혹시 우주에 관심있는 분 계신가요? 


호스트의 유튜브 알고리즘은 온통 
우주, 은하, 이런 것들이거든요ㅎㅎ 
(물론 최근엔 리센느에게 점령당했지만요)


최근 흥행했던 <프로젝트 헤일메리>처럼 
우주, 천체물리학 관련 영화가 참 많은데요! 🚀


영어연기모임 심앤상씨어터의 이번 정규세션은
다양한 우주 영화의 명장면들 중, 

영어연기 액티비티를 완전 즐길 수 있을 만한
꿀잼 장면들을 모아서 직접 연기해보는
특집으로 진행됩니다 😆



—————————



● Point 1 💙 영화를 안 봤어도 괜찮아요!

1. OTT 타임코드 & 유튜브 클립 제공
- 각 씬에 해당하는 부분만 보고 오셔도 돼요.

2. 자체 제작 스크립트 제공
- 미리 대본을 분석해보고 연습도 해보실 수 있게
모임 4일 전에 미리 대본을 공유드려요.

3. 다양한 작품, 씬, 역할 구성
- 원하는 배역 선착순으로 골라가기!🔥
성별 관계없이 끌리는 역할로 신청해 주세요.




🚨원하는 역할 선착순 배정!🚨

이번 특집 SCENE LIST, 살펴볼까요~?

￼




● Point 2 💙 아이스브레이킹으로 친해져요!

1. 가벼운 대화로 서로 알아가며 긴장 풀기
- 우주를 테마로 한 가벼운 대화 소재를 
몇 가지 준비했어요. 가볍게 입 풀어보기! 
ex. First Message to Aliens?

2. 익사이팅 팀전 게임  
- 분위기를 좀 더 UP시킬 수 있는 
간단한 게임도 준비되어 있어요! 🥳




￼



● Point 3 💙 특별한 뒤풀이 함께해요!

1. 천문대로 별보러 가기 💫
- 국립과천과학관 야간천체관측 프로그램
<별바라기>에 함께 가봅시당! 
(참가비 10,000원 / 개별신청)
- 정규 세션 후 함께 저녁을 간단히 먹고, 
4호선을 타고 이동할 예정입니다.
- 관측이 어려운 날씨인 경우, 영상 상영 등
대체 프로그램으로 진행됩니다. 




2. 저녁식사 함께 해요 🍻
- 별보기 프로그램에 참여하지 않아도 
원하는 사람은 저녁식사 같이 해요!



—————————

👻 프로그램 안내

2:00-2:50 🕒 Icebreaking in English

2:50-4:10 🕓 팀별 Practice & Rehearsal

4:10-6:00 🕠 우리만의 미니 공연 🥰 

6:00-7:30 🕖 저녁식사

8:00-9:30 🕙 천체관측 프로그램 참여 🌟




￼



인원은 최소 8명이 되면 진행합니다.
(최대 20명 내외) 

미달 시 전액 환불!! 되니까  
염려마시고 다들 신청 마구마구 부탁드려요~


함께 유쾌하고도 유익한 
토요일 오후를 만들어 보아요 🥳


영어를 대하는 새로운 자세,
심앤상씨어터",영어스피킹 | 영어공부 | 대화형콘텐츠,30000,14,5,동작구,2026-08-08T05:00:00.000Z,CHOICE,NORMAL,2974,club:2974,0,0,N,,,,N,없음,,B,사교표현: 친해져,중,,,,미검토
660763,2026-07-30T05:37:13+00:00,문토,default,188,https://www.munto.kr/detail-socialing?id=660763,12,연애·사랑,로테이션소개팅,"여(01~96년생), 남(키178이상)❤️25~35❤️","✅타소개팅처럼 훈훈한 모델사진 허위아이디 / 알바 / 무료 초대 / 협찬🚫으로 현혹하지 않습니다.
(❤️진정성 있는 분들만 신청해주세요)
✅️신청조건과 다를 시 추후 취소될수 있습니다.
✅️타 모임(소개팅, 파티) 관련자 절대 신청금지✖️

🎉4주년 기념 초특가 감사이벤트 진행합니다.🎉

💕선착순 5분 1.9만 특가 + 커피기프티콘 2매 증정
(카드 부분취소+기프티콘 2매 지급)🥰
(모임종료 후 메세지주시면 즉시 발송)

💙남27~35(91년생),❤️여25~33(93년생) 모집중!(남91/여93년생은 최대인원 제한, 빠른 신청 추천!)

✅️모집중✅️(유진 프로필 클릭 후 모임 탭 선택)
7.31 금 오후 3시(26~36)
8.1 토 오후 3시(25~35)
8.2 일 오후 3시(24~34)

✅️매 회 조기 마감되는 프리미엄 인기 소개팅💕
✅️수 만명의 문토 참여자, 수 천개의 문토 리뷰! 
✅️문토 모임평가 최상위! (특히 여성만족도 👍)
✅️신촌역 도보3분 초역세권! 추운 날 걷기 최소❤️
✅️유일한 신축 감성카페 통대관으로 높은 만족도!
✅️전좌석 파티션 설치로 프라이빗 대화❤️

￼

🏩 장소 만족도 최상(80평 단독 대관)
   유일무이 신축!, 엘리베이터 완비!, 파티션 완비!
   자연광 통창!, 고급스러운 분위기, 화장실 2개층 사용
   따뜻하고 은은한 조명⛱️ 로맨틱한 재즈 음악 🎶 

￼

👍압도적 소개팅 만족도❗️

💟외모, 키, 능력까지 고려하여 이상형 위주 승인
    - 특히 남성은 프로필사진까지 고려(필요시요청)
    - 훈훈한 소개팅에 선남선녀가 많은 이유😊
💟나잇대로 조배치(나이차이 많이 나는 데이트상대✖️)
    - 참고로 연하,동갑을 선호하시는 여성분들, 나이차이나는 연상 원하시는 여성분들은 신청 전 미리 연락주시면 배치 가능여부 말씀드릴게요
💟고퀄리티 카페음료(3종)제공, 티테이블 다과 무제한
💟블랙리스트 제도: 비매너, 자기관리 안하는 분, 작성한 프로필이 실제와 현저히 다른 경우 등 재참여 불가합니다😭

🥰명단 업데이트가 늦어질수 있습니다. 단톡방에 입장하셨으면 참석 확정입니다.

💗현재 신청하신 분💗(실제참석자만 기입)
 
🙋‍♂️남성
💙1호 - 30대/대기업/183/자기관리, 인상좋은 
💙2호 - 30대/사업가/181/몸매좋은, 훈훈한 
💙3호 - 30대/사업가/183/슬림탄탄, 호감형외모 
💙4호 - 30대/금융권/184/어깨넓은, 큰 키
💙5호 - 30대/중견기업/178/피부하얀, 운동하는 
💙6호 - 30대/대기업/178/자기관리, 긍정적인 
💙7호 - 
💙8호 -
💙9호 - 
💙10호 - 
💙11호 - 
💙12호 -
💙13호 -
💙14호 -

🙋‍♀️여성
❤️1호 - 30대/디자이너/165/적극적인, 잘웃는 
❤️2호 - 30대/공무원/166/피부하얀, 비율좋은 
❤️3호 - 20대/사무직/169/비율좋은, 자기관리 
❤️4호 - 30대/대기업/160/긍정적인, 잘웃는 
❤️5호 - 30대/금융권/171/잘웃는, 운동하는 
❤️6호 - 30대/사업가/165/잘웃는, 자기관리 
❤️7호 - 30대/대기업/160/잘웃는, 긍정적인 
❤️8호 - 
❤️9호 - 
❤️10호 - 
❤️11호 - 
❤️12호 -
❤️13호 -
❤️14호 -

✅️라인업이나 인원 수는 취소, 변경 및 노쇼 등 당일 사정에 따라 일부 변동될 수 있습니다. 
✅️요청에 따라 중복만남 되지않게 조정해드려요
💌신청자가 많을 시 나이 등에 따라 A, B조 나눠 진행
☝️ A조 8:8~14:14 , B조 5:5~10:10(대화시간 up) 성비 1대1을 원칙으로 하며 참석자분들의 지각, 노쇼로 인해 해당 범위 내에서 대화 인원 변동이 있을 수 있습니다.

❤️훈훈한 소개팅만의 장점 ❤️

🏩유일무이 신축 초대형 신축 카페 통대관
-최신식 신축건물, 카페 2개층 통대관, 자연광 통창 고급 갤러리형 카페에서 편하게 대화하세요😄
-가장 예쁘고 멋지게 보이는 은은하고 따뜻한 조명 
-깔끔한 화장실 2개층 사용, 엘리베이터 완비

✅️유일무이 전 좌석 파티션 설치
-전 좌석 파티션 및 조형물 설치로 시선이 마주치지 않아 편안하게 대화 나누실 수 있어 커플 매칭률이 높습니다.(넓은 간격 프라이빗 좌석에서 편안히 대화)

✅️신촌역 도보3분 초역세권! 더운날 걷기 최소❤️
더운 날 예쁘게 입고 구두까지 신고
먼 길 걷는 거 정말 힘드시잖아요?
신촌역 6번출구에서 130m, 딱 3분 거리라 금방 오실 수 있어요 😊
(+서강대역에서도 멀지 않아요!)

🥰남녀 나이 차이 적절히 조절
-저는 주로 여성분보다 남성분 나이가 적당히 더 있도록 배치를 짜려고 하고 있어요. 그래서 만족도가 매우 높아요. 또한 연하,동갑을 선호하시는 여성분들, 나이차이 나는 연상 선호하시는 여성분들은 신청 전 미리 연락주시면 고려하여 조 배치 해드리고있어요

🤵‍♀️체계적 진행, 상시 도우미 스탭 근무🙋‍♀️
-호스트와 스탭분들이 프로페셔널하게 진행하고 각 층 담당스탭이 상주하며 불편한점을 도와드려요!!

￼

☕️퀄리티 높은 카페음료 및 다양한 다과 무제한 제공🥨
-바리스타 카페 사장님 추천 고퀄리티 3종 카페음료 제공!! 또한 다양한 다과를 무제한으로 드시라고 따로 티테이블이 구비되어 있어요!!
-자리마다 다과 배치하여 대화 중 가지러 오지 않으셔도 중간중간 드실 수 있습니다. 

☝️모두의 이상형에 가까운 분 위주 승인
-소개팅은 상대가 가장 중요하죠? 외모, 키, 직업 등에서 모두의 이상형💕에 가까운 분들을 위주로 승인해요.

☝️중복, 같은회사 제외
-요청 시 타소셜링에서 만난 분, 같은 회사분 등 중복 제외 해드립니다. (승인질문 답변이나 채팅으로 요청)

🫶위치: 신촌역에서 3분 거리 감성카페
□약 2시간 30분 소요 (참여인원에 따라 변동)

✅남성 신청조건✅
💙27~35세
💙키 174이상(양심적으로  부탁드려요)
💙깔끔한 인상의 외모(과체중✖️)
💙대기업,공기업, 중견기업 등 안정적인 직장인
💙다정하고 매너 있으신 분
(성비불균형으로 인해 부득이하게 조건이 있습니다🙏
   죄송하지만 동일직군 너무 많은 분들의 신청으로 군인, 휴대폰판매직, 중고차딜러 등의 일부 직군은 승인이 되지않습니다.)
💙돌싱 금지
 
✅여성 신청조건✅
❤️25~33세
❤️깔끔한 인상 및 예쁜 마음 가지신분(과체중✖️)
❤️돌싱 금지

호스트 유진이 여러분의 인연을 찾을 수 있게 도울게요! 소개팅날 뵐게요💕

🙏 부탁드려요
-성비는 1:1로 진행합니다.
-당일 노쇼X (못 오시는 경우, 전날까지는 꼭 말씀해주세요. 상대방이 기다리시게 됩니다🥲)
-타 소셜링 호스트 및 스탭 신청불가. 양해부탁드려요.
-소개팅에 맞는 복장으로 와주세요.
(츄리닝✖️ 슬리퍼✖️ 캡모자✖️ 등)

￼",훈훈한 | 만남 | 훈남훈녀 | 훈훈한소개팅 | 소개팅,23500,56,44,마포구,2026-08-01T06:00:00.000Z,CHOICE,NORMAL,10428,club:10428,0,0,Y,남91/여93,,40,Y,API minAge/maxAge,,C,직접표현: 소개팅,상,,,,미검토
664832,2026-07-30T05:37:13+00:00,문토,default,189,https://www.munto.kr/detail-socialing?id=664832,9,파티,컨셉파티,"[🔥얼리버드 할인🔥]프리미엄 소셜 파티 ""설레임“","계정 팔로우 or 좋아요 눌러주셔야 
문의 및 응대가 가능합니다😊



모임 시작시간 20시 30분❗️


✨ 19시 30분 신청 마감됩니다!!✨


✔️특히 파티 당일에는
원할한 파티 진행을 위해
프로필 사진(얼굴 나온 사진 Good👍🏻), 
참여자 연령대 및 성비 등을 고려하여
승인해드리고 있습니다😉


✔️드레스코드는 ‘단정함’입니다! 
모자나 추리닝은 피하고 깔끔한 복장으로 함께해주세요.



✔️여성 알바 없는 건전한 모임! 
💚진심으로 인연을 찾는 분들만 참여합니다.💚


✔️안주와 주류를 무제한으로 마음껏 즐기세요!
(포틀럭❌ / 술지참❌)
일반음식점·파티룸·주류 판매업 허가 완료



설렘과 도파민이 가득한 파티🤍
누적인원 10만명의 게스트와 함께 했던 
호스트가 직접 운영합니다🤗




￼





누구나 부담 없이 어울릴 수 있는 분위기에서
좋은 사람들과 자연스럽게 대화를 이어갈 수 있습니다.

다양한 음식과 술, 쾌적한 공간까지 
정성스럽게 준비한 시간❗️

그 안에서 각자의 방식으로 편하게 즐기시면 됩니다.🤗



￼



추천이 추천을 부르는 파티 “설레임”

매주 빠른 정원 마감의 이유❗️
실제 참여자들의 리뷰로 확인해보세요.👇👇



￼



🔔설레임 타임라인🔔
✔️메인 파티 20:30~
✔️에프터 파티 23:30~
(에프터 파티는 현장에서 안내해드립니다🤗)



￼




참여자만을 위한 특별한 혜택 🎁을 더했습니다❗️

저희 “설레임”은
 부담 없는 만남을 원하는 분부터
혼자서도 편하게 즐길 수 있는 분들까지❗️

모두가 자연스럽게 어울릴 수 있는 모임입니다.☺️☺️



￼




망설이지 마세요🙅‍♀️🙅‍♂️

고민만 하다 보면 이미 마감되어
 참여하실 수 없습니다❗️

먼저 예약하시면 얼리버드 혜택까지🤗

❤️낯선 인연과의 “설레임“을 느껴보세요❤️",서울파티 | 게더링파티 | 합정 | 마포 | 설레임,39500,59,21,마포구,2026-07-31T11:30:00.000Z,CHOICE,NORMAL,,title:프리미엄 소셜 파티 설레임,0,0,N,,,35,Y,API minAge/maxAge,,미판정,A/B 판정은 활동구체성 수기 검토 필요,하,,,,미검토
665388,2026-07-30T05:37:13+00:00,문토,default,190,https://www.munto.kr/detail-socialing?id=665388,9,파티,내향인파티,"✅현재 여8, 남0+할인, 향기로 설레는 만남, 퍼퓸 메이트🫶","🔥현재 여성 8분 남성0분 남성 초급구중!🔥
선착순 10분 얼리버드 할인 혜택❤️‍🔥
브랜드 타입 향수와 인연 모두 만들고 가실 수 있어용🙌






좋아하는 분위기와 취향을 담아
나만의 향수를 만들고,

￼

•

•

•

•


비슷한 취향을 가진 사람들과
자연스럽게 친해지는 시간.

￼

•

•

•

•


부담스러운 만남이 아니라,
취향이 닿는 순간을 즐기는 모임.

￼

•

•

•

•


이번 주말,
향기로 시작되는 새로운 만남을 경험보세요.

￼

소개팅은 부담스럽고,
시끄러운 파티에 지치신 분들 대환영 입니다.


NOTICE__________________________

❗️36.5도 이상이신 분들만 승인됩니다.
❗️얼굴 프로필 설정하신 분 우선 승인됩니다.
❗️모임 중 발생한 파손/상해/분실/도난에 관한 책임은
본인에게 있습니다.
❗️1시간30분~2시간/ 인원에 따라 변동
❗️향수공방 느낌 x 향수를 제작하고 콘텐츠를 진행하는 
    내향인 파티입니다! 
   (대화가 중심이고 전반적인 분위기는 잔잔합니다)",,39900,23,8,마포구,2026-08-01T07:00:00.000Z,CHOICE,NORMAL,,title:현재 여 남 할인 향기로 설레는 만남 퍼퓸 메이트,0,0,N,,,40,Y,API minAge/maxAge,,C,직접표현: 소개팅,상,,,,미검토
663582,2026-07-30T05:37:13+00:00,문토,default,191,https://www.munto.kr/detail-socialing?id=663582,12,연애·사랑,로테이션소개팅,💙강남💙선착순 2만+커피쿠폰❤️23-36💟토요일👩‍만남살롱[8/8],"🚨타 소셜의 훈훈한! 미끼 사진 주의🚨
+ 잘생긴 그사람을 꼭 매칭해달라고 해보세요
(💙참가자 아이디 옆 파란인증마크 확인하기)

•················· ⭑·················•

❣️선착순 7분 2만+커피쿠폰 2매 이벤트❣️
(카드 부분취소+커피기프티콘 2매증정)
(모임종료 후 메세지 주시면 즉시발송!)

•················· ⭑·················•

💙남 00~90년생 ❤️여 02~93년생 모집중! 
(남성90,여성93년생은 Max인원이 정해져 있습니다)

✈금주 모집중(프로필 클릭후 모임선택)
8.7 (금) 17:00 (22~35세)
8.8 (토) 16:00 (21~31세)*20대특집
8.8 (토) 19:00 (23~36세)*강남
8.9 (일) 15:00 (22~35세)

￼

✅660회 진행, 매 회 마감 프리미엄 인기 소개팅
✅7만명이상참여, 소개팅 통합 후기 2만개달성!
✅모임 평가 최상위!(특히 여성 만족도👍)
✅대관이 아닌 소개팅 전용카페로 높은 만족도👍
✅최초 전 좌석 파티션 적용 프라이빗한 대화❣
✅알바 참가자 없는, 진정성있는 소개팅💕

￼


🏩 따뜻한 느낌의 소개팅 공간
프라이빗한 60평 자체 카페🏝(대관❌)
은은한 조명, 잔잔한 📀째즈음악, 자리마다 무드등💕

￼

👍압도적인 소개팅 만족도!

💟키,외모,능력까지 고려하여 이상형 위주로승인
   - 남성은 프로필사진까지 고려(필요시요청)
💟나이 차이 많이 나지않도록 자리 배치
💟7종이상의 디저트, 커피, 제로음료등 무제한!

-----------------------------------------

💗현재 신청하신 분💗

🙆‍♂남성분
💜1호-
💜2호-
💜3호-
💜4호-
💜5호-
💜6호-
💜7호-
💜8호-
💜9호-
💜10호-
💜11호-
💜12호-

🙆‍♀여성분
❤️1호-
❤️2호-
❤️3호-
❤️4호-
❤️5호-
❤️6호-
❤️7호-
❤️8호-
❤️9호-
❤️10호-
❤️11호-
❤️12호-

-요청시 이전 만났던 중복인원 분리시켜드립니다.
-참가자정보는 변경될 수 있습니다😀
-인원이 많이지면 두개의 방으로 나눠 운영됩니다.

-------------------------------------

💟만남살롱만의 장점💟


￼

👧🏻 적절한 남여 나이 차이! 
 주로 여성분보다 남성분 나이가 적당히 더 있도록 자리를 배치 하고 있습니다. 
그래서 만족도가 매우 높습니다^^ 
연하,동갑을 원하시는 여성분은 신청 전 미리 연락주시면 고려해서 조 배치를 해 드리고 있습니다

💠유일무이 전 좌석 파티션설치!
일부 좌석이 아닌 전 좌석 파티션,조형물 설치로
소개팅한 상대가 자리를 이동했을때 
눈이 마주치지않고 프라이빗한 소개팅이 가능합니다. 
그래서 커플매칭률이 높은편^^입니다.

🙋‍♀️호스트와 스탭들의 체계적인진행
커플 만들기가 취미인 호스트들과 스탭들이
하나부터 열까지 신경 써서 체계적인 시스템으로 
운영합니다.

🏖프라이빗 한 60평 카페 (대관❌)
대관이 아닌 오직 소개팅만을위해 만든 카페로
소개팅에 가장 적합한 적당히 어둡고 아늑한 조명,
촛불등으로 최적의 분위기를 연출했어요.
또한 적당한 테이블 크기, 넓은 간격, 전 좌석 파티션이
설치되어있어서 대화소리도 잘들리고 
프라이빗한 소개팅이 가능해요.

🤵모두의 이상형
만남살롱에 선남선녀가 많은이유!
키, 직업, 외모, 프로필사진등 모두의 이상형에 
부합되는분 위주로 우선 승인해드립니다.

🙅‍♀중복, 같은회사제외!
타소셜링에서 만난분, 같은 회사, 또는 특정인원등
중복요청시 마주치지 않도록 중복 제외 해드립니다.
(전좌석 파티션완비 및 다른방배정)

￼


🍩10종이상 디저트, 커피, 제로음료등 무제한!
소개팅을 하다 보면 긴장되서 음료 2~3잔은 필수!
아메리카노, 제로 음료, 다양한티,
그리고 10종이상 다양한 디저트까지!
디저트바에서 마음껏 편하게 무한리필하세요


-------------------------------------


💌참가비  
-  특별할인 24,700원 💕(선착순 2만원대)
(아이스 아메리카노/제로 아이스티+다과)

💌참가 대상
-23-36세(남성 00-90세, 여성 02-93세)
-남자키 174이상 지원부탁드려요🙏

💌장소
-교대역 3분거리

💌일시
-8월 8일 토요일 19시00분,
(2시간30분 ~2시간 50분 이내/인원에 따라 변동)

💌참여 인원
 - 최소 8:8이상~

-------------------------------------

💥성비는 1:1이며, 대기가 발생될  수 있습니다.
(불참인원에 따라 성비가 달라질 수 있습니다.)
💥최소 인원이 미달시 100% 환불됩니다.
💥개인정보는  절대 타인에게 노출하지 않습니다.
💥과체중, 자기관리 안되시는 분 참가불가🙅‍♀️
💥돌싱신청불가, 비매너참가자 참여불가
💥사업자등록증=본인명의만 허용 

-------------------------------------

👉 진행 순서
​1️⃣프로필 카드및 메모지에 연락처를 적어주세요. 
2️⃣앞사람과 프로필 카드 교환 후 대화 시작
3️⃣대화후, 마음에 들면 연락처가 적힌 쪽지를, 
마음에 들지않으면 빈쪽지를 봉투에 교환합니다.
4️⃣종이 울리면 다음번호로 남자분만 자리를 이동
5️⃣소개팅이 끝나면 여자 먼저 선 퇴장후, 남자분들 퇴장합니다.

----------------------------------------------


Q1🥸. 주차 가능 한가요?
건물 빈자리있으면 가능하나 없을시 인근 유료주차 가능합니다.

Q2🥸. 대기상태인데 승인은 언제 되나요?
선착순이 아니며, 대기분의 정보를 바탕으로
 내부규정에 따라 순차적으로 승인 해드립니다.

Q3🥸. 대기상태인데 환불 되나요?
승인이 되지 않은 신청건은 모두 자동환불 됩니다.

Q4.🥸. 직업을 꼭 써야하나요?
검증된 직장인 소개팅이므로 상세히 적어주시면 
승인에 도움이 됩니다",소개팅 | 만남살롱 | 만남 | 훈훈한 | 커피,24700,15,9,서초구,2026-08-08T10:00:00.000Z,CHOICE,NORMAL,10423,club:10423,0,0,N,,,35,Y,API minAge/maxAge,,C,직접표현: 소개팅,상,,,,미검토
665109,2026-07-30T05:37:13+00:00,문토,default,192,https://www.munto.kr/detail-socialing?id=665109,9,파티,내향인파티,[제로주점] 할인중🤎혼자 오는 혼술바,"[제로주점] 혼자 오는 혼술바



🫧 최대 30명 내외로 진행됩니다.
🫧 무료 초대는 진행하지 않습니다.




“혼자 오는 사람들이 친구가 된다면 얼마나 좋을까?”



￼




🫧 또래 나이로 자리를 배치해요.
🫧 36.5도 이하의 게스트분들은 승인이 어려워요.
🫧 신청서 내용이 누락되었을 경우 승인이 어려워요.
🫧 프로필에 본인인증 뱃지가 없는분은 승인이 어려워요.
🫧 성비는 1:1을 지향해요.




￼





어떤 종류의 소셜링인가요?
해당 소셜링은 편안한 분위기에서끼니를 채우며
술을 곁들이는 대화형 소셜링 이에요.



혼자 오시는 분들도 계시나요?
90% 이상의 게스트 분들이 혼자 방문해요.
(호스트도 혼자가요🙃)



꼭 술을 마셔야 하나요?
호스트도 술을 마시지 않을거에요.
논알콜 하이볼도 준비해둘게요.
(같이 마시고 싶은 술이 있다면 가져와도 좋아요.)



제가 진짜 대문자 I인데 괜찮을까요?
저희의 소셜링 특성상 I분들이 더 많아요.
그리고 호스트가 I를 더 좋아해요🤎








￼




이런 분이 오시면 좋아요


✅ 문토가 처음이신 분
✅ 대형파티는 너무 기빨리는 분
✅ 편하게 대화하며 즐거운 시간 보내고 싶으신 분
✅ 타지에서 와서 동네친구가 없으신 분
✅ 나와 같은 결의 친구를 사귀고 싶으신 분







그럼 우리 곧 봐요.",영등포 | 영등포구청 | 문래,39000,39,13,영등포구,2026-07-31T11:00:00.000Z,CHOICE,NORMAL,,title:할인중 혼자 오는 혼술바,0,0,N,,,35,Y,API minAge/maxAge,,미판정,A/B 판정은 활동구체성 수기 검토 필요,하,,,,미검토
664792,2026-07-30T05:37:13+00:00,문토,default,193,https://www.munto.kr/detail-socialing?id=664792,9,파티,컨셉파티,[선착순할인]💘왕십리💘소맥하이볼 프리미엄파티 큐피트,"💘Cupid's Arrow
:사랑의 스파크가 튀는 만남


설렘이 시작되는 밤
당신의 큐피트 화살이 향하는 곳
금요일 밤, 운명의 상대를 만나보세요.

CUPID





​🚨 
모임 결제창이 닫히셨다면 호스트에게 DM(메시지) 보내주세요!
​








​왕십리 큐피트 모임에 대해 궁금하신 점이 있나요?
(일정, 참가 대상, 분위기 등 무엇이든 물어보세요)



​💬 [하단 '좋아요 ❤️']를 먼저 눌러주셔야 메시지 상담이 가능합니다.


문토 시스템 특성상 좋아요 및 호스트 팔로우를 눌러주신 분께만 답장을 드릴 수 있어요.


​편하게 문의주시면 친절하게 안내 도와드리겠습니다!
​




​✦ 웰컴 하이볼 1잔 기본 제공 (소주·맥주·음료 무제한 완비)
✦ 푸짐하고 맛있는 수제 안주 준비
✦ 억지스러운 게임 없는 대화 중심 공간



￼


​💌 CUPID SOCIALING 안내사항





​▸ 얼리버드 할인

선착순 인원에 한해 할인 혜택이 적용됩니다.



​▸ 혼자 오셔도 괜찮아요

참여자 분들 대다수가 혼자 오십니다.
어색하지 않도록 호스트가 자연스럽게 연결해 드립니다.



​▸ 부담 없는 환불 정책

모임 4일 전까지 취소시 100% 환불 가능합니다.
일정이 고민되시더라도 먼저 자리부터 확보해 보세요!
혹여나 건강상의 이유나 불가피한 일정에 의해 못오시는 경우 미리말씀해 주시면 다음 파티로 연기시켜드리겠습니다.



​▸ 당일 마감 주의

당일 인원이 몰려 조기 마감되는 경우가 다반사입니다!

호스트 계정을 팔로우 해주시면 빠르게 승인 처리 도와드리겠습니다

금요일 당일에는 신청이 급증하여 일찍 마감될 수 있고 성비 조율로 인해 승인이 어려우실수 있습니다.(프로필 사진, 참여자 나이대, 성별고려)




￼


​🕊️ 소란스러운 파티가 아닌, 결이 맞는 대화에 집중합니다.​

왕십리 큐피트는 어떤 모임인가요?

​01. 마음이 편안해지는 대화 공간

 귀가 아픈 음악이나 억지 게임은 하지 않습니다.
서로의 일상과 취향을 깊이 있게 나눌 수 있는 차분한 환경을 연출합니다.​

02. 설렘을 여는 웰컴 하이볼

 도착하시면 상큼하고 시원한 웰컴 하이볼 1잔을 건네드려요.
가볍게 잔을 부딪치며 오늘 하루의 이야기로 말문을 터보세요.​
03. 지루함 없는 로테이션 대화 

모든 분들과 다채로운 대화를 나누실 수 있도록 호스트가 매끄럽게 로테이션을 도와드립니다.​

04. 젠틀하고 매너 있는 분위기

모두가 안심하고 즐길 수 있도록 사전 승인제로 운영됩니다.타인을 불쾌하게 하는 행동은 엄격히 제한하여 안전한 공간을 유지합니다.




￼




​▫️ 상세 안내

​• 일시 : 매주 금요일 저녁 8시 20분
• 시간 : 약 3시간 소요(1부 3시간 2부 참여시 추가 2시간)
• 인원 : 남녀 비율 고려하여 승인 최대60명 (최대 성비6:4 제한)
• 장소 : 왕십리역 도보 5분 거리 전용 라운지(승인 완료 시 상세 주소를 개별 안내해 드립니다)​

━━━​CUPID SOCIALING
좋은 대화가 기분 좋은 인연이 되는 순간.​금요일 밤, 왕십리에서 만나나볼까요? 💘",왕십리 | 대화형소셜링 | 소개팅 | 금요일모임 | 직장인소셜링,42000,59,19,성동구,2026-07-31T11:20:00.000Z,CHOICE,NORMAL,,title:왕십리 소맥하이볼 프리미엄파티 큐피트,0,0,N,,,40,Y,API minAge/maxAge,,C,직접표현: 소개팅,상,,,,미검토
661289,2026-07-30T05:37:13+00:00,문토,default,194,https://www.munto.kr/detail-socialing?id=661289,12,연애·사랑,로테이션소개팅,"💙강남💙여성우선,남180이상만❤️23-36💟토요일👩‍만남살롱[8/1]","💙남 잔여석 180이상만! 그 외 대기불가
❤️여성우선승인

🚨타 소셜의 훈훈한! 미끼 사진 주의🚨
+ 잘생긴 그사람을 꼭 매칭해달라고 해보세요
(💙참가자 아이디 옆 파란인증마크 확인하기)

•················· ⭑·················•
❣️초반 선착순 7분 1.9만+커피쿠폰 2매 이벤트❣️
•················· ⭑·················•

💙남 00~92 ❤️여 02~93년생 모집중! 
(90-91! 마감, 일부만 승인됩니다)

✈금주 모집중(프로필 클릭후 모임선택)
7.31 (금) 19:50 (22~34세)
8.01 (토) 16:00 (21~31세)*20대특집
8.01 (토) 19:00 (23~36세)*강남
8.02 (일) 15:00 (22~34세)

￼

✅1200회 진행, 매 회 마감 프리미엄 인기 소개팅
✅8만명이상참여, 소개팅 통합 후기 2.3만개달성!
✅모임 평가 최상위!(특히 여성 만족도👍)
✅대관이 아닌 소개팅 전용카페로 높은 만족도👍
✅최초 전 좌석 파티션 적용 프라이빗한 대화❣
✅알바없는❌ 진정성 있는 소개팅🩷

￼


🏩 따뜻한 느낌의 소개팅 공간
프라이빗한 60평 자체 카페🏝(대관❌)
은은한 조명, 잔잔한 📀째즈음악, 자리마다 무드등💕

￼

👍압도적인 소개팅 만족도!

💟키,외모,능력까지 고려하여 이상형 위주로승인
   - 남성은 프로필사진까지 고려(필요시요청)
💟나이 차이 많이 나지않도록 자리 배치
💟7종이상의 디저트, 커피, 제로음료등 무제한!

-----------------------------------------

💗현재 신청하신 분💗

🙆‍♂남성분
💜1호-30대/대기업/183/큰키,자기관리
💜2호-30대/디자이너/183/큰키,깔끔한
💜3호-20대/개발자/183/큰키,운동,유머러스
💜4호-30대/외국계/178/흰피부
💜5호-30대/대기업/운동좋아하는
💜6호-30대/대기업/180/운동하는,훈훈한
💜7호-20대/Ai개발자/177/자기관리,긍정적
💜8호-30대/연구직/흰피부
💜9호-30대/상품개발/177/흰피부,슬림한
💜10호-30대/개인사업/178/넓은어깨
💜11호-30대/기술직/180/ 잘웃는
💜12호-20대/개인사업/180/운동하는
💜13호-30대/엔지니어링/180/중저음목소리
💜14호-30대/언론사/180/경청하는
💜15호-30대/금융권/184/큰키,흰피부
💜16호-30대/외국계/180/동안외모,자기관리
💜17호-30대/개발자/180/섬세함,배려심
💜18호-
💜19호-

🙆‍♀여성분
❤️1호-20대/대기업/163/밝은,자기관리💕
❤️2호-20대/사무직/163/밝은💕
❤️3호-20대/의료직/166/경청하는,밝은💕
❤️4호-20대/사무직/169/밝은,슬림한,운동💕
❤️5호-30대/개인사업자/165/자기관리,친화력💕
❤️6호-30대/회사원/168/자기관리,밝음💕
❤️7호-20대/사무직/157/밝은성격💕
❤️8호-30대/금융권/170/좋은피부💕
❤️9호-30대/공공기관/168/밝은,잘웃는💕
❤️10호-30대/개발자/160/웃상,긍정적💕
❤️11호-30대/대기업/164/웃는얼굴예쁨💕
❤️12호-30대/연구원/161/밝은💕
❤️13호-30대/개인사업/160/밝은,긍정적인💕
❤️14호-20대/사무직/163/웃는게예쁜,밝음💕
❤️15호-30대/의료직/ 161/ 차분함, 흰피부💕
❤️16호-20대/금융권/172/자기관리,좋은피부💕
❤️17호-30대/사무직/165/운동,활동적인💕
❤️18호-
❤️19호-

-요청시 이전 만났던 중복인원 분리시켜드립니다.
-참가자정보는 변경될 수 있습니다😀
-인원이 많이지면 두개의 방으로 나눠 운영됩니다.

-------------------------------------

💟만남살롱만의 장점💟


￼

👧🏻 적절한 남여 나이 차이! 
 주로 여성분보다 남성분 나이가 적당히 더 있도록 자리를 배치 하고 있습니다. 
그래서 만족도가 매우 높습니다^^ 
연하,동갑을 원하시는 여성분은 신청 전 미리 연락주시면 고려해서 조 배치를 해 드리고 있습니다

💠유일무이 전 좌석 파티션설치!
일부 좌석이 아닌 전 좌석 파티션,조형물 설치로
소개팅한 상대가 자리를 이동했을때 
눈이 마주치지않고 프라이빗한 소개팅이 가능합니다. 
그래서 커플매칭률이 높은편^^입니다.

🙋‍♀️호스트와 스탭들의 체계적인진행
커플 만들기가 취미인 호스트들과 스탭들이
하나부터 열까지 신경 써서 체계적인 시스템으로 
운영합니다.

🏖프라이빗 한 60평 카페 (대관❌)
대관이 아닌 오직 소개팅만을위해 만든 카페로
소개팅에 가장 적합한 적당히 어둡고 아늑한 조명,
촛불등으로 최적의 분위기를 연출했어요.
또한 적당한 테이블 크기, 넓은 간격, 전 좌석 파티션이
설치되어있어서 대화소리도 잘들리고 
프라이빗한 소개팅이 가능해요.

🤵모두의 이상형
만남살롱에 선남선녀가 많은이유!
키, 직업, 외모, 프로필사진등 모두의 이상형에 
부합되는분 위주로 우선 승인해드립니다.

🙅‍♀중복, 같은회사제외!
타소셜링에서 만난분, 같은 회사, 또는 특정인원등
중복요청시 마주치지 않도록 중복 제외 해드립니다.
(전좌석 파티션완비 및 다른방배정)

￼


🍩10종이상 디저트, 커피, 제로음료등 무제한!
소개팅을 하다 보면 긴장되서 음료 2~3잔은 필수!
아메리카노, 제로 음료, 다양한티,
그리고 10종이상 다양한 디저트까지!
디저트바에서 마음껏 편하게 무한리필하세요


-------------------------------------


💌참가비  
-  특별할인 24,700원 💕(선착순 2만원대)
(아이스 아메리카노/제로 아이스티+다과)

💌참가 대상
-23-36세(남성 00-90세, 여성 02-93세)
-남자키 177이상(177이하마감) 

💌장소
-교대역 3분거리

💌일시
-8월 1일 토요일 19시00분,
(2시간30분 ~2시간 50분 이내/인원에 따라 변동)

💌참여 인원
 - 최소 8:8이상~

-------------------------------------

💥성비는 1:1이며, 대기가 발생될  수 있습니다.
(불참인원에 따라 성비가 달라질 수 있습니다.)
💥최소 인원이 미달시 100% 환불됩니다.
💥개인정보는  절대 타인에게 노출하지 않습니다.
💥과체중, 자기관리 안되시는 분 참가불가🙅‍♀️
💥돌싱신청불가, 비매너참가자 참여불가
💥사업자등록증=본인명의만 허용 

-------------------------------------

👉 진행 순서
​1️⃣프로필 카드및 메모지에 연락처를 적어주세요. 
2️⃣앞사람과 프로필 카드 교환 후 대화 시작
3️⃣대화후, 마음에 들면 연락처가 적힌 쪽지를, 
마음에 들지않으면 빈쪽지를 봉투에 교환합니다.
4️⃣종이 울리면 다음번호로 남자분만 자리를 이동
5️⃣소개팅이 끝나면 여자 먼저 선 퇴장후, 남자분들 퇴장합니다.

----------------------------------------------


Q1🥸. 주차 가능 한가요?
건물 빈자리있으면 가능하나 없을시 인근 유료주차 가능합니다.

Q2🥸. 대기상태인데 승인은 언제 되나요?
선착순이 아니며, 대기분의 정보를 바탕으로
 내부규정에 따라 순차적으로 승인 해드립니다.

Q3🥸. 대기상태인데 환불 되나요?
승인이 되지 않은 신청건은 모두 자동환불 됩니다.

Q4.🥸. 직업을 꼭 써야하나요?
검증된 직장인 소개팅이므로 상세히 적어주시면 
승인에 도움이 됩니다",소개팅 | 만남살롱 | 만남 | 훈훈한 | 커피,24700,49,39,서초구,2026-08-01T10:00:00.000Z,CHOICE,NORMAL,10423,club:10423,0,0,N,,,35,Y,API minAge/maxAge,,C,직접표현: 소개팅,상,,,,미검토
663349,2026-07-30T05:37:13+00:00,문토,default,195,https://www.munto.kr/detail-socialing?id=663349,9,파티,푸드파티,(실내진행)낭만 넘치는 합정 테라스 바베큐 파티 🍗🥩🍻🍺,"여름밤 테라스 바베큐 파티!!
모델, 배우, 인플루언서들 다수 온다는 소문이? ㅎㅎ
고기는 숯불에 기가 막히게 구워서 가져다드립니다

고기폭탄!!🥩🍗🥩🍗🥩🍗


1차 - 바베큐 및 각종 음식 무제한급 제공
라면, 된장술밥 등 배터지게 드려요

매번 이렇게 주면 남는게 있냐 물어보십니다 ㅎㅎ

2차 자율 참석:) -90% 이상 남음

￼￼",바베큐 | 맥주 | 루프탑 | 테라스 | 홍대,39000,19,6,마포구,2026-08-01T10:30:00.000Z,CHOICE,NORMAL,,title:낭만 넘치는 합정 테라스 바베큐 파티,0,0,N,,,40,Y,API minAge/maxAge,,B,사교표현: 2차,중,,,,미검토
658219,2026-07-30T05:37:13+00:00,문토,default,196,https://www.munto.kr/detail-socialing?id=658219,7,자기계발,독서,[당신의 인생이 왜 힘들지 않아야한다고 생각하십니까],"￼
￼￼
￼



--- 안 읽고도 나를 바꾸다, UNREAD BOOK CLUB ---



￼

UNREAD와 함께
[당신의 인생이 왜 힘들지 않아야 한다고 생각하십니까] 를 읽어보세요!📖
.
.
.


UNREAD는 멤버분들의 시간과 비용을
소중히하며 신뢰를 위하여
참가비에 대한 내역을 아래와 같이 투명하게 공개합니다.

UNREAD(BEST) 1인 참가비 
평균 350000~37000원 예상(얼리버드할인+정가)
-문토 수수료 20% 약 7~8천원
-대관료 약 9천원~1만원
-다과 약 5~7천원
-컨텐츠 재료비 약 1~2천원
-UNREAD컨텐츠 제작 및 진행비 약 3~6천원(호스트 1인 시간당 금액)
-UNREAD 모임 준비 및 수고비 0원


🚨사당역 또는 강남역부근에서 진행되며 자세한 장소는 모임 하루 전 공지됩니다(대관 상황과 인원에 따라 시간대와 장소는 약간 변경될수 있음을 양해부탁드려요)
🚨총 3시간 진행됩니다:)

⭐️모임 후 약 7시까지 뒤풀이가 진행됩니다 책 읽고 함께 맛있는거 먹으면서 친해져요(☞ ͡° ͜ʖ ͡°)☞♥♥",독서모임 | 대화 | 자기계발 | 책읽기 | 야외독서,39000,6,3,강남구,2026-08-08T05:00:00.000Z,CHOICE,NORMAL,29354,club:29354,0,0,N,,,40,Y,API minAge/maxAge,,B,사교표현: 친해져,중,,,,미검토
661832,2026-07-30T05:37:13+00:00,문토,default,197,https://www.munto.kr/detail-socialing?id=661832,12,연애·사랑,로테이션소개팅,"❤여성2분,남180이상만❤️22-34💟금요일👩‍만남살롱[7/31]","💙남 잔여석 93이하 180이상만! 그 외 대기불가
( 사무직 자리만 남음)
❤️여성우선승인

🚨타 소셜의 훈훈한! 미끼 사진 주의🚨
+ 잘생긴 그사람을 꼭 매칭해달라고 해보세요
(💙참가자 아이디 옆 파란인증마크 확인하기)

•················· ⭑·················•
❣️초반 선착순 7분 1.9만+커피쿠폰 2매 이벤트❣️
•················· ⭑·················•

💙남 00~93 ❤️여 02~93년생 모집중! 
(남성92마감)

✈금주 모집중(프로필 클릭후 모임선택)
7.31 (금) 19:50 (22~34세)
8.01 (토) 16:00 (21~31세)*20대특집
8.01 (토) 19:00 (23~36세)*강남
8.02 (일) 15:00 (22~34세)

￼

✅1200회 진행, 매 회 마감 프리미엄 인기 소개팅
✅8만명이상참여, 소개팅 통합 후기 2.3만개달성!
✅모임 평가 최상위!(특히 여성 만족도👍)
✅대관이 아닌 소개팅 전용카페로 높은 만족도👍
✅최초 전 좌석 파티션 적용 프라이빗한 대화❣
✅알바없는❌문토신청자만 가능, 진정성있는소개팅🩷

￼


🏩 따뜻한 느낌의 소개팅 공간
프라이빗한 60평 자체 카페🏝(대관❌)
은은한 조명, 잔잔한 📀째즈음악, 자리마다 무드등💕

￼

👍압도적인 소개팅 만족도!

💟키,외모,능력까지 고려하여 이상형 위주로승인
   - 남성은 프로필사진까지 고려(필요시요청)
💟나이 차이 많이 나지않도록 자리 배치
💟7종이상의 디저트, 커피, 제로음료등 무제한!

-----------------------------------------

💗현재 신청하신 분💗

🙆‍♂남성분
💜1호-20대/대기업/183/큰키,비율좋은
💜2호-30대/대기업/184/운동하는,자기관리하는
💜3호-20대/md/186/큰키,운동하는
💜4호-30대/회사원/181/다정함,피부좋은
💜5호-30대/교육회사/179/밝은성격
💜6호-20대/사무직/182/큰키,흰피부,자기관리
💜7호-30대/사무직/182/흰피부,비율좋은
💜8호-30대/교사/177/책임감있는
💜9호-30대/공기업/177/듬직한,웃는상
💜10호-20대/공무원/176/다정한성격
💜11호-20대/공기업/178/운동하는,웃는상
💜12호-20대/개인사업/180/운동하는
💜13호-30대/개인사업/183/넓은어깨,흰피부
💜14호-30대/개인사업/183/큰키,넓은어깨
💜15호-20대/인테리어/181/ 넓은 어깨,슬림체형
💜16호-30대/공기업/176/듬직함,다정함
💜17호-30대/대기업/180/넓은어깨,자기관리,운동
💜18호-20대/공무원/176/다정한성격
💜18호-30대/체육업/177/깔끔한,자기관리
💜19호-30대/기자/181/큰키,비율좋은
💜20호-
💜21호-


🙆‍♀여성분
❤️1호-20대/프리랜서/163/잘웃는,밝은💕
❤️2호-20대/사무직/167/큰키,슬림한💕
❤️3호-20대/대학생/164/밝은,흰피부💕
❤️4호-20대/사무직/166/다정한💕
❤️5호-30대/공무원/161/밝은💕
❤️6호-30대/사무직/159/아담한키💕
❤️7호-20대/회사원/160/밝은,긍정적인💕
❤️8호-20대/어린이집교사/162/웃음많은💕
❤️9호-20대/사무직/158/성격좋은💕
❤️10호-30대/의료계열/172/흰 피부💕
❤️11호-20대/교사/163/밝은💕
❤️12호-20대/사무직/170/큰키💕
❤️13호-20대/금융업/162/리액션부자💕
❤️14호-30대/공기업/162/밝은성격💕
❤️15호-30대/간호사/165/밝은미소,긍정적💕
❤️16호-20대/베이커/164/착한성격💕
❤️17호-20대/사무직/160/잘웃는편💕
❤️18호-
❤️19호-

-요청시 이전 만났던 중복인원 분리시켜드립니다.
-참가자정보는 변경될 수 있습니다😀
-인원이 많이지면 두개의 방으로 나눠 운영됩니다.

-------------------------------------

💟만남살롱만의 장점💟


￼

👧🏻 적절한 남여 나이 차이! 
 주로 여성분보다 남성분 나이가 적당히 더 있도록 자리를 배치 하고 있습니다. 
그래서 만족도가 매우 높습니다^^ 
연하,동갑을 원하시는 여성분은 신청 전 미리 연락주시면 고려해서 조 배치를 해 드리고 있습니다

💠유일무이 전 좌석 파티션설치!
일부 좌석이 아닌 전 좌석 파티션,조형물 설치로
소개팅한 상대가 자리를 이동했을때 
눈이 마주치지않고 프라이빗한 소개팅이 가능합니다. 
그래서 커플매칭률이 높은편^^입니다.

🙋‍♀️호스트와 스탭들의 체계적인진행
커플 만들기가 취미인 호스트들과 스탭들이
하나부터 열까지 신경 써서 체계적인 시스템으로 
운영합니다.

🏖프라이빗 한 60평 카페 (대관❌)
대관이 아닌 오직 소개팅만을위해 만든 카페로
소개팅에 가장 적합한 적당히 어둡고 아늑한 조명,
촛불등으로 최적의 분위기를 연출했어요.
또한 적당한 테이블 크기, 넓은 간격, 전 좌석 파티션이
설치되어있어서 대화소리도 잘들리고 
프라이빗한 소개팅이 가능해요.

🤵모두의 이상형
만남살롱에 선남선녀가 많은이유!
키, 직업, 외모, 프로필사진등 모두의 이상형에 
부합되는분 위주로 우선 승인해드립니다.

🙅‍♀중복, 같은회사제외!
타소셜링에서 만난분, 같은 회사, 또는 특정인원등
중복요청시 마주치지 않도록 중복 제외 해드립니다.
(전좌석 파티션완비 및 다른방배정)

￼


🍩10종이상 디저트, 커피, 제로음료등 무제한!
소개팅을 하다 보면 긴장되서 음료 2~3잔은 필수!
아메리카노, 제로 음료, 다양한티,
그리고 10종이상 다양한 디저트까지!
디저트바에서 마음껏 편하게 무한리필하세요


-------------------------------------


💌참가비  
-  특별할인 23,500원 💕(선착순 1.9만원대)
(아이스 아메리카노/제로 아이스티+다과)

💌참가 대상
-남성 00-93, 여성 02-93세 (남성92마감)
-남자키 잔여석은 180이상만 (그 이하 모두마감!)

💌장소
-홍대입구역, 합정역 도보 5분거리 
-주차는 노상 공영주차, 인근 유료주차이용💕

💌일시
-7월 31일 금요일 19시50분,
(2시간30분 ~2시간 50분 이내/인원에 따라 변동)

💌참여 인원
 - 최소 8:8이상~

-------------------------------------

💥성비는 1:1이며, 대기가 발생될  수 있습니다.
(불참인원에 따라 성비가 달라질 수 있습니다.)
💥최소 인원이 미달시 100% 환불됩니다.
💥개인정보는  절대 타인에게 노출하지 않습니다.
💥과체중, 자기관리 안되시는 분 참가불가🙅‍♀️
💥돌싱신청불가, 비매너참가자 참여불가
💥사업자등록증=본인명의만 허용 

-------------------------------------

👉 진행 순서
​1️⃣프로필 카드및 메모지에 연락처를 적어주세요. 
2️⃣앞사람과 프로필 카드 교환 후 대화 시작
3️⃣대화후, 마음에 들면 연락처가 적힌 쪽지를, 
마음에 들지않으면 빈쪽지를 봉투에 교환합니다.
4️⃣종이 울리면 다음번호로 남자분만 자리를 이동
5️⃣소개팅이 끝나면 여자 먼저 선 퇴장후, 남자분들 퇴장합니다.

----------------------------------------------

Q1🥸. 대기상태인데 승인은 언제 되나요?
선착순이 아니며, 대기분의 정보를 바탕으로
 내부규정에 따라 순차적으로 승인 해드립니다.

Q2🥸. 대기상태인데 환불 되나요?
승인이 되지 않은 신청건은 모두 자동환불 됩니다.

Q3.🥸. 직업을 꼭 써야하나요?
검증된 직장인 소개팅이므로 상세히 적어주시면 
승인에 도움이 됩니다",소개팅 | 만남살롱 | 만남 | 훈훈한 | 커피,23500,49,40,마포구,2026-07-31T10:50:00.000Z,CHOICE,NORMAL,10423,club:10423,0,0,N,,,35,Y,API minAge/maxAge,,C,직접표현: 소개팅,상,,,,미검토
661469,2026-07-30T05:37:13+00:00,문토,default,198,https://www.munto.kr/detail-socialing?id=661469,9,파티,컨셉파티,🔥내일 같이 밤새 수다 떨래?,"*80명이서 플러팅 하는 곳이 아니에요.





많이 만나는 자리가 아닌
맞는 사람을 만나는 곳🌙

_____________________________________



 ""우리는 깊은 대화를 할거에요.""

취향, 연애, 사랑, 관계
그리고 당신에 대해


_____________________________________

1부
20:00-22:30

2부(선택)
22:30-01:00


￼




_____________________________________


저는 짧은 쾌락 보다,
긴 여운이 남는 소셜링을 기획합니다 




'I' 들은 이런 생각이 들거에요

'내가 원래 이렇게 말이 많았나..?'


_____________________________________










___________📍NOTICE____________


*비슷한 나잇대로 자리가 배정 돼요.

*대부분 혼자 오시니 마음 편히 오세요.

*진심이 담긴 리뷰, 피드를 읽고 와주세요🙇‍♂️

*문토에서 재방문률이 압도적으로 높아요🥹



_____________________________________





￼




-제공사항-

양념 닭강정🍖(닭다리살)
참치 샌드위치🍞
오리엔탈 샐러드🧇
단짠 과자🥨
디저트 아이스크림🍦
싱싱한 과일🍎
Self 레몬 스모키 보드카 하이볼 (No limit) 🍸
Self 무알콜 모히또 하이볼(No limit)🍹


(위 이미지는 참고용이며 날에 따라 메뉴는 상이할 수 있습니다.)
_____________________________________



￼


안녕하세요,🙇‍♂️

플러팅 보단 취향을
얕은 대화보단 진짜 이야기를 좋아하는 
맨해튼동주민입니다.


_____________________________________




""파티에서 친해져서 밖에서 만났는데,
그때랑 분위기가 달라서 만남으로 까지는 
이어지지 못 했어요.""



...왜일까요?



술과 도파민에 취해 
상대방이 어떤 사람인지,
어떻게 살아 왔는지,
어떤 방향을 보고 있는지,


이런 것들을 놓치진 않으셨나요?











_____________________________________



이곳에서 만날 수 있어요.
사랑, 친구 그리고 당신🌙


_____________________________________









장소:2호선 신도림역 근처
선착순 2명 주차가능 Dm❗️
소요시간 150분
예상 인원 8~18명

늦참 가능, 친구끼리 참여 가능
성비를 위해 승락이 늦어질 수 있습니다.
결이 맞지 않을 것 같다면 승인이 거절 될 수 있습니다.

음식은 날에 따라 상이 할 수 있으며 위 이미지는 참고만 부탁드립니다.

본 소셜링은 인원수에 맞게 모든 걸 미리 준비합니다.
따라서 모임 승락 이후 내보내기 요구, 환불 신청은 동의하지 않습니다.
신중히 선택바랍니다:)

맨해튼동주민은 무료 초대 메세지를 보내지 않습니다.

모든 게스트는 동등하고 순수하게 컨텐츠에 참여하며
건강한 소셜링 문화를 만드려 노력합니다🙇‍♂️",소규모파티 | 보드카하이볼무제한 | 2호선신도림 | 자연스러운만남 | 소규모모임,39000,19,9,구로구,2026-07-31T11:00:00.000Z,CHOICE,NORMAL,,title:내일 같이 밤새 수다 떨래,0,0,N,,,40,Y,API minAge/maxAge,,B,사교표현: 친해져,중,,,,미검토
663861,2026-07-30T05:37:13+00:00,문토,default,199,https://www.munto.kr/detail-socialing?id=663861,1,문화·예술,영화,[프롬] 함께 즐기는 OTT 공포 드라마 5회차,"▪️ 클럽원이 아니더라도 누구나 참석 가능합니다.


▪️ ⏰️운영시간은 오후 7시부터 시작하여,
흐름에 따라 유연하게 진행합니다.

▪️ 시즌3 1화부터 시청 합니다.




￼




안녕하세요. 

매력적인 사람들과 함께 인연을 만들어 가고자
인더아지트를 운영하고 있는 김철영입니다. 😄



이번 소셜링은 드라마 
'프롬'를 함께 시청하는 모임 입니다.


￼


시즌당 10부작으로 한번 들어온 사람은 빠져나갈 수 없는 의문의 마을에 갇혀, 밤마다 집 밖을 배회하며 사람들을 현혹해 잔혹하게 살해하는 괴물들에게 시달리는 주민들의 이야기인 공포 미스터리😱 드라마 입니다.


다소 잔인한 장면🫣이 포함되어 있으니, 민감하신 분들은 신청 전 참고 부탁드립니다.



긴 호흡의 드라마인 만큼, 지치지 않도록 중간중간 휴식 시간🏖을 가질 예정입니다. 


참석자분들의 컨디션과 상황에 맞춰 
전체 회차를 상영하거나, 혹은 다음 모임을 기약하며 유연하게 조율하는 등 너무 피로하거나 부담스럽지 않게 여유를 두고 진행 합니다.😊



공포 장르를 즐기시는 분들은 물론, 혼자서는 무서워서 끝까지 보기 힘든 분들도 환영합니다.😀


함께라면 훨씬 더 몰입감 있고 즐겁게 감상하실 수 있을 겁니다.








￼



￼



￼



-----------------------------------------------





단순히 한번 만나고 끝나고 모임이 아니라,
인연과 시간이 조금씩 쌓여가는 공간을 지향 합니다.

처음 참여가 망설여질 수 있지만,
조금만 용기내어 방문해 보세요.

분명 좋은 시간이 될 겁니다.😊",커피 | 하이볼 | 넷플릭스 | 드라마 | 공포,20000,8,4,중구,2026-08-07T10:00:00.000Z,CHOICE,NORMAL,24543,club:24543,0,0,N,,,40,Y,API minAge/maxAge,,미판정,A/B 판정은 활동구체성 수기 검토 필요,하,,,,미검토
664494,2026-07-30T05:37:13+00:00,문토,default,200,https://www.munto.kr/detail-socialing?id=664494,9,파티,컨셉파티,프리미엄 와인&하이볼 무제한 파티🍷8.2,"𝑽𝑰𝑵𝑶 𝑳𝑶𝑼𝑵𝑮𝑬
𝑾𝒊𝒏𝒆 · 𝑴𝒖𝒔𝒊𝒄 · 𝑷𝒆𝒐𝒑𝒍𝒆

와인 한 잔과 좋은 음악,
그리고 우연히 마주친 사람들.

조금 느린 속도로 흘러가는 밤,
비노라운지에 당신을 초대합니다.

08. 02 (일) 6시 오픈



￼

강남 신사 가로수길 인근 고급라운지바에서 진행됩니다.
모든 주류는 무제한(일반음식점 신고), 수제 안주 제공



✦ 전날, 당일엔 인원이 몰리니 미리 신청 바랍니다.
✦ 미리 신청 후 일정이 생기신 분들은
ㅤ다음 파티로 변경 가능합니다.
✦ 파티가 처음인 분들에게 추천 드립니다.
✦ 성비는 1대1을 지향하나 최대 6대4를 넘기지 않습니다.
✦ 선착순 20명 얼리버드 할인 받을 수 있습니다.
✦ 저희 파티는 외부브로커를 통한 무료초대를 일체 받지
 ㅤ않습니다





￼




처음 만난 사람과
무슨 이야기를 해야 할지 고민하지 않아도 괜찮아요.

비노라운지의 밤은
누군가를 빠르게 선택하는 방식으로 흘러가지 않습니다.

가볍게 잔을 부딪치고,
오늘 하루에 대해 이야기하고,

자연스러운 대화를 이어드리다 보면,

어느 순간
처음 만난 사람이라는 사실을 잊게 될지도 모르니까요.

우리는 좋은 관계가
좋은 대화에서 시작된다고 믿습니다.





￼



𝑾𝑰𝑵𝑬 & 𝑯𝑰𝑮𝑯𝑩𝑨𝑳𝑳 & 𝑭𝑶𝑶𝑫

좋은 대화에는
괜찮은 한 잔이 빠질 수 없죠.

비노라운지에서는
분위기와 잘 어울리는 술과 음식을 준비합니다.



Drink
와인 위스키하이볼 샹그리아 소주 맥주
논알콜하이볼 제로콜라 음료 등 무제한 제공
(직접 마셔보고 셀렉한 라인업)

FOOD
순살치킨 감자튀김 샐러드 참치크래커 핑거푸드 등
(재료 수급에 따라 변경될 수 있습니다)




￼

남녀구분 화장실, 여성 파우더룸 공간 분리







낯선 사람들과 보내는, 기분 좋은 밤

처음은 누구나 조금 어색하니까.

가벼운 아이스브레이킹으로 시작해
로테이션마다 10분 내외의 작은 이벤트를 준비했습니다.

이벤트가 끝난 뒤에는
자연스럽게 이야기를 이어갈 수 있는
비노라운지만의 대화 주제를 드립니다.

억지로 분위기를 띄우기보다
웃다 보면 어느새 가까워지고,
대화하다 보면 서로가 궁금해지는 밤.

새로운 친구도, 좋은 인연도,
어쩌면 조금 더 특별한 만남도 좋아요.

와인 한 잔과 함께 시작된 대화가
어디까지 이어질지는 아무도 모르니까요.



￼


QnA

✦ 혼자 가도 되나요?
 대부분 혼자 참여합니다 
자연스럽게 섞일 수 있게 도와드릴게요!

✦ 드레스코드가 있나요?
깔끔, 분위기 있는 스타일 추천드립니다 
과하지 않아도 충분히 멋있어요

✦ 술 못 마셔도 되나요?
논알콜 음료 준비돼 있어요 
분위기만 즐겨도 충분합니다!






한 주의 끝.

좋은 음악이 흐르고,
잔은 채워지고,

오늘 처음 만난 사람과
생각보다 긴 이야기를 나누게 되는 곳.

그리고 집으로 돌아가는 길,

“오늘 나오길 잘했다.”

그런 생각이 드는 밤이었으면 합니다.

𝑽𝑰𝑵𝑶 𝑳𝑶𝑼𝑵𝑮𝑬

낯선 사람과 시작된 대화가
좋은 인연이 되는 밤.

비노라운지에서 만나요.












✔️모임 정보
 ✦ 장 소 : 강남 신사 가로수길 인근
 ✦ 나 이 : 만 38세까지
 ✦ 시 간 : 1부 3시간, 2부 2시간(희망자의 한해 진행, 비용 별도)",솔로파티 | 와인파티 | 와인 | 강남 | 서울파티,45000,49,14,강남구,2026-08-02T09:00:00.000Z,CHOICE,NORMAL,,title:프리미엄 와인 하이볼 무제한 파티,0,0,N,,,,N,없음,,C,직접표현: 솔로파티,상,,,,미검토
